Warning 2026-08-19 09:46:10:501  DevID:  Source-Line:libMvCameraControl.so(GenTLLoadLibraryEx.cpp-L0350)  ProcessName:python3.12(16066)     Description:[LoadCtiLibInter]MV_GCSetConfigIntValue is NULL, CTI path[/opt/MVS/lib/64/libMvProducerVIR.so]
Info    2026-08-19 09:46:10:506  DevID:  Source-Line:libMvCameraControl.so(GigELoadLibrary.cpp-L1607)  ProcessName:python3.12(16066)     Description:[LoadGigEAllFunctions]Load MVGigEVisionSDK success
Warning 2026-08-19 09:46:10:528  DevID:Virtual GigE Vision  Source-Line:libMvCameraControl.so(GenTLManager.cpp-L1360)  ProcessName:python3.12(16066)     Description:[OpenInterfaceInter]Get cti version failed, nRet[0x8000000c]
Info    2026-08-19 09:46:10:528  DevID:Virtual GigE Vision  Source-Line:libMvCameraControl.so(GenTLManager.cpp-L1362)  ProcessName:python3.12(16066)     Description:[OpenInterfaceInter]Interface open success! VIRGEVCtiVersion[], VIRGEVDrvVersion[]
Warning 2026-08-19 09:46:10:528  DevID:Virtual USB3 Vision  Source-Line:libMvCameraControl.so(GenTLManager.cpp-L1360)  ProcessName:python3.12(16066)     Description:[OpenInterfaceInter]Get cti version failed, nRet[0x8000000c]
Info    2026-08-19 09:46:10:528  DevID:Virtual USB3 Vision  Source-Line:libMvCameraControl.so(GenTLManager.cpp-L1362)  ProcessName:python3.12(16066)     Description:[OpenInterfaceInter]Interface open success! VIRU3VCtiVersion[], VIRU3VDrvVersion[]
Info    2026-08-19 09:46:10:666  DevID:MV-CU060-10GC(DA1691703)  Source-Line:libMvCameraControl.so(GigEDevice.cpp-L0263)  ProcessName:python3.12(16066)     Description:[Init]GEV INFO DeviceIP[192.168.1.20], NetIP[192.168.1.21], ManufacturerInfo[Hikrobot], DeviceVersion[V4.0.1 220113 751901], UserID[]
Info    2026-08-19 09:46:10:666  DevID:MV-CU060-10GC(DA1691703)  Source-Line:libMvCameraControl.so(MediaProcess.cpp-L0884)  ProcessName:python3.12(16066)     Description:[SetBayerCvtQuality]Set Bayer CvtQuality success! BayerCvtQuality[1]
Info    2026-08-19 09:46:10:666  DevID:MV-CU060-10GC(DA1691703)  Source-Line:libMvCameraControl.so(MediaProcess.cpp-L1732)  ProcessName:python3.12(16066)     Description:[SetBayerThreadNum]Set Bayer Thread Num success! BayerThreadNum[4]
Info    2026-08-19 09:46:10:666  DevID:MV-CU060-10GC(DA1691703)  Source-Line:libMvCameraControl.so(MediaProcess.cpp-L0884)  ProcessName:python3.12(16066)     Description:[SetBayerCvtQuality]Set Bayer CvtQuality success! BayerCvtQuality[1]
Info    2026-08-19 09:46:10:667  DevID:MV-CU060-10GC(DA1691703)  Source-Line:libMvCameraControl.so(MediaProcess.cpp-L1732)  ProcessName:python3.12(16066)     Description:[SetBayerThreadNum]Set Bayer Thread Num success! BayerThreadNum[4]
Info    2026-08-19 09:46:10:667  DevID:MV-CU060-10GC(DA1691703)  Source-Line:libMvCameraControl.so(GigEDevice.cpp-L0299)  ProcessName:python3.12(16066)     Description:[IsValidVersion]MvCameraControl Version[0x4070103], GigE SDKVersion[0x4070101], DriverVersion[0x0]
Info    2026-08-19 09:46:10:747  DevID:  Source-Line:libMvCameraControl.so(CacheXmlToFile.cpp-L0516)  ProcessName:python3.12(16066)     Description:[ReadCacheFile]ReadLocalFile XMLPath[SchemaVersion.1.0@Hikrobot#GEV#MV-CU060-10GC#V4.0.1 220113 751901@XMLVersion.1.0.0.zip]
Info    2026-08-19 09:46:10:747  DevID:MV-CU060-10GC(DA1691703)  Source-Line:libMvCameraControl.so(GigEDevice.cpp-L0464)  ProcessName:python3.12(16066)     Description:[GetXmlInfo]Get GenICamXML From local File, len [0x17ca0] Type[1]
Info    2026-08-19 09:46:10:934  DevID:MV-CU060-10GC(DA1691703)  Source-Line:libMvCameraControl.so(GigEDevice.cpp-L0805)  ProcessName:python3.12(16066)     Description:[OpenDevice]Load XML success
Info    2026-08-19 09:46:10:936  DevID:MV-CU060-10GC(DA1691703)  Source-Line:libMvCameraControl.so(GenICamImpl.cpp-L0752)  ProcessName:python3.12(16066)     Description:[InvalidateNodes]Invalidate Nodes success
Info    2026-08-19 09:46:10:936  DevID:MV-CU060-10GC(DA1691703)  Source-Line:libMvCameraControl.so(GigEDevice.cpp-L0818)  ProcessName:python3.12(16066)     Description:[OpenDevice]Invalidate Nodes success
Info    2026-08-19 09:46:10:938  DevID:MV-CU060-10GC(DA1691703)  Source-Line:libMvCameraControl.so(StreamGrab.cpp-L0234)  ProcessName:python3.12(16066)     Description:[Open]Stream channel[0] opened
Info    2026-08-19 09:46:10:939  DevID:MV-CU060-10GC(DA1691703)  Source-Line:libMvCameraControl.so(GigEDevice.cpp-L0849)  ProcessName:python3.12(16066)     Description:[OpenDevice]Open device success! PrivilegeMode[1], SwitchoverKey[0], DeviceUptime[5637],DeviceFirmwareVersion[V4.0.1 220113751901 21122802]
Info    2026-08-19 09:46:10:939  DevID:MV-CU060-10GC(DA1691703)  Source-Line:libMvCameraControl.so(GigEDevice.cpp-L0865)  ProcessName:python3.12(16066)     Description:[OpenDevice]OpenDevice, cost time 272.000000ms 
Info    2026-08-19 09:46:10:939  DevID:  Source-Line:libMvCameraControl.so(GenICamImpl.cpp-L2342)  ProcessName:python3.12(16066)     Description:[RecordThread]RecordThread Start, ThreadId[134693924103872]
Info    2026-08-19 09:46:10:944  DevID:MV-CU060-10GC(DA1691703)  Source-Line:libMvCameraControl.so(GenICamImpl.cpp-L2373)  ProcessName:python3.12(16066)     Description:[RecordThreadProc][Record] Get BlackLevel value [200]
Info    2026-08-19 09:46:10:947  DevID:MV-CU060-10GC(DA1691703)  Source-Line:libMvCameraControl.so(GenICamImpl.cpp-L2395)  ProcessName:python3.12(16066)     Description:[RecordThreadProc][Record] Get BalanceWhiteAuto Value [1] (0:off 1:contineu; 2:once):
Info    2026-08-19 09:46:10:952  DevID:MV-CU060-10GC(DA1691703)  Source-Line:libMvCameraControl.so(GenICamImpl.cpp-L2461)  ProcessName:python3.12(16066)     Description:[RecordThreadProc][Record] Get ExposureAuto value [0]
Info    2026-08-19 09:46:10:956  DevID:MV-CU060-10GC(DA1691703)  Source-Line:libMvCameraControl.so(GenICamImpl.cpp-L2483)  ProcessName:python3.12(16066)     Description:[RecordThreadProc][Record] Get ExposureTime value [5000.000000] 
Info    2026-08-19 09:46:10:959  DevID:MV-CU060-10GC(DA1691703)  Source-Line:libMvCameraControl.so(GenICamImpl.cpp-L2504)  ProcessName:python3.12(16066)     Description:[RecordThreadProc][Record] Get GainAuto value [0] (0:off 1:contineu; 2:once):
Info    2026-08-19 09:46:10:963  DevID:MV-CU060-10GC(DA1691703)  Source-Line:libMvCameraControl.so(GenICamImpl.cpp-L2525)  ProcessName:python3.12(16066)     Description:[RecordThreadProc][Record] Get Gain value [0.000000] 
Info    2026-08-19 09:46:10:971  DevID:MV-CU060-10GC(DA1691703)  Source-Line:libMvCameraControl.so(GenICamImpl.cpp-L2546)  ProcessName:python3.12(16066)     Description:[RecordThreadProc][Record] Get PixelFormat value [17301513] :
Info    2026-08-19 09:46:10:981  DevID:MV-CU060-10GC(DA1691703)  Source-Line:libMvCameraControl.so(GenICamImpl.cpp-L2567)  ProcessName:python3.12(16066)     Description:[RecordThreadProc][Record] Get GammaEnable value [0] 
Info    2026-08-19 09:46:10:990  DevID:MV-CU060-10GC(DA1691703)  Source-Line:libMvCameraControl.so(GenICamImpl.cpp-L2588)  ProcessName:python3.12(16066)     Description:[RecordThreadProc][Record] Get Gamma value [0.700000] 
Info    2026-08-19 09:46:10:991  DevID:MV-CU060-10GC(DA1691703)  Source-Line:libMvCameraControl.so(GenICamImpl.cpp-L2609)  ProcessName:python3.12(16066)     Description:[RecordThreadProc][Record] Get UserSetCurrent value [0]
Info    2026-08-19 09:46:10:993  DevID:MV-CU060-10GC(DA1691703)  Source-Line:libMvCameraControl.so(GenICamImpl.cpp-L2630)  ProcessName:python3.12(16066)     Description:[RecordThreadProc][Record] Get UserSetSelector value [0] 
Info    2026-08-19 09:46:10:994  DevID:MV-CU060-10GC(DA1691703)  Source-Line:libMvCameraControl.so(GenICamImpl.cpp-L2651)  ProcessName:python3.12(16066)     Description:[RecordThreadProc][Record] Get UserSetDefault value[0]
Info    2026-08-19 09:46:10:994  DevID:  Source-Line:libMvCameraControl.so(GenICamImpl.cpp-L2347)  ProcessName:python3.12(16066)     Description:[RecordThread]RecordThread End, ThreadId[134693924103872]
Info    2026-08-19 09:55:30:545  DevID:MV-CU060-10GC(DA1691703)  Source-Line:libMvCameraControl.so(GigEDevice.cpp-L1351)  ProcessName:python3.12(16066)     Description:[IsDeviceConnected]IsDeviceConnected success, Ret[true]
Error   2026-08-19 09:55:30:561  DevID:MV-CU060-10GC(DA1691703)  Source-Line:libMvCameraControl.so(GenICamImpl.cpp-L1111)  ProcessName:python3.12(16066)     Description:[XML_GetNodeAccessMode]PropertyName[PartialImageOutputMode], Ret[0x80000100]
Error   2026-08-19 09:55:30:564  DevID:MV-CU060-10GC(DA1691703)  Source-Line:libMvCameraControl.so(GenICamImpl.cpp-L1111)  ProcessName:python3.12(16066)     Description:[XML_GetNodeAccessMode]PropertyName[SeqExpEnable], Ret[0x80000100]
Error   2026-08-19 09:55:30:564  DevID:MV-CU060-10GC(DA1691703)  Source-Line:libMvCameraControl.so(XmlParse.cpp-L3037)  ProcessName:python3.12(16066)     Description:[GetBooleanValue]Get Node Value, Node does not exist, NodeName[SeqExpEnable]
Error   2026-08-19 09:55:30:564  DevID:MV-CU060-10GC(DA1691703)  Source-Line:libMvCameraControl.so(GenICamImpl.cpp-L0551)  ProcessName:python3.12(16066)     Description:[GetBoolValue]Property[SeqExpEnable], Ret[0x80000100]
Error   2026-08-19 09:55:30:564  DevID:MV-CU060-10GC(DA1691703)  Source-Line:libMvCameraControl.so(GenICamImpl.cpp-L1111)  ProcessName:python3.12(16066)     Description:[XML_GetNodeAccessMode]PropertyName[MultiLightControl], Ret[0x80000100]
Error   2026-08-19 09:55:30:564  DevID:MV-CU060-10GC(DA1691703)  Source-Line:libMvCameraControl.so(XmlParse.cpp-L2386)  ProcessName:python3.12(16066)     Description:[GetEnumValue]Get Node Value, Node does not exist, NodeName[MultiLightControl]
Error   2026-08-19 09:55:30:564  DevID:MV-CU060-10GC(DA1691703)  Source-Line:libMvCameraControl.so(GenICamImpl.cpp-L0364)  ProcessName:python3.12(16066)     Description:[GetEnumValue]Property[MultiLightControl], Ret[0x80000100]
Info    2026-08-19 09:55:30:564  DevID:MV-CU060-10GC(DA1691703)  Source-Line:libMvCameraControl.so(GigEStream.cpp-L0067)  ProcessName:python3.12(16066)     Description:[StartAcquisition][GEV]Width[3072], Height[2048], PixelFormat[0x1080009], PayloadSize[6291456], ChunkCount[100], CompressMode[0], DeviceUptime[6197]
Info    2026-08-19 09:55:30:571  DevID:MV-CU060-10GC(DA1691703)  Source-Line:libMvCameraControl.so(StreamGrab.cpp-L0869)  ProcessName:python3.12(16066)     Description:[StartGrabbing]StreamChannel[0], Start grabbing success, There is no registration callback.
Info    2026-08-19 09:55:31:182  DevID:MV-CU060-10GC(DA1691703)  Source-Line:libMvCameraControl.so(StreamGrab.cpp-L0934)  ProcessName:python3.12(16066)     Description:[StopGrabbing]Stop grabbing success! DeviceUptime[6197]
Info    2026-08-19 09:56:38:765  DevID:MV-CU060-10GC(DA1691703)  Source-Line:libMvCameraControl.so(GigEDevice.cpp-L1351)  ProcessName:python3.12(16066)     Description:[IsDeviceConnected]IsDeviceConnected success, Ret[true]
Error   2026-08-19 09:56:38:773  DevID:MV-CU060-10GC(DA1691703)  Source-Line:libMvCameraControl.so(GenICamImpl.cpp-L1111)  ProcessName:python3.12(16066)     Description:[XML_GetNodeAccessMode]PropertyName[PartialImageOutputMode], Ret[0x80000100]
Error   2026-08-19 09:56:38:775  DevID:MV-CU060-10GC(DA1691703)  Source-Line:libMvCameraControl.so(GenICamImpl.cpp-L1111)  ProcessName:python3.12(16066)     Description:[XML_GetNodeAccessMode]PropertyName[SeqExpEnable], Ret[0x80000100]
Error   2026-08-19 09:56:38:775  DevID:MV-CU060-10GC(DA1691703)  Source-Line:libMvCameraControl.so(XmlParse.cpp-L3037)  ProcessName:python3.12(16066)     Description:[GetBooleanValue]Get Node Value, Node does not exist, NodeName[SeqExpEnable]
Error   2026-08-19 09:56:38:775  DevID:MV-CU060-10GC(DA1691703)  Source-Line:libMvCameraControl.so(GenICamImpl.cpp-L0551)  ProcessName:python3.12(16066)     Description:[GetBoolValue]Property[SeqExpEnable], Ret[0x80000100]
Error   2026-08-19 09:56:38:775  DevID:MV-CU060-10GC(DA1691703)  Source-Line:libMvCameraControl.so(GenICamImpl.cpp-L1111)  ProcessName:python3.12(16066)     Description:[XML_GetNodeAccessMode]PropertyName[MultiLightControl], Ret[0x80000100]
Error   2026-08-19 09:56:38:775  DevID:MV-CU060-10GC(DA1691703)  Source-Line:libMvCameraControl.so(XmlParse.cpp-L2386)  ProcessName:python3.12(16066)     Description:[GetEnumValue]Get Node Value, Node does not exist, NodeName[MultiLightControl]
Error   2026-08-19 09:56:38:775  DevID:MV-CU060-10GC(DA1691703)  Source-Line:libMvCameraControl.so(GenICamImpl.cpp-L0364)  ProcessName:python3.12(16066)     Description:[GetEnumValue]Property[MultiLightControl], Ret[0x80000100]
Info    2026-08-19 09:56:38:775  DevID:MV-CU060-10GC(DA1691703)  Source-Line:libMvCameraControl.so(GigEStream.cpp-L0067)  ProcessName:python3.12(16066)     Description:[StartAcquisition][GEV]Width[3072], Height[2048], PixelFormat[0x1080009], PayloadSize[6291456], ChunkCount[100], CompressMode[0], DeviceUptime[6265]
Info    2026-08-19 09:56:38:779  DevID:MV-CU060-10GC(DA1691703)  Source-Line:libMvCameraControl.so(StreamGrab.cpp-L0869)  ProcessName:python3.12(16066)     Description:[StartGrabbing]StreamChannel[0], Start grabbing success, There is no registration callback.
Info    2026-08-19 09:56:39:344  DevID:MV-CU060-10GC(DA1691703)  Source-Line:libMvCameraControl.so(StreamGrab.cpp-L0934)  ProcessName:python3.12(16066)     Description:[StopGrabbing]Stop grabbing success! DeviceUptime[6265]
Info    2026-08-19 10:01:18:174  DevID:MV-CU060-10GC(DA1691703)  Source-Line:libMvCameraControl.so(GigEDevice.cpp-L1351)  ProcessName:python3.12(16066)     Description:[IsDeviceConnected]IsDeviceConnected success, Ret[true]
Error   2026-08-19 10:01:18:184  DevID:MV-CU060-10GC(DA1691703)  Source-Line:libMvCameraControl.so(GenICamImpl.cpp-L1111)  ProcessName:python3.12(16066)     Description:[XML_GetNodeAccessMode]PropertyName[PartialImageOutputMode], Ret[0x80000100]
Error   2026-08-19 10:01:18:186  DevID:MV-CU060-10GC(DA1691703)  Source-Line:libMvCameraControl.so(GenICamImpl.cpp-L1111)  ProcessName:python3.12(16066)     Description:[XML_GetNodeAccessMode]PropertyName[SeqExpEnable], Ret[0x80000100]
Error   2026-08-19 10:01:18:186  DevID:MV-CU060-10GC(DA1691703)  Source-Line:libMvCameraControl.so(XmlParse.cpp-L3037)  ProcessName:python3.12(16066)     Description:[GetBooleanValue]Get Node Value, Node does not exist, NodeName[SeqExpEnable]
Error   2026-08-19 10:01:18:186  DevID:MV-CU060-10GC(DA1691703)  Source-Line:libMvCameraControl.so(GenICamImpl.cpp-L0551)  ProcessName:python3.12(16066)     Description:[GetBoolValue]Property[SeqExpEnable], Ret[0x80000100]
Error   2026-08-19 10:01:18:186  DevID:MV-CU060-10GC(DA1691703)  Source-Line:libMvCameraControl.so(GenICamImpl.cpp-L1111)  ProcessName:python3.12(16066)     Description:[XML_GetNodeAccessMode]PropertyName[MultiLightControl], Ret[0x80000100]
Error   2026-08-19 10:01:18:186  DevID:MV-CU060-10GC(DA1691703)  Source-Line:libMvCameraControl.so(XmlParse.cpp-L2386)  ProcessName:python3.12(16066)     Description:[GetEnumValue]Get Node Value, Node does not exist, NodeName[MultiLightControl]
Error   2026-08-19 10:01:18:186  DevID:MV-CU060-10GC(DA1691703)  Source-Line:libMvCameraControl.so(GenICamImpl.cpp-L0364)  ProcessName:python3.12(16066)     Description:[GetEnumValue]Property[MultiLightControl], Ret[0x80000100]
Info    2026-08-19 10:01:18:186  DevID:MV-CU060-10GC(DA1691703)  Source-Line:libMvCameraControl.so(GigEStream.cpp-L0067)  ProcessName:python3.12(16066)     Description:[StartAcquisition][GEV]Width[3072], Height[2048], PixelFormat[0x1080009], PayloadSize[6291456], ChunkCount[100], CompressMode[0], DeviceUptime[6544]
Info    2026-08-19 10:01:18:192  DevID:MV-CU060-10GC(DA1691703)  Source-Line:libMvCameraControl.so(StreamGrab.cpp-L0869)  ProcessName:python3.12(16066)     Description:[StartGrabbing]StreamChannel[0], Start grabbing success, There is no registration callback.
Info    2026-08-19 10:01:18:780  DevID:MV-CU060-10GC(DA1691703)  Source-Line:libMvCameraControl.so(StreamGrab.cpp-L0934)  ProcessName:python3.12(16066)     Description:[StopGrabbing]Stop grabbing success! DeviceUptime[6545]
Info    2026-08-19 10:01:44:190  DevID:MV-CU060-10GC(DA1691703)  Source-Line:libMvCameraControl.so(GigEDevice.cpp-L1351)  ProcessName:python3.12(16066)     Description:[IsDeviceConnected]IsDeviceConnected success, Ret[true]
Error   2026-08-19 10:01:44:199  DevID:MV-CU060-10GC(DA1691703)  Source-Line:libMvCameraControl.so(GenICamImpl.cpp-L1111)  ProcessName:python3.12(16066)     Description:[XML_GetNodeAccessMode]PropertyName[PartialImageOutputMode], Ret[0x80000100]
Error   2026-08-19 10:01:44:200  DevID:MV-CU060-10GC(DA1691703)  Source-Line:libMvCameraControl.so(GenICamImpl.cpp-L1111)  ProcessName:python3.12(16066)     Description:[XML_GetNodeAccessMode]PropertyName[SeqExpEnable], Ret[0x80000100]
Error   2026-08-19 10:01:44:200  DevID:MV-CU060-10GC(DA1691703)  Source-Line:libMvCameraControl.so(XmlParse.cpp-L3037)  ProcessName:python3.12(16066)     Description:[GetBooleanValue]Get Node Value, Node does not exist, NodeName[SeqExpEnable]
Error   2026-08-19 10:01:44:200  DevID:MV-CU060-10GC(DA1691703)  Source-Line:libMvCameraControl.so(GenICamImpl.cpp-L0551)  ProcessName:python3.12(16066)     Description:[GetBoolValue]Property[SeqExpEnable], Ret[0x80000100]
Error   2026-08-19 10:01:44:200  DevID:MV-CU060-10GC(DA1691703)  Source-Line:libMvCameraControl.so(GenICamImpl.cpp-L1111)  ProcessName:python3.12(16066)     Description:[XML_GetNodeAccessMode]PropertyName[MultiLightControl], Ret[0x80000100]
Error   2026-08-19 10:01:44:200  DevID:MV-CU060-10GC(DA1691703)  Source-Line:libMvCameraControl.so(XmlParse.cpp-L2386)  ProcessName:python3.12(16066)     Description:[GetEnumValue]Get Node Value, Node does not exist, NodeName[MultiLightControl]
Error   2026-08-19 10:01:44:200  DevID:MV-CU060-10GC(DA1691703)  Source-Line:libMvCameraControl.so(GenICamImpl.cpp-L0364)  ProcessName:python3.12(16066)     Description:[GetEnumValue]Property[MultiLightControl], Ret[0x80000100]
Info    2026-08-19 10:01:44:200  DevID:MV-CU060-10GC(DA1691703)  Source-Line:libMvCameraControl.so(GigEStream.cpp-L0067)  ProcessName:python3.12(16066)     Description:[StartAcquisition][GEV]Width[3072], Height[2048], PixelFormat[0x1080009], PayloadSize[6291456], ChunkCount[100], CompressMode[0], DeviceUptime[6570]
Info    2026-08-19 10:01:44:205  DevID:MV-CU060-10GC(DA1691703)  Source-Line:libMvCameraControl.so(StreamGrab.cpp-L0869)  ProcessName:python3.12(16066)     Description:[StartGrabbing]StreamChannel[0], Start grabbing success, There is no registration callback.
Info    2026-08-19 10:01:44:774  DevID:MV-CU060-10GC(DA1691703)  Source-Line:libMvCameraControl.so(StreamGrab.cpp-L0934)  ProcessName:python3.12(16066)     Description:[StopGrabbing]Stop grabbing success! DeviceUptime[6571]
Info    2026-08-19 10:02:09:282  DevID:MV-CU060-10GC(DA1691703)  Source-Line:libMvCameraControl.so(GigEDevice.cpp-L1351)  ProcessName:python3.12(16066)     Description:[IsDeviceConnected]IsDeviceConnected success, Ret[true]
Error   2026-08-19 10:02:09:291  DevID:MV-CU060-10GC(DA1691703)  Source-Line:libMvCameraControl.so(GenICamImpl.cpp-L1111)  ProcessName:python3.12(16066)     Description:[XML_GetNodeAccessMode]PropertyName[PartialImageOutputMode], Ret[0x80000100]
Error   2026-08-19 10:02:09:294  DevID:MV-CU060-10GC(DA1691703)  Source-Line:libMvCameraControl.so(GenICamImpl.cpp-L1111)  ProcessName:python3.12(16066)     Description:[XML_GetNodeAccessMode]PropertyName[SeqExpEnable], Ret[0x80000100]
Error   2026-08-19 10:02:09:294  DevID:MV-CU060-10GC(DA1691703)  Source-Line:libMvCameraControl.so(XmlParse.cpp-L3037)  ProcessName:python3.12(16066)     Description:[GetBooleanValue]Get Node Value, Node does not exist, NodeName[SeqExpEnable]
Error   2026-08-19 10:02:09:294  DevID:MV-CU060-10GC(DA1691703)  Source-Line:libMvCameraControl.so(GenICamImpl.cpp-L0551)  ProcessName:python3.12(16066)     Description:[GetBoolValue]Property[SeqExpEnable], Ret[0x80000100]
Error   2026-08-19 10:02:09:294  DevID:MV-CU060-10GC(DA1691703)  Source-Line:libMvCameraControl.so(GenICamImpl.cpp-L1111)  ProcessName:python3.12(16066)     Description:[XML_GetNodeAccessMode]PropertyName[MultiLightControl], Ret[0x80000100]
Error   2026-08-19 10:02:09:294  DevID:MV-CU060-10GC(DA1691703)  Source-Line:libMvCameraControl.so(XmlParse.cpp-L2386)  ProcessName:python3.12(16066)     Description:[GetEnumValue]Get Node Value, Node does not exist, NodeName[MultiLightControl]
Error   2026-08-19 10:02:09:294  DevID:MV-CU060-10GC(DA1691703)  Source-Line:libMvCameraControl.so(GenICamImpl.cpp-L0364)  ProcessName:python3.12(16066)     Description:[GetEnumValue]Property[MultiLightControl], Ret[0x80000100]
Info    2026-08-19 10:02:09:294  DevID:MV-CU060-10GC(DA1691703)  Source-Line:libMvCameraControl.so(GigEStream.cpp-L0067)  ProcessName:python3.12(16066)     Description:[StartAcquisition][GEV]Width[3072], Height[2048], PixelFormat[0x1080009], PayloadSize[6291456], ChunkCount[100], CompressMode[0], DeviceUptime[6595]
Info    2026-08-19 10:02:09:300  DevID:MV-CU060-10GC(DA1691703)  Source-Line:libMvCameraControl.so(StreamGrab.cpp-L0869)  ProcessName:python3.12(16066)     Description:[StartGrabbing]StreamChannel[0], Start grabbing success, There is no registration callback.
Info    2026-08-19 10:02:09:856  DevID:MV-CU060-10GC(DA1691703)  Source-Line:libMvCameraControl.so(StreamGrab.cpp-L0934)  ProcessName:python3.12(16066)     Description:[StopGrabbing]Stop grabbing success! DeviceUptime[6596]
Info    2026-08-19 10:04:06:187  DevID:MV-CU060-10GC(DA1691703)  Source-Line:libMvCameraControl.so(GigEDevice.cpp-L1351)  ProcessName:python3.12(16066)     Description:[IsDeviceConnected]IsDeviceConnected success, Ret[true]
Error   2026-08-19 10:04:06:199  DevID:MV-CU060-10GC(DA1691703)  Source-Line:libMvCameraControl.so(GenICamImpl.cpp-L1111)  ProcessName:python3.12(16066)     Description:[XML_GetNodeAccessMode]PropertyName[PartialImageOutputMode], Ret[0x80000100]
Error   2026-08-19 10:04:06:201  DevID:MV-CU060-10GC(DA1691703)  Source-Line:libMvCameraControl.so(GenICamImpl.cpp-L1111)  ProcessName:python3.12(16066)     Description:[XML_GetNodeAccessMode]PropertyName[SeqExpEnable], Ret[0x80000100]
Error   2026-08-19 10:04:06:201  DevID:MV-CU060-10GC(DA1691703)  Source-Line:libMvCameraControl.so(XmlParse.cpp-L3037)  ProcessName:python3.12(16066)     Description:[GetBooleanValue]Get Node Value, Node does not exist, NodeName[SeqExpEnable]
Error   2026-08-19 10:04:06:201  DevID:MV-CU060-10GC(DA1691703)  Source-Line:libMvCameraControl.so(GenICamImpl.cpp-L0551)  ProcessName:python3.12(16066)     Description:[GetBoolValue]Property[SeqExpEnable], Ret[0x80000100]
Error   2026-08-19 10:04:06:201  DevID:MV-CU060-10GC(DA1691703)  Source-Line:libMvCameraControl.so(GenICamImpl.cpp-L1111)  ProcessName:python3.12(16066)     Description:[XML_GetNodeAccessMode]PropertyName[MultiLightControl], Ret[0x80000100]
Error   2026-08-19 10:04:06:201  DevID:MV-CU060-10GC(DA1691703)  Source-Line:libMvCameraControl.so(XmlParse.cpp-L2386)  ProcessName:python3.12(16066)     Description:[GetEnumValue]Get Node Value, Node does not exist, NodeName[MultiLightControl]
Error   2026-08-19 10:04:06:201  DevID:MV-CU060-10GC(DA1691703)  Source-Line:libMvCameraControl.so(GenICamImpl.cpp-L0364)  ProcessName:python3.12(16066)     Description:[GetEnumValue]Property[MultiLightControl], Ret[0x80000100]
Info    2026-08-19 10:04:06:201  DevID:MV-CU060-10GC(DA1691703)  Source-Line:libMvCameraControl.so(GigEStream.cpp-L0067)  ProcessName:python3.12(16066)     Description:[StartAcquisition][GEV]Width[3072], Height[2048], PixelFormat[0x1080009], PayloadSize[6291456], ChunkCount[100], CompressMode[0], DeviceUptime[6712]
Info    2026-08-19 10:04:06:207  DevID:MV-CU060-10GC(DA1691703)  Source-Line:libMvCameraControl.so(StreamGrab.cpp-L0869)  ProcessName:python3.12(16066)     Description:[StartGrabbing]StreamChannel[0], Start grabbing success, There is no registration callback.
Info    2026-08-19 10:04:07:008  DevID:MV-CU060-10GC(DA1691703)  Source-Line:libMvCameraControl.so(StreamGrab.cpp-L0934)  ProcessName:python3.12(16066)     Description:[StopGrabbing]Stop grabbing success! DeviceUptime[6713]
Info    2026-08-19 10:04:33:206  DevID:MV-CU060-10GC(DA1691703)  Source-Line:libMvCameraControl.so(GigEDevice.cpp-L1351)  ProcessName:python3.12(16066)     Description:[IsDeviceConnected]IsDeviceConnected success, Ret[true]
Error   2026-08-19 10:04:33:214  DevID:MV-CU060-10GC(DA1691703)  Source-Line:libMvCameraControl.so(GenICamImpl.cpp-L1111)  ProcessName:python3.12(16066)     Description:[XML_GetNodeAccessMode]PropertyName[PartialImageOutputMode], Ret[0x80000100]
Error   2026-08-19 10:04:33:216  DevID:MV-CU060-10GC(DA1691703)  Source-Line:libMvCameraControl.so(GenICamImpl.cpp-L1111)  ProcessName:python3.12(16066)     Description:[XML_GetNodeAccessMode]PropertyName[SeqExpEnable], Ret[0x80000100]
Error   2026-08-19 10:04:33:216  DevID:MV-CU060-10GC(DA1691703)  Source-Line:libMvCameraControl.so(XmlParse.cpp-L3037)  ProcessName:python3.12(16066)     Description:[GetBooleanValue]Get Node Value, Node does not exist, NodeName[SeqExpEnable]
Error   2026-08-19 10:04:33:216  DevID:MV-CU060-10GC(DA1691703)  Source-Line:libMvCameraControl.so(GenICamImpl.cpp-L0551)  ProcessName:python3.12(16066)     Description:[GetBoolValue]Property[SeqExpEnable], Ret[0x80000100]
Error   2026-08-19 10:04:33:216  DevID:MV-CU060-10GC(DA1691703)  Source-Line:libMvCameraControl.so(GenICamImpl.cpp-L1111)  ProcessName:python3.12(16066)     Description:[XML_GetNodeAccessMode]PropertyName[MultiLightControl], Ret[0x80000100]
Error   2026-08-19 10:04:33:216  DevID:MV-CU060-10GC(DA1691703)  Source-Line:libMvCameraControl.so(XmlParse.cpp-L2386)  ProcessName:python3.12(16066)     Description:[GetEnumValue]Get Node Value, Node does not exist, NodeName[MultiLightControl]
Error   2026-08-19 10:04:33:216  DevID:MV-CU060-10GC(DA1691703)  Source-Line:libMvCameraControl.so(GenICamImpl.cpp-L0364)  ProcessName:python3.12(16066)     Description:[GetEnumValue]Property[MultiLightControl], Ret[0x80000100]
Info    2026-08-19 10:04:33:216  DevID:MV-CU060-10GC(DA1691703)  Source-Line:libMvCameraControl.so(GigEStream.cpp-L0067)  ProcessName:python3.12(16066)     Description:[StartAcquisition][GEV]Width[3072], Height[2048], PixelFormat[0x1080009], PayloadSize[6291456], ChunkCount[100], CompressMode[0], DeviceUptime[6739]
Info    2026-08-19 10:04:33:220  DevID:MV-CU060-10GC(DA1691703)  Source-Line:libMvCameraControl.so(StreamGrab.cpp-L0869)  ProcessName:python3.12(16066)     Description:[StartGrabbing]StreamChannel[0], Start grabbing success, There is no registration callback.
Info    2026-08-19 10:04:33:729  DevID:MV-CU060-10GC(DA1691703)  Source-Line:libMvCameraControl.so(StreamGrab.cpp-L0934)  ProcessName:python3.12(16066)     Description:[StopGrabbing]Stop grabbing success! DeviceUptime[6740]
Info    2026-08-19 10:04:58:827  DevID:MV-CU060-10GC(DA1691703)  Source-Line:libMvCameraControl.so(GigEDevice.cpp-L1351)  ProcessName:python3.12(16066)     Description:[IsDeviceConnected]IsDeviceConnected success, Ret[true]
Error   2026-08-19 10:04:58:837  DevID:MV-CU060-10GC(DA1691703)  Source-Line:libMvCameraControl.so(GenICamImpl.cpp-L1111)  ProcessName:python3.12(16066)     Description:[XML_GetNodeAccessMode]PropertyName[PartialImageOutputMode], Ret[0x80000100]
Error   2026-08-19 10:04:58:839  DevID:MV-CU060-10GC(DA1691703)  Source-Line:libMvCameraControl.so(GenICamImpl.cpp-L1111)  ProcessName:python3.12(16066)     Description:[XML_GetNodeAccessMode]PropertyName[SeqExpEnable], Ret[0x80000100]
Error   2026-08-19 10:04:58:839  DevID:MV-CU060-10GC(DA1691703)  Source-Line:libMvCameraControl.so(XmlParse.cpp-L3037)  ProcessName:python3.12(16066)     Description:[GetBooleanValue]Get Node Value, Node does not exist, NodeName[SeqExpEnable]
Error   2026-08-19 10:04:58:839  DevID:MV-CU060-10GC(DA1691703)  Source-Line:libMvCameraControl.so(GenICamImpl.cpp-L0551)  ProcessName:python3.12(16066)     Description:[GetBoolValue]Property[SeqExpEnable], Ret[0x80000100]
Error   2026-08-19 10:04:58:839  DevID:MV-CU060-10GC(DA1691703)  Source-Line:libMvCameraControl.so(GenICamImpl.cpp-L1111)  ProcessName:python3.12(16066)     Description:[XML_GetNodeAccessMode]PropertyName[MultiLightControl], Ret[0x80000100]
Error   2026-08-19 10:04:58:839  DevID:MV-CU060-10GC(DA1691703)  Source-Line:libMvCameraControl.so(XmlParse.cpp-L2386)  ProcessName:python3.12(16066)     Description:[GetEnumValue]Get Node Value, Node does not exist, NodeName[MultiLightControl]
Error   2026-08-19 10:04:58:839  DevID:MV-CU060-10GC(DA1691703)  Source-Line:libMvCameraControl.so(GenICamImpl.cpp-L0364)  ProcessName:python3.12(16066)     Description:[GetEnumValue]Property[MultiLightControl], Ret[0x80000100]
Info    2026-08-19 10:04:58:839  DevID:MV-CU060-10GC(DA1691703)  Source-Line:libMvCameraControl.so(GigEStream.cpp-L0067)  ProcessName:python3.12(16066)     Description:[StartAcquisition][GEV]Width[3072], Height[2048], PixelFormat[0x1080009], PayloadSize[6291456], ChunkCount[100], CompressMode[0], DeviceUptime[6765]
Info    2026-08-19 10:04:58:845  DevID:MV-CU060-10GC(DA1691703)  Source-Line:libMvCameraControl.so(StreamGrab.cpp-L0869)  ProcessName:python3.12(16066)     Description:[StartGrabbing]StreamChannel[0], Start grabbing success, There is no registration callback.
Info    2026-08-19 10:04:59:340  DevID:MV-CU060-10GC(DA1691703)  Source-Line:libMvCameraControl.so(StreamGrab.cpp-L0934)  ProcessName:python3.12(16066)     Description:[StopGrabbing]Stop grabbing success! DeviceUptime[6765]
Info    2026-08-19 10:05:24:616  DevID:MV-CU060-10GC(DA1691703)  Source-Line:libMvCameraControl.so(GigEDevice.cpp-L1351)  ProcessName:python3.12(16066)     Description:[IsDeviceConnected]IsDeviceConnected success, Ret[true]
Error   2026-08-19 10:05:24:626  DevID:MV-CU060-10GC(DA1691703)  Source-Line:libMvCameraControl.so(GenICamImpl.cpp-L1111)  ProcessName:python3.12(16066)     Description:[XML_GetNodeAccessMode]PropertyName[PartialImageOutputMode], Ret[0x80000100]
Error   2026-08-19 10:05:24:627  DevID:MV-CU060-10GC(DA1691703)  Source-Line:libMvCameraControl.so(GenICamImpl.cpp-L1111)  ProcessName:python3.12(16066)     Description:[XML_GetNodeAccessMode]PropertyName[SeqExpEnable], Ret[0x80000100]
Error   2026-08-19 10:05:24:627  DevID:MV-CU060-10GC(DA1691703)  Source-Line:libMvCameraControl.so(XmlParse.cpp-L3037)  ProcessName:python3.12(16066)     Description:[GetBooleanValue]Get Node Value, Node does not exist, NodeName[SeqExpEnable]
Error   2026-08-19 10:05:24:627  DevID:MV-CU060-10GC(DA1691703)  Source-Line:libMvCameraControl.so(GenICamImpl.cpp-L0551)  ProcessName:python3.12(16066)     Description:[GetBoolValue]Property[SeqExpEnable], Ret[0x80000100]
Error   2026-08-19 10:05:24:627  DevID:MV-CU060-10GC(DA1691703)  Source-Line:libMvCameraControl.so(GenICamImpl.cpp-L1111)  ProcessName:python3.12(16066)     Description:[XML_GetNodeAccessMode]PropertyName[MultiLightControl], Ret[0x80000100]
Error   2026-08-19 10:05:24:627  DevID:MV-CU060-10GC(DA1691703)  Source-Line:libMvCameraControl.so(XmlParse.cpp-L2386)  ProcessName:python3.12(16066)     Description:[GetEnumValue]Get Node Value, Node does not exist, NodeName[MultiLightControl]
Error   2026-08-19 10:05:24:627  DevID:MV-CU060-10GC(DA1691703)  Source-Line:libMvCameraControl.so(GenICamImpl.cpp-L0364)  ProcessName:python3.12(16066)     Description:[GetEnumValue]Property[MultiLightControl], Ret[0x80000100]
Info    2026-08-19 10:05:24:627  DevID:MV-CU060-10GC(DA1691703)  Source-Line:libMvCameraControl.so(GigEStream.cpp-L0067)  ProcessName:python3.12(16066)     Description:[StartAcquisition][GEV]Width[3072], Height[2048], PixelFormat[0x1080009], PayloadSize[6291456], ChunkCount[100], CompressMode[0], DeviceUptime[6791]
Info    2026-08-19 10:05:24:632  DevID:MV-CU060-10GC(DA1691703)  Source-Line:libMvCameraControl.so(StreamGrab.cpp-L0869)  ProcessName:python3.12(16066)     Description:[StartGrabbing]StreamChannel[0], Start grabbing success, There is no registration callback.
Info    2026-08-19 10:05:25:275  DevID:MV-CU060-10GC(DA1691703)  Source-Line:libMvCameraControl.so(StreamGrab.cpp-L0934)  ProcessName:python3.12(16066)     Description:[StopGrabbing]Stop grabbing success! DeviceUptime[6791]
Info    2026-08-19 10:05:51:148  DevID:MV-CU060-10GC(DA1691703)  Source-Line:libMvCameraControl.so(GigEDevice.cpp-L1351)  ProcessName:python3.12(16066)     Description:[IsDeviceConnected]IsDeviceConnected success, Ret[true]
Error   2026-08-19 10:05:51:156  DevID:MV-CU060-10GC(DA1691703)  Source-Line:libMvCameraControl.so(GenICamImpl.cpp-L1111)  ProcessName:python3.12(16066)     Description:[XML_GetNodeAccessMode]PropertyName[PartialImageOutputMode], Ret[0x80000100]
Error   2026-08-19 10:05:51:158  DevID:MV-CU060-10GC(DA1691703)  Source-Line:libMvCameraControl.so(GenICamImpl.cpp-L1111)  ProcessName:python3.12(16066)     Description:[XML_GetNodeAccessMode]PropertyName[SeqExpEnable], Ret[0x80000100]
Error   2026-08-19 10:05:51:158  DevID:MV-CU060-10GC(DA1691703)  Source-Line:libMvCameraControl.so(XmlParse.cpp-L3037)  ProcessName:python3.12(16066)     Description:[GetBooleanValue]Get Node Value, Node does not exist, NodeName[SeqExpEnable]
Error   2026-08-19 10:05:51:158  DevID:MV-CU060-10GC(DA1691703)  Source-Line:libMvCameraControl.so(GenICamImpl.cpp-L0551)  ProcessName:python3.12(16066)     Description:[GetBoolValue]Property[SeqExpEnable], Ret[0x80000100]
Error   2026-08-19 10:05:51:158  DevID:MV-CU060-10GC(DA1691703)  Source-Line:libMvCameraControl.so(GenICamImpl.cpp-L1111)  ProcessName:python3.12(16066)     Description:[XML_GetNodeAccessMode]PropertyName[MultiLightControl], Ret[0x80000100]
Error   2026-08-19 10:05:51:158  DevID:MV-CU060-10GC(DA1691703)  Source-Line:libMvCameraControl.so(XmlParse.cpp-L2386)  ProcessName:python3.12(16066)     Description:[GetEnumValue]Get Node Value, Node does not exist, NodeName[MultiLightControl]
Error   2026-08-19 10:05:51:158  DevID:MV-CU060-10GC(DA1691703)  Source-Line:libMvCameraControl.so(GenICamImpl.cpp-L0364)  ProcessName:python3.12(16066)     Description:[GetEnumValue]Property[MultiLightControl], Ret[0x80000100]
Info    2026-08-19 10:05:51:158  DevID:MV-CU060-10GC(DA1691703)  Source-Line:libMvCameraControl.so(GigEStream.cpp-L0067)  ProcessName:python3.12(16066)     Description:[StartAcquisition][GEV]Width[3072], Height[2048], PixelFormat[0x1080009], PayloadSize[6291456], ChunkCount[100], CompressMode[0], DeviceUptime[6817]
Info    2026-08-19 10:05:51:163  DevID:MV-CU060-10GC(DA1691703)  Source-Line:libMvCameraControl.so(StreamGrab.cpp-L0869)  ProcessName:python3.12(16066)     Description:[StartGrabbing]StreamChannel[0], Start grabbing success, There is no registration callback.
Info    2026-08-19 10:05:51:788  DevID:MV-CU060-10GC(DA1691703)  Source-Line:libMvCameraControl.so(StreamGrab.cpp-L0934)  ProcessName:python3.12(16066)     Description:[StopGrabbing]Stop grabbing success! DeviceUptime[6818]
Info    2026-08-19 10:06:17:480  DevID:MV-CU060-10GC(DA1691703)  Source-Line:libMvCameraControl.so(GigEDevice.cpp-L1351)  ProcessName:python3.12(16066)     Description:[IsDeviceConnected]IsDeviceConnected success, Ret[true]
Error   2026-08-19 10:06:17:490  DevID:MV-CU060-10GC(DA1691703)  Source-Line:libMvCameraControl.so(GenICamImpl.cpp-L1111)  ProcessName:python3.12(16066)     Description:[XML_GetNodeAccessMode]PropertyName[PartialImageOutputMode], Ret[0x80000100]
Error   2026-08-19 10:06:17:492  DevID:MV-CU060-10GC(DA1691703)  Source-Line:libMvCameraControl.so(GenICamImpl.cpp-L1111)  ProcessName:python3.12(16066)     Description:[XML_GetNodeAccessMode]PropertyName[SeqExpEnable], Ret[0x80000100]
Error   2026-08-19 10:06:17:492  DevID:MV-CU060-10GC(DA1691703)  Source-Line:libMvCameraControl.so(XmlParse.cpp-L3037)  ProcessName:python3.12(16066)     Description:[GetBooleanValue]Get Node Value, Node does not exist, NodeName[SeqExpEnable]
Error   2026-08-19 10:06:17:492  DevID:MV-CU060-10GC(DA1691703)  Source-Line:libMvCameraControl.so(GenICamImpl.cpp-L0551)  ProcessName:python3.12(16066)     Description:[GetBoolValue]Property[SeqExpEnable], Ret[0x80000100]
Error   2026-08-19 10:06:17:492  DevID:MV-CU060-10GC(DA1691703)  Source-Line:libMvCameraControl.so(GenICamImpl.cpp-L1111)  ProcessName:python3.12(16066)     Description:[XML_GetNodeAccessMode]PropertyName[MultiLightControl], Ret[0x80000100]
Error   2026-08-19 10:06:17:492  DevID:MV-CU060-10GC(DA1691703)  Source-Line:libMvCameraControl.so(XmlParse.cpp-L2386)  ProcessName:python3.12(16066)     Description:[GetEnumValue]Get Node Value, Node does not exist, NodeName[MultiLightControl]
Error   2026-08-19 10:06:17:492  DevID:MV-CU060-10GC(DA1691703)  Source-Line:libMvCameraControl.so(GenICamImpl.cpp-L0364)  ProcessName:python3.12(16066)     Description:[GetEnumValue]Property[MultiLightControl], Ret[0x80000100]
Info    2026-08-19 10:06:17:492  DevID:MV-CU060-10GC(DA1691703)  Source-Line:libMvCameraControl.so(GigEStream.cpp-L0067)  ProcessName:python3.12(16066)     Description:[StartAcquisition][GEV]Width[3072], Height[2048], PixelFormat[0x1080009], PayloadSize[6291456], ChunkCount[100], CompressMode[0], DeviceUptime[6844]
Info    2026-08-19 10:06:17:498  DevID:MV-CU060-10GC(DA1691703)  Source-Line:libMvCameraControl.so(StreamGrab.cpp-L0869)  ProcessName:python3.12(16066)     Description:[StartGrabbing]StreamChannel[0], Start grabbing success, There is no registration callback.
Info    2026-08-19 10:06:18:142  DevID:MV-CU060-10GC(DA1691703)  Source-Line:libMvCameraControl.so(StreamGrab.cpp-L0934)  ProcessName:python3.12(16066)     Description:[StopGrabbing]Stop grabbing success! DeviceUptime[6844]
Info    2026-08-19 10:06:42:356  DevID:MV-CU060-10GC(DA1691703)  Source-Line:libMvCameraControl.so(GigEDevice.cpp-L1351)  ProcessName:python3.12(16066)     Description:[IsDeviceConnected]IsDeviceConnected success, Ret[true]
Error   2026-08-19 10:06:42:365  DevID:MV-CU060-10GC(DA1691703)  Source-Line:libMvCameraControl.so(GenICamImpl.cpp-L1111)  ProcessName:python3.12(16066)     Description:[XML_GetNodeAccessMode]PropertyName[PartialImageOutputMode], Ret[0x80000100]
Error   2026-08-19 10:06:42:367  DevID:MV-CU060-10GC(DA1691703)  Source-Line:libMvCameraControl.so(GenICamImpl.cpp-L1111)  ProcessName:python3.12(16066)     Description:[XML_GetNodeAccessMode]PropertyName[SeqExpEnable], Ret[0x80000100]
Error   2026-08-19 10:06:42:367  DevID:MV-CU060-10GC(DA1691703)  Source-Line:libMvCameraControl.so(XmlParse.cpp-L3037)  ProcessName:python3.12(16066)     Description:[GetBooleanValue]Get Node Value, Node does not exist, NodeName[SeqExpEnable]
Error   2026-08-19 10:06:42:367  DevID:MV-CU060-10GC(DA1691703)  Source-Line:libMvCameraControl.so(GenICamImpl.cpp-L0551)  ProcessName:python3.12(16066)     Description:[GetBoolValue]Property[SeqExpEnable], Ret[0x80000100]
Error   2026-08-19 10:06:42:367  DevID:MV-CU060-10GC(DA1691703)  Source-Line:libMvCameraControl.so(GenICamImpl.cpp-L1111)  ProcessName:python3.12(16066)     Description:[XML_GetNodeAccessMode]PropertyName[MultiLightControl], Ret[0x80000100]
Error   2026-08-19 10:06:42:367  DevID:MV-CU060-10GC(DA1691703)  Source-Line:libMvCameraControl.so(XmlParse.cpp-L2386)  ProcessName:python3.12(16066)     Description:[GetEnumValue]Get Node Value, Node does not exist, NodeName[MultiLightControl]
Error   2026-08-19 10:06:42:367  DevID:MV-CU060-10GC(DA1691703)  Source-Line:libMvCameraControl.so(GenICamImpl.cpp-L0364)  ProcessName:python3.12(16066)     Description:[GetEnumValue]Property[MultiLightControl], Ret[0x80000100]
Info    2026-08-19 10:06:42:367  DevID:MV-CU060-10GC(DA1691703)  Source-Line:libMvCameraControl.so(GigEStream.cpp-L0067)  ProcessName:python3.12(16066)     Description:[StartAcquisition][GEV]Width[3072], Height[2048], PixelFormat[0x1080009], PayloadSize[6291456], ChunkCount[100], CompressMode[0], DeviceUptime[6868]
Info    2026-08-19 10:06:42:372  DevID:MV-CU060-10GC(DA1691703)  Source-Line:libMvCameraControl.so(StreamGrab.cpp-L0869)  ProcessName:python3.12(16066)     Description:[StartGrabbing]StreamChannel[0], Start grabbing success, There is no registration callback.
Info    2026-08-19 10:06:43:008  DevID:MV-CU060-10GC(DA1691703)  Source-Line:libMvCameraControl.so(StreamGrab.cpp-L0934)  ProcessName:python3.12(16066)     Description:[StopGrabbing]Stop grabbing success! DeviceUptime[6869]
Info    2026-08-19 10:07:07:733  DevID:MV-CU060-10GC(DA1691703)  Source-Line:libMvCameraControl.so(GigEDevice.cpp-L1351)  ProcessName:python3.12(16066)     Description:[IsDeviceConnected]IsDeviceConnected success, Ret[true]
Error   2026-08-19 10:07:07:741  DevID:MV-CU060-10GC(DA1691703)  Source-Line:libMvCameraControl.so(GenICamImpl.cpp-L1111)  ProcessName:python3.12(16066)     Description:[XML_GetNodeAccessMode]PropertyName[PartialImageOutputMode], Ret[0x80000100]
Error   2026-08-19 10:07:07:742  DevID:MV-CU060-10GC(DA1691703)  Source-Line:libMvCameraControl.so(GenICamImpl.cpp-L1111)  ProcessName:python3.12(16066)     Description:[XML_GetNodeAccessMode]PropertyName[SeqExpEnable], Ret[0x80000100]
Error   2026-08-19 10:07:07:743  DevID:MV-CU060-10GC(DA1691703)  Source-Line:libMvCameraControl.so(XmlParse.cpp-L3037)  ProcessName:python3.12(16066)     Description:[GetBooleanValue]Get Node Value, Node does not exist, NodeName[SeqExpEnable]
Error   2026-08-19 10:07:07:743  DevID:MV-CU060-10GC(DA1691703)  Source-Line:libMvCameraControl.so(GenICamImpl.cpp-L0551)  ProcessName:python3.12(16066)     Description:[GetBoolValue]Property[SeqExpEnable], Ret[0x80000100]
Error   2026-08-19 10:07:07:743  DevID:MV-CU060-10GC(DA1691703)  Source-Line:libMvCameraControl.so(GenICamImpl.cpp-L1111)  ProcessName:python3.12(16066)     Description:[XML_GetNodeAccessMode]PropertyName[MultiLightControl], Ret[0x80000100]
Error   2026-08-19 10:07:07:743  DevID:MV-CU060-10GC(DA1691703)  Source-Line:libMvCameraControl.so(XmlParse.cpp-L2386)  ProcessName:python3.12(16066)     Description:[GetEnumValue]Get Node Value, Node does not exist, NodeName[MultiLightControl]
Error   2026-08-19 10:07:07:743  DevID:MV-CU060-10GC(DA1691703)  Source-Line:libMvCameraControl.so(GenICamImpl.cpp-L0364)  ProcessName:python3.12(16066)     Description:[GetEnumValue]Property[MultiLightControl], Ret[0x80000100]
Info    2026-08-19 10:07:07:743  DevID:MV-CU060-10GC(DA1691703)  Source-Line:libMvCameraControl.so(GigEStream.cpp-L0067)  ProcessName:python3.12(16066)     Description:[StartAcquisition][GEV]Width[3072], Height[2048], PixelFormat[0x1080009], PayloadSize[6291456], ChunkCount[100], CompressMode[0], DeviceUptime[6894]
Info    2026-08-19 10:07:07:747  DevID:MV-CU060-10GC(DA1691703)  Source-Line:libMvCameraControl.so(StreamGrab.cpp-L0869)  ProcessName:python3.12(16066)     Description:[StartGrabbing]StreamChannel[0], Start grabbing success, There is no registration callback.
Info    2026-08-19 10:07:08:383  DevID:MV-CU060-10GC(DA1691703)  Source-Line:libMvCameraControl.so(StreamGrab.cpp-L0934)  ProcessName:python3.12(16066)     Description:[StopGrabbing]Stop grabbing success! DeviceUptime[6894]
Info    2026-08-19 10:07:33:739  DevID:MV-CU060-10GC(DA1691703)  Source-Line:libMvCameraControl.so(GigEDevice.cpp-L1351)  ProcessName:python3.12(16066)     Description:[IsDeviceConnected]IsDeviceConnected success, Ret[true]
Error   2026-08-19 10:07:33:748  DevID:MV-CU060-10GC(DA1691703)  Source-Line:libMvCameraControl.so(GenICamImpl.cpp-L1111)  ProcessName:python3.12(16066)     Description:[XML_GetNodeAccessMode]PropertyName[PartialImageOutputMode], Ret[0x80000100]
Error   2026-08-19 10:07:33:750  DevID:MV-CU060-10GC(DA1691703)  Source-Line:libMvCameraControl.so(GenICamImpl.cpp-L1111)  ProcessName:python3.12(16066)     Description:[XML_GetNodeAccessMode]PropertyName[SeqExpEnable], Ret[0x80000100]
Error   2026-08-19 10:07:33:750  DevID:MV-CU060-10GC(DA1691703)  Source-Line:libMvCameraControl.so(XmlParse.cpp-L3037)  ProcessName:python3.12(16066)     Description:[GetBooleanValue]Get Node Value, Node does not exist, NodeName[SeqExpEnable]
Error   2026-08-19 10:07:33:750  DevID:MV-CU060-10GC(DA1691703)  Source-Line:libMvCameraControl.so(GenICamImpl.cpp-L0551)  ProcessName:python3.12(16066)     Description:[GetBoolValue]Property[SeqExpEnable], Ret[0x80000100]
Error   2026-08-19 10:07:33:750  DevID:MV-CU060-10GC(DA1691703)  Source-Line:libMvCameraControl.so(GenICamImpl.cpp-L1111)  ProcessName:python3.12(16066)     Description:[XML_GetNodeAccessMode]PropertyName[MultiLightControl], Ret[0x80000100]
Error   2026-08-19 10:07:33:750  DevID:MV-CU060-10GC(DA1691703)  Source-Line:libMvCameraControl.so(XmlParse.cpp-L2386)  ProcessName:python3.12(16066)     Description:[GetEnumValue]Get Node Value, Node does not exist, NodeName[MultiLightControl]
Error   2026-08-19 10:07:33:750  DevID:MV-CU060-10GC(DA1691703)  Source-Line:libMvCameraControl.so(GenICamImpl.cpp-L0364)  ProcessName:python3.12(16066)     Description:[GetEnumValue]Property[MultiLightControl], Ret[0x80000100]
Info    2026-08-19 10:07:33:750  DevID:MV-CU060-10GC(DA1691703)  Source-Line:libMvCameraControl.so(GigEStream.cpp-L0067)  ProcessName:python3.12(16066)     Description:[StartAcquisition][GEV]Width[3072], Height[2048], PixelFormat[0x1080009], PayloadSize[6291456], ChunkCount[100], CompressMode[0], DeviceUptime[6920]
Info    2026-08-19 10:07:33:755  DevID:MV-CU060-10GC(DA1691703)  Source-Line:libMvCameraControl.so(StreamGrab.cpp-L0869)  ProcessName:python3.12(16066)     Description:[StartGrabbing]StreamChannel[0], Start grabbing success, There is no registration callback.
Info    2026-08-19 10:07:34:378  DevID:MV-CU060-10GC(DA1691703)  Source-Line:libMvCameraControl.so(StreamGrab.cpp-L0934)  ProcessName:python3.12(16066)     Description:[StopGrabbing]Stop grabbing success! DeviceUptime[6920]
Info    2026-08-19 10:07:59:253  DevID:MV-CU060-10GC(DA1691703)  Source-Line:libMvCameraControl.so(GigEDevice.cpp-L1351)  ProcessName:python3.12(16066)     Description:[IsDeviceConnected]IsDeviceConnected success, Ret[true]
Error   2026-08-19 10:07:59:261  DevID:MV-CU060-10GC(DA1691703)  Source-Line:libMvCameraControl.so(GenICamImpl.cpp-L1111)  ProcessName:python3.12(16066)     Description:[XML_GetNodeAccessMode]PropertyName[PartialImageOutputMode], Ret[0x80000100]
Error   2026-08-19 10:07:59:263  DevID:MV-CU060-10GC(DA1691703)  Source-Line:libMvCameraControl.so(GenICamImpl.cpp-L1111)  ProcessName:python3.12(16066)     Description:[XML_GetNodeAccessMode]PropertyName[SeqExpEnable], Ret[0x80000100]
Error   2026-08-19 10:07:59:263  DevID:MV-CU060-10GC(DA1691703)  Source-Line:libMvCameraControl.so(XmlParse.cpp-L3037)  ProcessName:python3.12(16066)     Description:[GetBooleanValue]Get Node Value, Node does not exist, NodeName[SeqExpEnable]
Error   2026-08-19 10:07:59:263  DevID:MV-CU060-10GC(DA1691703)  Source-Line:libMvCameraControl.so(GenICamImpl.cpp-L0551)  ProcessName:python3.12(16066)     Description:[GetBoolValue]Property[SeqExpEnable], Ret[0x80000100]
Error   2026-08-19 10:07:59:263  DevID:MV-CU060-10GC(DA1691703)  Source-Line:libMvCameraControl.so(GenICamImpl.cpp-L1111)  ProcessName:python3.12(16066)     Description:[XML_GetNodeAccessMode]PropertyName[MultiLightControl], Ret[0x80000100]
Error   2026-08-19 10:07:59:263  DevID:MV-CU060-10GC(DA1691703)  Source-Line:libMvCameraControl.so(XmlParse.cpp-L2386)  ProcessName:python3.12(16066)     Description:[GetEnumValue]Get Node Value, Node does not exist, NodeName[MultiLightControl]
Error   2026-08-19 10:07:59:263  DevID:MV-CU060-10GC(DA1691703)  Source-Line:libMvCameraControl.so(GenICamImpl.cpp-L0364)  ProcessName:python3.12(16066)     Description:[GetEnumValue]Property[MultiLightControl], Ret[0x80000100]
Info    2026-08-19 10:07:59:263  DevID:MV-CU060-10GC(DA1691703)  Source-Line:libMvCameraControl.so(GigEStream.cpp-L0067)  ProcessName:python3.12(16066)     Description:[StartAcquisition][GEV]Width[3072], Height[2048], PixelFormat[0x1080009], PayloadSize[6291456], ChunkCount[100], CompressMode[0], DeviceUptime[6945]
Info    2026-08-19 10:07:59:268  DevID:MV-CU060-10GC(DA1691703)  Source-Line:libMvCameraControl.so(StreamGrab.cpp-L0869)  ProcessName:python3.12(16066)     Description:[StartGrabbing]StreamChannel[0], Start grabbing success, There is no registration callback.
Info    2026-08-19 10:07:59:937  DevID:MV-CU060-10GC(DA1691703)  Source-Line:libMvCameraControl.so(StreamGrab.cpp-L0934)  ProcessName:python3.12(16066)     Description:[StopGrabbing]Stop grabbing success! DeviceUptime[6946]
Info    2026-08-19 10:08:25:249  DevID:MV-CU060-10GC(DA1691703)  Source-Line:libMvCameraControl.so(GigEDevice.cpp-L1351)  ProcessName:python3.12(16066)     Description:[IsDeviceConnected]IsDeviceConnected success, Ret[true]
Error   2026-08-19 10:08:25:259  DevID:MV-CU060-10GC(DA1691703)  Source-Line:libMvCameraControl.so(GenICamImpl.cpp-L1111)  ProcessName:python3.12(16066)     Description:[XML_GetNodeAccessMode]PropertyName[PartialImageOutputMode], Ret[0x80000100]
Error   2026-08-19 10:08:25:261  DevID:MV-CU060-10GC(DA1691703)  Source-Line:libMvCameraControl.so(GenICamImpl.cpp-L1111)  ProcessName:python3.12(16066)     Description:[XML_GetNodeAccessMode]PropertyName[SeqExpEnable], Ret[0x80000100]
Error   2026-08-19 10:08:25:261  DevID:MV-CU060-10GC(DA1691703)  Source-Line:libMvCameraControl.so(XmlParse.cpp-L3037)  ProcessName:python3.12(16066)     Description:[GetBooleanValue]Get Node Value, Node does not exist, NodeName[SeqExpEnable]
Error   2026-08-19 10:08:25:261  DevID:MV-CU060-10GC(DA1691703)  Source-Line:libMvCameraControl.so(GenICamImpl.cpp-L0551)  ProcessName:python3.12(16066)     Description:[GetBoolValue]Property[SeqExpEnable], Ret[0x80000100]
Error   2026-08-19 10:08:25:261  DevID:MV-CU060-10GC(DA1691703)  Source-Line:libMvCameraControl.so(GenICamImpl.cpp-L1111)  ProcessName:python3.12(16066)     Description:[XML_GetNodeAccessMode]PropertyName[MultiLightControl], Ret[0x80000100]
Error   2026-08-19 10:08:25:261  DevID:MV-CU060-10GC(DA1691703)  Source-Line:libMvCameraControl.so(XmlParse.cpp-L2386)  ProcessName:python3.12(16066)     Description:[GetEnumValue]Get Node Value, Node does not exist, NodeName[MultiLightControl]
Error   2026-08-19 10:08:25:261  DevID:MV-CU060-10GC(DA1691703)  Source-Line:libMvCameraControl.so(GenICamImpl.cpp-L0364)  ProcessName:python3.12(16066)     Description:[GetEnumValue]Property[MultiLightControl], Ret[0x80000100]
Info    2026-08-19 10:08:25:261  DevID:MV-CU060-10GC(DA1691703)  Source-Line:libMvCameraControl.so(GigEStream.cpp-L0067)  ProcessName:python3.12(16066)     Description:[StartAcquisition][GEV]Width[3072], Height[2048], PixelFormat[0x1080009], PayloadSize[6291456], ChunkCount[100], CompressMode[0], DeviceUptime[6971]
Info    2026-08-19 10:08:25:267  DevID:MV-CU060-10GC(DA1691703)  Source-Line:libMvCameraControl.so(StreamGrab.cpp-L0869)  ProcessName:python3.12(16066)     Description:[StartGrabbing]StreamChannel[0], Start grabbing success, There is no registration callback.
Info    2026-08-19 10:08:25:904  DevID:MV-CU060-10GC(DA1691703)  Source-Line:libMvCameraControl.so(StreamGrab.cpp-L0934)  ProcessName:python3.12(16066)     Description:[StopGrabbing]Stop grabbing success! DeviceUptime[6972]
Info    2026-08-19 10:08:51:141  DevID:MV-CU060-10GC(DA1691703)  Source-Line:libMvCameraControl.so(GigEDevice.cpp-L1351)  ProcessName:python3.12(16066)     Description:[IsDeviceConnected]IsDeviceConnected success, Ret[true]
Error   2026-08-19 10:08:51:150  DevID:MV-CU060-10GC(DA1691703)  Source-Line:libMvCameraControl.so(GenICamImpl.cpp-L1111)  ProcessName:python3.12(16066)     Description:[XML_GetNodeAccessMode]PropertyName[PartialImageOutputMode], Ret[0x80000100]
Error   2026-08-19 10:08:51:152  DevID:MV-CU060-10GC(DA1691703)  Source-Line:libMvCameraControl.so(GenICamImpl.cpp-L1111)  ProcessName:python3.12(16066)     Description:[XML_GetNodeAccessMode]PropertyName[SeqExpEnable], Ret[0x80000100]
Error   2026-08-19 10:08:51:152  DevID:MV-CU060-10GC(DA1691703)  Source-Line:libMvCameraControl.so(XmlParse.cpp-L3037)  ProcessName:python3.12(16066)     Description:[GetBooleanValue]Get Node Value, Node does not exist, NodeName[SeqExpEnable]
Error   2026-08-19 10:08:51:152  DevID:MV-CU060-10GC(DA1691703)  Source-Line:libMvCameraControl.so(GenICamImpl.cpp-L0551)  ProcessName:python3.12(16066)     Description:[GetBoolValue]Property[SeqExpEnable], Ret[0x80000100]
Error   2026-08-19 10:08:51:152  DevID:MV-CU060-10GC(DA1691703)  Source-Line:libMvCameraControl.so(GenICamImpl.cpp-L1111)  ProcessName:python3.12(16066)     Description:[XML_GetNodeAccessMode]PropertyName[MultiLightControl], Ret[0x80000100]
Error   2026-08-19 10:08:51:152  DevID:MV-CU060-10GC(DA1691703)  Source-Line:libMvCameraControl.so(XmlParse.cpp-L2386)  ProcessName:python3.12(16066)     Description:[GetEnumValue]Get Node Value, Node does not exist, NodeName[MultiLightControl]
Error   2026-08-19 10:08:51:152  DevID:MV-CU060-10GC(DA1691703)  Source-Line:libMvCameraControl.so(GenICamImpl.cpp-L0364)  ProcessName:python3.12(16066)     Description:[GetEnumValue]Property[MultiLightControl], Ret[0x80000100]
Info    2026-08-19 10:08:51:152  DevID:MV-CU060-10GC(DA1691703)  Source-Line:libMvCameraControl.so(GigEStream.cpp-L0067)  ProcessName:python3.12(16066)     Description:[StartAcquisition][GEV]Width[3072], Height[2048], PixelFormat[0x1080009], PayloadSize[6291456], ChunkCount[100], CompressMode[0], DeviceUptime[6997]
Info    2026-08-19 10:08:51:156  DevID:MV-CU060-10GC(DA1691703)  Source-Line:libMvCameraControl.so(StreamGrab.cpp-L0869)  ProcessName:python3.12(16066)     Description:[StartGrabbing]StreamChannel[0], Start grabbing success, There is no registration callback.
Info    2026-08-19 10:08:51:798  DevID:MV-CU060-10GC(DA1691703)  Source-Line:libMvCameraControl.so(StreamGrab.cpp-L0934)  ProcessName:python3.12(16066)     Description:[StopGrabbing]Stop grabbing success! DeviceUptime[6998]
Info    2026-08-19 10:09:16:523  DevID:MV-CU060-10GC(DA1691703)  Source-Line:libMvCameraControl.so(GigEDevice.cpp-L1351)  ProcessName:python3.12(16066)     Description:[IsDeviceConnected]IsDeviceConnected success, Ret[true]
Error   2026-08-19 10:09:16:532  DevID:MV-CU060-10GC(DA1691703)  Source-Line:libMvCameraControl.so(GenICamImpl.cpp-L1111)  ProcessName:python3.12(16066)     Description:[XML_GetNodeAccessMode]PropertyName[PartialImageOutputMode], Ret[0x80000100]
Error   2026-08-19 10:09:16:533  DevID:MV-CU060-10GC(DA1691703)  Source-Line:libMvCameraControl.so(GenICamImpl.cpp-L1111)  ProcessName:python3.12(16066)     Description:[XML_GetNodeAccessMode]PropertyName[SeqExpEnable], Ret[0x80000100]
Error   2026-08-19 10:09:16:533  DevID:MV-CU060-10GC(DA1691703)  Source-Line:libMvCameraControl.so(XmlParse.cpp-L3037)  ProcessName:python3.12(16066)     Description:[GetBooleanValue]Get Node Value, Node does not exist, NodeName[SeqExpEnable]
Error   2026-08-19 10:09:16:533  DevID:MV-CU060-10GC(DA1691703)  Source-Line:libMvCameraControl.so(GenICamImpl.cpp-L0551)  ProcessName:python3.12(16066)     Description:[GetBoolValue]Property[SeqExpEnable], Ret[0x80000100]
Error   2026-08-19 10:09:16:533  DevID:MV-CU060-10GC(DA1691703)  Source-Line:libMvCameraControl.so(GenICamImpl.cpp-L1111)  ProcessName:python3.12(16066)     Description:[XML_GetNodeAccessMode]PropertyName[MultiLightControl], Ret[0x80000100]
Error   2026-08-19 10:09:16:533  DevID:MV-CU060-10GC(DA1691703)  Source-Line:libMvCameraControl.so(XmlParse.cpp-L2386)  ProcessName:python3.12(16066)     Description:[GetEnumValue]Get Node Value, Node does not exist, NodeName[MultiLightControl]
Error   2026-08-19 10:09:16:533  DevID:MV-CU060-10GC(DA1691703)  Source-Line:libMvCameraControl.so(GenICamImpl.cpp-L0364)  ProcessName:python3.12(16066)     Description:[GetEnumValue]Property[MultiLightControl], Ret[0x80000100]
Info    2026-08-19 10:09:16:533  DevID:MV-CU060-10GC(DA1691703)  Source-Line:libMvCameraControl.so(GigEStream.cpp-L0067)  ProcessName:python3.12(16066)     Description:[StartAcquisition][GEV]Width[3072], Height[2048], PixelFormat[0x1080009], PayloadSize[6291456], ChunkCount[100], CompressMode[0], DeviceUptime[7023]
Info    2026-08-19 10:09:16:538  DevID:MV-CU060-10GC(DA1691703)  Source-Line:libMvCameraControl.so(StreamGrab.cpp-L0869)  ProcessName:python3.12(16066)     Description:[StartGrabbing]StreamChannel[0], Start grabbing success, There is no registration callback.
Info    2026-08-19 10:09:17:184  DevID:MV-CU060-10GC(DA1691703)  Source-Line:libMvCameraControl.so(StreamGrab.cpp-L0934)  ProcessName:python3.12(16066)     Description:[StopGrabbing]Stop grabbing success! DeviceUptime[7023]
Info    2026-08-19 10:09:41:723  DevID:MV-CU060-10GC(DA1691703)  Source-Line:libMvCameraControl.so(GigEDevice.cpp-L1351)  ProcessName:python3.12(16066)     Description:[IsDeviceConnected]IsDeviceConnected success, Ret[true]
Error   2026-08-19 10:09:41:731  DevID:MV-CU060-10GC(DA1691703)  Source-Line:libMvCameraControl.so(GenICamImpl.cpp-L1111)  ProcessName:python3.12(16066)     Description:[XML_GetNodeAccessMode]PropertyName[PartialImageOutputMode], Ret[0x80000100]
Error   2026-08-19 10:09:41:732  DevID:MV-CU060-10GC(DA1691703)  Source-Line:libMvCameraControl.so(GenICamImpl.cpp-L1111)  ProcessName:python3.12(16066)     Description:[XML_GetNodeAccessMode]PropertyName[SeqExpEnable], Ret[0x80000100]
Error   2026-08-19 10:09:41:732  DevID:MV-CU060-10GC(DA1691703)  Source-Line:libMvCameraControl.so(XmlParse.cpp-L3037)  ProcessName:python3.12(16066)     Description:[GetBooleanValue]Get Node Value, Node does not exist, NodeName[SeqExpEnable]
Error   2026-08-19 10:09:41:732  DevID:MV-CU060-10GC(DA1691703)  Source-Line:libMvCameraControl.so(GenICamImpl.cpp-L0551)  ProcessName:python3.12(16066)     Description:[GetBoolValue]Property[SeqExpEnable], Ret[0x80000100]
Error   2026-08-19 10:09:41:732  DevID:MV-CU060-10GC(DA1691703)  Source-Line:libMvCameraControl.so(GenICamImpl.cpp-L1111)  ProcessName:python3.12(16066)     Description:[XML_GetNodeAccessMode]PropertyName[MultiLightControl], Ret[0x80000100]
Error   2026-08-19 10:09:41:732  DevID:MV-CU060-10GC(DA1691703)  Source-Line:libMvCameraControl.so(XmlParse.cpp-L2386)  ProcessName:python3.12(16066)     Description:[GetEnumValue]Get Node Value, Node does not exist, NodeName[MultiLightControl]
Error   2026-08-19 10:09:41:732  DevID:MV-CU060-10GC(DA1691703)  Source-Line:libMvCameraControl.so(GenICamImpl.cpp-L0364)  ProcessName:python3.12(16066)     Description:[GetEnumValue]Property[MultiLightControl], Ret[0x80000100]
Info    2026-08-19 10:09:41:732  DevID:MV-CU060-10GC(DA1691703)  Source-Line:libMvCameraControl.so(GigEStream.cpp-L0067)  ProcessName:python3.12(16066)     Description:[StartAcquisition][GEV]Width[3072], Height[2048], PixelFormat[0x1080009], PayloadSize[6291456], ChunkCount[100], CompressMode[0], DeviceUptime[7048]
Info    2026-08-19 10:09:41:737  DevID:MV-CU060-10GC(DA1691703)  Source-Line:libMvCameraControl.so(StreamGrab.cpp-L0869)  ProcessName:python3.12(16066)     Description:[StartGrabbing]StreamChannel[0], Start grabbing success, There is no registration callback.
Info    2026-08-19 10:09:42:353  DevID:MV-CU060-10GC(DA1691703)  Source-Line:libMvCameraControl.so(StreamGrab.cpp-L0934)  ProcessName:python3.12(16066)     Description:[StopGrabbing]Stop grabbing success! DeviceUptime[7048]
Info    2026-08-19 10:10:07:165  DevID:MV-CU060-10GC(DA1691703)  Source-Line:libMvCameraControl.so(GigEDevice.cpp-L1351)  ProcessName:python3.12(16066)     Description:[IsDeviceConnected]IsDeviceConnected success, Ret[true]
Error   2026-08-19 10:10:07:173  DevID:MV-CU060-10GC(DA1691703)  Source-Line:libMvCameraControl.so(GenICamImpl.cpp-L1111)  ProcessName:python3.12(16066)     Description:[XML_GetNodeAccessMode]PropertyName[PartialImageOutputMode], Ret[0x80000100]
Error   2026-08-19 10:10:07:175  DevID:MV-CU060-10GC(DA1691703)  Source-Line:libMvCameraControl.so(GenICamImpl.cpp-L1111)  ProcessName:python3.12(16066)     Description:[XML_GetNodeAccessMode]PropertyName[SeqExpEnable], Ret[0x80000100]
Error   2026-08-19 10:10:07:175  DevID:MV-CU060-10GC(DA1691703)  Source-Line:libMvCameraControl.so(XmlParse.cpp-L3037)  ProcessName:python3.12(16066)     Description:[GetBooleanValue]Get Node Value, Node does not exist, NodeName[SeqExpEnable]
Error   2026-08-19 10:10:07:175  DevID:MV-CU060-10GC(DA1691703)  Source-Line:libMvCameraControl.so(GenICamImpl.cpp-L0551)  ProcessName:python3.12(16066)     Description:[GetBoolValue]Property[SeqExpEnable], Ret[0x80000100]
Error   2026-08-19 10:10:07:175  DevID:MV-CU060-10GC(DA1691703)  Source-Line:libMvCameraControl.so(GenICamImpl.cpp-L1111)  ProcessName:python3.12(16066)     Description:[XML_GetNodeAccessMode]PropertyName[MultiLightControl], Ret[0x80000100]
Error   2026-08-19 10:10:07:175  DevID:MV-CU060-10GC(DA1691703)  Source-Line:libMvCameraControl.so(XmlParse.cpp-L2386)  ProcessName:python3.12(16066)     Description:[GetEnumValue]Get Node Value, Node does not exist, NodeName[MultiLightControl]
Error   2026-08-19 10:10:07:175  DevID:MV-CU060-10GC(DA1691703)  Source-Line:libMvCameraControl.so(GenICamImpl.cpp-L0364)  ProcessName:python3.12(16066)     Description:[GetEnumValue]Property[MultiLightControl], Ret[0x80000100]
Info    2026-08-19 10:10:07:175  DevID:MV-CU060-10GC(DA1691703)  Source-Line:libMvCameraControl.so(GigEStream.cpp-L0067)  ProcessName:python3.12(16066)     Description:[StartAcquisition][GEV]Width[3072], Height[2048], PixelFormat[0x1080009], PayloadSize[6291456], ChunkCount[100], CompressMode[0], DeviceUptime[7073]
Info    2026-08-19 10:10:07:180  DevID:MV-CU060-10GC(DA1691703)  Source-Line:libMvCameraControl.so(StreamGrab.cpp-L0869)  ProcessName:python3.12(16066)     Description:[StartGrabbing]StreamChannel[0], Start grabbing success, There is no registration callback.
Info    2026-08-19 10:10:07:800  DevID:MV-CU060-10GC(DA1691703)  Source-Line:libMvCameraControl.so(StreamGrab.cpp-L0934)  ProcessName:python3.12(16066)     Description:[StopGrabbing]Stop grabbing success! DeviceUptime[7074]
Info    2026-08-19 10:10:32:355  DevID:MV-CU060-10GC(DA1691703)  Source-Line:libMvCameraControl.so(GigEDevice.cpp-L1351)  ProcessName:python3.12(16066)     Description:[IsDeviceConnected]IsDeviceConnected success, Ret[true]
Error   2026-08-19 10:10:32:364  DevID:MV-CU060-10GC(DA1691703)  Source-Line:libMvCameraControl.so(GenICamImpl.cpp-L1111)  ProcessName:python3.12(16066)     Description:[XML_GetNodeAccessMode]PropertyName[PartialImageOutputMode], Ret[0x80000100]
Error   2026-08-19 10:10:32:365  DevID:MV-CU060-10GC(DA1691703)  Source-Line:libMvCameraControl.so(GenICamImpl.cpp-L1111)  ProcessName:python3.12(16066)     Description:[XML_GetNodeAccessMode]PropertyName[SeqExpEnable], Ret[0x80000100]
Error   2026-08-19 10:10:32:365  DevID:MV-CU060-10GC(DA1691703)  Source-Line:libMvCameraControl.so(XmlParse.cpp-L3037)  ProcessName:python3.12(16066)     Description:[GetBooleanValue]Get Node Value, Node does not exist, NodeName[SeqExpEnable]
Error   2026-08-19 10:10:32:365  DevID:MV-CU060-10GC(DA1691703)  Source-Line:libMvCameraControl.so(GenICamImpl.cpp-L0551)  ProcessName:python3.12(16066)     Description:[GetBoolValue]Property[SeqExpEnable], Ret[0x80000100]
Error   2026-08-19 10:10:32:365  DevID:MV-CU060-10GC(DA1691703)  Source-Line:libMvCameraControl.so(GenICamImpl.cpp-L1111)  ProcessName:python3.12(16066)     Description:[XML_GetNodeAccessMode]PropertyName[MultiLightControl], Ret[0x80000100]
Error   2026-08-19 10:10:32:365  DevID:MV-CU060-10GC(DA1691703)  Source-Line:libMvCameraControl.so(XmlParse.cpp-L2386)  ProcessName:python3.12(16066)     Description:[GetEnumValue]Get Node Value, Node does not exist, NodeName[MultiLightControl]
Error   2026-08-19 10:10:32:365  DevID:MV-CU060-10GC(DA1691703)  Source-Line:libMvCameraControl.so(GenICamImpl.cpp-L0364)  ProcessName:python3.12(16066)     Description:[GetEnumValue]Property[MultiLightControl], Ret[0x80000100]
Info    2026-08-19 10:10:32:365  DevID:MV-CU060-10GC(DA1691703)  Source-Line:libMvCameraControl.so(GigEStream.cpp-L0067)  ProcessName:python3.12(16066)     Description:[StartAcquisition][GEV]Width[3072], Height[2048], PixelFormat[0x1080009], PayloadSize[6291456], ChunkCount[100], CompressMode[0], DeviceUptime[7098]
Info    2026-08-19 10:10:32:370  DevID:MV-CU060-10GC(DA1691703)  Source-Line:libMvCameraControl.so(StreamGrab.cpp-L0869)  ProcessName:python3.12(16066)     Description:[StartGrabbing]StreamChannel[0], Start grabbing success, There is no registration callback.
Info    2026-08-19 10:10:32:925  DevID:MV-CU060-10GC(DA1691703)  Source-Line:libMvCameraControl.so(StreamGrab.cpp-L0934)  ProcessName:python3.12(16066)     Description:[StopGrabbing]Stop grabbing success! DeviceUptime[7099]
Info    2026-08-19 10:10:57:233  DevID:MV-CU060-10GC(DA1691703)  Source-Line:libMvCameraControl.so(GigEDevice.cpp-L1351)  ProcessName:python3.12(16066)     Description:[IsDeviceConnected]IsDeviceConnected success, Ret[true]
Error   2026-08-19 10:10:57:241  DevID:MV-CU060-10GC(DA1691703)  Source-Line:libMvCameraControl.so(GenICamImpl.cpp-L1111)  ProcessName:python3.12(16066)     Description:[XML_GetNodeAccessMode]PropertyName[PartialImageOutputMode], Ret[0x80000100]
Error   2026-08-19 10:10:57:242  DevID:MV-CU060-10GC(DA1691703)  Source-Line:libMvCameraControl.so(GenICamImpl.cpp-L1111)  ProcessName:python3.12(16066)     Description:[XML_GetNodeAccessMode]PropertyName[SeqExpEnable], Ret[0x80000100]
Error   2026-08-19 10:10:57:242  DevID:MV-CU060-10GC(DA1691703)  Source-Line:libMvCameraControl.so(XmlParse.cpp-L3037)  ProcessName:python3.12(16066)     Description:[GetBooleanValue]Get Node Value, Node does not exist, NodeName[SeqExpEnable]
Error   2026-08-19 10:10:57:242  DevID:MV-CU060-10GC(DA1691703)  Source-Line:libMvCameraControl.so(GenICamImpl.cpp-L0551)  ProcessName:python3.12(16066)     Description:[GetBoolValue]Property[SeqExpEnable], Ret[0x80000100]
Error   2026-08-19 10:10:57:242  DevID:MV-CU060-10GC(DA1691703)  Source-Line:libMvCameraControl.so(GenICamImpl.cpp-L1111)  ProcessName:python3.12(16066)     Description:[XML_GetNodeAccessMode]PropertyName[MultiLightControl], Ret[0x80000100]
Error   2026-08-19 10:10:57:242  DevID:MV-CU060-10GC(DA1691703)  Source-Line:libMvCameraControl.so(XmlParse.cpp-L2386)  ProcessName:python3.12(16066)     Description:[GetEnumValue]Get Node Value, Node does not exist, NodeName[MultiLightControl]
Error   2026-08-19 10:10:57:242  DevID:MV-CU060-10GC(DA1691703)  Source-Line:libMvCameraControl.so(GenICamImpl.cpp-L0364)  ProcessName:python3.12(16066)     Description:[GetEnumValue]Property[MultiLightControl], Ret[0x80000100]
Info    2026-08-19 10:10:57:242  DevID:MV-CU060-10GC(DA1691703)  Source-Line:libMvCameraControl.so(GigEStream.cpp-L0067)  ProcessName:python3.12(16066)     Description:[StartAcquisition][GEV]Width[3072], Height[2048], PixelFormat[0x1080009], PayloadSize[6291456], ChunkCount[100], CompressMode[0], DeviceUptime[7123]
Info    2026-08-19 10:10:57:247  DevID:MV-CU060-10GC(DA1691703)  Source-Line:libMvCameraControl.so(StreamGrab.cpp-L0869)  ProcessName:python3.12(16066)     Description:[StartGrabbing]StreamChannel[0], Start grabbing success, There is no registration callback.
Info    2026-08-19 10:10:57:789  DevID:MV-CU060-10GC(DA1691703)  Source-Line:libMvCameraControl.so(StreamGrab.cpp-L0934)  ProcessName:python3.12(16066)     Description:[StopGrabbing]Stop grabbing success! DeviceUptime[7124]
Info    2026-08-19 10:11:22:522  DevID:MV-CU060-10GC(DA1691703)  Source-Line:libMvCameraControl.so(GigEDevice.cpp-L1351)  ProcessName:python3.12(16066)     Description:[IsDeviceConnected]IsDeviceConnected success, Ret[true]
Error   2026-08-19 10:11:22:530  DevID:MV-CU060-10GC(DA1691703)  Source-Line:libMvCameraControl.so(GenICamImpl.cpp-L1111)  ProcessName:python3.12(16066)     Description:[XML_GetNodeAccessMode]PropertyName[PartialImageOutputMode], Ret[0x80000100]
Error   2026-08-19 10:11:22:532  DevID:MV-CU060-10GC(DA1691703)  Source-Line:libMvCameraControl.so(GenICamImpl.cpp-L1111)  ProcessName:python3.12(16066)     Description:[XML_GetNodeAccessMode]PropertyName[SeqExpEnable], Ret[0x80000100]
Error   2026-08-19 10:11:22:532  DevID:MV-CU060-10GC(DA1691703)  Source-Line:libMvCameraControl.so(XmlParse.cpp-L3037)  ProcessName:python3.12(16066)     Description:[GetBooleanValue]Get Node Value, Node does not exist, NodeName[SeqExpEnable]
Error   2026-08-19 10:11:22:532  DevID:MV-CU060-10GC(DA1691703)  Source-Line:libMvCameraControl.so(GenICamImpl.cpp-L0551)  ProcessName:python3.12(16066)     Description:[GetBoolValue]Property[SeqExpEnable], Ret[0x80000100]
Error   2026-08-19 10:11:22:532  DevID:MV-CU060-10GC(DA1691703)  Source-Line:libMvCameraControl.so(GenICamImpl.cpp-L1111)  ProcessName:python3.12(16066)     Description:[XML_GetNodeAccessMode]PropertyName[MultiLightControl], Ret[0x80000100]
Error   2026-08-19 10:11:22:532  DevID:MV-CU060-10GC(DA1691703)  Source-Line:libMvCameraControl.so(XmlParse.cpp-L2386)  ProcessName:python3.12(16066)     Description:[GetEnumValue]Get Node Value, Node does not exist, NodeName[MultiLightControl]
Error   2026-08-19 10:11:22:532  DevID:MV-CU060-10GC(DA1691703)  Source-Line:libMvCameraControl.so(GenICamImpl.cpp-L0364)  ProcessName:python3.12(16066)     Description:[GetEnumValue]Property[MultiLightControl], Ret[0x80000100]
Info    2026-08-19 10:11:22:532  DevID:MV-CU060-10GC(DA1691703)  Source-Line:libMvCameraControl.so(GigEStream.cpp-L0067)  ProcessName:python3.12(16066)     Description:[StartAcquisition][GEV]Width[3072], Height[2048], PixelFormat[0x1080009], PayloadSize[6291456], ChunkCount[100], CompressMode[0], DeviceUptime[7149]
Info    2026-08-19 10:11:22:537  DevID:MV-CU060-10GC(DA1691703)  Source-Line:libMvCameraControl.so(StreamGrab.cpp-L0869)  ProcessName:python3.12(16066)     Description:[StartGrabbing]StreamChannel[0], Start grabbing success, There is no registration callback.
Info    2026-08-19 10:11:23:079  DevID:MV-CU060-10GC(DA1691703)  Source-Line:libMvCameraControl.so(StreamGrab.cpp-L0934)  ProcessName:python3.12(16066)     Description:[StopGrabbing]Stop grabbing success! DeviceUptime[7149]
Info    2026-08-19 10:11:48:650  DevID:MV-CU060-10GC(DA1691703)  Source-Line:libMvCameraControl.so(GigEDevice.cpp-L1351)  ProcessName:python3.12(16066)     Description:[IsDeviceConnected]IsDeviceConnected success, Ret[true]
Error   2026-08-19 10:11:48:658  DevID:MV-CU060-10GC(DA1691703)  Source-Line:libMvCameraControl.so(GenICamImpl.cpp-L1111)  ProcessName:python3.12(16066)     Description:[XML_GetNodeAccessMode]PropertyName[PartialImageOutputMode], Ret[0x80000100]
Error   2026-08-19 10:11:48:659  DevID:MV-CU060-10GC(DA1691703)  Source-Line:libMvCameraControl.so(GenICamImpl.cpp-L1111)  ProcessName:python3.12(16066)     Description:[XML_GetNodeAccessMode]PropertyName[SeqExpEnable], Ret[0x80000100]
Error   2026-08-19 10:11:48:659  DevID:MV-CU060-10GC(DA1691703)  Source-Line:libMvCameraControl.so(XmlParse.cpp-L3037)  ProcessName:python3.12(16066)     Description:[GetBooleanValue]Get Node Value, Node does not exist, NodeName[SeqExpEnable]
Error   2026-08-19 10:11:48:659  DevID:MV-CU060-10GC(DA1691703)  Source-Line:libMvCameraControl.so(GenICamImpl.cpp-L0551)  ProcessName:python3.12(16066)     Description:[GetBoolValue]Property[SeqExpEnable], Ret[0x80000100]
Error   2026-08-19 10:11:48:659  DevID:MV-CU060-10GC(DA1691703)  Source-Line:libMvCameraControl.so(GenICamImpl.cpp-L1111)  ProcessName:python3.12(16066)     Description:[XML_GetNodeAccessMode]PropertyName[MultiLightControl], Ret[0x80000100]
Error   2026-08-19 10:11:48:659  DevID:MV-CU060-10GC(DA1691703)  Source-Line:libMvCameraControl.so(XmlParse.cpp-L2386)  ProcessName:python3.12(16066)     Description:[GetEnumValue]Get Node Value, Node does not exist, NodeName[MultiLightControl]
Error   2026-08-19 10:11:48:659  DevID:MV-CU060-10GC(DA1691703)  Source-Line:libMvCameraControl.so(GenICamImpl.cpp-L0364)  ProcessName:python3.12(16066)     Description:[GetEnumValue]Property[MultiLightControl], Ret[0x80000100]
Info    2026-08-19 10:11:48:659  DevID:MV-CU060-10GC(DA1691703)  Source-Line:libMvCameraControl.so(GigEStream.cpp-L0067)  ProcessName:python3.12(16066)     Description:[StartAcquisition][GEV]Width[3072], Height[2048], PixelFormat[0x1080009], PayloadSize[6291456], ChunkCount[100], CompressMode[0], DeviceUptime[7175]
Info    2026-08-19 10:11:48:664  DevID:MV-CU060-10GC(DA1691703)  Source-Line:libMvCameraControl.so(StreamGrab.cpp-L0869)  ProcessName:python3.12(16066)     Description:[StartGrabbing]StreamChannel[0], Start grabbing success, There is no registration callback.
Info    2026-08-19 10:11:49:210  DevID:MV-CU060-10GC(DA1691703)  Source-Line:libMvCameraControl.so(StreamGrab.cpp-L0934)  ProcessName:python3.12(16066)     Description:[StopGrabbing]Stop grabbing success! DeviceUptime[7175]
Info    2026-08-19 10:12:14:518  DevID:MV-CU060-10GC(DA1691703)  Source-Line:libMvCameraControl.so(GigEDevice.cpp-L1351)  ProcessName:python3.12(16066)     Description:[IsDeviceConnected]IsDeviceConnected success, Ret[true]
Error   2026-08-19 10:12:14:526  DevID:MV-CU060-10GC(DA1691703)  Source-Line:libMvCameraControl.so(GenICamImpl.cpp-L1111)  ProcessName:python3.12(16066)     Description:[XML_GetNodeAccessMode]PropertyName[PartialImageOutputMode], Ret[0x80000100]
Error   2026-08-19 10:12:14:528  DevID:MV-CU060-10GC(DA1691703)  Source-Line:libMvCameraControl.so(GenICamImpl.cpp-L1111)  ProcessName:python3.12(16066)     Description:[XML_GetNodeAccessMode]PropertyName[SeqExpEnable], Ret[0x80000100]
Error   2026-08-19 10:12:14:528  DevID:MV-CU060-10GC(DA1691703)  Source-Line:libMvCameraControl.so(XmlParse.cpp-L3037)  ProcessName:python3.12(16066)     Description:[GetBooleanValue]Get Node Value, Node does not exist, NodeName[SeqExpEnable]
Error   2026-08-19 10:12:14:528  DevID:MV-CU060-10GC(DA1691703)  Source-Line:libMvCameraControl.so(GenICamImpl.cpp-L0551)  ProcessName:python3.12(16066)     Description:[GetBoolValue]Property[SeqExpEnable], Ret[0x80000100]
Error   2026-08-19 10:12:14:528  DevID:MV-CU060-10GC(DA1691703)  Source-Line:libMvCameraControl.so(GenICamImpl.cpp-L1111)  ProcessName:python3.12(16066)     Description:[XML_GetNodeAccessMode]PropertyName[MultiLightControl], Ret[0x80000100]
Error   2026-08-19 10:12:14:528  DevID:MV-CU060-10GC(DA1691703)  Source-Line:libMvCameraControl.so(XmlParse.cpp-L2386)  ProcessName:python3.12(16066)     Description:[GetEnumValue]Get Node Value, Node does not exist, NodeName[MultiLightControl]
Error   2026-08-19 10:12:14:528  DevID:MV-CU060-10GC(DA1691703)  Source-Line:libMvCameraControl.so(GenICamImpl.cpp-L0364)  ProcessName:python3.12(16066)     Description:[GetEnumValue]Property[MultiLightControl], Ret[0x80000100]
Info    2026-08-19 10:12:14:528  DevID:MV-CU060-10GC(DA1691703)  Source-Line:libMvCameraControl.so(GigEStream.cpp-L0067)  ProcessName:python3.12(16066)     Description:[StartAcquisition][GEV]Width[3072], Height[2048], PixelFormat[0x1080009], PayloadSize[6291456], ChunkCount[100], CompressMode[0], DeviceUptime[7201]
Info    2026-08-19 10:12:14:533  DevID:MV-CU060-10GC(DA1691703)  Source-Line:libMvCameraControl.so(StreamGrab.cpp-L0869)  ProcessName:python3.12(16066)     Description:[StartGrabbing]StreamChannel[0], Start grabbing success, There is no registration callback.
Info    2026-08-19 10:12:15:074  DevID:MV-CU060-10GC(DA1691703)  Source-Line:libMvCameraControl.so(StreamGrab.cpp-L0934)  ProcessName:python3.12(16066)     Description:[StopGrabbing]Stop grabbing success! DeviceUptime[7201]
Info    2026-08-19 10:12:40:216  DevID:MV-CU060-10GC(DA1691703)  Source-Line:libMvCameraControl.so(GigEDevice.cpp-L1351)  ProcessName:python3.12(16066)     Description:[IsDeviceConnected]IsDeviceConnected success, Ret[true]
Error   2026-08-19 10:12:40:224  DevID:MV-CU060-10GC(DA1691703)  Source-Line:libMvCameraControl.so(GenICamImpl.cpp-L1111)  ProcessName:python3.12(16066)     Description:[XML_GetNodeAccessMode]PropertyName[PartialImageOutputMode], Ret[0x80000100]
Error   2026-08-19 10:12:40:226  DevID:MV-CU060-10GC(DA1691703)  Source-Line:libMvCameraControl.so(GenICamImpl.cpp-L1111)  ProcessName:python3.12(16066)     Description:[XML_GetNodeAccessMode]PropertyName[SeqExpEnable], Ret[0x80000100]
Error   2026-08-19 10:12:40:226  DevID:MV-CU060-10GC(DA1691703)  Source-Line:libMvCameraControl.so(XmlParse.cpp-L3037)  ProcessName:python3.12(16066)     Description:[GetBooleanValue]Get Node Value, Node does not exist, NodeName[SeqExpEnable]
Error   2026-08-19 10:12:40:226  DevID:MV-CU060-10GC(DA1691703)  Source-Line:libMvCameraControl.so(GenICamImpl.cpp-L0551)  ProcessName:python3.12(16066)     Description:[GetBoolValue]Property[SeqExpEnable], Ret[0x80000100]
Error   2026-08-19 10:12:40:226  DevID:MV-CU060-10GC(DA1691703)  Source-Line:libMvCameraControl.so(GenICamImpl.cpp-L1111)  ProcessName:python3.12(16066)     Description:[XML_GetNodeAccessMode]PropertyName[MultiLightControl], Ret[0x80000100]
Error   2026-08-19 10:12:40:226  DevID:MV-CU060-10GC(DA1691703)  Source-Line:libMvCameraControl.so(XmlParse.cpp-L2386)  ProcessName:python3.12(16066)     Description:[GetEnumValue]Get Node Value, Node does not exist, NodeName[MultiLightControl]
Error   2026-08-19 10:12:40:226  DevID:MV-CU060-10GC(DA1691703)  Source-Line:libMvCameraControl.so(GenICamImpl.cpp-L0364)  ProcessName:python3.12(16066)     Description:[GetEnumValue]Property[MultiLightControl], Ret[0x80000100]
Info    2026-08-19 10:12:40:226  DevID:MV-CU060-10GC(DA1691703)  Source-Line:libMvCameraControl.so(GigEStream.cpp-L0067)  ProcessName:python3.12(16066)     Description:[StartAcquisition][GEV]Width[3072], Height[2048], PixelFormat[0x1080009], PayloadSize[6291456], ChunkCount[100], CompressMode[0], DeviceUptime[7226]
Info    2026-08-19 10:12:40:231  DevID:MV-CU060-10GC(DA1691703)  Source-Line:libMvCameraControl.so(StreamGrab.cpp-L0869)  ProcessName:python3.12(16066)     Description:[StartGrabbing]StreamChannel[0], Start grabbing success, There is no registration callback.
Info    2026-08-19 10:12:40:780  DevID:MV-CU060-10GC(DA1691703)  Source-Line:libMvCameraControl.so(StreamGrab.cpp-L0934)  ProcessName:python3.12(16066)     Description:[StopGrabbing]Stop grabbing success! DeviceUptime[7227]
Info    2026-08-19 10:13:06:314  DevID:MV-CU060-10GC(DA1691703)  Source-Line:libMvCameraControl.so(GigEDevice.cpp-L1351)  ProcessName:python3.12(16066)     Description:[IsDeviceConnected]IsDeviceConnected success, Ret[true]
Error   2026-08-19 10:13:06:322  DevID:MV-CU060-10GC(DA1691703)  Source-Line:libMvCameraControl.so(GenICamImpl.cpp-L1111)  ProcessName:python3.12(16066)     Description:[XML_GetNodeAccessMode]PropertyName[PartialImageOutputMode], Ret[0x80000100]
Error   2026-08-19 10:13:06:323  DevID:MV-CU060-10GC(DA1691703)  Source-Line:libMvCameraControl.so(GenICamImpl.cpp-L1111)  ProcessName:python3.12(16066)     Description:[XML_GetNodeAccessMode]PropertyName[SeqExpEnable], Ret[0x80000100]
Error   2026-08-19 10:13:06:323  DevID:MV-CU060-10GC(DA1691703)  Source-Line:libMvCameraControl.so(XmlParse.cpp-L3037)  ProcessName:python3.12(16066)     Description:[GetBooleanValue]Get Node Value, Node does not exist, NodeName[SeqExpEnable]
Error   2026-08-19 10:13:06:323  DevID:MV-CU060-10GC(DA1691703)  Source-Line:libMvCameraControl.so(GenICamImpl.cpp-L0551)  ProcessName:python3.12(16066)     Description:[GetBoolValue]Property[SeqExpEnable], Ret[0x80000100]
Error   2026-08-19 10:13:06:323  DevID:MV-CU060-10GC(DA1691703)  Source-Line:libMvCameraControl.so(GenICamImpl.cpp-L1111)  ProcessName:python3.12(16066)     Description:[XML_GetNodeAccessMode]PropertyName[MultiLightControl], Ret[0x80000100]
Error   2026-08-19 10:13:06:323  DevID:MV-CU060-10GC(DA1691703)  Source-Line:libMvCameraControl.so(XmlParse.cpp-L2386)  ProcessName:python3.12(16066)     Description:[GetEnumValue]Get Node Value, Node does not exist, NodeName[MultiLightControl]
Error   2026-08-19 10:13:06:323  DevID:MV-CU060-10GC(DA1691703)  Source-Line:libMvCameraControl.so(GenICamImpl.cpp-L0364)  ProcessName:python3.12(16066)     Description:[GetEnumValue]Property[MultiLightControl], Ret[0x80000100]
Info    2026-08-19 10:13:06:323  DevID:MV-CU060-10GC(DA1691703)  Source-Line:libMvCameraControl.so(GigEStream.cpp-L0067)  ProcessName:python3.12(16066)     Description:[StartAcquisition][GEV]Width[3072], Height[2048], PixelFormat[0x1080009], PayloadSize[6291456], ChunkCount[100], CompressMode[0], DeviceUptime[7252]
Info    2026-08-19 10:13:06:328  DevID:MV-CU060-10GC(DA1691703)  Source-Line:libMvCameraControl.so(StreamGrab.cpp-L0869)  ProcessName:python3.12(16066)     Description:[StartGrabbing]StreamChannel[0], Start grabbing success, There is no registration callback.
Info    2026-08-19 10:13:06:907  DevID:MV-CU060-10GC(DA1691703)  Source-Line:libMvCameraControl.so(StreamGrab.cpp-L0934)  ProcessName:python3.12(16066)     Description:[StopGrabbing]Stop grabbing success! DeviceUptime[7253]
Info    2026-08-19 10:13:32:370  DevID:MV-CU060-10GC(DA1691703)  Source-Line:libMvCameraControl.so(GigEDevice.cpp-L1351)  ProcessName:python3.12(16066)     Description:[IsDeviceConnected]IsDeviceConnected success, Ret[true]
Error   2026-08-19 10:13:32:378  DevID:MV-CU060-10GC(DA1691703)  Source-Line:libMvCameraControl.so(GenICamImpl.cpp-L1111)  ProcessName:python3.12(16066)     Description:[XML_GetNodeAccessMode]PropertyName[PartialImageOutputMode], Ret[0x80000100]
Error   2026-08-19 10:13:32:380  DevID:MV-CU060-10GC(DA1691703)  Source-Line:libMvCameraControl.so(GenICamImpl.cpp-L1111)  ProcessName:python3.12(16066)     Description:[XML_GetNodeAccessMode]PropertyName[SeqExpEnable], Ret[0x80000100]
Error   2026-08-19 10:13:32:380  DevID:MV-CU060-10GC(DA1691703)  Source-Line:libMvCameraControl.so(XmlParse.cpp-L3037)  ProcessName:python3.12(16066)     Description:[GetBooleanValue]Get Node Value, Node does not exist, NodeName[SeqExpEnable]
Error   2026-08-19 10:13:32:380  DevID:MV-CU060-10GC(DA1691703)  Source-Line:libMvCameraControl.so(GenICamImpl.cpp-L0551)  ProcessName:python3.12(16066)     Description:[GetBoolValue]Property[SeqExpEnable], Ret[0x80000100]
Error   2026-08-19 10:13:32:380  DevID:MV-CU060-10GC(DA1691703)  Source-Line:libMvCameraControl.so(GenICamImpl.cpp-L1111)  ProcessName:python3.12(16066)     Description:[XML_GetNodeAccessMode]PropertyName[MultiLightControl], Ret[0x80000100]
Error   2026-08-19 10:13:32:380  DevID:MV-CU060-10GC(DA1691703)  Source-Line:libMvCameraControl.so(XmlParse.cpp-L2386)  ProcessName:python3.12(16066)     Description:[GetEnumValue]Get Node Value, Node does not exist, NodeName[MultiLightControl]
Error   2026-08-19 10:13:32:380  DevID:MV-CU060-10GC(DA1691703)  Source-Line:libMvCameraControl.so(GenICamImpl.cpp-L0364)  ProcessName:python3.12(16066)     Description:[GetEnumValue]Property[MultiLightControl], Ret[0x80000100]
Info    2026-08-19 10:13:32:380  DevID:MV-CU060-10GC(DA1691703)  Source-Line:libMvCameraControl.so(GigEStream.cpp-L0067)  ProcessName:python3.12(16066)     Description:[StartAcquisition][GEV]Width[3072], Height[2048], PixelFormat[0x1080009], PayloadSize[6291456], ChunkCount[100], CompressMode[0], DeviceUptime[7278]
Info    2026-08-19 10:13:32:385  DevID:MV-CU060-10GC(DA1691703)  Source-Line:libMvCameraControl.so(StreamGrab.cpp-L0869)  ProcessName:python3.12(16066)     Description:[StartGrabbing]StreamChannel[0], Start grabbing success, There is no registration callback.
Info    2026-08-19 10:13:32:862  DevID:MV-CU060-10GC(DA1691703)  Source-Line:libMvCameraControl.so(StreamGrab.cpp-L0934)  ProcessName:python3.12(16066)     Description:[StopGrabbing]Stop grabbing success! DeviceUptime[7279]
Info    2026-08-19 10:13:59:984  DevID:MV-CU060-10GC(DA1691703)  Source-Line:libMvCameraControl.so(GigEDevice.cpp-L1351)  ProcessName:python3.12(16066)     Description:[IsDeviceConnected]IsDeviceConnected success, Ret[true]
Error   2026-08-19 10:13:59:992  DevID:MV-CU060-10GC(DA1691703)  Source-Line:libMvCameraControl.so(GenICamImpl.cpp-L1111)  ProcessName:python3.12(16066)     Description:[XML_GetNodeAccessMode]PropertyName[PartialImageOutputMode], Ret[0x80000100]
Error   2026-08-19 10:13:59:994  DevID:MV-CU060-10GC(DA1691703)  Source-Line:libMvCameraControl.so(GenICamImpl.cpp-L1111)  ProcessName:python3.12(16066)     Description:[XML_GetNodeAccessMode]PropertyName[SeqExpEnable], Ret[0x80000100]
Error   2026-08-19 10:13:59:994  DevID:MV-CU060-10GC(DA1691703)  Source-Line:libMvCameraControl.so(XmlParse.cpp-L3037)  ProcessName:python3.12(16066)     Description:[GetBooleanValue]Get Node Value, Node does not exist, NodeName[SeqExpEnable]
Error   2026-08-19 10:13:59:994  DevID:MV-CU060-10GC(DA1691703)  Source-Line:libMvCameraControl.so(GenICamImpl.cpp-L0551)  ProcessName:python3.12(16066)     Description:[GetBoolValue]Property[SeqExpEnable], Ret[0x80000100]
Error   2026-08-19 10:13:59:994  DevID:MV-CU060-10GC(DA1691703)  Source-Line:libMvCameraControl.so(GenICamImpl.cpp-L1111)  ProcessName:python3.12(16066)     Description:[XML_GetNodeAccessMode]PropertyName[MultiLightControl], Ret[0x80000100]
Error   2026-08-19 10:13:59:994  DevID:MV-CU060-10GC(DA1691703)  Source-Line:libMvCameraControl.so(XmlParse.cpp-L2386)  ProcessName:python3.12(16066)     Description:[GetEnumValue]Get Node Value, Node does not exist, NodeName[MultiLightControl]
Error   2026-08-19 10:13:59:994  DevID:MV-CU060-10GC(DA1691703)  Source-Line:libMvCameraControl.so(GenICamImpl.cpp-L0364)  ProcessName:python3.12(16066)     Description:[GetEnumValue]Property[MultiLightControl], Ret[0x80000100]
Info    2026-08-19 10:13:59:994  DevID:MV-CU060-10GC(DA1691703)  Source-Line:libMvCameraControl.so(GigEStream.cpp-L0067)  ProcessName:python3.12(16066)     Description:[StartAcquisition][GEV]Width[3072], Height[2048], PixelFormat[0x1080009], PayloadSize[6291456], ChunkCount[100], CompressMode[0], DeviceUptime[7306]
Info    2026-08-19 10:13:59:999  DevID:MV-CU060-10GC(DA1691703)  Source-Line:libMvCameraControl.so(StreamGrab.cpp-L0869)  ProcessName:python3.12(16066)     Description:[StartGrabbing]StreamChannel[0], Start grabbing success, There is no registration callback.
Info    2026-08-19 10:14:00:478  DevID:MV-CU060-10GC(DA1691703)  Source-Line:libMvCameraControl.so(StreamGrab.cpp-L0934)  ProcessName:python3.12(16066)     Description:[StopGrabbing]Stop grabbing success! DeviceUptime[7307]
Info    2026-08-19 10:14:28:808  DevID:MV-CU060-10GC(DA1691703)  Source-Line:libMvCameraControl.so(GigEDevice.cpp-L1351)  ProcessName:python3.12(16066)     Description:[IsDeviceConnected]IsDeviceConnected success, Ret[true]
Error   2026-08-19 10:14:28:816  DevID:MV-CU060-10GC(DA1691703)  Source-Line:libMvCameraControl.so(GenICamImpl.cpp-L1111)  ProcessName:python3.12(16066)     Description:[XML_GetNodeAccessMode]PropertyName[PartialImageOutputMode], Ret[0x80000100]
Error   2026-08-19 10:14:28:817  DevID:MV-CU060-10GC(DA1691703)  Source-Line:libMvCameraControl.so(GenICamImpl.cpp-L1111)  ProcessName:python3.12(16066)     Description:[XML_GetNodeAccessMode]PropertyName[SeqExpEnable], Ret[0x80000100]
Error   2026-08-19 10:14:28:817  DevID:MV-CU060-10GC(DA1691703)  Source-Line:libMvCameraControl.so(XmlParse.cpp-L3037)  ProcessName:python3.12(16066)     Description:[GetBooleanValue]Get Node Value, Node does not exist, NodeName[SeqExpEnable]
Error   2026-08-19 10:14:28:817  DevID:MV-CU060-10GC(DA1691703)  Source-Line:libMvCameraControl.so(GenICamImpl.cpp-L0551)  ProcessName:python3.12(16066)     Description:[GetBoolValue]Property[SeqExpEnable], Ret[0x80000100]
Error   2026-08-19 10:14:28:817  DevID:MV-CU060-10GC(DA1691703)  Source-Line:libMvCameraControl.so(GenICamImpl.cpp-L1111)  ProcessName:python3.12(16066)     Description:[XML_GetNodeAccessMode]PropertyName[MultiLightControl], Ret[0x80000100]
Error   2026-08-19 10:14:28:817  DevID:MV-CU060-10GC(DA1691703)  Source-Line:libMvCameraControl.so(XmlParse.cpp-L2386)  ProcessName:python3.12(16066)     Description:[GetEnumValue]Get Node Value, Node does not exist, NodeName[MultiLightControl]
Error   2026-08-19 10:14:28:817  DevID:MV-CU060-10GC(DA1691703)  Source-Line:libMvCameraControl.so(GenICamImpl.cpp-L0364)  ProcessName:python3.12(16066)     Description:[GetEnumValue]Property[MultiLightControl], Ret[0x80000100]
Info    2026-08-19 10:14:28:817  DevID:MV-CU060-10GC(DA1691703)  Source-Line:libMvCameraControl.so(GigEStream.cpp-L0067)  ProcessName:python3.12(16066)     Description:[StartAcquisition][GEV]Width[3072], Height[2048], PixelFormat[0x1080009], PayloadSize[6291456], ChunkCount[100], CompressMode[0], DeviceUptime[7335]
Info    2026-08-19 10:14:28:822  DevID:MV-CU060-10GC(DA1691703)  Source-Line:libMvCameraControl.so(StreamGrab.cpp-L0869)  ProcessName:python3.12(16066)     Description:[StartGrabbing]StreamChannel[0], Start grabbing success, There is no registration callback.
Info    2026-08-19 10:14:29:301  DevID:MV-CU060-10GC(DA1691703)  Source-Line:libMvCameraControl.so(StreamGrab.cpp-L0934)  ProcessName:python3.12(16066)     Description:[StopGrabbing]Stop grabbing success! DeviceUptime[7335]
Info    2026-08-19 10:14:57:666  DevID:MV-CU060-10GC(DA1691703)  Source-Line:libMvCameraControl.so(GigEDevice.cpp-L1351)  ProcessName:python3.12(16066)     Description:[IsDeviceConnected]IsDeviceConnected success, Ret[true]
Error   2026-08-19 10:14:57:675  DevID:MV-CU060-10GC(DA1691703)  Source-Line:libMvCameraControl.so(GenICamImpl.cpp-L1111)  ProcessName:python3.12(16066)     Description:[XML_GetNodeAccessMode]PropertyName[PartialImageOutputMode], Ret[0x80000100]
Error   2026-08-19 10:14:57:676  DevID:MV-CU060-10GC(DA1691703)  Source-Line:libMvCameraControl.so(GenICamImpl.cpp-L1111)  ProcessName:python3.12(16066)     Description:[XML_GetNodeAccessMode]PropertyName[SeqExpEnable], Ret[0x80000100]
Error   2026-08-19 10:14:57:676  DevID:MV-CU060-10GC(DA1691703)  Source-Line:libMvCameraControl.so(XmlParse.cpp-L3037)  ProcessName:python3.12(16066)     Description:[GetBooleanValue]Get Node Value, Node does not exist, NodeName[SeqExpEnable]
Error   2026-08-19 10:14:57:676  DevID:MV-CU060-10GC(DA1691703)  Source-Line:libMvCameraControl.so(GenICamImpl.cpp-L0551)  ProcessName:python3.12(16066)     Description:[GetBoolValue]Property[SeqExpEnable], Ret[0x80000100]
Error   2026-08-19 10:14:57:676  DevID:MV-CU060-10GC(DA1691703)  Source-Line:libMvCameraControl.so(GenICamImpl.cpp-L1111)  ProcessName:python3.12(16066)     Description:[XML_GetNodeAccessMode]PropertyName[MultiLightControl], Ret[0x80000100]
Error   2026-08-19 10:14:57:676  DevID:MV-CU060-10GC(DA1691703)  Source-Line:libMvCameraControl.so(XmlParse.cpp-L2386)  ProcessName:python3.12(16066)     Description:[GetEnumValue]Get Node Value, Node does not exist, NodeName[MultiLightControl]
Error   2026-08-19 10:14:57:676  DevID:MV-CU060-10GC(DA1691703)  Source-Line:libMvCameraControl.so(GenICamImpl.cpp-L0364)  ProcessName:python3.12(16066)     Description:[GetEnumValue]Property[MultiLightControl], Ret[0x80000100]
Info    2026-08-19 10:14:57:676  DevID:MV-CU060-10GC(DA1691703)  Source-Line:libMvCameraControl.so(GigEStream.cpp-L0067)  ProcessName:python3.12(16066)     Description:[StartAcquisition][GEV]Width[3072], Height[2048], PixelFormat[0x1080009], PayloadSize[6291456], ChunkCount[100], CompressMode[0], DeviceUptime[7364]
Info    2026-08-19 10:14:57:681  DevID:MV-CU060-10GC(DA1691703)  Source-Line:libMvCameraControl.so(StreamGrab.cpp-L0869)  ProcessName:python3.12(16066)     Description:[StartGrabbing]StreamChannel[0], Start grabbing success, There is no registration callback.
Info    2026-08-19 10:14:58:210  DevID:MV-CU060-10GC(DA1691703)  Source-Line:libMvCameraControl.so(StreamGrab.cpp-L0934)  ProcessName:python3.12(16066)     Description:[StopGrabbing]Stop grabbing success! DeviceUptime[7364]
Info    2026-08-19 10:15:26:207  DevID:MV-CU060-10GC(DA1691703)  Source-Line:libMvCameraControl.so(GigEDevice.cpp-L1351)  ProcessName:python3.12(16066)     Description:[IsDeviceConnected]IsDeviceConnected success, Ret[true]
Error   2026-08-19 10:15:26:216  DevID:MV-CU060-10GC(DA1691703)  Source-Line:libMvCameraControl.so(GenICamImpl.cpp-L1111)  ProcessName:python3.12(16066)     Description:[XML_GetNodeAccessMode]PropertyName[PartialImageOutputMode], Ret[0x80000100]
Error   2026-08-19 10:15:26:218  DevID:MV-CU060-10GC(DA1691703)  Source-Line:libMvCameraControl.so(GenICamImpl.cpp-L1111)  ProcessName:python3.12(16066)     Description:[XML_GetNodeAccessMode]PropertyName[SeqExpEnable], Ret[0x80000100]
Error   2026-08-19 10:15:26:218  DevID:MV-CU060-10GC(DA1691703)  Source-Line:libMvCameraControl.so(XmlParse.cpp-L3037)  ProcessName:python3.12(16066)     Description:[GetBooleanValue]Get Node Value, Node does not exist, NodeName[SeqExpEnable]
Error   2026-08-19 10:15:26:218  DevID:MV-CU060-10GC(DA1691703)  Source-Line:libMvCameraControl.so(GenICamImpl.cpp-L0551)  ProcessName:python3.12(16066)     Description:[GetBoolValue]Property[SeqExpEnable], Ret[0x80000100]
Error   2026-08-19 10:15:26:218  DevID:MV-CU060-10GC(DA1691703)  Source-Line:libMvCameraControl.so(GenICamImpl.cpp-L1111)  ProcessName:python3.12(16066)     Description:[XML_GetNodeAccessMode]PropertyName[MultiLightControl], Ret[0x80000100]
Error   2026-08-19 10:15:26:218  DevID:MV-CU060-10GC(DA1691703)  Source-Line:libMvCameraControl.so(XmlParse.cpp-L2386)  ProcessName:python3.12(16066)     Description:[GetEnumValue]Get Node Value, Node does not exist, NodeName[MultiLightControl]
Error   2026-08-19 10:15:26:218  DevID:MV-CU060-10GC(DA1691703)  Source-Line:libMvCameraControl.so(GenICamImpl.cpp-L0364)  ProcessName:python3.12(16066)     Description:[GetEnumValue]Property[MultiLightControl], Ret[0x80000100]
Info    2026-08-19 10:15:26:218  DevID:MV-CU060-10GC(DA1691703)  Source-Line:libMvCameraControl.so(GigEStream.cpp-L0067)  ProcessName:python3.12(16066)     Description:[StartAcquisition][GEV]Width[3072], Height[2048], PixelFormat[0x1080009], PayloadSize[6291456], ChunkCount[100], CompressMode[0], DeviceUptime[7392]
Info    2026-08-19 10:15:26:223  DevID:MV-CU060-10GC(DA1691703)  Source-Line:libMvCameraControl.so(StreamGrab.cpp-L0869)  ProcessName:python3.12(16066)     Description:[StartGrabbing]StreamChannel[0], Start grabbing success, There is no registration callback.
Info    2026-08-19 10:15:26:773  DevID:MV-CU060-10GC(DA1691703)  Source-Line:libMvCameraControl.so(StreamGrab.cpp-L0934)  ProcessName:python3.12(16066)     Description:[StopGrabbing]Stop grabbing success! DeviceUptime[7393]
Info    2026-08-19 10:15:41:322  DevID:MV-CU060-10GC(DA1691703)  Source-Line:libMvCameraControl.so(GigEDevice.cpp-L0648)  ProcessName:python3.12(16066)     Description:[CloseGigEDevice] Close device begin!
Error   2026-08-19 10:15:41:322  DevID:MV-CU060-10GC(DA1691703)  Source-Line:libMvCameraControl.so(StreamGrab.cpp-L0882)  ProcessName:python3.12(16066)     Description:[StopGrabbing]StreamChannel[0], bGrabbing[0], pDevStream[0x2b13e4a0]
Info    2026-08-19 10:15:41:322  DevID:MV-CU060-10GC(DA1691703)  Source-Line:libMvCameraControl.so(StreamGrab.cpp-L0270)  ProcessName:python3.12(16066)     Description:[Close]Stream channel[0] closed
Info    2026-08-19 10:15:41:323  DevID:MV-CU060-10GC(DA1691703)  Source-Line:libMvCameraControl.so(GigEDevice.cpp-L0665)  ProcessName:python3.12(16066)     Description:[CloseGigEDevice]DeviceUptime[7407]
Info    2026-08-19 10:15:41:329  DevID:MV-CU060-10GC(DA1691703)  Source-Line:libMvCameraControl.so(GigEDevice.cpp-L0687)  ProcessName:python3.12(16066)     Description:[CloseGigEDevice]Close device success!
Info    2026-08-19 10:15:41:329  DevID:MV-CU060-10GC(DA1691703)  Source-Line:libMvCameraControl.so(GigEDeviceEvent.cpp-L0046)  ProcessName:python3.12(16066)     Description:[Deinit]GigEDeviceEvent Deinit  RecvAllEvent  [0],
Warning 2026-08-19 11:45:33:595  DevID:  Source-Line:libMvCameraControl.so(GenTLLoadLibraryEx.cpp-L0350)  ProcessName:python3.12(46317)     Description:[LoadCtiLibInter]MV_GCSetConfigIntValue is NULL, CTI path[/opt/MVS/lib/64/libMvProducerVIR.so]
Info    2026-08-19 11:45:33:595  DevID:  Source-Line:libMvCameraControl.so(GigELoadLibrary.cpp-L1607)  ProcessName:python3.12(46317)     Description:[LoadGigEAllFunctions]Load MVGigEVisionSDK success
Warning 2026-08-19 11:45:33:611  DevID:Virtual GigE Vision  Source-Line:libMvCameraControl.so(GenTLManager.cpp-L1360)  ProcessName:python3.12(46317)     Description:[OpenInterfaceInter]Get cti version failed, nRet[0x8000000c]
Info    2026-08-19 11:45:33:611  DevID:Virtual GigE Vision  Source-Line:libMvCameraControl.so(GenTLManager.cpp-L1362)  ProcessName:python3.12(46317)     Description:[OpenInterfaceInter]Interface open success! VIRGEVCtiVersion[], VIRGEVDrvVersion[]
Warning 2026-08-19 11:45:33:611  DevID:Virtual USB3 Vision  Source-Line:libMvCameraControl.so(GenTLManager.cpp-L1360)  ProcessName:python3.12(46317)     Description:[OpenInterfaceInter]Get cti version failed, nRet[0x8000000c]
Info    2026-08-19 11:45:33:611  DevID:Virtual USB3 Vision  Source-Line:libMvCameraControl.so(GenTLManager.cpp-L1362)  ProcessName:python3.12(46317)     Description:[OpenInterfaceInter]Interface open success! VIRU3VCtiVersion[], VIRU3VDrvVersion[]
Info    2026-08-19 11:45:33:718  DevID:MV-CU060-10GC(DA1691703)  Source-Line:libMvCameraControl.so(GigEDevice.cpp-L0263)  ProcessName:python3.12(46317)     Description:[Init]GEV INFO DeviceIP[192.168.1.20], NetIP[192.168.1.21], ManufacturerInfo[Hikrobot], DeviceVersion[V4.0.1 220113 751901], UserID[]
Info    2026-08-19 11:45:33:718  DevID:MV-CU060-10GC(DA1691703)  Source-Line:libMvCameraControl.so(MediaProcess.cpp-L0884)  ProcessName:python3.12(46317)     Description:[SetBayerCvtQuality]Set Bayer CvtQuality success! BayerCvtQuality[1]
Info    2026-08-19 11:45:33:718  DevID:MV-CU060-10GC(DA1691703)  Source-Line:libMvCameraControl.so(MediaProcess.cpp-L1732)  ProcessName:python3.12(46317)     Description:[SetBayerThreadNum]Set Bayer Thread Num success! BayerThreadNum[4]
Info    2026-08-19 11:45:33:718  DevID:MV-CU060-10GC(DA1691703)  Source-Line:libMvCameraControl.so(MediaProcess.cpp-L0884)  ProcessName:python3.12(46317)     Description:[SetBayerCvtQuality]Set Bayer CvtQuality success! BayerCvtQuality[1]
Info    2026-08-19 11:45:33:718  DevID:MV-CU060-10GC(DA1691703)  Source-Line:libMvCameraControl.so(MediaProcess.cpp-L1732)  ProcessName:python3.12(46317)     Description:[SetBayerThreadNum]Set Bayer Thread Num success! BayerThreadNum[4]
Info    2026-08-19 11:45:33:718  DevID:MV-CU060-10GC(DA1691703)  Source-Line:libMvCameraControl.so(GigEDevice.cpp-L0299)  ProcessName:python3.12(46317)     Description:[IsValidVersion]MvCameraControl Version[0x4070103], GigE SDKVersion[0x4070101], DriverVersion[0x0]
Info    2026-08-19 11:45:33:793  DevID:  Source-Line:libMvCameraControl.so(CacheXmlToFile.cpp-L0516)  ProcessName:python3.12(46317)     Description:[ReadCacheFile]ReadLocalFile XMLPath[SchemaVersion.1.0@Hikrobot#GEV#MV-CU060-10GC#V4.0.1 220113 751901@XMLVersion.1.0.0.zip]
Info    2026-08-19 11:45:33:793  DevID:MV-CU060-10GC(DA1691703)  Source-Line:libMvCameraControl.so(GigEDevice.cpp-L0464)  ProcessName:python3.12(46317)     Description:[GetXmlInfo]Get GenICamXML From local File, len [0x17ca0] Type[1]
Info    2026-08-19 11:45:33:977  DevID:MV-CU060-10GC(DA1691703)  Source-Line:libMvCameraControl.so(GigEDevice.cpp-L0805)  ProcessName:python3.12(46317)     Description:[OpenDevice]Load XML success
Info    2026-08-19 11:45:33:979  DevID:MV-CU060-10GC(DA1691703)  Source-Line:libMvCameraControl.so(GenICamImpl.cpp-L0752)  ProcessName:python3.12(46317)     Description:[InvalidateNodes]Invalidate Nodes success
Info    2026-08-19 11:45:33:979  DevID:MV-CU060-10GC(DA1691703)  Source-Line:libMvCameraControl.so(GigEDevice.cpp-L0818)  ProcessName:python3.12(46317)     Description:[OpenDevice]Invalidate Nodes success
Info    2026-08-19 11:45:33:981  DevID:MV-CU060-10GC(DA1691703)  Source-Line:libMvCameraControl.so(StreamGrab.cpp-L0234)  ProcessName:python3.12(46317)     Description:[Open]Stream channel[0] opened
Info    2026-08-19 11:45:33:982  DevID:MV-CU060-10GC(DA1691703)  Source-Line:libMvCameraControl.so(GigEDevice.cpp-L0849)  ProcessName:python3.12(46317)     Description:[OpenDevice]Open device success! PrivilegeMode[1], SwitchoverKey[0], DeviceUptime[12800],DeviceFirmwareVersion[V4.0.1 220113751901 21122802]
Info    2026-08-19 11:45:33:982  DevID:MV-CU060-10GC(DA1691703)  Source-Line:libMvCameraControl.so(GigEDevice.cpp-L0865)  ProcessName:python3.12(46317)     Description:[OpenDevice]OpenDevice, cost time 264.000000ms 
Info    2026-08-19 11:45:33:982  DevID:  Source-Line:libMvCameraControl.so(GenICamImpl.cpp-L2342)  ProcessName:python3.12(46317)     Description:[RecordThread]RecordThread Start, ThreadId[128300655568576]
Info    2026-08-19 11:45:33:987  DevID:MV-CU060-10GC(DA1691703)  Source-Line:libMvCameraControl.so(GenICamImpl.cpp-L2373)  ProcessName:python3.12(46317)     Description:[RecordThreadProc][Record] Get BlackLevel value [200]
Info    2026-08-19 11:45:33:990  DevID:MV-CU060-10GC(DA1691703)  Source-Line:libMvCameraControl.so(GenICamImpl.cpp-L2395)  ProcessName:python3.12(46317)     Description:[RecordThreadProc][Record] Get BalanceWhiteAuto Value [1] (0:off 1:contineu; 2:once):
Info    2026-08-19 11:45:33:994  DevID:MV-CU060-10GC(DA1691703)  Source-Line:libMvCameraControl.so(GenICamImpl.cpp-L2461)  ProcessName:python3.12(46317)     Description:[RecordThreadProc][Record] Get ExposureAuto value [0]
Info    2026-08-19 11:45:33:999  DevID:MV-CU060-10GC(DA1691703)  Source-Line:libMvCameraControl.so(GenICamImpl.cpp-L2483)  ProcessName:python3.12(46317)     Description:[RecordThreadProc][Record] Get ExposureTime value [5000.000000] 
Info    2026-08-19 11:45:34:001  DevID:MV-CU060-10GC(DA1691703)  Source-Line:libMvCameraControl.so(GenICamImpl.cpp-L2504)  ProcessName:python3.12(46317)     Description:[RecordThreadProc][Record] Get GainAuto value [0] (0:off 1:contineu; 2:once):
Info    2026-08-19 11:45:34:006  DevID:MV-CU060-10GC(DA1691703)  Source-Line:libMvCameraControl.so(GenICamImpl.cpp-L2525)  ProcessName:python3.12(46317)     Description:[RecordThreadProc][Record] Get Gain value [23.011900] 
Info    2026-08-19 11:45:34:014  DevID:MV-CU060-10GC(DA1691703)  Source-Line:libMvCameraControl.so(GenICamImpl.cpp-L2546)  ProcessName:python3.12(46317)     Description:[RecordThreadProc][Record] Get PixelFormat value [17301513] :
Info    2026-08-19 11:45:34:023  DevID:MV-CU060-10GC(DA1691703)  Source-Line:libMvCameraControl.so(GenICamImpl.cpp-L2567)  ProcessName:python3.12(46317)     Description:[RecordThreadProc][Record] Get GammaEnable value [0] 
Info    2026-08-19 11:45:34:030  DevID:MV-CU060-10GC(DA1691703)  Source-Line:libMvCameraControl.so(GenICamImpl.cpp-L2588)  ProcessName:python3.12(46317)     Description:[RecordThreadProc][Record] Get Gamma value [0.700000] 
Info    2026-08-19 11:45:34:031  DevID:MV-CU060-10GC(DA1691703)  Source-Line:libMvCameraControl.so(GenICamImpl.cpp-L2609)  ProcessName:python3.12(46317)     Description:[RecordThreadProc][Record] Get UserSetCurrent value [0]
Info    2026-08-19 11:45:34:033  DevID:MV-CU060-10GC(DA1691703)  Source-Line:libMvCameraControl.so(GenICamImpl.cpp-L2630)  ProcessName:python3.12(46317)     Description:[RecordThreadProc][Record] Get UserSetSelector value [0] 
Info    2026-08-19 11:45:34:034  DevID:MV-CU060-10GC(DA1691703)  Source-Line:libMvCameraControl.so(GenICamImpl.cpp-L2651)  ProcessName:python3.12(46317)     Description:[RecordThreadProc][Record] Get UserSetDefault value[0]
Info    2026-08-19 11:45:34:034  DevID:  Source-Line:libMvCameraControl.so(GenICamImpl.cpp-L2347)  ProcessName:python3.12(46317)     Description:[RecordThread]RecordThread End, ThreadId[128300655568576]
Info    2026-08-19 11:46:12:540  DevID:MV-CU060-10GC(DA1691703)  Source-Line:libMvCameraControl.so(GigEDevice.cpp-L1351)  ProcessName:python3.12(46317)     Description:[IsDeviceConnected]IsDeviceConnected success, Ret[true]
Error   2026-08-19 11:46:12:561  DevID:MV-CU060-10GC(DA1691703)  Source-Line:libMvCameraControl.so(GenICamImpl.cpp-L1111)  ProcessName:python3.12(46317)     Description:[XML_GetNodeAccessMode]PropertyName[PartialImageOutputMode], Ret[0x80000100]
Error   2026-08-19 11:46:12:565  DevID:MV-CU060-10GC(DA1691703)  Source-Line:libMvCameraControl.so(GenICamImpl.cpp-L1111)  ProcessName:python3.12(46317)     Description:[XML_GetNodeAccessMode]PropertyName[SeqExpEnable], Ret[0x80000100]
Error   2026-08-19 11:46:12:565  DevID:MV-CU060-10GC(DA1691703)  Source-Line:libMvCameraControl.so(XmlParse.cpp-L3037)  ProcessName:python3.12(46317)     Description:[GetBooleanValue]Get Node Value, Node does not exist, NodeName[SeqExpEnable]
Error   2026-08-19 11:46:12:565  DevID:MV-CU060-10GC(DA1691703)  Source-Line:libMvCameraControl.so(GenICamImpl.cpp-L0551)  ProcessName:python3.12(46317)     Description:[GetBoolValue]Property[SeqExpEnable], Ret[0x80000100]
Error   2026-08-19 11:46:12:565  DevID:MV-CU060-10GC(DA1691703)  Source-Line:libMvCameraControl.so(GenICamImpl.cpp-L1111)  ProcessName:python3.12(46317)     Description:[XML_GetNodeAccessMode]PropertyName[MultiLightControl], Ret[0x80000100]
Error   2026-08-19 11:46:12:565  DevID:MV-CU060-10GC(DA1691703)  Source-Line:libMvCameraControl.so(XmlParse.cpp-L2386)  ProcessName:python3.12(46317)     Description:[GetEnumValue]Get Node Value, Node does not exist, NodeName[MultiLightControl]
Error   2026-08-19 11:46:12:565  DevID:MV-CU060-10GC(DA1691703)  Source-Line:libMvCameraControl.so(GenICamImpl.cpp-L0364)  ProcessName:python3.12(46317)     Description:[GetEnumValue]Property[MultiLightControl], Ret[0x80000100]
Info    2026-08-19 11:46:12:565  DevID:MV-CU060-10GC(DA1691703)  Source-Line:libMvCameraControl.so(GigEStream.cpp-L0067)  ProcessName:python3.12(46317)     Description:[StartAcquisition][GEV]Width[3072], Height[2048], PixelFormat[0x1080009], PayloadSize[6291456], ChunkCount[100], CompressMode[0], DeviceUptime[12839]
Info    2026-08-19 11:46:12:574  DevID:MV-CU060-10GC(DA1691703)  Source-Line:libMvCameraControl.so(StreamGrab.cpp-L0869)  ProcessName:python3.12(46317)     Description:[StartGrabbing]StreamChannel[0], Start grabbing success, There is no registration callback.
Info    2026-08-19 11:46:13:028  DevID:MV-CU060-10GC(DA1691703)  Source-Line:libMvCameraControl.so(StreamGrab.cpp-L0934)  ProcessName:python3.12(46317)     Description:[StopGrabbing]Stop grabbing success! DeviceUptime[12839]
Info    2026-08-19 11:46:14:371  DevID:MV-CU060-10GC(DA1691703)  Source-Line:libMvCameraControl.so(GigEDevice.cpp-L1351)  ProcessName:python3.12(46317)     Description:[IsDeviceConnected]IsDeviceConnected success, Ret[true]
Error   2026-08-19 11:46:14:381  DevID:MV-CU060-10GC(DA1691703)  Source-Line:libMvCameraControl.so(GenICamImpl.cpp-L1111)  ProcessName:python3.12(46317)     Description:[XML_GetNodeAccessMode]PropertyName[PartialImageOutputMode], Ret[0x80000100]
Error   2026-08-19 11:46:14:383  DevID:MV-CU060-10GC(DA1691703)  Source-Line:libMvCameraControl.so(GenICamImpl.cpp-L1111)  ProcessName:python3.12(46317)     Description:[XML_GetNodeAccessMode]PropertyName[SeqExpEnable], Ret[0x80000100]
Error   2026-08-19 11:46:14:383  DevID:MV-CU060-10GC(DA1691703)  Source-Line:libMvCameraControl.so(XmlParse.cpp-L3037)  ProcessName:python3.12(46317)     Description:[GetBooleanValue]Get Node Value, Node does not exist, NodeName[SeqExpEnable]
Error   2026-08-19 11:46:14:383  DevID:MV-CU060-10GC(DA1691703)  Source-Line:libMvCameraControl.so(GenICamImpl.cpp-L0551)  ProcessName:python3.12(46317)     Description:[GetBoolValue]Property[SeqExpEnable], Ret[0x80000100]
Error   2026-08-19 11:46:14:383  DevID:MV-CU060-10GC(DA1691703)  Source-Line:libMvCameraControl.so(GenICamImpl.cpp-L1111)  ProcessName:python3.12(46317)     Description:[XML_GetNodeAccessMode]PropertyName[MultiLightControl], Ret[0x80000100]
Error   2026-08-19 11:46:14:383  DevID:MV-CU060-10GC(DA1691703)  Source-Line:libMvCameraControl.so(XmlParse.cpp-L2386)  ProcessName:python3.12(46317)     Description:[GetEnumValue]Get Node Value, Node does not exist, NodeName[MultiLightControl]
Error   2026-08-19 11:46:14:383  DevID:MV-CU060-10GC(DA1691703)  Source-Line:libMvCameraControl.so(GenICamImpl.cpp-L0364)  ProcessName:python3.12(46317)     Description:[GetEnumValue]Property[MultiLightControl], Ret[0x80000100]
Info    2026-08-19 11:46:14:383  DevID:MV-CU060-10GC(DA1691703)  Source-Line:libMvCameraControl.so(GigEStream.cpp-L0067)  ProcessName:python3.12(46317)     Description:[StartAcquisition][GEV]Width[3072], Height[2048], PixelFormat[0x1080009], PayloadSize[6291456], ChunkCount[100], CompressMode[0], DeviceUptime[12840]
Info    2026-08-19 11:46:14:388  DevID:MV-CU060-10GC(DA1691703)  Source-Line:libMvCameraControl.so(StreamGrab.cpp-L0869)  ProcessName:python3.12(46317)     Description:[StartGrabbing]StreamChannel[0], Start grabbing success, There is no registration callback.
Info    2026-08-19 11:46:14:838  DevID:MV-CU060-10GC(DA1691703)  Source-Line:libMvCameraControl.so(StreamGrab.cpp-L0934)  ProcessName:python3.12(46317)     Description:[StopGrabbing]Stop grabbing success! DeviceUptime[12841]
Info    2026-08-19 11:46:24:873  DevID:MV-CU060-10GC(DA1691703)  Source-Line:libMvCameraControl.so(GigEDevice.cpp-L1351)  ProcessName:python3.12(46317)     Description:[IsDeviceConnected]IsDeviceConnected success, Ret[true]
Error   2026-08-19 11:46:24:884  DevID:MV-CU060-10GC(DA1691703)  Source-Line:libMvCameraControl.so(GenICamImpl.cpp-L1111)  ProcessName:python3.12(46317)     Description:[XML_GetNodeAccessMode]PropertyName[PartialImageOutputMode], Ret[0x80000100]
Error   2026-08-19 11:46:24:886  DevID:MV-CU060-10GC(DA1691703)  Source-Line:libMvCameraControl.so(GenICamImpl.cpp-L1111)  ProcessName:python3.12(46317)     Description:[XML_GetNodeAccessMode]PropertyName[SeqExpEnable], Ret[0x80000100]
Error   2026-08-19 11:46:24:886  DevID:MV-CU060-10GC(DA1691703)  Source-Line:libMvCameraControl.so(XmlParse.cpp-L3037)  ProcessName:python3.12(46317)     Description:[GetBooleanValue]Get Node Value, Node does not exist, NodeName[SeqExpEnable]
Error   2026-08-19 11:46:24:886  DevID:MV-CU060-10GC(DA1691703)  Source-Line:libMvCameraControl.so(GenICamImpl.cpp-L0551)  ProcessName:python3.12(46317)     Description:[GetBoolValue]Property[SeqExpEnable], Ret[0x80000100]
Error   2026-08-19 11:46:24:886  DevID:MV-CU060-10GC(DA1691703)  Source-Line:libMvCameraControl.so(GenICamImpl.cpp-L1111)  ProcessName:python3.12(46317)     Description:[XML_GetNodeAccessMode]PropertyName[MultiLightControl], Ret[0x80000100]
Error   2026-08-19 11:46:24:886  DevID:MV-CU060-10GC(DA1691703)  Source-Line:libMvCameraControl.so(XmlParse.cpp-L2386)  ProcessName:python3.12(46317)     Description:[GetEnumValue]Get Node Value, Node does not exist, NodeName[MultiLightControl]
Error   2026-08-19 11:46:24:886  DevID:MV-CU060-10GC(DA1691703)  Source-Line:libMvCameraControl.so(GenICamImpl.cpp-L0364)  ProcessName:python3.12(46317)     Description:[GetEnumValue]Property[MultiLightControl], Ret[0x80000100]
Info    2026-08-19 11:46:24:886  DevID:MV-CU060-10GC(DA1691703)  Source-Line:libMvCameraControl.so(GigEStream.cpp-L0067)  ProcessName:python3.12(46317)     Description:[StartAcquisition][GEV]Width[3072], Height[2048], PixelFormat[0x1080009], PayloadSize[6291456], ChunkCount[100], CompressMode[0], DeviceUptime[12851]
Info    2026-08-19 11:46:24:892  DevID:MV-CU060-10GC(DA1691703)  Source-Line:libMvCameraControl.so(StreamGrab.cpp-L0869)  ProcessName:python3.12(46317)     Description:[StartGrabbing]StreamChannel[0], Start grabbing success, There is no registration callback.
Info    2026-08-19 11:46:25:332  DevID:MV-CU060-10GC(DA1691703)  Source-Line:libMvCameraControl.so(StreamGrab.cpp-L0934)  ProcessName:python3.12(46317)     Description:[StopGrabbing]Stop grabbing success! DeviceUptime[12851]
Info    2026-08-19 11:46:46:994  DevID:MV-CU060-10GC(DA1691703)  Source-Line:libMvCameraControl.so(GigEDevice.cpp-L1351)  ProcessName:python3.12(46317)     Description:[IsDeviceConnected]IsDeviceConnected success, Ret[true]
Error   2026-08-19 11:46:47:006  DevID:MV-CU060-10GC(DA1691703)  Source-Line:libMvCameraControl.so(GenICamImpl.cpp-L1111)  ProcessName:python3.12(46317)     Description:[XML_GetNodeAccessMode]PropertyName[PartialImageOutputMode], Ret[0x80000100]
Error   2026-08-19 11:46:47:008  DevID:MV-CU060-10GC(DA1691703)  Source-Line:libMvCameraControl.so(GenICamImpl.cpp-L1111)  ProcessName:python3.12(46317)     Description:[XML_GetNodeAccessMode]PropertyName[SeqExpEnable], Ret[0x80000100]
Error   2026-08-19 11:46:47:008  DevID:MV-CU060-10GC(DA1691703)  Source-Line:libMvCameraControl.so(XmlParse.cpp-L3037)  ProcessName:python3.12(46317)     Description:[GetBooleanValue]Get Node Value, Node does not exist, NodeName[SeqExpEnable]
Error   2026-08-19 11:46:47:008  DevID:MV-CU060-10GC(DA1691703)  Source-Line:libMvCameraControl.so(GenICamImpl.cpp-L0551)  ProcessName:python3.12(46317)     Description:[GetBoolValue]Property[SeqExpEnable], Ret[0x80000100]
Error   2026-08-19 11:46:47:008  DevID:MV-CU060-10GC(DA1691703)  Source-Line:libMvCameraControl.so(GenICamImpl.cpp-L1111)  ProcessName:python3.12(46317)     Description:[XML_GetNodeAccessMode]PropertyName[MultiLightControl], Ret[0x80000100]
Error   2026-08-19 11:46:47:008  DevID:MV-CU060-10GC(DA1691703)  Source-Line:libMvCameraControl.so(XmlParse.cpp-L2386)  ProcessName:python3.12(46317)     Description:[GetEnumValue]Get Node Value, Node does not exist, NodeName[MultiLightControl]
Error   2026-08-19 11:46:47:008  DevID:MV-CU060-10GC(DA1691703)  Source-Line:libMvCameraControl.so(GenICamImpl.cpp-L0364)  ProcessName:python3.12(46317)     Description:[GetEnumValue]Property[MultiLightControl], Ret[0x80000100]
Info    2026-08-19 11:46:47:008  DevID:MV-CU060-10GC(DA1691703)  Source-Line:libMvCameraControl.so(GigEStream.cpp-L0067)  ProcessName:python3.12(46317)     Description:[StartAcquisition][GEV]Width[3072], Height[2048], PixelFormat[0x1080009], PayloadSize[6291456], ChunkCount[100], CompressMode[0], DeviceUptime[12873]
Info    2026-08-19 11:46:47:014  DevID:MV-CU060-10GC(DA1691703)  Source-Line:libMvCameraControl.so(StreamGrab.cpp-L0869)  ProcessName:python3.12(46317)     Description:[StartGrabbing]StreamChannel[0], Start grabbing success, There is no registration callback.
Info    2026-08-19 11:46:47:452  DevID:MV-CU060-10GC(DA1691703)  Source-Line:libMvCameraControl.so(StreamGrab.cpp-L0934)  ProcessName:python3.12(46317)     Description:[StopGrabbing]Stop grabbing success! DeviceUptime[12873]
Info    2026-08-19 11:46:57:495  DevID:MV-CU060-10GC(DA1691703)  Source-Line:libMvCameraControl.so(GigEDevice.cpp-L1351)  ProcessName:python3.12(46317)     Description:[IsDeviceConnected]IsDeviceConnected success, Ret[true]
Error   2026-08-19 11:46:57:506  DevID:MV-CU060-10GC(DA1691703)  Source-Line:libMvCameraControl.so(GenICamImpl.cpp-L1111)  ProcessName:python3.12(46317)     Description:[XML_GetNodeAccessMode]PropertyName[PartialImageOutputMode], Ret[0x80000100]
Error   2026-08-19 11:46:57:508  DevID:MV-CU060-10GC(DA1691703)  Source-Line:libMvCameraControl.so(GenICamImpl.cpp-L1111)  ProcessName:python3.12(46317)     Description:[XML_GetNodeAccessMode]PropertyName[SeqExpEnable], Ret[0x80000100]
Error   2026-08-19 11:46:57:508  DevID:MV-CU060-10GC(DA1691703)  Source-Line:libMvCameraControl.so(XmlParse.cpp-L3037)  ProcessName:python3.12(46317)     Description:[GetBooleanValue]Get Node Value, Node does not exist, NodeName[SeqExpEnable]
Error   2026-08-19 11:46:57:508  DevID:MV-CU060-10GC(DA1691703)  Source-Line:libMvCameraControl.so(GenICamImpl.cpp-L0551)  ProcessName:python3.12(46317)     Description:[GetBoolValue]Property[SeqExpEnable], Ret[0x80000100]
Error   2026-08-19 11:46:57:508  DevID:MV-CU060-10GC(DA1691703)  Source-Line:libMvCameraControl.so(GenICamImpl.cpp-L1111)  ProcessName:python3.12(46317)     Description:[XML_GetNodeAccessMode]PropertyName[MultiLightControl], Ret[0x80000100]
Error   2026-08-19 11:46:57:508  DevID:MV-CU060-10GC(DA1691703)  Source-Line:libMvCameraControl.so(XmlParse.cpp-L2386)  ProcessName:python3.12(46317)     Description:[GetEnumValue]Get Node Value, Node does not exist, NodeName[MultiLightControl]
Error   2026-08-19 11:46:57:508  DevID:MV-CU060-10GC(DA1691703)  Source-Line:libMvCameraControl.so(GenICamImpl.cpp-L0364)  ProcessName:python3.12(46317)     Description:[GetEnumValue]Property[MultiLightControl], Ret[0x80000100]
Info    2026-08-19 11:46:57:508  DevID:MV-CU060-10GC(DA1691703)  Source-Line:libMvCameraControl.so(GigEStream.cpp-L0067)  ProcessName:python3.12(46317)     Description:[StartAcquisition][GEV]Width[3072], Height[2048], PixelFormat[0x1080009], PayloadSize[6291456], ChunkCount[100], CompressMode[0], DeviceUptime[12884]
Info    2026-08-19 11:46:57:513  DevID:MV-CU060-10GC(DA1691703)  Source-Line:libMvCameraControl.so(StreamGrab.cpp-L0869)  ProcessName:python3.12(46317)     Description:[StartGrabbing]StreamChannel[0], Start grabbing success, There is no registration callback.
Info    2026-08-19 11:46:58:035  DevID:MV-CU060-10GC(DA1691703)  Source-Line:libMvCameraControl.so(StreamGrab.cpp-L0934)  ProcessName:python3.12(46317)     Description:[StopGrabbing]Stop grabbing success! DeviceUptime[12884]
Info    2026-08-19 11:47:07:996  DevID:MV-CU060-10GC(DA1691703)  Source-Line:libMvCameraControl.so(GigEDevice.cpp-L1351)  ProcessName:python3.12(46317)     Description:[IsDeviceConnected]IsDeviceConnected success, Ret[true]
Error   2026-08-19 11:47:08:006  DevID:MV-CU060-10GC(DA1691703)  Source-Line:libMvCameraControl.so(GenICamImpl.cpp-L1111)  ProcessName:python3.12(46317)     Description:[XML_GetNodeAccessMode]PropertyName[PartialImageOutputMode], Ret[0x80000100]
Error   2026-08-19 11:47:08:008  DevID:MV-CU060-10GC(DA1691703)  Source-Line:libMvCameraControl.so(GenICamImpl.cpp-L1111)  ProcessName:python3.12(46317)     Description:[XML_GetNodeAccessMode]PropertyName[SeqExpEnable], Ret[0x80000100]
Error   2026-08-19 11:47:08:008  DevID:MV-CU060-10GC(DA1691703)  Source-Line:libMvCameraControl.so(XmlParse.cpp-L3037)  ProcessName:python3.12(46317)     Description:[GetBooleanValue]Get Node Value, Node does not exist, NodeName[SeqExpEnable]
Error   2026-08-19 11:47:08:008  DevID:MV-CU060-10GC(DA1691703)  Source-Line:libMvCameraControl.so(GenICamImpl.cpp-L0551)  ProcessName:python3.12(46317)     Description:[GetBoolValue]Property[SeqExpEnable], Ret[0x80000100]
Error   2026-08-19 11:47:08:008  DevID:MV-CU060-10GC(DA1691703)  Source-Line:libMvCameraControl.so(GenICamImpl.cpp-L1111)  ProcessName:python3.12(46317)     Description:[XML_GetNodeAccessMode]PropertyName[MultiLightControl], Ret[0x80000100]
Error   2026-08-19 11:47:08:008  DevID:MV-CU060-10GC(DA1691703)  Source-Line:libMvCameraControl.so(XmlParse.cpp-L2386)  ProcessName:python3.12(46317)     Description:[GetEnumValue]Get Node Value, Node does not exist, NodeName[MultiLightControl]
Error   2026-08-19 11:47:08:008  DevID:MV-CU060-10GC(DA1691703)  Source-Line:libMvCameraControl.so(GenICamImpl.cpp-L0364)  ProcessName:python3.12(46317)     Description:[GetEnumValue]Property[MultiLightControl], Ret[0x80000100]
Info    2026-08-19 11:47:08:008  DevID:MV-CU060-10GC(DA1691703)  Source-Line:libMvCameraControl.so(GigEStream.cpp-L0067)  ProcessName:python3.12(46317)     Description:[StartAcquisition][GEV]Width[3072], Height[2048], PixelFormat[0x1080009], PayloadSize[6291456], ChunkCount[100], CompressMode[0], DeviceUptime[12894]
Info    2026-08-19 11:47:08:013  DevID:MV-CU060-10GC(DA1691703)  Source-Line:libMvCameraControl.so(StreamGrab.cpp-L0869)  ProcessName:python3.12(46317)     Description:[StartGrabbing]StreamChannel[0], Start grabbing success, There is no registration callback.
Info    2026-08-19 11:47:08:483  DevID:MV-CU060-10GC(DA1691703)  Source-Line:libMvCameraControl.so(StreamGrab.cpp-L0934)  ProcessName:python3.12(46317)     Description:[StopGrabbing]Stop grabbing success! DeviceUptime[12895]
Info    2026-08-19 11:48:15:729  DevID:MV-CU060-10GC(DA1691703)  Source-Line:libMvCameraControl.so(GigEDevice.cpp-L1351)  ProcessName:python3.12(46317)     Description:[IsDeviceConnected]IsDeviceConnected success, Ret[true]
Error   2026-08-19 11:48:15:739  DevID:MV-CU060-10GC(DA1691703)  Source-Line:libMvCameraControl.so(GenICamImpl.cpp-L1111)  ProcessName:python3.12(46317)     Description:[XML_GetNodeAccessMode]PropertyName[PartialImageOutputMode], Ret[0x80000100]
Error   2026-08-19 11:48:15:741  DevID:MV-CU060-10GC(DA1691703)  Source-Line:libMvCameraControl.so(GenICamImpl.cpp-L1111)  ProcessName:python3.12(46317)     Description:[XML_GetNodeAccessMode]PropertyName[SeqExpEnable], Ret[0x80000100]
Error   2026-08-19 11:48:15:741  DevID:MV-CU060-10GC(DA1691703)  Source-Line:libMvCameraControl.so(XmlParse.cpp-L3037)  ProcessName:python3.12(46317)     Description:[GetBooleanValue]Get Node Value, Node does not exist, NodeName[SeqExpEnable]
Error   2026-08-19 11:48:15:741  DevID:MV-CU060-10GC(DA1691703)  Source-Line:libMvCameraControl.so(GenICamImpl.cpp-L0551)  ProcessName:python3.12(46317)     Description:[GetBoolValue]Property[SeqExpEnable], Ret[0x80000100]
Error   2026-08-19 11:48:15:741  DevID:MV-CU060-10GC(DA1691703)  Source-Line:libMvCameraControl.so(GenICamImpl.cpp-L1111)  ProcessName:python3.12(46317)     Description:[XML_GetNodeAccessMode]PropertyName[MultiLightControl], Ret[0x80000100]
Error   2026-08-19 11:48:15:741  DevID:MV-CU060-10GC(DA1691703)  Source-Line:libMvCameraControl.so(XmlParse.cpp-L2386)  ProcessName:python3.12(46317)     Description:[GetEnumValue]Get Node Value, Node does not exist, NodeName[MultiLightControl]
Error   2026-08-19 11:48:15:741  DevID:MV-CU060-10GC(DA1691703)  Source-Line:libMvCameraControl.so(GenICamImpl.cpp-L0364)  ProcessName:python3.12(46317)     Description:[GetEnumValue]Property[MultiLightControl], Ret[0x80000100]
Info    2026-08-19 11:48:15:741  DevID:MV-CU060-10GC(DA1691703)  Source-Line:libMvCameraControl.so(GigEStream.cpp-L0067)  ProcessName:python3.12(46317)     Description:[StartAcquisition][GEV]Width[3072], Height[2048], PixelFormat[0x1080009], PayloadSize[6291456], ChunkCount[100], CompressMode[0], DeviceUptime[12962]
Info    2026-08-19 11:48:15:747  DevID:MV-CU060-10GC(DA1691703)  Source-Line:libMvCameraControl.so(StreamGrab.cpp-L0869)  ProcessName:python3.12(46317)     Description:[StartGrabbing]StreamChannel[0], Start grabbing success, There is no registration callback.
Info    2026-08-19 11:48:16:222  DevID:MV-CU060-10GC(DA1691703)  Source-Line:libMvCameraControl.so(StreamGrab.cpp-L0934)  ProcessName:python3.12(46317)     Description:[StopGrabbing]Stop grabbing success! DeviceUptime[12962]
Info    2026-08-19 11:48:26:231  DevID:MV-CU060-10GC(DA1691703)  Source-Line:libMvCameraControl.so(GigEDevice.cpp-L1351)  ProcessName:python3.12(46317)     Description:[IsDeviceConnected]IsDeviceConnected success, Ret[true]
Error   2026-08-19 11:48:26:243  DevID:MV-CU060-10GC(DA1691703)  Source-Line:libMvCameraControl.so(GenICamImpl.cpp-L1111)  ProcessName:python3.12(46317)     Description:[XML_GetNodeAccessMode]PropertyName[PartialImageOutputMode], Ret[0x80000100]
Error   2026-08-19 11:48:26:245  DevID:MV-CU060-10GC(DA1691703)  Source-Line:libMvCameraControl.so(GenICamImpl.cpp-L1111)  ProcessName:python3.12(46317)     Description:[XML_GetNodeAccessMode]PropertyName[SeqExpEnable], Ret[0x80000100]
Error   2026-08-19 11:48:26:245  DevID:MV-CU060-10GC(DA1691703)  Source-Line:libMvCameraControl.so(XmlParse.cpp-L3037)  ProcessName:python3.12(46317)     Description:[GetBooleanValue]Get Node Value, Node does not exist, NodeName[SeqExpEnable]
Error   2026-08-19 11:48:26:245  DevID:MV-CU060-10GC(DA1691703)  Source-Line:libMvCameraControl.so(GenICamImpl.cpp-L0551)  ProcessName:python3.12(46317)     Description:[GetBoolValue]Property[SeqExpEnable], Ret[0x80000100]
Error   2026-08-19 11:48:26:245  DevID:MV-CU060-10GC(DA1691703)  Source-Line:libMvCameraControl.so(GenICamImpl.cpp-L1111)  ProcessName:python3.12(46317)     Description:[XML_GetNodeAccessMode]PropertyName[MultiLightControl], Ret[0x80000100]
Error   2026-08-19 11:48:26:245  DevID:MV-CU060-10GC(DA1691703)  Source-Line:libMvCameraControl.so(XmlParse.cpp-L2386)  ProcessName:python3.12(46317)     Description:[GetEnumValue]Get Node Value, Node does not exist, NodeName[MultiLightControl]
Error   2026-08-19 11:48:26:245  DevID:MV-CU060-10GC(DA1691703)  Source-Line:libMvCameraControl.so(GenICamImpl.cpp-L0364)  ProcessName:python3.12(46317)     Description:[GetEnumValue]Property[MultiLightControl], Ret[0x80000100]
Info    2026-08-19 11:48:26:245  DevID:MV-CU060-10GC(DA1691703)  Source-Line:libMvCameraControl.so(GigEStream.cpp-L0067)  ProcessName:python3.12(46317)     Description:[StartAcquisition][GEV]Width[3072], Height[2048], PixelFormat[0x1080009], PayloadSize[6291456], ChunkCount[100], CompressMode[0], DeviceUptime[12972]
Info    2026-08-19 11:48:26:251  DevID:MV-CU060-10GC(DA1691703)  Source-Line:libMvCameraControl.so(StreamGrab.cpp-L0869)  ProcessName:python3.12(46317)     Description:[StartGrabbing]StreamChannel[0], Start grabbing success, There is no registration callback.
Info    2026-08-19 11:48:26:744  DevID:MV-CU060-10GC(DA1691703)  Source-Line:libMvCameraControl.so(StreamGrab.cpp-L0934)  ProcessName:python3.12(46317)     Description:[StopGrabbing]Stop grabbing success! DeviceUptime[12973]
Info    2026-08-19 11:48:36:732  DevID:MV-CU060-10GC(DA1691703)  Source-Line:libMvCameraControl.so(GigEDevice.cpp-L1351)  ProcessName:python3.12(46317)     Description:[IsDeviceConnected]IsDeviceConnected success, Ret[true]
Error   2026-08-19 11:48:36:741  DevID:MV-CU060-10GC(DA1691703)  Source-Line:libMvCameraControl.so(GenICamImpl.cpp-L1111)  ProcessName:python3.12(46317)     Description:[XML_GetNodeAccessMode]PropertyName[PartialImageOutputMode], Ret[0x80000100]
Error   2026-08-19 11:48:36:743  DevID:MV-CU060-10GC(DA1691703)  Source-Line:libMvCameraControl.so(GenICamImpl.cpp-L1111)  ProcessName:python3.12(46317)     Description:[XML_GetNodeAccessMode]PropertyName[SeqExpEnable], Ret[0x80000100]
Error   2026-08-19 11:48:36:743  DevID:MV-CU060-10GC(DA1691703)  Source-Line:libMvCameraControl.so(XmlParse.cpp-L3037)  ProcessName:python3.12(46317)     Description:[GetBooleanValue]Get Node Value, Node does not exist, NodeName[SeqExpEnable]
Error   2026-08-19 11:48:36:743  DevID:MV-CU060-10GC(DA1691703)  Source-Line:libMvCameraControl.so(GenICamImpl.cpp-L0551)  ProcessName:python3.12(46317)     Description:[GetBoolValue]Property[SeqExpEnable], Ret[0x80000100]
Error   2026-08-19 11:48:36:743  DevID:MV-CU060-10GC(DA1691703)  Source-Line:libMvCameraControl.so(GenICamImpl.cpp-L1111)  ProcessName:python3.12(46317)     Description:[XML_GetNodeAccessMode]PropertyName[MultiLightControl], Ret[0x80000100]
Error   2026-08-19 11:48:36:743  DevID:MV-CU060-10GC(DA1691703)  Source-Line:libMvCameraControl.so(XmlParse.cpp-L2386)  ProcessName:python3.12(46317)     Description:[GetEnumValue]Get Node Value, Node does not exist, NodeName[MultiLightControl]
Error   2026-08-19 11:48:36:743  DevID:MV-CU060-10GC(DA1691703)  Source-Line:libMvCameraControl.so(GenICamImpl.cpp-L0364)  ProcessName:python3.12(46317)     Description:[GetEnumValue]Property[MultiLightControl], Ret[0x80000100]
Info    2026-08-19 11:48:36:743  DevID:MV-CU060-10GC(DA1691703)  Source-Line:libMvCameraControl.so(GigEStream.cpp-L0067)  ProcessName:python3.12(46317)     Description:[StartAcquisition][GEV]Width[3072], Height[2048], PixelFormat[0x1080009], PayloadSize[6291456], ChunkCount[100], CompressMode[0], DeviceUptime[12983]
Info    2026-08-19 11:48:36:749  DevID:MV-CU060-10GC(DA1691703)  Source-Line:libMvCameraControl.so(StreamGrab.cpp-L0869)  ProcessName:python3.12(46317)     Description:[StartGrabbing]StreamChannel[0], Start grabbing success, There is no registration callback.
Info    2026-08-19 11:48:37:259  DevID:MV-CU060-10GC(DA1691703)  Source-Line:libMvCameraControl.so(StreamGrab.cpp-L0934)  ProcessName:python3.12(46317)     Description:[StopGrabbing]Stop grabbing success! DeviceUptime[12983]
Info    2026-08-19 11:50:04:530  DevID:MV-CU060-10GC(DA1691703)  Source-Line:libMvCameraControl.so(GigEDevice.cpp-L0648)  ProcessName:python3.12(46317)     Description:[CloseGigEDevice] Close device begin!
Error   2026-08-19 11:50:04:530  DevID:MV-CU060-10GC(DA1691703)  Source-Line:libMvCameraControl.so(StreamGrab.cpp-L0882)  ProcessName:python3.12(46317)     Description:[StopGrabbing]StreamChannel[0], bGrabbing[0], pDevStream[0x2706d470]
Info    2026-08-19 11:50:04:530  DevID:MV-CU060-10GC(DA1691703)  Source-Line:libMvCameraControl.so(StreamGrab.cpp-L0270)  ProcessName:python3.12(46317)     Description:[Close]Stream channel[0] closed
Info    2026-08-19 11:50:04:531  DevID:MV-CU060-10GC(DA1691703)  Source-Line:libMvCameraControl.so(GigEDevice.cpp-L0665)  ProcessName:python3.12(46317)     Description:[CloseGigEDevice]DeviceUptime[13071]
Info    2026-08-19 11:50:04:639  DevID:MV-CU060-10GC(DA1691703)  Source-Line:libMvCameraControl.so(GigEDevice.cpp-L0687)  ProcessName:python3.12(46317)     Description:[CloseGigEDevice]Close device success!
Info    2026-08-19 11:50:04:639  DevID:MV-CU060-10GC(DA1691703)  Source-Line:libMvCameraControl.so(GigEDeviceEvent.cpp-L0046)  ProcessName:python3.12(46317)     Description:[Deinit]GigEDeviceEvent Deinit  RecvAllEvent  [0],
Warning 2026-08-19 12:01:48:640  DevID:  Source-Line:libMvCameraControl.so(GenTLLoadLibraryEx.cpp-L0350)  ProcessName:python3.12(50054)     Description:[LoadCtiLibInter]MV_GCSetConfigIntValue is NULL, CTI path[/opt/MVS/lib/64/libMvProducerVIR.so]
Info    2026-08-19 12:01:48:641  DevID:  Source-Line:libMvCameraControl.so(GigELoadLibrary.cpp-L1607)  ProcessName:python3.12(50054)     Description:[LoadGigEAllFunctions]Load MVGigEVisionSDK success
Warning 2026-08-19 12:01:48:661  DevID:Virtual GigE Vision  Source-Line:libMvCameraControl.so(GenTLManager.cpp-L1360)  ProcessName:python3.12(50054)     Description:[OpenInterfaceInter]Get cti version failed, nRet[0x8000000c]
Info    2026-08-19 12:01:48:661  DevID:Virtual GigE Vision  Source-Line:libMvCameraControl.so(GenTLManager.cpp-L1362)  ProcessName:python3.12(50054)     Description:[OpenInterfaceInter]Interface open success! VIRGEVCtiVersion[], VIRGEVDrvVersion[]
Warning 2026-08-19 12:01:48:661  DevID:Virtual USB3 Vision  Source-Line:libMvCameraControl.so(GenTLManager.cpp-L1360)  ProcessName:python3.12(50054)     Description:[OpenInterfaceInter]Get cti version failed, nRet[0x8000000c]
Info    2026-08-19 12:01:48:661  DevID:Virtual USB3 Vision  Source-Line:libMvCameraControl.so(GenTLManager.cpp-L1362)  ProcessName:python3.12(50054)     Description:[OpenInterfaceInter]Interface open success! VIRU3VCtiVersion[], VIRU3VDrvVersion[]
Info    2026-08-19 12:01:48:763  DevID:MV-CU060-10GC(DA1691703)  Source-Line:libMvCameraControl.so(GigEDevice.cpp-L0263)  ProcessName:python3.12(50054)     Description:[Init]GEV INFO DeviceIP[192.168.1.20], NetIP[192.168.1.21], ManufacturerInfo[Hikrobot], DeviceVersion[V4.0.1 220113 751901], UserID[]
Info    2026-08-19 12:01:48:763  DevID:MV-CU060-10GC(DA1691703)  Source-Line:libMvCameraControl.so(MediaProcess.cpp-L0884)  ProcessName:python3.12(50054)     Description:[SetBayerCvtQuality]Set Bayer CvtQuality success! BayerCvtQuality[1]
Info    2026-08-19 12:01:48:763  DevID:MV-CU060-10GC(DA1691703)  Source-Line:libMvCameraControl.so(MediaProcess.cpp-L1732)  ProcessName:python3.12(50054)     Description:[SetBayerThreadNum]Set Bayer Thread Num success! BayerThreadNum[4]
Info    2026-08-19 12:01:48:763  DevID:MV-CU060-10GC(DA1691703)  Source-Line:libMvCameraControl.so(MediaProcess.cpp-L0884)  ProcessName:python3.12(50054)     Description:[SetBayerCvtQuality]Set Bayer CvtQuality success! BayerCvtQuality[1]
Info    2026-08-19 12:01:48:763  DevID:MV-CU060-10GC(DA1691703)  Source-Line:libMvCameraControl.so(MediaProcess.cpp-L1732)  ProcessName:python3.12(50054)     Description:[SetBayerThreadNum]Set Bayer Thread Num success! BayerThreadNum[4]
Info    2026-08-19 12:01:48:763  DevID:MV-CU060-10GC(DA1691703)  Source-Line:libMvCameraControl.so(GigEDevice.cpp-L0299)  ProcessName:python3.12(50054)     Description:[IsValidVersion]MvCameraControl Version[0x4070103], GigE SDKVersion[0x4070101], DriverVersion[0x0]
Info    2026-08-19 12:01:48:797  DevID:  Source-Line:libMvCameraControl.so(CacheXmlToFile.cpp-L0516)  ProcessName:python3.12(50054)     Description:[ReadCacheFile]ReadLocalFile XMLPath[SchemaVersion.1.0@Hikrobot#GEV#MV-CU060-10GC#V4.0.1 220113 751901@XMLVersion.1.0.0.zip]
Info    2026-08-19 12:01:48:797  DevID:MV-CU060-10GC(DA1691703)  Source-Line:libMvCameraControl.so(GigEDevice.cpp-L0464)  ProcessName:python3.12(50054)     Description:[GetXmlInfo]Get GenICamXML From local File, len [0x17ca0] Type[1]
Info    2026-08-19 12:01:49:017  DevID:MV-CU060-10GC(DA1691703)  Source-Line:libMvCameraControl.so(GigEDevice.cpp-L0805)  ProcessName:python3.12(50054)     Description:[OpenDevice]Load XML success
Info    2026-08-19 12:01:49:021  DevID:MV-CU060-10GC(DA1691703)  Source-Line:libMvCameraControl.so(GenICamImpl.cpp-L0752)  ProcessName:python3.12(50054)     Description:[InvalidateNodes]Invalidate Nodes success
Info    2026-08-19 12:01:49:021  DevID:MV-CU060-10GC(DA1691703)  Source-Line:libMvCameraControl.so(GigEDevice.cpp-L0818)  ProcessName:python3.12(50054)     Description:[OpenDevice]Invalidate Nodes success
Info    2026-08-19 12:01:49:022  DevID:MV-CU060-10GC(DA1691703)  Source-Line:libMvCameraControl.so(StreamGrab.cpp-L0234)  ProcessName:python3.12(50054)     Description:[Open]Stream channel[0] opened
Info    2026-08-19 12:01:49:024  DevID:MV-CU060-10GC(DA1691703)  Source-Line:libMvCameraControl.so(GigEDevice.cpp-L0849)  ProcessName:python3.12(50054)     Description:[OpenDevice]Open device success! PrivilegeMode[1], SwitchoverKey[0], DeviceUptime[13775],DeviceFirmwareVersion[V4.0.1 220113751901 21122802]
Info    2026-08-19 12:01:49:024  DevID:MV-CU060-10GC(DA1691703)  Source-Line:libMvCameraControl.so(GigEDevice.cpp-L0865)  ProcessName:python3.12(50054)     Description:[OpenDevice]OpenDevice, cost time 261.000000ms 
Info    2026-08-19 12:01:49:024  DevID:  Source-Line:libMvCameraControl.so(GenICamImpl.cpp-L2342)  ProcessName:python3.12(50054)     Description:[RecordThread]RecordThread Start, ThreadId[138961288685248]
Info    2026-08-19 12:01:49:030  DevID:MV-CU060-10GC(DA1691703)  Source-Line:libMvCameraControl.so(GenICamImpl.cpp-L2373)  ProcessName:python3.12(50054)     Description:[RecordThreadProc][Record] Get BlackLevel value [200]
Info    2026-08-19 12:01:49:034  DevID:MV-CU060-10GC(DA1691703)  Source-Line:libMvCameraControl.so(GenICamImpl.cpp-L2395)  ProcessName:python3.12(50054)     Description:[RecordThreadProc][Record] Get BalanceWhiteAuto Value [1] (0:off 1:contineu; 2:once):
Info    2026-08-19 12:01:49:039  DevID:MV-CU060-10GC(DA1691703)  Source-Line:libMvCameraControl.so(GenICamImpl.cpp-L2461)  ProcessName:python3.12(50054)     Description:[RecordThreadProc][Record] Get ExposureAuto value [0]
Info    2026-08-19 12:01:49:043  DevID:MV-CU060-10GC(DA1691703)  Source-Line:libMvCameraControl.so(GenICamImpl.cpp-L2483)  ProcessName:python3.12(50054)     Description:[RecordThreadProc][Record] Get ExposureTime value [5000.000000] 
Info    2026-08-19 12:01:49:046  DevID:MV-CU060-10GC(DA1691703)  Source-Line:libMvCameraControl.so(GenICamImpl.cpp-L2504)  ProcessName:python3.12(50054)     Description:[RecordThreadProc][Record] Get GainAuto value [0] (0:off 1:contineu; 2:once):
Info    2026-08-19 12:01:49:051  DevID:MV-CU060-10GC(DA1691703)  Source-Line:libMvCameraControl.so(GenICamImpl.cpp-L2525)  ProcessName:python3.12(50054)     Description:[RecordThreadProc][Record] Get Gain value [23.011900] 
Info    2026-08-19 12:01:49:060  DevID:MV-CU060-10GC(DA1691703)  Source-Line:libMvCameraControl.so(GenICamImpl.cpp-L2546)  ProcessName:python3.12(50054)     Description:[RecordThreadProc][Record] Get PixelFormat value [17301513] :
Info    2026-08-19 12:01:49:070  DevID:MV-CU060-10GC(DA1691703)  Source-Line:libMvCameraControl.so(GenICamImpl.cpp-L2567)  ProcessName:python3.12(50054)     Description:[RecordThreadProc][Record] Get GammaEnable value [0] 
Info    2026-08-19 12:01:49:073  DevID:MV-CU060-10GC(DA1691703)  Source-Line:libMvCameraControl.so(GenICamImpl.cpp-L2588)  ProcessName:python3.12(50054)     Description:[RecordThreadProc][Record] Get Gamma value [0.700000] 
Info    2026-08-19 12:01:49:080  DevID:MV-CU060-10GC(DA1691703)  Source-Line:libMvCameraControl.so(GenICamImpl.cpp-L2609)  ProcessName:python3.12(50054)     Description:[RecordThreadProc][Record] Get UserSetCurrent value [0]
Info    2026-08-19 12:01:49:082  DevID:MV-CU060-10GC(DA1691703)  Source-Line:libMvCameraControl.so(GenICamImpl.cpp-L2630)  ProcessName:python3.12(50054)     Description:[RecordThreadProc][Record] Get UserSetSelector value [0] 
Info    2026-08-19 12:01:49:083  DevID:MV-CU060-10GC(DA1691703)  Source-Line:libMvCameraControl.so(GenICamImpl.cpp-L2651)  ProcessName:python3.12(50054)     Description:[RecordThreadProc][Record] Get UserSetDefault value[0]
Info    2026-08-19 12:01:49:083  DevID:  Source-Line:libMvCameraControl.so(GenICamImpl.cpp-L2347)  ProcessName:python3.12(50054)     Description:[RecordThread]RecordThread End, ThreadId[138961288685248]
Info    2026-08-19 12:01:49:734  DevID:MV-CU060-10GC(DA1691703)  Source-Line:libMvCameraControl.so(GigEDevice.cpp-L0648)  ProcessName:python3.12(50054)     Description:[CloseGigEDevice] Close device begin!
Error   2026-08-19 12:01:49:734  DevID:MV-CU060-10GC(DA1691703)  Source-Line:libMvCameraControl.so(StreamGrab.cpp-L0882)  ProcessName:python3.12(50054)     Description:[StopGrabbing]StreamChannel[0], bGrabbing[0], pDevStream[0x3691abe0]
Info    2026-08-19 12:01:49:734  DevID:MV-CU060-10GC(DA1691703)  Source-Line:libMvCameraControl.so(StreamGrab.cpp-L0270)  ProcessName:python3.12(50054)     Description:[Close]Stream channel[0] closed
Info    2026-08-19 12:01:49:736  DevID:MV-CU060-10GC(DA1691703)  Source-Line:libMvCameraControl.so(GigEDevice.cpp-L0665)  ProcessName:python3.12(50054)     Description:[CloseGigEDevice]DeviceUptime[13776]
Info    2026-08-19 12:01:49:840  DevID:MV-CU060-10GC(DA1691703)  Source-Line:libMvCameraControl.so(GigEDevice.cpp-L0687)  ProcessName:python3.12(50054)     Description:[CloseGigEDevice]Close device success!
Info    2026-08-19 12:01:49:840  DevID:MV-CU060-10GC(DA1691703)  Source-Line:libMvCameraControl.so(GigEDeviceEvent.cpp-L0046)  ProcessName:python3.12(50054)     Description:[Deinit]GigEDeviceEvent Deinit  RecvAllEvent  [0],
Warning 2026-08-19 12:02:09:711  DevID:  Source-Line:libMvCameraControl.so(GenTLLoadLibraryEx.cpp-L0350)  ProcessName:python3.12(50306)     Description:[LoadCtiLibInter]MV_GCSetConfigIntValue is NULL, CTI path[/opt/MVS/lib/64/libMvProducerVIR.so]
Info    2026-08-19 12:02:09:712  DevID:  Source-Line:libMvCameraControl.so(GigELoadLibrary.cpp-L1607)  ProcessName:python3.12(50306)     Description:[LoadGigEAllFunctions]Load MVGigEVisionSDK success
Warning 2026-08-19 12:02:09:723  DevID:Virtual GigE Vision  Source-Line:libMvCameraControl.so(GenTLManager.cpp-L1360)  ProcessName:python3.12(50306)     Description:[OpenInterfaceInter]Get cti version failed, nRet[0x8000000c]
Info    2026-08-19 12:02:09:723  DevID:Virtual GigE Vision  Source-Line:libMvCameraControl.so(GenTLManager.cpp-L1362)  ProcessName:python3.12(50306)     Description:[OpenInterfaceInter]Interface open success! VIRGEVCtiVersion[], VIRGEVDrvVersion[]
Warning 2026-08-19 12:02:09:724  DevID:Virtual USB3 Vision  Source-Line:libMvCameraControl.so(GenTLManager.cpp-L1360)  ProcessName:python3.12(50306)     Description:[OpenInterfaceInter]Get cti version failed, nRet[0x8000000c]
Info    2026-08-19 12:02:09:724  DevID:Virtual USB3 Vision  Source-Line:libMvCameraControl.so(GenTLManager.cpp-L1362)  ProcessName:python3.12(50306)     Description:[OpenInterfaceInter]Interface open success! VIRU3VCtiVersion[], VIRU3VDrvVersion[]
Info    2026-08-19 12:02:09:830  DevID:MV-CU060-10GC(DA1691703)  Source-Line:libMvCameraControl.so(GigEDevice.cpp-L0263)  ProcessName:python3.12(50306)     Description:[Init]GEV INFO DeviceIP[192.168.1.20], NetIP[192.168.1.21], ManufacturerInfo[Hikrobot], DeviceVersion[V4.0.1 220113 751901], UserID[]
Info    2026-08-19 12:02:09:830  DevID:MV-CU060-10GC(DA1691703)  Source-Line:libMvCameraControl.so(MediaProcess.cpp-L0884)  ProcessName:python3.12(50306)     Description:[SetBayerCvtQuality]Set Bayer CvtQuality success! BayerCvtQuality[1]
Info    2026-08-19 12:02:09:830  DevID:MV-CU060-10GC(DA1691703)  Source-Line:libMvCameraControl.so(MediaProcess.cpp-L1732)  ProcessName:python3.12(50306)     Description:[SetBayerThreadNum]Set Bayer Thread Num success! BayerThreadNum[4]
Info    2026-08-19 12:02:09:830  DevID:MV-CU060-10GC(DA1691703)  Source-Line:libMvCameraControl.so(MediaProcess.cpp-L0884)  ProcessName:python3.12(50306)     Description:[SetBayerCvtQuality]Set Bayer CvtQuality success! BayerCvtQuality[1]
Info    2026-08-19 12:02:09:830  DevID:MV-CU060-10GC(DA1691703)  Source-Line:libMvCameraControl.so(MediaProcess.cpp-L1732)  ProcessName:python3.12(50306)     Description:[SetBayerThreadNum]Set Bayer Thread Num success! BayerThreadNum[4]
Info    2026-08-19 12:02:09:830  DevID:MV-CU060-10GC(DA1691703)  Source-Line:libMvCameraControl.so(GigEDevice.cpp-L0299)  ProcessName:python3.12(50306)     Description:[IsValidVersion]MvCameraControl Version[0x4070103], GigE SDKVersion[0x4070101], DriverVersion[0x0]
Info    2026-08-19 12:02:09:860  DevID:  Source-Line:libMvCameraControl.so(CacheXmlToFile.cpp-L0516)  ProcessName:python3.12(50306)     Description:[ReadCacheFile]ReadLocalFile XMLPath[SchemaVersion.1.0@Hikrobot#GEV#MV-CU060-10GC#V4.0.1 220113 751901@XMLVersion.1.0.0.zip]
Info    2026-08-19 12:02:09:860  DevID:MV-CU060-10GC(DA1691703)  Source-Line:libMvCameraControl.so(GigEDevice.cpp-L0464)  ProcessName:python3.12(50306)     Description:[GetXmlInfo]Get GenICamXML From local File, len [0x17ca0] Type[1]
Info    2026-08-19 12:02:10:016  DevID:MV-CU060-10GC(DA1691703)  Source-Line:libMvCameraControl.so(GigEDevice.cpp-L0805)  ProcessName:python3.12(50306)     Description:[OpenDevice]Load XML success
Info    2026-08-19 12:02:10:018  DevID:MV-CU060-10GC(DA1691703)  Source-Line:libMvCameraControl.so(GenICamImpl.cpp-L0752)  ProcessName:python3.12(50306)     Description:[InvalidateNodes]Invalidate Nodes success
Info    2026-08-19 12:02:10:018  DevID:MV-CU060-10GC(DA1691703)  Source-Line:libMvCameraControl.so(GigEDevice.cpp-L0818)  ProcessName:python3.12(50306)     Description:[OpenDevice]Invalidate Nodes success
Info    2026-08-19 12:02:10:020  DevID:MV-CU060-10GC(DA1691703)  Source-Line:libMvCameraControl.so(StreamGrab.cpp-L0234)  ProcessName:python3.12(50306)     Description:[Open]Stream channel[0] opened
Info    2026-08-19 12:02:10:022  DevID:MV-CU060-10GC(DA1691703)  Source-Line:libMvCameraControl.so(GigEDevice.cpp-L0849)  ProcessName:python3.12(50306)     Description:[OpenDevice]Open device success! PrivilegeMode[1], SwitchoverKey[0], DeviceUptime[13796],DeviceFirmwareVersion[V4.0.1 220113751901 21122802]
Info    2026-08-19 12:02:10:022  DevID:MV-CU060-10GC(DA1691703)  Source-Line:libMvCameraControl.so(GigEDevice.cpp-L0865)  ProcessName:python3.12(50306)     Description:[OpenDevice]OpenDevice, cost time 192.000000ms 
Info    2026-08-19 12:02:10:022  DevID:  Source-Line:libMvCameraControl.so(GenICamImpl.cpp-L2342)  ProcessName:python3.12(50306)     Description:[RecordThread]RecordThread Start, ThreadId[136923737749184]
Info    2026-08-19 12:02:10:026  DevID:MV-CU060-10GC(DA1691703)  Source-Line:libMvCameraControl.so(GenICamImpl.cpp-L2373)  ProcessName:python3.12(50306)     Description:[RecordThreadProc][Record] Get BlackLevel value [200]
Info    2026-08-19 12:02:10:030  DevID:MV-CU060-10GC(DA1691703)  Source-Line:libMvCameraControl.so(GenICamImpl.cpp-L2395)  ProcessName:python3.12(50306)     Description:[RecordThreadProc][Record] Get BalanceWhiteAuto Value [1] (0:off 1:contineu; 2:once):
Info    2026-08-19 12:02:10:033  DevID:MV-CU060-10GC(DA1691703)  Source-Line:libMvCameraControl.so(GenICamImpl.cpp-L2461)  ProcessName:python3.12(50306)     Description:[RecordThreadProc][Record] Get ExposureAuto value [0]
Info    2026-08-19 12:02:10:038  DevID:MV-CU060-10GC(DA1691703)  Source-Line:libMvCameraControl.so(GenICamImpl.cpp-L2483)  ProcessName:python3.12(50306)     Description:[RecordThreadProc][Record] Get ExposureTime value [5000.000000] 
Info    2026-08-19 12:02:10:041  DevID:MV-CU060-10GC(DA1691703)  Source-Line:libMvCameraControl.so(GenICamImpl.cpp-L2504)  ProcessName:python3.12(50306)     Description:[RecordThreadProc][Record] Get GainAuto value [0] (0:off 1:contineu; 2:once):
Info    2026-08-19 12:02:10:047  DevID:MV-CU060-10GC(DA1691703)  Source-Line:libMvCameraControl.so(GenICamImpl.cpp-L2525)  ProcessName:python3.12(50306)     Description:[RecordThreadProc][Record] Get Gain value [23.011900] 
Info    2026-08-19 12:02:10:061  DevID:MV-CU060-10GC(DA1691703)  Source-Line:libMvCameraControl.so(GenICamImpl.cpp-L2546)  ProcessName:python3.12(50306)     Description:[RecordThreadProc][Record] Get PixelFormat value [17301513] :
Info    2026-08-19 12:02:10:070  DevID:MV-CU060-10GC(DA1691703)  Source-Line:libMvCameraControl.so(GenICamImpl.cpp-L2567)  ProcessName:python3.12(50306)     Description:[RecordThreadProc][Record] Get GammaEnable value [0] 
Info    2026-08-19 12:02:10:072  DevID:MV-CU060-10GC(DA1691703)  Source-Line:libMvCameraControl.so(GenICamImpl.cpp-L2588)  ProcessName:python3.12(50306)     Description:[RecordThreadProc][Record] Get Gamma value [0.700000] 
Info    2026-08-19 12:02:10:073  DevID:MV-CU060-10GC(DA1691703)  Source-Line:libMvCameraControl.so(GenICamImpl.cpp-L2609)  ProcessName:python3.12(50306)     Description:[RecordThreadProc][Record] Get UserSetCurrent value [0]
Info    2026-08-19 12:02:10:075  DevID:MV-CU060-10GC(DA1691703)  Source-Line:libMvCameraControl.so(GenICamImpl.cpp-L2630)  ProcessName:python3.12(50306)     Description:[RecordThreadProc][Record] Get UserSetSelector value [0] 
Info    2026-08-19 12:02:10:076  DevID:MV-CU060-10GC(DA1691703)  Source-Line:libMvCameraControl.so(GenICamImpl.cpp-L2651)  ProcessName:python3.12(50306)     Description:[RecordThreadProc][Record] Get UserSetDefault value[0]
Info    2026-08-19 12:02:10:076  DevID:  Source-Line:libMvCameraControl.so(GenICamImpl.cpp-L2347)  ProcessName:python3.12(50306)     Description:[RecordThread]RecordThread End, ThreadId[136923737749184]
Info    2026-08-19 12:02:27:630  DevID:MV-CU060-10GC(DA1691703)  Source-Line:libMvCameraControl.so(GigEDevice.cpp-L1351)  ProcessName:python3.12(50306)     Description:[IsDeviceConnected]IsDeviceConnected success, Ret[true]
Error   2026-08-19 12:02:27:652  DevID:MV-CU060-10GC(DA1691703)  Source-Line:libMvCameraControl.so(GenICamImpl.cpp-L1111)  ProcessName:python3.12(50306)     Description:[XML_GetNodeAccessMode]PropertyName[PartialImageOutputMode], Ret[0x80000100]
Error   2026-08-19 12:02:27:655  DevID:MV-CU060-10GC(DA1691703)  Source-Line:libMvCameraControl.so(GenICamImpl.cpp-L1111)  ProcessName:python3.12(50306)     Description:[XML_GetNodeAccessMode]PropertyName[SeqExpEnable], Ret[0x80000100]
Error   2026-08-19 12:02:27:656  DevID:MV-CU060-10GC(DA1691703)  Source-Line:libMvCameraControl.so(XmlParse.cpp-L3037)  ProcessName:python3.12(50306)     Description:[GetBooleanValue]Get Node Value, Node does not exist, NodeName[SeqExpEnable]
Error   2026-08-19 12:02:27:656  DevID:MV-CU060-10GC(DA1691703)  Source-Line:libMvCameraControl.so(GenICamImpl.cpp-L0551)  ProcessName:python3.12(50306)     Description:[GetBoolValue]Property[SeqExpEnable], Ret[0x80000100]
Error   2026-08-19 12:02:27:656  DevID:MV-CU060-10GC(DA1691703)  Source-Line:libMvCameraControl.so(GenICamImpl.cpp-L1111)  ProcessName:python3.12(50306)     Description:[XML_GetNodeAccessMode]PropertyName[MultiLightControl], Ret[0x80000100]
Error   2026-08-19 12:02:27:656  DevID:MV-CU060-10GC(DA1691703)  Source-Line:libMvCameraControl.so(XmlParse.cpp-L2386)  ProcessName:python3.12(50306)     Description:[GetEnumValue]Get Node Value, Node does not exist, NodeName[MultiLightControl]
Error   2026-08-19 12:02:27:656  DevID:MV-CU060-10GC(DA1691703)  Source-Line:libMvCameraControl.so(GenICamImpl.cpp-L0364)  ProcessName:python3.12(50306)     Description:[GetEnumValue]Property[MultiLightControl], Ret[0x80000100]
Info    2026-08-19 12:02:27:656  DevID:MV-CU060-10GC(DA1691703)  Source-Line:libMvCameraControl.so(GigEStream.cpp-L0067)  ProcessName:python3.12(50306)     Description:[StartAcquisition][GEV]Width[3072], Height[2048], PixelFormat[0x1080009], PayloadSize[6291456], ChunkCount[100], CompressMode[0], DeviceUptime[13814]
Info    2026-08-19 12:02:27:665  DevID:MV-CU060-10GC(DA1691703)  Source-Line:libMvCameraControl.so(StreamGrab.cpp-L0869)  ProcessName:python3.12(50306)     Description:[StartGrabbing]StreamChannel[0], Start grabbing success, There is no registration callback.
Info    2026-08-19 12:02:28:179  DevID:MV-CU060-10GC(DA1691703)  Source-Line:libMvCameraControl.so(StreamGrab.cpp-L0934)  ProcessName:python3.12(50306)     Description:[StopGrabbing]Stop grabbing success! DeviceUptime[13814]
Info    2026-08-19 12:02:56:573  DevID:MV-CU060-10GC(DA1691703)  Source-Line:libMvCameraControl.so(GigEDevice.cpp-L1351)  ProcessName:python3.12(50306)     Description:[IsDeviceConnected]IsDeviceConnected success, Ret[true]
Error   2026-08-19 12:02:56:583  DevID:MV-CU060-10GC(DA1691703)  Source-Line:libMvCameraControl.so(GenICamImpl.cpp-L1111)  ProcessName:python3.12(50306)     Description:[XML_GetNodeAccessMode]PropertyName[PartialImageOutputMode], Ret[0x80000100]
Error   2026-08-19 12:02:56:585  DevID:MV-CU060-10GC(DA1691703)  Source-Line:libMvCameraControl.so(GenICamImpl.cpp-L1111)  ProcessName:python3.12(50306)     Description:[XML_GetNodeAccessMode]PropertyName[SeqExpEnable], Ret[0x80000100]
Error   2026-08-19 12:02:56:585  DevID:MV-CU060-10GC(DA1691703)  Source-Line:libMvCameraControl.so(XmlParse.cpp-L3037)  ProcessName:python3.12(50306)     Description:[GetBooleanValue]Get Node Value, Node does not exist, NodeName[SeqExpEnable]
Error   2026-08-19 12:02:56:585  DevID:MV-CU060-10GC(DA1691703)  Source-Line:libMvCameraControl.so(GenICamImpl.cpp-L0551)  ProcessName:python3.12(50306)     Description:[GetBoolValue]Property[SeqExpEnable], Ret[0x80000100]
Error   2026-08-19 12:02:56:585  DevID:MV-CU060-10GC(DA1691703)  Source-Line:libMvCameraControl.so(GenICamImpl.cpp-L1111)  ProcessName:python3.12(50306)     Description:[XML_GetNodeAccessMode]PropertyName[MultiLightControl], Ret[0x80000100]
Error   2026-08-19 12:02:56:585  DevID:MV-CU060-10GC(DA1691703)  Source-Line:libMvCameraControl.so(XmlParse.cpp-L2386)  ProcessName:python3.12(50306)     Description:[GetEnumValue]Get Node Value, Node does not exist, NodeName[MultiLightControl]
Error   2026-08-19 12:02:56:585  DevID:MV-CU060-10GC(DA1691703)  Source-Line:libMvCameraControl.so(GenICamImpl.cpp-L0364)  ProcessName:python3.12(50306)     Description:[GetEnumValue]Property[MultiLightControl], Ret[0x80000100]
Info    2026-08-19 12:02:56:585  DevID:MV-CU060-10GC(DA1691703)  Source-Line:libMvCameraControl.so(GigEStream.cpp-L0067)  ProcessName:python3.12(50306)     Description:[StartAcquisition][GEV]Width[3072], Height[2048], PixelFormat[0x1080009], PayloadSize[6291456], ChunkCount[100], CompressMode[0], DeviceUptime[13843]
Info    2026-08-19 12:02:56:590  DevID:MV-CU060-10GC(DA1691703)  Source-Line:libMvCameraControl.so(StreamGrab.cpp-L0869)  ProcessName:python3.12(50306)     Description:[StartGrabbing]StreamChannel[0], Start grabbing success, There is no registration callback.
Info    2026-08-19 12:02:57:171  DevID:MV-CU060-10GC(DA1691703)  Source-Line:libMvCameraControl.so(StreamGrab.cpp-L0934)  ProcessName:python3.12(50306)     Description:[StopGrabbing]Stop grabbing success! DeviceUptime[13843]
Info    2026-08-19 12:09:07:395  DevID:MV-CU060-10GC(DA1691703)  Source-Line:libMvCameraControl.so(GigEDevice.cpp-L0648)  ProcessName:python3.12(50306)     Description:[CloseGigEDevice] Close device begin!
Error   2026-08-19 12:09:07:395  DevID:MV-CU060-10GC(DA1691703)  Source-Line:libMvCameraControl.so(StreamGrab.cpp-L0882)  ProcessName:python3.12(50306)     Description:[StopGrabbing]StreamChannel[0], bGrabbing[0], pDevStream[0x1fc8a480]
Info    2026-08-19 12:09:07:395  DevID:MV-CU060-10GC(DA1691703)  Source-Line:libMvCameraControl.so(StreamGrab.cpp-L0270)  ProcessName:python3.12(50306)     Description:[Close]Stream channel[0] closed
Info    2026-08-19 12:09:07:396  DevID:MV-CU060-10GC(DA1691703)  Source-Line:libMvCameraControl.so(GigEDevice.cpp-L0665)  ProcessName:python3.12(50306)     Description:[CloseGigEDevice]DeviceUptime[14213]
Info    2026-08-19 12:09:07:504  DevID:MV-CU060-10GC(DA1691703)  Source-Line:libMvCameraControl.so(GigEDevice.cpp-L0687)  ProcessName:python3.12(50306)     Description:[CloseGigEDevice]Close device success!
Info    2026-08-19 12:09:07:504  DevID:MV-CU060-10GC(DA1691703)  Source-Line:libMvCameraControl.so(GigEDeviceEvent.cpp-L0046)  ProcessName:python3.12(50306)     Description:[Deinit]GigEDeviceEvent Deinit  RecvAllEvent  [0],
Warning 2026-08-19 12:09:16:356  DevID:  Source-Line:libMvCameraControl.so(GenTLLoadLibraryEx.cpp-L0350)  ProcessName:python3.12(53724)     Description:[LoadCtiLibInter]MV_GCSetConfigIntValue is NULL, CTI path[/opt/MVS/lib/64/libMvProducerVIR.so]
Info    2026-08-19 12:09:16:356  DevID:  Source-Line:libMvCameraControl.so(GigELoadLibrary.cpp-L1607)  ProcessName:python3.12(53724)     Description:[LoadGigEAllFunctions]Load MVGigEVisionSDK success
Warning 2026-08-19 12:09:16:376  DevID:Virtual GigE Vision  Source-Line:libMvCameraControl.so(GenTLManager.cpp-L1360)  ProcessName:python3.12(53724)     Description:[OpenInterfaceInter]Get cti version failed, nRet[0x8000000c]
Info    2026-08-19 12:09:16:376  DevID:Virtual GigE Vision  Source-Line:libMvCameraControl.so(GenTLManager.cpp-L1362)  ProcessName:python3.12(53724)     Description:[OpenInterfaceInter]Interface open success! VIRGEVCtiVersion[], VIRGEVDrvVersion[]
Warning 2026-08-19 12:09:16:376  DevID:Virtual USB3 Vision  Source-Line:libMvCameraControl.so(GenTLManager.cpp-L1360)  ProcessName:python3.12(53724)     Description:[OpenInterfaceInter]Get cti version failed, nRet[0x8000000c]
Info    2026-08-19 12:09:16:376  DevID:Virtual USB3 Vision  Source-Line:libMvCameraControl.so(GenTLManager.cpp-L1362)  ProcessName:python3.12(53724)     Description:[OpenInterfaceInter]Interface open success! VIRU3VCtiVersion[], VIRU3VDrvVersion[]
Info    2026-08-19 12:09:16:494  DevID:MV-CU060-10GC(DA1691703)  Source-Line:libMvCameraControl.so(GigEDevice.cpp-L0263)  ProcessName:python3.12(53724)     Description:[Init]GEV INFO DeviceIP[192.168.1.20], NetIP[192.168.1.21], ManufacturerInfo[Hikrobot], DeviceVersion[V4.0.1 220113 751901], UserID[]
Info    2026-08-19 12:09:16:494  DevID:MV-CU060-10GC(DA1691703)  Source-Line:libMvCameraControl.so(MediaProcess.cpp-L0884)  ProcessName:python3.12(53724)     Description:[SetBayerCvtQuality]Set Bayer CvtQuality success! BayerCvtQuality[1]
Info    2026-08-19 12:09:16:494  DevID:MV-CU060-10GC(DA1691703)  Source-Line:libMvCameraControl.so(MediaProcess.cpp-L1732)  ProcessName:python3.12(53724)     Description:[SetBayerThreadNum]Set Bayer Thread Num success! BayerThreadNum[4]
Info    2026-08-19 12:09:16:494  DevID:MV-CU060-10GC(DA1691703)  Source-Line:libMvCameraControl.so(MediaProcess.cpp-L0884)  ProcessName:python3.12(53724)     Description:[SetBayerCvtQuality]Set Bayer CvtQuality success! BayerCvtQuality[1]
Info    2026-08-19 12:09:16:494  DevID:MV-CU060-10GC(DA1691703)  Source-Line:libMvCameraControl.so(MediaProcess.cpp-L1732)  ProcessName:python3.12(53724)     Description:[SetBayerThreadNum]Set Bayer Thread Num success! BayerThreadNum[4]
Info    2026-08-19 12:09:16:494  DevID:MV-CU060-10GC(DA1691703)  Source-Line:libMvCameraControl.so(GigEDevice.cpp-L0299)  ProcessName:python3.12(53724)     Description:[IsValidVersion]MvCameraControl Version[0x4070103], GigE SDKVersion[0x4070101], DriverVersion[0x0]
Info    2026-08-19 12:09:16:565  DevID:  Source-Line:libMvCameraControl.so(CacheXmlToFile.cpp-L0516)  ProcessName:python3.12(53724)     Description:[ReadCacheFile]ReadLocalFile XMLPath[SchemaVersion.1.0@Hikrobot#GEV#MV-CU060-10GC#V4.0.1 220113 751901@XMLVersion.1.0.0.zip]
Info    2026-08-19 12:09:16:565  DevID:MV-CU060-10GC(DA1691703)  Source-Line:libMvCameraControl.so(GigEDevice.cpp-L0464)  ProcessName:python3.12(53724)     Description:[GetXmlInfo]Get GenICamXML From local File, len [0x17ca0] Type[1]
Info    2026-08-19 12:09:16:753  DevID:MV-CU060-10GC(DA1691703)  Source-Line:libMvCameraControl.so(GigEDevice.cpp-L0805)  ProcessName:python3.12(53724)     Description:[OpenDevice]Load XML success
Info    2026-08-19 12:09:16:755  DevID:MV-CU060-10GC(DA1691703)  Source-Line:libMvCameraControl.so(GenICamImpl.cpp-L0752)  ProcessName:python3.12(53724)     Description:[InvalidateNodes]Invalidate Nodes success
Info    2026-08-19 12:09:16:755  DevID:MV-CU060-10GC(DA1691703)  Source-Line:libMvCameraControl.so(GigEDevice.cpp-L0818)  ProcessName:python3.12(53724)     Description:[OpenDevice]Invalidate Nodes success
Info    2026-08-19 12:09:16:757  DevID:MV-CU060-10GC(DA1691703)  Source-Line:libMvCameraControl.so(StreamGrab.cpp-L0234)  ProcessName:python3.12(53724)     Description:[Open]Stream channel[0] opened
Info    2026-08-19 12:09:16:759  DevID:MV-CU060-10GC(DA1691703)  Source-Line:libMvCameraControl.so(GigEDevice.cpp-L0849)  ProcessName:python3.12(53724)     Description:[OpenDevice]Open device success! PrivilegeMode[1], SwitchoverKey[0], DeviceUptime[14223],DeviceFirmwareVersion[V4.0.1 220113751901 21122802]
Info    2026-08-19 12:09:16:759  DevID:MV-CU060-10GC(DA1691703)  Source-Line:libMvCameraControl.so(GigEDevice.cpp-L0865)  ProcessName:python3.12(53724)     Description:[OpenDevice]OpenDevice, cost time 265.000000ms 
Info    2026-08-19 12:09:16:759  DevID:  Source-Line:libMvCameraControl.so(GenICamImpl.cpp-L2342)  ProcessName:python3.12(53724)     Description:[RecordThread]RecordThread Start, ThreadId[132264369321664]
Info    2026-08-19 12:09:16:763  DevID:MV-CU060-10GC(DA1691703)  Source-Line:libMvCameraControl.so(GenICamImpl.cpp-L2373)  ProcessName:python3.12(53724)     Description:[RecordThreadProc][Record] Get BlackLevel value [200]
Info    2026-08-19 12:09:16:768  DevID:MV-CU060-10GC(DA1691703)  Source-Line:libMvCameraControl.so(GenICamImpl.cpp-L2395)  ProcessName:python3.12(53724)     Description:[RecordThreadProc][Record] Get BalanceWhiteAuto Value [1] (0:off 1:contineu; 2:once):
Info    2026-08-19 12:09:16:772  DevID:MV-CU060-10GC(DA1691703)  Source-Line:libMvCameraControl.so(GenICamImpl.cpp-L2461)  ProcessName:python3.12(53724)     Description:[RecordThreadProc][Record] Get ExposureAuto value [0]
Info    2026-08-19 12:09:16:777  DevID:MV-CU060-10GC(DA1691703)  Source-Line:libMvCameraControl.so(GenICamImpl.cpp-L2483)  ProcessName:python3.12(53724)     Description:[RecordThreadProc][Record] Get ExposureTime value [5000.000000] 
Info    2026-08-19 12:09:16:781  DevID:MV-CU060-10GC(DA1691703)  Source-Line:libMvCameraControl.so(GenICamImpl.cpp-L2504)  ProcessName:python3.12(53724)     Description:[RecordThreadProc][Record] Get GainAuto value [0] (0:off 1:contineu; 2:once):
Info    2026-08-19 12:09:16:786  DevID:MV-CU060-10GC(DA1691703)  Source-Line:libMvCameraControl.so(GenICamImpl.cpp-L2525)  ProcessName:python3.12(53724)     Description:[RecordThreadProc][Record] Get Gain value [23.011900] 
Info    2026-08-19 12:09:16:793  DevID:MV-CU060-10GC(DA1691703)  Source-Line:libMvCameraControl.so(GenICamImpl.cpp-L2546)  ProcessName:python3.12(53724)     Description:[RecordThreadProc][Record] Get PixelFormat value [17301513] :
Info    2026-08-19 12:09:16:803  DevID:MV-CU060-10GC(DA1691703)  Source-Line:libMvCameraControl.so(GenICamImpl.cpp-L2567)  ProcessName:python3.12(53724)     Description:[RecordThreadProc][Record] Get GammaEnable value [0] 
Info    2026-08-19 12:09:16:806  DevID:MV-CU060-10GC(DA1691703)  Source-Line:libMvCameraControl.so(GenICamImpl.cpp-L2588)  ProcessName:python3.12(53724)     Description:[RecordThreadProc][Record] Get Gamma value [0.700000] 
Info    2026-08-19 12:09:16:812  DevID:MV-CU060-10GC(DA1691703)  Source-Line:libMvCameraControl.so(GenICamImpl.cpp-L2609)  ProcessName:python3.12(53724)     Description:[RecordThreadProc][Record] Get UserSetCurrent value [0]
Info    2026-08-19 12:09:16:814  DevID:MV-CU060-10GC(DA1691703)  Source-Line:libMvCameraControl.so(GenICamImpl.cpp-L2630)  ProcessName:python3.12(53724)     Description:[RecordThreadProc][Record] Get UserSetSelector value [0] 
Info    2026-08-19 12:09:16:815  DevID:MV-CU060-10GC(DA1691703)  Source-Line:libMvCameraControl.so(GenICamImpl.cpp-L2651)  ProcessName:python3.12(53724)     Description:[RecordThreadProc][Record] Get UserSetDefault value[0]
Info    2026-08-19 12:09:16:815  DevID:  Source-Line:libMvCameraControl.so(GenICamImpl.cpp-L2347)  ProcessName:python3.12(53724)     Description:[RecordThread]RecordThread End, ThreadId[132264369321664]
Info    2026-08-19 12:09:31:092  DevID:MV-CU060-10GC(DA1691703)  Source-Line:libMvCameraControl.so(GigEDevice.cpp-L1351)  ProcessName:python3.12(53724)     Description:[IsDeviceConnected]IsDeviceConnected success, Ret[true]
Error   2026-08-19 12:09:31:114  DevID:MV-CU060-10GC(DA1691703)  Source-Line:libMvCameraControl.so(GenICamImpl.cpp-L1111)  ProcessName:python3.12(53724)     Description:[XML_GetNodeAccessMode]PropertyName[PartialImageOutputMode], Ret[0x80000100]
Error   2026-08-19 12:09:31:118  DevID:MV-CU060-10GC(DA1691703)  Source-Line:libMvCameraControl.so(GenICamImpl.cpp-L1111)  ProcessName:python3.12(53724)     Description:[XML_GetNodeAccessMode]PropertyName[SeqExpEnable], Ret[0x80000100]
Error   2026-08-19 12:09:31:118  DevID:MV-CU060-10GC(DA1691703)  Source-Line:libMvCameraControl.so(XmlParse.cpp-L3037)  ProcessName:python3.12(53724)     Description:[GetBooleanValue]Get Node Value, Node does not exist, NodeName[SeqExpEnable]
Error   2026-08-19 12:09:31:118  DevID:MV-CU060-10GC(DA1691703)  Source-Line:libMvCameraControl.so(GenICamImpl.cpp-L0551)  ProcessName:python3.12(53724)     Description:[GetBoolValue]Property[SeqExpEnable], Ret[0x80000100]
Error   2026-08-19 12:09:31:118  DevID:MV-CU060-10GC(DA1691703)  Source-Line:libMvCameraControl.so(GenICamImpl.cpp-L1111)  ProcessName:python3.12(53724)     Description:[XML_GetNodeAccessMode]PropertyName[MultiLightControl], Ret[0x80000100]
Error   2026-08-19 12:09:31:118  DevID:MV-CU060-10GC(DA1691703)  Source-Line:libMvCameraControl.so(XmlParse.cpp-L2386)  ProcessName:python3.12(53724)     Description:[GetEnumValue]Get Node Value, Node does not exist, NodeName[MultiLightControl]
Error   2026-08-19 12:09:31:118  DevID:MV-CU060-10GC(DA1691703)  Source-Line:libMvCameraControl.so(GenICamImpl.cpp-L0364)  ProcessName:python3.12(53724)     Description:[GetEnumValue]Property[MultiLightControl], Ret[0x80000100]
Info    2026-08-19 12:09:31:118  DevID:MV-CU060-10GC(DA1691703)  Source-Line:libMvCameraControl.so(GigEStream.cpp-L0067)  ProcessName:python3.12(53724)     Description:[StartAcquisition][GEV]Width[3072], Height[2048], PixelFormat[0x1080009], PayloadSize[6291456], ChunkCount[100], CompressMode[0], DeviceUptime[14237]
Info    2026-08-19 12:09:31:128  DevID:MV-CU060-10GC(DA1691703)  Source-Line:libMvCameraControl.so(StreamGrab.cpp-L0869)  ProcessName:python3.12(53724)     Description:[StartGrabbing]StreamChannel[0], Start grabbing success, There is no registration callback.
Info    2026-08-19 12:09:31:703  DevID:MV-CU060-10GC(DA1691703)  Source-Line:libMvCameraControl.so(StreamGrab.cpp-L0934)  ProcessName:python3.12(53724)     Description:[StopGrabbing]Stop grabbing success! DeviceUptime[14238]
Info    2026-08-19 12:09:45:526  DevID:MV-CU060-10GC(DA1691703)  Source-Line:libMvCameraControl.so(GigEDevice.cpp-L1351)  ProcessName:python3.12(53724)     Description:[IsDeviceConnected]IsDeviceConnected success, Ret[true]
Error   2026-08-19 12:09:45:535  DevID:MV-CU060-10GC(DA1691703)  Source-Line:libMvCameraControl.so(GenICamImpl.cpp-L1111)  ProcessName:python3.12(53724)     Description:[XML_GetNodeAccessMode]PropertyName[PartialImageOutputMode], Ret[0x80000100]
Error   2026-08-19 12:09:45:537  DevID:MV-CU060-10GC(DA1691703)  Source-Line:libMvCameraControl.so(GenICamImpl.cpp-L1111)  ProcessName:python3.12(53724)     Description:[XML_GetNodeAccessMode]PropertyName[SeqExpEnable], Ret[0x80000100]
Error   2026-08-19 12:09:45:537  DevID:MV-CU060-10GC(DA1691703)  Source-Line:libMvCameraControl.so(XmlParse.cpp-L3037)  ProcessName:python3.12(53724)     Description:[GetBooleanValue]Get Node Value, Node does not exist, NodeName[SeqExpEnable]
Error   2026-08-19 12:09:45:537  DevID:MV-CU060-10GC(DA1691703)  Source-Line:libMvCameraControl.so(GenICamImpl.cpp-L0551)  ProcessName:python3.12(53724)     Description:[GetBoolValue]Property[SeqExpEnable], Ret[0x80000100]
Error   2026-08-19 12:09:45:537  DevID:MV-CU060-10GC(DA1691703)  Source-Line:libMvCameraControl.so(GenICamImpl.cpp-L1111)  ProcessName:python3.12(53724)     Description:[XML_GetNodeAccessMode]PropertyName[MultiLightControl], Ret[0x80000100]
Error   2026-08-19 12:09:45:537  DevID:MV-CU060-10GC(DA1691703)  Source-Line:libMvCameraControl.so(XmlParse.cpp-L2386)  ProcessName:python3.12(53724)     Description:[GetEnumValue]Get Node Value, Node does not exist, NodeName[MultiLightControl]
Error   2026-08-19 12:09:45:537  DevID:MV-CU060-10GC(DA1691703)  Source-Line:libMvCameraControl.so(GenICamImpl.cpp-L0364)  ProcessName:python3.12(53724)     Description:[GetEnumValue]Property[MultiLightControl], Ret[0x80000100]
Info    2026-08-19 12:09:45:537  DevID:MV-CU060-10GC(DA1691703)  Source-Line:libMvCameraControl.so(GigEStream.cpp-L0067)  ProcessName:python3.12(53724)     Description:[StartAcquisition][GEV]Width[3072], Height[2048], PixelFormat[0x1080009], PayloadSize[6291456], ChunkCount[100], CompressMode[0], DeviceUptime[14252]
Info    2026-08-19 12:09:45:542  DevID:MV-CU060-10GC(DA1691703)  Source-Line:libMvCameraControl.so(StreamGrab.cpp-L0869)  ProcessName:python3.12(53724)     Description:[StartGrabbing]StreamChannel[0], Start grabbing success, There is no registration callback.
Info    2026-08-19 12:09:46:133  DevID:MV-CU060-10GC(DA1691703)  Source-Line:libMvCameraControl.so(StreamGrab.cpp-L0934)  ProcessName:python3.12(53724)     Description:[StopGrabbing]Stop grabbing success! DeviceUptime[14252]
Info    2026-08-19 13:12:41:277  DevID:MV-CU060-10GC(DA1691703)  Source-Line:libMvCameraControl.so(GigEDevice.cpp-L1351)  ProcessName:python3.12(53724)     Description:[IsDeviceConnected]IsDeviceConnected success, Ret[true]
Error   2026-08-19 13:12:41:287  DevID:MV-CU060-10GC(DA1691703)  Source-Line:libMvCameraControl.so(GenICamImpl.cpp-L1111)  ProcessName:python3.12(53724)     Description:[XML_GetNodeAccessMode]PropertyName[PartialImageOutputMode], Ret[0x80000100]
Error   2026-08-19 13:12:41:289  DevID:MV-CU060-10GC(DA1691703)  Source-Line:libMvCameraControl.so(GenICamImpl.cpp-L1111)  ProcessName:python3.12(53724)     Description:[XML_GetNodeAccessMode]PropertyName[SeqExpEnable], Ret[0x80000100]
Error   2026-08-19 13:12:41:289  DevID:MV-CU060-10GC(DA1691703)  Source-Line:libMvCameraControl.so(XmlParse.cpp-L3037)  ProcessName:python3.12(53724)     Description:[GetBooleanValue]Get Node Value, Node does not exist, NodeName[SeqExpEnable]
Error   2026-08-19 13:12:41:289  DevID:MV-CU060-10GC(DA1691703)  Source-Line:libMvCameraControl.so(GenICamImpl.cpp-L0551)  ProcessName:python3.12(53724)     Description:[GetBoolValue]Property[SeqExpEnable], Ret[0x80000100]
Error   2026-08-19 13:12:41:289  DevID:MV-CU060-10GC(DA1691703)  Source-Line:libMvCameraControl.so(GenICamImpl.cpp-L1111)  ProcessName:python3.12(53724)     Description:[XML_GetNodeAccessMode]PropertyName[MultiLightControl], Ret[0x80000100]
Error   2026-08-19 13:12:41:289  DevID:MV-CU060-10GC(DA1691703)  Source-Line:libMvCameraControl.so(XmlParse.cpp-L2386)  ProcessName:python3.12(53724)     Description:[GetEnumValue]Get Node Value, Node does not exist, NodeName[MultiLightControl]
Error   2026-08-19 13:12:41:290  DevID:MV-CU060-10GC(DA1691703)  Source-Line:libMvCameraControl.so(GenICamImpl.cpp-L0364)  ProcessName:python3.12(53724)     Description:[GetEnumValue]Property[MultiLightControl], Ret[0x80000100]
Info    2026-08-19 13:12:41:290  DevID:MV-CU060-10GC(DA1691703)  Source-Line:libMvCameraControl.so(GigEStream.cpp-L0067)  ProcessName:python3.12(53724)     Description:[StartAcquisition][GEV]Width[3072], Height[2048], PixelFormat[0x1080009], PayloadSize[6291456], ChunkCount[100], CompressMode[0], DeviceUptime[18027]
Info    2026-08-19 13:12:41:295  DevID:MV-CU060-10GC(DA1691703)  Source-Line:libMvCameraControl.so(StreamGrab.cpp-L0869)  ProcessName:python3.12(53724)     Description:[StartGrabbing]StreamChannel[0], Start grabbing success, There is no registration callback.
Info    2026-08-19 13:12:41:784  DevID:MV-CU060-10GC(DA1691703)  Source-Line:libMvCameraControl.so(StreamGrab.cpp-L0934)  ProcessName:python3.12(53724)     Description:[StopGrabbing]Stop grabbing success! DeviceUptime[18028]
Info    2026-08-19 13:12:42:569  DevID:MV-CU060-10GC(DA1691703)  Source-Line:libMvCameraControl.so(GigEDevice.cpp-L1351)  ProcessName:python3.12(53724)     Description:[IsDeviceConnected]IsDeviceConnected success, Ret[true]
Error   2026-08-19 13:12:42:579  DevID:MV-CU060-10GC(DA1691703)  Source-Line:libMvCameraControl.so(GenICamImpl.cpp-L1111)  ProcessName:python3.12(53724)     Description:[XML_GetNodeAccessMode]PropertyName[PartialImageOutputMode], Ret[0x80000100]
Error   2026-08-19 13:12:42:581  DevID:MV-CU060-10GC(DA1691703)  Source-Line:libMvCameraControl.so(GenICamImpl.cpp-L1111)  ProcessName:python3.12(53724)     Description:[XML_GetNodeAccessMode]PropertyName[SeqExpEnable], Ret[0x80000100]
Error   2026-08-19 13:12:42:581  DevID:MV-CU060-10GC(DA1691703)  Source-Line:libMvCameraControl.so(XmlParse.cpp-L3037)  ProcessName:python3.12(53724)     Description:[GetBooleanValue]Get Node Value, Node does not exist, NodeName[SeqExpEnable]
Error   2026-08-19 13:12:42:581  DevID:MV-CU060-10GC(DA1691703)  Source-Line:libMvCameraControl.so(GenICamImpl.cpp-L0551)  ProcessName:python3.12(53724)     Description:[GetBoolValue]Property[SeqExpEnable], Ret[0x80000100]
Error   2026-08-19 13:12:42:581  DevID:MV-CU060-10GC(DA1691703)  Source-Line:libMvCameraControl.so(GenICamImpl.cpp-L1111)  ProcessName:python3.12(53724)     Description:[XML_GetNodeAccessMode]PropertyName[MultiLightControl], Ret[0x80000100]
Error   2026-08-19 13:12:42:581  DevID:MV-CU060-10GC(DA1691703)  Source-Line:libMvCameraControl.so(XmlParse.cpp-L2386)  ProcessName:python3.12(53724)     Description:[GetEnumValue]Get Node Value, Node does not exist, NodeName[MultiLightControl]
Error   2026-08-19 13:12:42:581  DevID:MV-CU060-10GC(DA1691703)  Source-Line:libMvCameraControl.so(GenICamImpl.cpp-L0364)  ProcessName:python3.12(53724)     Description:[GetEnumValue]Property[MultiLightControl], Ret[0x80000100]
Info    2026-08-19 13:12:42:581  DevID:MV-CU060-10GC(DA1691703)  Source-Line:libMvCameraControl.so(GigEStream.cpp-L0067)  ProcessName:python3.12(53724)     Description:[StartAcquisition][GEV]Width[3072], Height[2048], PixelFormat[0x1080009], PayloadSize[6291456], ChunkCount[100], CompressMode[0], DeviceUptime[18029]
Info    2026-08-19 13:12:42:587  DevID:MV-CU060-10GC(DA1691703)  Source-Line:libMvCameraControl.so(StreamGrab.cpp-L0869)  ProcessName:python3.12(53724)     Description:[StartGrabbing]StreamChannel[0], Start grabbing success, There is no registration callback.
Info    2026-08-19 13:12:43:056  DevID:MV-CU060-10GC(DA1691703)  Source-Line:libMvCameraControl.so(StreamGrab.cpp-L0934)  ProcessName:python3.12(53724)     Description:[StopGrabbing]Stop grabbing success! DeviceUptime[18029]
Info    2026-08-19 13:14:58:758  DevID:MV-CU060-10GC(DA1691703)  Source-Line:libMvCameraControl.so(GigEDevice.cpp-L1351)  ProcessName:python3.12(53724)     Description:[IsDeviceConnected]IsDeviceConnected success, Ret[true]
Error   2026-08-19 13:14:58:768  DevID:MV-CU060-10GC(DA1691703)  Source-Line:libMvCameraControl.so(GenICamImpl.cpp-L1111)  ProcessName:python3.12(53724)     Description:[XML_GetNodeAccessMode]PropertyName[PartialImageOutputMode], Ret[0x80000100]
Error   2026-08-19 13:14:58:770  DevID:MV-CU060-10GC(DA1691703)  Source-Line:libMvCameraControl.so(GenICamImpl.cpp-L1111)  ProcessName:python3.12(53724)     Description:[XML_GetNodeAccessMode]PropertyName[SeqExpEnable], Ret[0x80000100]
Error   2026-08-19 13:14:58:770  DevID:MV-CU060-10GC(DA1691703)  Source-Line:libMvCameraControl.so(XmlParse.cpp-L3037)  ProcessName:python3.12(53724)     Description:[GetBooleanValue]Get Node Value, Node does not exist, NodeName[SeqExpEnable]
Error   2026-08-19 13:14:58:770  DevID:MV-CU060-10GC(DA1691703)  Source-Line:libMvCameraControl.so(GenICamImpl.cpp-L0551)  ProcessName:python3.12(53724)     Description:[GetBoolValue]Property[SeqExpEnable], Ret[0x80000100]
Error   2026-08-19 13:14:58:770  DevID:MV-CU060-10GC(DA1691703)  Source-Line:libMvCameraControl.so(GenICamImpl.cpp-L1111)  ProcessName:python3.12(53724)     Description:[XML_GetNodeAccessMode]PropertyName[MultiLightControl], Ret[0x80000100]
Error   2026-08-19 13:14:58:770  DevID:MV-CU060-10GC(DA1691703)  Source-Line:libMvCameraControl.so(XmlParse.cpp-L2386)  ProcessName:python3.12(53724)     Description:[GetEnumValue]Get Node Value, Node does not exist, NodeName[MultiLightControl]
Error   2026-08-19 13:14:58:770  DevID:MV-CU060-10GC(DA1691703)  Source-Line:libMvCameraControl.so(GenICamImpl.cpp-L0364)  ProcessName:python3.12(53724)     Description:[GetEnumValue]Property[MultiLightControl], Ret[0x80000100]
Info    2026-08-19 13:14:58:770  DevID:MV-CU060-10GC(DA1691703)  Source-Line:libMvCameraControl.so(GigEStream.cpp-L0067)  ProcessName:python3.12(53724)     Description:[StartAcquisition][GEV]Width[3072], Height[2048], PixelFormat[0x1080009], PayloadSize[6291456], ChunkCount[100], CompressMode[0], DeviceUptime[18165]
Info    2026-08-19 13:14:58:775  DevID:MV-CU060-10GC(DA1691703)  Source-Line:libMvCameraControl.so(StreamGrab.cpp-L0869)  ProcessName:python3.12(53724)     Description:[StartGrabbing]StreamChannel[0], Start grabbing success, There is no registration callback.
Info    2026-08-19 13:14:59:246  DevID:MV-CU060-10GC(DA1691703)  Source-Line:libMvCameraControl.so(StreamGrab.cpp-L0934)  ProcessName:python3.12(53724)     Description:[StopGrabbing]Stop grabbing success! DeviceUptime[18165]
Info    2026-08-19 13:15:30:653  DevID:MV-CU060-10GC(DA1691703)  Source-Line:libMvCameraControl.so(GigEDevice.cpp-L1351)  ProcessName:python3.12(53724)     Description:[IsDeviceConnected]IsDeviceConnected success, Ret[true]
Error   2026-08-19 13:15:30:663  DevID:MV-CU060-10GC(DA1691703)  Source-Line:libMvCameraControl.so(GenICamImpl.cpp-L1111)  ProcessName:python3.12(53724)     Description:[XML_GetNodeAccessMode]PropertyName[PartialImageOutputMode], Ret[0x80000100]
Error   2026-08-19 13:15:30:666  DevID:MV-CU060-10GC(DA1691703)  Source-Line:libMvCameraControl.so(GenICamImpl.cpp-L1111)  ProcessName:python3.12(53724)     Description:[XML_GetNodeAccessMode]PropertyName[SeqExpEnable], Ret[0x80000100]
Error   2026-08-19 13:15:30:666  DevID:MV-CU060-10GC(DA1691703)  Source-Line:libMvCameraControl.so(XmlParse.cpp-L3037)  ProcessName:python3.12(53724)     Description:[GetBooleanValue]Get Node Value, Node does not exist, NodeName[SeqExpEnable]
Error   2026-08-19 13:15:30:666  DevID:MV-CU060-10GC(DA1691703)  Source-Line:libMvCameraControl.so(GenICamImpl.cpp-L0551)  ProcessName:python3.12(53724)     Description:[GetBoolValue]Property[SeqExpEnable], Ret[0x80000100]
Error   2026-08-19 13:15:30:666  DevID:MV-CU060-10GC(DA1691703)  Source-Line:libMvCameraControl.so(GenICamImpl.cpp-L1111)  ProcessName:python3.12(53724)     Description:[XML_GetNodeAccessMode]PropertyName[MultiLightControl], Ret[0x80000100]
Error   2026-08-19 13:15:30:666  DevID:MV-CU060-10GC(DA1691703)  Source-Line:libMvCameraControl.so(XmlParse.cpp-L2386)  ProcessName:python3.12(53724)     Description:[GetEnumValue]Get Node Value, Node does not exist, NodeName[MultiLightControl]
Error   2026-08-19 13:15:30:666  DevID:MV-CU060-10GC(DA1691703)  Source-Line:libMvCameraControl.so(GenICamImpl.cpp-L0364)  ProcessName:python3.12(53724)     Description:[GetEnumValue]Property[MultiLightControl], Ret[0x80000100]
Info    2026-08-19 13:15:30:666  DevID:MV-CU060-10GC(DA1691703)  Source-Line:libMvCameraControl.so(GigEStream.cpp-L0067)  ProcessName:python3.12(53724)     Description:[StartAcquisition][GEV]Width[3072], Height[2048], PixelFormat[0x1080009], PayloadSize[6291456], ChunkCount[100], CompressMode[0], DeviceUptime[18197]
Info    2026-08-19 13:15:30:671  DevID:MV-CU060-10GC(DA1691703)  Source-Line:libMvCameraControl.so(StreamGrab.cpp-L0869)  ProcessName:python3.12(53724)     Description:[StartGrabbing]StreamChannel[0], Start grabbing success, There is no registration callback.
Info    2026-08-19 13:15:31:137  DevID:MV-CU060-10GC(DA1691703)  Source-Line:libMvCameraControl.so(StreamGrab.cpp-L0934)  ProcessName:python3.12(53724)     Description:[StopGrabbing]Stop grabbing success! DeviceUptime[18197]
Info    2026-08-19 13:16:04:748  DevID:MV-CU060-10GC(DA1691703)  Source-Line:libMvCameraControl.so(GigEDevice.cpp-L1351)  ProcessName:python3.12(53724)     Description:[IsDeviceConnected]IsDeviceConnected success, Ret[true]
Error   2026-08-19 13:16:04:758  DevID:MV-CU060-10GC(DA1691703)  Source-Line:libMvCameraControl.so(GenICamImpl.cpp-L1111)  ProcessName:python3.12(53724)     Description:[XML_GetNodeAccessMode]PropertyName[PartialImageOutputMode], Ret[0x80000100]
Error   2026-08-19 13:16:04:760  DevID:MV-CU060-10GC(DA1691703)  Source-Line:libMvCameraControl.so(GenICamImpl.cpp-L1111)  ProcessName:python3.12(53724)     Description:[XML_GetNodeAccessMode]PropertyName[SeqExpEnable], Ret[0x80000100]
Error   2026-08-19 13:16:04:760  DevID:MV-CU060-10GC(DA1691703)  Source-Line:libMvCameraControl.so(XmlParse.cpp-L3037)  ProcessName:python3.12(53724)     Description:[GetBooleanValue]Get Node Value, Node does not exist, NodeName[SeqExpEnable]
Error   2026-08-19 13:16:04:760  DevID:MV-CU060-10GC(DA1691703)  Source-Line:libMvCameraControl.so(GenICamImpl.cpp-L0551)  ProcessName:python3.12(53724)     Description:[GetBoolValue]Property[SeqExpEnable], Ret[0x80000100]
Error   2026-08-19 13:16:04:760  DevID:MV-CU060-10GC(DA1691703)  Source-Line:libMvCameraControl.so(GenICamImpl.cpp-L1111)  ProcessName:python3.12(53724)     Description:[XML_GetNodeAccessMode]PropertyName[MultiLightControl], Ret[0x80000100]
Error   2026-08-19 13:16:04:760  DevID:MV-CU060-10GC(DA1691703)  Source-Line:libMvCameraControl.so(XmlParse.cpp-L2386)  ProcessName:python3.12(53724)     Description:[GetEnumValue]Get Node Value, Node does not exist, NodeName[MultiLightControl]
Error   2026-08-19 13:16:04:760  DevID:MV-CU060-10GC(DA1691703)  Source-Line:libMvCameraControl.so(GenICamImpl.cpp-L0364)  ProcessName:python3.12(53724)     Description:[GetEnumValue]Property[MultiLightControl], Ret[0x80000100]
Info    2026-08-19 13:16:04:760  DevID:MV-CU060-10GC(DA1691703)  Source-Line:libMvCameraControl.so(GigEStream.cpp-L0067)  ProcessName:python3.12(53724)     Description:[StartAcquisition][GEV]Width[3072], Height[2048], PixelFormat[0x1080009], PayloadSize[6291456], ChunkCount[100], CompressMode[0], DeviceUptime[18231]
Info    2026-08-19 13:16:04:766  DevID:MV-CU060-10GC(DA1691703)  Source-Line:libMvCameraControl.so(StreamGrab.cpp-L0869)  ProcessName:python3.12(53724)     Description:[StartGrabbing]StreamChannel[0], Start grabbing success, There is no registration callback.
Info    2026-08-19 13:16:05:430  DevID:MV-CU060-10GC(DA1691703)  Source-Line:libMvCameraControl.so(StreamGrab.cpp-L0934)  ProcessName:python3.12(53724)     Description:[StopGrabbing]Stop grabbing success! DeviceUptime[18231]
Info    2026-08-19 13:16:35:367  DevID:MV-CU060-10GC(DA1691703)  Source-Line:libMvCameraControl.so(GigEDevice.cpp-L1351)  ProcessName:python3.12(53724)     Description:[IsDeviceConnected]IsDeviceConnected success, Ret[true]
Error   2026-08-19 13:16:35:377  DevID:MV-CU060-10GC(DA1691703)  Source-Line:libMvCameraControl.so(GenICamImpl.cpp-L1111)  ProcessName:python3.12(53724)     Description:[XML_GetNodeAccessMode]PropertyName[PartialImageOutputMode], Ret[0x80000100]
Error   2026-08-19 13:16:35:379  DevID:MV-CU060-10GC(DA1691703)  Source-Line:libMvCameraControl.so(GenICamImpl.cpp-L1111)  ProcessName:python3.12(53724)     Description:[XML_GetNodeAccessMode]PropertyName[SeqExpEnable], Ret[0x80000100]
Error   2026-08-19 13:16:35:379  DevID:MV-CU060-10GC(DA1691703)  Source-Line:libMvCameraControl.so(XmlParse.cpp-L3037)  ProcessName:python3.12(53724)     Description:[GetBooleanValue]Get Node Value, Node does not exist, NodeName[SeqExpEnable]
Error   2026-08-19 13:16:35:379  DevID:MV-CU060-10GC(DA1691703)  Source-Line:libMvCameraControl.so(GenICamImpl.cpp-L0551)  ProcessName:python3.12(53724)     Description:[GetBoolValue]Property[SeqExpEnable], Ret[0x80000100]
Error   2026-08-19 13:16:35:379  DevID:MV-CU060-10GC(DA1691703)  Source-Line:libMvCameraControl.so(GenICamImpl.cpp-L1111)  ProcessName:python3.12(53724)     Description:[XML_GetNodeAccessMode]PropertyName[MultiLightControl], Ret[0x80000100]
Error   2026-08-19 13:16:35:379  DevID:MV-CU060-10GC(DA1691703)  Source-Line:libMvCameraControl.so(XmlParse.cpp-L2386)  ProcessName:python3.12(53724)     Description:[GetEnumValue]Get Node Value, Node does not exist, NodeName[MultiLightControl]
Error   2026-08-19 13:16:35:379  DevID:MV-CU060-10GC(DA1691703)  Source-Line:libMvCameraControl.so(GenICamImpl.cpp-L0364)  ProcessName:python3.12(53724)     Description:[GetEnumValue]Property[MultiLightControl], Ret[0x80000100]
Info    2026-08-19 13:16:35:379  DevID:MV-CU060-10GC(DA1691703)  Source-Line:libMvCameraControl.so(GigEStream.cpp-L0067)  ProcessName:python3.12(53724)     Description:[StartAcquisition][GEV]Width[3072], Height[2048], PixelFormat[0x1080009], PayloadSize[6291456], ChunkCount[100], CompressMode[0], DeviceUptime[18261]
Info    2026-08-19 13:16:35:384  DevID:MV-CU060-10GC(DA1691703)  Source-Line:libMvCameraControl.so(StreamGrab.cpp-L0869)  ProcessName:python3.12(53724)     Description:[StartGrabbing]StreamChannel[0], Start grabbing success, There is no registration callback.
Info    2026-08-19 13:16:36:006  DevID:MV-CU060-10GC(DA1691703)  Source-Line:libMvCameraControl.so(StreamGrab.cpp-L0934)  ProcessName:python3.12(53724)     Description:[StopGrabbing]Stop grabbing success! DeviceUptime[18262]
Info    2026-08-19 13:17:06:706  DevID:MV-CU060-10GC(DA1691703)  Source-Line:libMvCameraControl.so(GigEDevice.cpp-L1351)  ProcessName:python3.12(53724)     Description:[IsDeviceConnected]IsDeviceConnected success, Ret[true]
Error   2026-08-19 13:17:06:715  DevID:MV-CU060-10GC(DA1691703)  Source-Line:libMvCameraControl.so(GenICamImpl.cpp-L1111)  ProcessName:python3.12(53724)     Description:[XML_GetNodeAccessMode]PropertyName[PartialImageOutputMode], Ret[0x80000100]
Error   2026-08-19 13:17:06:717  DevID:MV-CU060-10GC(DA1691703)  Source-Line:libMvCameraControl.so(GenICamImpl.cpp-L1111)  ProcessName:python3.12(53724)     Description:[XML_GetNodeAccessMode]PropertyName[SeqExpEnable], Ret[0x80000100]
Error   2026-08-19 13:17:06:717  DevID:MV-CU060-10GC(DA1691703)  Source-Line:libMvCameraControl.so(XmlParse.cpp-L3037)  ProcessName:python3.12(53724)     Description:[GetBooleanValue]Get Node Value, Node does not exist, NodeName[SeqExpEnable]
Error   2026-08-19 13:17:06:717  DevID:MV-CU060-10GC(DA1691703)  Source-Line:libMvCameraControl.so(GenICamImpl.cpp-L0551)  ProcessName:python3.12(53724)     Description:[GetBoolValue]Property[SeqExpEnable], Ret[0x80000100]
Error   2026-08-19 13:17:06:717  DevID:MV-CU060-10GC(DA1691703)  Source-Line:libMvCameraControl.so(GenICamImpl.cpp-L1111)  ProcessName:python3.12(53724)     Description:[XML_GetNodeAccessMode]PropertyName[MultiLightControl], Ret[0x80000100]
Error   2026-08-19 13:17:06:717  DevID:MV-CU060-10GC(DA1691703)  Source-Line:libMvCameraControl.so(XmlParse.cpp-L2386)  ProcessName:python3.12(53724)     Description:[GetEnumValue]Get Node Value, Node does not exist, NodeName[MultiLightControl]
Error   2026-08-19 13:17:06:717  DevID:MV-CU060-10GC(DA1691703)  Source-Line:libMvCameraControl.so(GenICamImpl.cpp-L0364)  ProcessName:python3.12(53724)     Description:[GetEnumValue]Property[MultiLightControl], Ret[0x80000100]
Info    2026-08-19 13:17:06:717  DevID:MV-CU060-10GC(DA1691703)  Source-Line:libMvCameraControl.so(GigEStream.cpp-L0067)  ProcessName:python3.12(53724)     Description:[StartAcquisition][GEV]Width[3072], Height[2048], PixelFormat[0x1080009], PayloadSize[6291456], ChunkCount[100], CompressMode[0], DeviceUptime[18293]
Info    2026-08-19 13:17:06:723  DevID:MV-CU060-10GC(DA1691703)  Source-Line:libMvCameraControl.so(StreamGrab.cpp-L0869)  ProcessName:python3.12(53724)     Description:[StartGrabbing]StreamChannel[0], Start grabbing success, There is no registration callback.
Info    2026-08-19 13:17:07:411  DevID:MV-CU060-10GC(DA1691703)  Source-Line:libMvCameraControl.so(StreamGrab.cpp-L0934)  ProcessName:python3.12(53724)     Description:[StopGrabbing]Stop grabbing success! DeviceUptime[18293]
Info    2026-08-19 13:17:37:449  DevID:MV-CU060-10GC(DA1691703)  Source-Line:libMvCameraControl.so(GigEDevice.cpp-L1351)  ProcessName:python3.12(53724)     Description:[IsDeviceConnected]IsDeviceConnected success, Ret[true]
Error   2026-08-19 13:17:37:460  DevID:MV-CU060-10GC(DA1691703)  Source-Line:libMvCameraControl.so(GenICamImpl.cpp-L1111)  ProcessName:python3.12(53724)     Description:[XML_GetNodeAccessMode]PropertyName[PartialImageOutputMode], Ret[0x80000100]
Error   2026-08-19 13:17:37:462  DevID:MV-CU060-10GC(DA1691703)  Source-Line:libMvCameraControl.so(GenICamImpl.cpp-L1111)  ProcessName:python3.12(53724)     Description:[XML_GetNodeAccessMode]PropertyName[SeqExpEnable], Ret[0x80000100]
Error   2026-08-19 13:17:37:462  DevID:MV-CU060-10GC(DA1691703)  Source-Line:libMvCameraControl.so(XmlParse.cpp-L3037)  ProcessName:python3.12(53724)     Description:[GetBooleanValue]Get Node Value, Node does not exist, NodeName[SeqExpEnable]
Error   2026-08-19 13:17:37:462  DevID:MV-CU060-10GC(DA1691703)  Source-Line:libMvCameraControl.so(GenICamImpl.cpp-L0551)  ProcessName:python3.12(53724)     Description:[GetBoolValue]Property[SeqExpEnable], Ret[0x80000100]
Error   2026-08-19 13:17:37:462  DevID:MV-CU060-10GC(DA1691703)  Source-Line:libMvCameraControl.so(GenICamImpl.cpp-L1111)  ProcessName:python3.12(53724)     Description:[XML_GetNodeAccessMode]PropertyName[MultiLightControl], Ret[0x80000100]
Error   2026-08-19 13:17:37:462  DevID:MV-CU060-10GC(DA1691703)  Source-Line:libMvCameraControl.so(XmlParse.cpp-L2386)  ProcessName:python3.12(53724)     Description:[GetEnumValue]Get Node Value, Node does not exist, NodeName[MultiLightControl]
Error   2026-08-19 13:17:37:462  DevID:MV-CU060-10GC(DA1691703)  Source-Line:libMvCameraControl.so(GenICamImpl.cpp-L0364)  ProcessName:python3.12(53724)     Description:[GetEnumValue]Property[MultiLightControl], Ret[0x80000100]
Info    2026-08-19 13:17:37:462  DevID:MV-CU060-10GC(DA1691703)  Source-Line:libMvCameraControl.so(GigEStream.cpp-L0067)  ProcessName:python3.12(53724)     Description:[StartAcquisition][GEV]Width[3072], Height[2048], PixelFormat[0x1080009], PayloadSize[6291456], ChunkCount[100], CompressMode[0], DeviceUptime[18323]
Info    2026-08-19 13:17:37:468  DevID:MV-CU060-10GC(DA1691703)  Source-Line:libMvCameraControl.so(StreamGrab.cpp-L0869)  ProcessName:python3.12(53724)     Description:[StartGrabbing]StreamChannel[0], Start grabbing success, There is no registration callback.
Info    2026-08-19 13:17:38:087  DevID:MV-CU060-10GC(DA1691703)  Source-Line:libMvCameraControl.so(StreamGrab.cpp-L0934)  ProcessName:python3.12(53724)     Description:[StopGrabbing]Stop grabbing success! DeviceUptime[18324]
Info    2026-08-19 13:18:08:028  DevID:MV-CU060-10GC(DA1691703)  Source-Line:libMvCameraControl.so(GigEDevice.cpp-L1351)  ProcessName:python3.12(53724)     Description:[IsDeviceConnected]IsDeviceConnected success, Ret[true]
Error   2026-08-19 13:18:08:039  DevID:MV-CU060-10GC(DA1691703)  Source-Line:libMvCameraControl.so(GenICamImpl.cpp-L1111)  ProcessName:python3.12(53724)     Description:[XML_GetNodeAccessMode]PropertyName[PartialImageOutputMode], Ret[0x80000100]
Error   2026-08-19 13:18:08:041  DevID:MV-CU060-10GC(DA1691703)  Source-Line:libMvCameraControl.so(GenICamImpl.cpp-L1111)  ProcessName:python3.12(53724)     Description:[XML_GetNodeAccessMode]PropertyName[SeqExpEnable], Ret[0x80000100]
Error   2026-08-19 13:18:08:041  DevID:MV-CU060-10GC(DA1691703)  Source-Line:libMvCameraControl.so(XmlParse.cpp-L3037)  ProcessName:python3.12(53724)     Description:[GetBooleanValue]Get Node Value, Node does not exist, NodeName[SeqExpEnable]
Error   2026-08-19 13:18:08:041  DevID:MV-CU060-10GC(DA1691703)  Source-Line:libMvCameraControl.so(GenICamImpl.cpp-L0551)  ProcessName:python3.12(53724)     Description:[GetBoolValue]Property[SeqExpEnable], Ret[0x80000100]
Error   2026-08-19 13:18:08:041  DevID:MV-CU060-10GC(DA1691703)  Source-Line:libMvCameraControl.so(GenICamImpl.cpp-L1111)  ProcessName:python3.12(53724)     Description:[XML_GetNodeAccessMode]PropertyName[MultiLightControl], Ret[0x80000100]
Error   2026-08-19 13:18:08:041  DevID:MV-CU060-10GC(DA1691703)  Source-Line:libMvCameraControl.so(XmlParse.cpp-L2386)  ProcessName:python3.12(53724)     Description:[GetEnumValue]Get Node Value, Node does not exist, NodeName[MultiLightControl]
Error   2026-08-19 13:18:08:041  DevID:MV-CU060-10GC(DA1691703)  Source-Line:libMvCameraControl.so(GenICamImpl.cpp-L0364)  ProcessName:python3.12(53724)     Description:[GetEnumValue]Property[MultiLightControl], Ret[0x80000100]
Info    2026-08-19 13:18:08:042  DevID:MV-CU060-10GC(DA1691703)  Source-Line:libMvCameraControl.so(GigEStream.cpp-L0067)  ProcessName:python3.12(53724)     Description:[StartAcquisition][GEV]Width[3072], Height[2048], PixelFormat[0x1080009], PayloadSize[6291456], ChunkCount[100], CompressMode[0], DeviceUptime[18354]
Info    2026-08-19 13:18:08:047  DevID:MV-CU060-10GC(DA1691703)  Source-Line:libMvCameraControl.so(StreamGrab.cpp-L0869)  ProcessName:python3.12(53724)     Description:[StartGrabbing]StreamChannel[0], Start grabbing success, There is no registration callback.
Info    2026-08-19 13:18:08:538  DevID:MV-CU060-10GC(DA1691703)  Source-Line:libMvCameraControl.so(StreamGrab.cpp-L0934)  ProcessName:python3.12(53724)     Description:[StopGrabbing]Stop grabbing success! DeviceUptime[18355]
Info    2026-08-19 13:18:49:057  DevID:MV-CU060-10GC(DA1691703)  Source-Line:libMvCameraControl.so(GigEDevice.cpp-L0648)  ProcessName:python3.12(53724)     Description:[CloseGigEDevice] Close device begin!
Error   2026-08-19 13:18:49:057  DevID:MV-CU060-10GC(DA1691703)  Source-Line:libMvCameraControl.so(StreamGrab.cpp-L0882)  ProcessName:python3.12(53724)     Description:[StopGrabbing]StreamChannel[0], bGrabbing[0], pDevStream[0x27b418b0]
Info    2026-08-19 13:18:49:057  DevID:MV-CU060-10GC(DA1691703)  Source-Line:libMvCameraControl.so(StreamGrab.cpp-L0270)  ProcessName:python3.12(53724)     Description:[Close]Stream channel[0] closed
Info    2026-08-19 13:18:49:058  DevID:MV-CU060-10GC(DA1691703)  Source-Line:libMvCameraControl.so(GigEDevice.cpp-L0665)  ProcessName:python3.12(53724)     Description:[CloseGigEDevice]DeviceUptime[18395]
Info    2026-08-19 13:18:49:164  DevID:MV-CU060-10GC(DA1691703)  Source-Line:libMvCameraControl.so(GigEDevice.cpp-L0687)  ProcessName:python3.12(53724)     Description:[CloseGigEDevice]Close device success!
Info    2026-08-19 13:18:49:164  DevID:MV-CU060-10GC(DA1691703)  Source-Line:libMvCameraControl.so(GigEDeviceEvent.cpp-L0046)  ProcessName:python3.12(53724)     Description:[Deinit]GigEDeviceEvent Deinit  RecvAllEvent  [0],
Warning 2026-08-19 13:19:34:846  DevID:  Source-Line:libMvCameraControl.so(GenTLLoadLibraryEx.cpp-L0350)  ProcessName:python3.12(65808)     Description:[LoadCtiLibInter]MV_GCSetConfigIntValue is NULL, CTI path[/opt/MVS/lib/64/libMvProducerVIR.so]
Info    2026-08-19 13:19:34:846  DevID:  Source-Line:libMvCameraControl.so(GigELoadLibrary.cpp-L1607)  ProcessName:python3.12(65808)     Description:[LoadGigEAllFunctions]Load MVGigEVisionSDK success
Warning 2026-08-19 13:19:34:858  DevID:Virtual GigE Vision  Source-Line:libMvCameraControl.so(GenTLManager.cpp-L1360)  ProcessName:python3.12(65808)     Description:[OpenInterfaceInter]Get cti version failed, nRet[0x8000000c]
Info    2026-08-19 13:19:34:858  DevID:Virtual GigE Vision  Source-Line:libMvCameraControl.so(GenTLManager.cpp-L1362)  ProcessName:python3.12(65808)     Description:[OpenInterfaceInter]Interface open success! VIRGEVCtiVersion[], VIRGEVDrvVersion[]
Warning 2026-08-19 13:19:34:859  DevID:Virtual USB3 Vision  Source-Line:libMvCameraControl.so(GenTLManager.cpp-L1360)  ProcessName:python3.12(65808)     Description:[OpenInterfaceInter]Get cti version failed, nRet[0x8000000c]
Info    2026-08-19 13:19:34:859  DevID:Virtual USB3 Vision  Source-Line:libMvCameraControl.so(GenTLManager.cpp-L1362)  ProcessName:python3.12(65808)     Description:[OpenInterfaceInter]Interface open success! VIRU3VCtiVersion[], VIRU3VDrvVersion[]
Info    2026-08-19 13:19:34:965  DevID:MV-CU060-10GC(DA1691703)  Source-Line:libMvCameraControl.so(GigEDevice.cpp-L0263)  ProcessName:python3.12(65808)     Description:[Init]GEV INFO DeviceIP[192.168.1.20], NetIP[192.168.1.21], ManufacturerInfo[Hikrobot], DeviceVersion[V4.0.1 220113 751901], UserID[]
Info    2026-08-19 13:19:34:965  DevID:MV-CU060-10GC(DA1691703)  Source-Line:libMvCameraControl.so(MediaProcess.cpp-L0884)  ProcessName:python3.12(65808)     Description:[SetBayerCvtQuality]Set Bayer CvtQuality success! BayerCvtQuality[1]
Info    2026-08-19 13:19:34:965  DevID:MV-CU060-10GC(DA1691703)  Source-Line:libMvCameraControl.so(MediaProcess.cpp-L1732)  ProcessName:python3.12(65808)     Description:[SetBayerThreadNum]Set Bayer Thread Num success! BayerThreadNum[4]
Info    2026-08-19 13:19:34:965  DevID:MV-CU060-10GC(DA1691703)  Source-Line:libMvCameraControl.so(MediaProcess.cpp-L0884)  ProcessName:python3.12(65808)     Description:[SetBayerCvtQuality]Set Bayer CvtQuality success! BayerCvtQuality[1]
Info    2026-08-19 13:19:34:965  DevID:MV-CU060-10GC(DA1691703)  Source-Line:libMvCameraControl.so(MediaProcess.cpp-L1732)  ProcessName:python3.12(65808)     Description:[SetBayerThreadNum]Set Bayer Thread Num success! BayerThreadNum[4]
Info    2026-08-19 13:19:34:965  DevID:MV-CU060-10GC(DA1691703)  Source-Line:libMvCameraControl.so(GigEDevice.cpp-L0299)  ProcessName:python3.12(65808)     Description:[IsValidVersion]MvCameraControl Version[0x4070103], GigE SDKVersion[0x4070101], DriverVersion[0x0]
Info    2026-08-19 13:19:35:032  DevID:  Source-Line:libMvCameraControl.so(CacheXmlToFile.cpp-L0516)  ProcessName:python3.12(65808)     Description:[ReadCacheFile]ReadLocalFile XMLPath[SchemaVersion.1.0@Hikrobot#GEV#MV-CU060-10GC#V4.0.1 220113 751901@XMLVersion.1.0.0.zip]
Info    2026-08-19 13:19:35:032  DevID:MV-CU060-10GC(DA1691703)  Source-Line:libMvCameraControl.so(GigEDevice.cpp-L0464)  ProcessName:python3.12(65808)     Description:[GetXmlInfo]Get GenICamXML From local File, len [0x17ca0] Type[1]
Info    2026-08-19 13:19:35:190  DevID:MV-CU060-10GC(DA1691703)  Source-Line:libMvCameraControl.so(GigEDevice.cpp-L0805)  ProcessName:python3.12(65808)     Description:[OpenDevice]Load XML success
Info    2026-08-19 13:19:35:191  DevID:MV-CU060-10GC(DA1691703)  Source-Line:libMvCameraControl.so(GenICamImpl.cpp-L0752)  ProcessName:python3.12(65808)     Description:[InvalidateNodes]Invalidate Nodes success
Info    2026-08-19 13:19:35:191  DevID:MV-CU060-10GC(DA1691703)  Source-Line:libMvCameraControl.so(GigEDevice.cpp-L0818)  ProcessName:python3.12(65808)     Description:[OpenDevice]Invalidate Nodes success
Info    2026-08-19 13:19:35:193  DevID:MV-CU060-10GC(DA1691703)  Source-Line:libMvCameraControl.so(StreamGrab.cpp-L0234)  ProcessName:python3.12(65808)     Description:[Open]Stream channel[0] opened
Info    2026-08-19 13:19:35:195  DevID:MV-CU060-10GC(DA1691703)  Source-Line:libMvCameraControl.so(GigEDevice.cpp-L0849)  ProcessName:python3.12(65808)     Description:[OpenDevice]Open device success! PrivilegeMode[1], SwitchoverKey[0], DeviceUptime[18441],DeviceFirmwareVersion[V4.0.1 220113751901 21122802]
Info    2026-08-19 13:19:35:195  DevID:MV-CU060-10GC(DA1691703)  Source-Line:libMvCameraControl.so(GigEDevice.cpp-L0865)  ProcessName:python3.12(65808)     Description:[OpenDevice]OpenDevice, cost time 230.000000ms 
Info    2026-08-19 13:19:35:195  DevID:  Source-Line:libMvCameraControl.so(GenICamImpl.cpp-L2342)  ProcessName:python3.12(65808)     Description:[RecordThread]RecordThread Start, ThreadId[124768892217024]
Info    2026-08-19 13:19:35:200  DevID:MV-CU060-10GC(DA1691703)  Source-Line:libMvCameraControl.so(GenICamImpl.cpp-L2373)  ProcessName:python3.12(65808)     Description:[RecordThreadProc][Record] Get BlackLevel value [200]
Info    2026-08-19 13:19:35:203  DevID:MV-CU060-10GC(DA1691703)  Source-Line:libMvCameraControl.so(GenICamImpl.cpp-L2395)  ProcessName:python3.12(65808)     Description:[RecordThreadProc][Record] Get BalanceWhiteAuto Value [1] (0:off 1:contineu; 2:once):
Info    2026-08-19 13:19:35:207  DevID:MV-CU060-10GC(DA1691703)  Source-Line:libMvCameraControl.so(GenICamImpl.cpp-L2461)  ProcessName:python3.12(65808)     Description:[RecordThreadProc][Record] Get ExposureAuto value [0]
Info    2026-08-19 13:19:35:212  DevID:MV-CU060-10GC(DA1691703)  Source-Line:libMvCameraControl.so(GenICamImpl.cpp-L2483)  ProcessName:python3.12(65808)     Description:[RecordThreadProc][Record] Get ExposureTime value [5000.000000] 
Info    2026-08-19 13:19:35:215  DevID:MV-CU060-10GC(DA1691703)  Source-Line:libMvCameraControl.so(GenICamImpl.cpp-L2504)  ProcessName:python3.12(65808)     Description:[RecordThreadProc][Record] Get GainAuto value [0] (0:off 1:contineu; 2:once):
Info    2026-08-19 13:19:35:219  DevID:MV-CU060-10GC(DA1691703)  Source-Line:libMvCameraControl.so(GenICamImpl.cpp-L2525)  ProcessName:python3.12(65808)     Description:[RecordThreadProc][Record] Get Gain value [23.011900] 
Info    2026-08-19 13:19:35:227  DevID:MV-CU060-10GC(DA1691703)  Source-Line:libMvCameraControl.so(GenICamImpl.cpp-L2546)  ProcessName:python3.12(65808)     Description:[RecordThreadProc][Record] Get PixelFormat value [17301513] :
Info    2026-08-19 13:19:35:237  DevID:MV-CU060-10GC(DA1691703)  Source-Line:libMvCameraControl.so(GenICamImpl.cpp-L2567)  ProcessName:python3.12(65808)     Description:[RecordThreadProc][Record] Get GammaEnable value [0] 
Info    2026-08-19 13:19:35:246  DevID:MV-CU060-10GC(DA1691703)  Source-Line:libMvCameraControl.so(GenICamImpl.cpp-L2588)  ProcessName:python3.12(65808)     Description:[RecordThreadProc][Record] Get Gamma value [0.700000] 
Info    2026-08-19 13:19:35:247  DevID:MV-CU060-10GC(DA1691703)  Source-Line:libMvCameraControl.so(GenICamImpl.cpp-L2609)  ProcessName:python3.12(65808)     Description:[RecordThreadProc][Record] Get UserSetCurrent value [0]
Info    2026-08-19 13:19:35:249  DevID:MV-CU060-10GC(DA1691703)  Source-Line:libMvCameraControl.so(GenICamImpl.cpp-L2630)  ProcessName:python3.12(65808)     Description:[RecordThreadProc][Record] Get UserSetSelector value [0] 
Info    2026-08-19 13:19:35:249  DevID:MV-CU060-10GC(DA1691703)  Source-Line:libMvCameraControl.so(GenICamImpl.cpp-L2651)  ProcessName:python3.12(65808)     Description:[RecordThreadProc][Record] Get UserSetDefault value[0]
Info    2026-08-19 13:19:35:249  DevID:  Source-Line:libMvCameraControl.so(GenICamImpl.cpp-L2347)  ProcessName:python3.12(65808)     Description:[RecordThread]RecordThread End, ThreadId[124768892217024]
Info    2026-08-19 13:20:48:047  DevID:MV-CU060-10GC(DA1691703)  Source-Line:libMvCameraControl.so(GigEDevice.cpp-L1351)  ProcessName:python3.12(65808)     Description:[IsDeviceConnected]IsDeviceConnected success, Ret[true]
Error   2026-08-19 13:20:48:069  DevID:MV-CU060-10GC(DA1691703)  Source-Line:libMvCameraControl.so(GenICamImpl.cpp-L1111)  ProcessName:python3.12(65808)     Description:[XML_GetNodeAccessMode]PropertyName[PartialImageOutputMode], Ret[0x80000100]
Error   2026-08-19 13:20:48:073  DevID:MV-CU060-10GC(DA1691703)  Source-Line:libMvCameraControl.so(GenICamImpl.cpp-L1111)  ProcessName:python3.12(65808)     Description:[XML_GetNodeAccessMode]PropertyName[SeqExpEnable], Ret[0x80000100]
Error   2026-08-19 13:20:48:073  DevID:MV-CU060-10GC(DA1691703)  Source-Line:libMvCameraControl.so(XmlParse.cpp-L3037)  ProcessName:python3.12(65808)     Description:[GetBooleanValue]Get Node Value, Node does not exist, NodeName[SeqExpEnable]
Error   2026-08-19 13:20:48:073  DevID:MV-CU060-10GC(DA1691703)  Source-Line:libMvCameraControl.so(GenICamImpl.cpp-L0551)  ProcessName:python3.12(65808)     Description:[GetBoolValue]Property[SeqExpEnable], Ret[0x80000100]
Error   2026-08-19 13:20:48:073  DevID:MV-CU060-10GC(DA1691703)  Source-Line:libMvCameraControl.so(GenICamImpl.cpp-L1111)  ProcessName:python3.12(65808)     Description:[XML_GetNodeAccessMode]PropertyName[MultiLightControl], Ret[0x80000100]
Error   2026-08-19 13:20:48:073  DevID:MV-CU060-10GC(DA1691703)  Source-Line:libMvCameraControl.so(XmlParse.cpp-L2386)  ProcessName:python3.12(65808)     Description:[GetEnumValue]Get Node Value, Node does not exist, NodeName[MultiLightControl]
Error   2026-08-19 13:20:48:073  DevID:MV-CU060-10GC(DA1691703)  Source-Line:libMvCameraControl.so(GenICamImpl.cpp-L0364)  ProcessName:python3.12(65808)     Description:[GetEnumValue]Property[MultiLightControl], Ret[0x80000100]
Info    2026-08-19 13:20:48:073  DevID:MV-CU060-10GC(DA1691703)  Source-Line:libMvCameraControl.so(GigEStream.cpp-L0067)  ProcessName:python3.12(65808)     Description:[StartAcquisition][GEV]Width[3072], Height[2048], PixelFormat[0x1080009], PayloadSize[6291456], ChunkCount[100], CompressMode[0], DeviceUptime[18514]
Info    2026-08-19 13:20:48:082  DevID:MV-CU060-10GC(DA1691703)  Source-Line:libMvCameraControl.so(StreamGrab.cpp-L0869)  ProcessName:python3.12(65808)     Description:[StartGrabbing]StreamChannel[0], Start grabbing success, There is no registration callback.
Info    2026-08-19 13:20:48:562  DevID:MV-CU060-10GC(DA1691703)  Source-Line:libMvCameraControl.so(StreamGrab.cpp-L0934)  ProcessName:python3.12(65808)     Description:[StopGrabbing]Stop grabbing success! DeviceUptime[18515]
Info    2026-08-19 13:21:20:366  DevID:MV-CU060-10GC(DA1691703)  Source-Line:libMvCameraControl.so(GigEDevice.cpp-L1351)  ProcessName:python3.12(65808)     Description:[IsDeviceConnected]IsDeviceConnected success, Ret[true]
Error   2026-08-19 13:21:20:374  DevID:MV-CU060-10GC(DA1691703)  Source-Line:libMvCameraControl.so(GenICamImpl.cpp-L1111)  ProcessName:python3.12(65808)     Description:[XML_GetNodeAccessMode]PropertyName[PartialImageOutputMode], Ret[0x80000100]
Error   2026-08-19 13:21:20:376  DevID:MV-CU060-10GC(DA1691703)  Source-Line:libMvCameraControl.so(GenICamImpl.cpp-L1111)  ProcessName:python3.12(65808)     Description:[XML_GetNodeAccessMode]PropertyName[SeqExpEnable], Ret[0x80000100]
Error   2026-08-19 13:21:20:376  DevID:MV-CU060-10GC(DA1691703)  Source-Line:libMvCameraControl.so(XmlParse.cpp-L3037)  ProcessName:python3.12(65808)     Description:[GetBooleanValue]Get Node Value, Node does not exist, NodeName[SeqExpEnable]
Error   2026-08-19 13:21:20:376  DevID:MV-CU060-10GC(DA1691703)  Source-Line:libMvCameraControl.so(GenICamImpl.cpp-L0551)  ProcessName:python3.12(65808)     Description:[GetBoolValue]Property[SeqExpEnable], Ret[0x80000100]
Error   2026-08-19 13:21:20:376  DevID:MV-CU060-10GC(DA1691703)  Source-Line:libMvCameraControl.so(GenICamImpl.cpp-L1111)  ProcessName:python3.12(65808)     Description:[XML_GetNodeAccessMode]PropertyName[MultiLightControl], Ret[0x80000100]
Error   2026-08-19 13:21:20:376  DevID:MV-CU060-10GC(DA1691703)  Source-Line:libMvCameraControl.so(XmlParse.cpp-L2386)  ProcessName:python3.12(65808)     Description:[GetEnumValue]Get Node Value, Node does not exist, NodeName[MultiLightControl]
Error   2026-08-19 13:21:20:376  DevID:MV-CU060-10GC(DA1691703)  Source-Line:libMvCameraControl.so(GenICamImpl.cpp-L0364)  ProcessName:python3.12(65808)     Description:[GetEnumValue]Property[MultiLightControl], Ret[0x80000100]
Info    2026-08-19 13:21:20:376  DevID:MV-CU060-10GC(DA1691703)  Source-Line:libMvCameraControl.so(GigEStream.cpp-L0067)  ProcessName:python3.12(65808)     Description:[StartAcquisition][GEV]Width[3072], Height[2048], PixelFormat[0x1080009], PayloadSize[6291456], ChunkCount[100], CompressMode[0], DeviceUptime[18546]
Info    2026-08-19 13:21:20:381  DevID:MV-CU060-10GC(DA1691703)  Source-Line:libMvCameraControl.so(StreamGrab.cpp-L0869)  ProcessName:python3.12(65808)     Description:[StartGrabbing]StreamChannel[0], Start grabbing success, There is no registration callback.
Info    2026-08-19 13:21:20:918  DevID:MV-CU060-10GC(DA1691703)  Source-Line:libMvCameraControl.so(StreamGrab.cpp-L0934)  ProcessName:python3.12(65808)     Description:[StopGrabbing]Stop grabbing success! DeviceUptime[18547]
Info    2026-08-19 13:21:21:752  DevID:MV-CU060-10GC(DA1691703)  Source-Line:libMvCameraControl.so(GigEDevice.cpp-L1351)  ProcessName:python3.12(65808)     Description:[IsDeviceConnected]IsDeviceConnected success, Ret[true]
Error   2026-08-19 13:21:21:761  DevID:MV-CU060-10GC(DA1691703)  Source-Line:libMvCameraControl.so(GenICamImpl.cpp-L1111)  ProcessName:python3.12(65808)     Description:[XML_GetNodeAccessMode]PropertyName[PartialImageOutputMode], Ret[0x80000100]
Error   2026-08-19 13:21:21:763  DevID:MV-CU060-10GC(DA1691703)  Source-Line:libMvCameraControl.so(GenICamImpl.cpp-L1111)  ProcessName:python3.12(65808)     Description:[XML_GetNodeAccessMode]PropertyName[SeqExpEnable], Ret[0x80000100]
Error   2026-08-19 13:21:21:763  DevID:MV-CU060-10GC(DA1691703)  Source-Line:libMvCameraControl.so(XmlParse.cpp-L3037)  ProcessName:python3.12(65808)     Description:[GetBooleanValue]Get Node Value, Node does not exist, NodeName[SeqExpEnable]
Error   2026-08-19 13:21:21:763  DevID:MV-CU060-10GC(DA1691703)  Source-Line:libMvCameraControl.so(GenICamImpl.cpp-L0551)  ProcessName:python3.12(65808)     Description:[GetBoolValue]Property[SeqExpEnable], Ret[0x80000100]
Error   2026-08-19 13:21:21:763  DevID:MV-CU060-10GC(DA1691703)  Source-Line:libMvCameraControl.so(GenICamImpl.cpp-L1111)  ProcessName:python3.12(65808)     Description:[XML_GetNodeAccessMode]PropertyName[MultiLightControl], Ret[0x80000100]
Error   2026-08-19 13:21:21:763  DevID:MV-CU060-10GC(DA1691703)  Source-Line:libMvCameraControl.so(XmlParse.cpp-L2386)  ProcessName:python3.12(65808)     Description:[GetEnumValue]Get Node Value, Node does not exist, NodeName[MultiLightControl]
Error   2026-08-19 13:21:21:763  DevID:MV-CU060-10GC(DA1691703)  Source-Line:libMvCameraControl.so(GenICamImpl.cpp-L0364)  ProcessName:python3.12(65808)     Description:[GetEnumValue]Property[MultiLightControl], Ret[0x80000100]
Info    2026-08-19 13:21:21:763  DevID:MV-CU060-10GC(DA1691703)  Source-Line:libMvCameraControl.so(GigEStream.cpp-L0067)  ProcessName:python3.12(65808)     Description:[StartAcquisition][GEV]Width[3072], Height[2048], PixelFormat[0x1080009], PayloadSize[6291456], ChunkCount[100], CompressMode[0], DeviceUptime[18548]
Info    2026-08-19 13:21:21:768  DevID:MV-CU060-10GC(DA1691703)  Source-Line:libMvCameraControl.so(StreamGrab.cpp-L0869)  ProcessName:python3.12(65808)     Description:[StartGrabbing]StreamChannel[0], Start grabbing success, There is no registration callback.
Info    2026-08-19 13:21:22:221  DevID:MV-CU060-10GC(DA1691703)  Source-Line:libMvCameraControl.so(StreamGrab.cpp-L0934)  ProcessName:python3.12(65808)     Description:[StopGrabbing]Stop grabbing success! DeviceUptime[18548]
Info    2026-08-19 13:21:22:948  DevID:MV-CU060-10GC(DA1691703)  Source-Line:libMvCameraControl.so(GigEDevice.cpp-L1351)  ProcessName:python3.12(65808)     Description:[IsDeviceConnected]IsDeviceConnected success, Ret[true]
Error   2026-08-19 13:21:22:957  DevID:MV-CU060-10GC(DA1691703)  Source-Line:libMvCameraControl.so(GenICamImpl.cpp-L1111)  ProcessName:python3.12(65808)     Description:[XML_GetNodeAccessMode]PropertyName[PartialImageOutputMode], Ret[0x80000100]
Error   2026-08-19 13:21:22:958  DevID:MV-CU060-10GC(DA1691703)  Source-Line:libMvCameraControl.so(GenICamImpl.cpp-L1111)  ProcessName:python3.12(65808)     Description:[XML_GetNodeAccessMode]PropertyName[SeqExpEnable], Ret[0x80000100]
Error   2026-08-19 13:21:22:958  DevID:MV-CU060-10GC(DA1691703)  Source-Line:libMvCameraControl.so(XmlParse.cpp-L3037)  ProcessName:python3.12(65808)     Description:[GetBooleanValue]Get Node Value, Node does not exist, NodeName[SeqExpEnable]
Error   2026-08-19 13:21:22:958  DevID:MV-CU060-10GC(DA1691703)  Source-Line:libMvCameraControl.so(GenICamImpl.cpp-L0551)  ProcessName:python3.12(65808)     Description:[GetBoolValue]Property[SeqExpEnable], Ret[0x80000100]
Error   2026-08-19 13:21:22:958  DevID:MV-CU060-10GC(DA1691703)  Source-Line:libMvCameraControl.so(GenICamImpl.cpp-L1111)  ProcessName:python3.12(65808)     Description:[XML_GetNodeAccessMode]PropertyName[MultiLightControl], Ret[0x80000100]
Error   2026-08-19 13:21:22:958  DevID:MV-CU060-10GC(DA1691703)  Source-Line:libMvCameraControl.so(XmlParse.cpp-L2386)  ProcessName:python3.12(65808)     Description:[GetEnumValue]Get Node Value, Node does not exist, NodeName[MultiLightControl]
Error   2026-08-19 13:21:22:958  DevID:MV-CU060-10GC(DA1691703)  Source-Line:libMvCameraControl.so(GenICamImpl.cpp-L0364)  ProcessName:python3.12(65808)     Description:[GetEnumValue]Property[MultiLightControl], Ret[0x80000100]
Info    2026-08-19 13:21:22:958  DevID:MV-CU060-10GC(DA1691703)  Source-Line:libMvCameraControl.so(GigEStream.cpp-L0067)  ProcessName:python3.12(65808)     Description:[StartAcquisition][GEV]Width[3072], Height[2048], PixelFormat[0x1080009], PayloadSize[6291456], ChunkCount[100], CompressMode[0], DeviceUptime[18549]
Info    2026-08-19 13:21:22:963  DevID:MV-CU060-10GC(DA1691703)  Source-Line:libMvCameraControl.so(StreamGrab.cpp-L0869)  ProcessName:python3.12(65808)     Description:[StartGrabbing]StreamChannel[0], Start grabbing success, There is no registration callback.
Info    2026-08-19 13:21:23:417  DevID:MV-CU060-10GC(DA1691703)  Source-Line:libMvCameraControl.so(StreamGrab.cpp-L0934)  ProcessName:python3.12(65808)     Description:[StopGrabbing]Stop grabbing success! DeviceUptime[18549]
Info    2026-08-19 13:21:51:243  DevID:MV-CU060-10GC(DA1691703)  Source-Line:libMvCameraControl.so(GigEDevice.cpp-L0648)  ProcessName:python3.12(65808)     Description:[CloseGigEDevice] Close device begin!
Error   2026-08-19 13:21:51:243  DevID:MV-CU060-10GC(DA1691703)  Source-Line:libMvCameraControl.so(StreamGrab.cpp-L0882)  ProcessName:python3.12(65808)     Description:[StopGrabbing]StreamChannel[0], bGrabbing[0], pDevStream[0x3c11c5f0]
Info    2026-08-19 13:21:51:243  DevID:MV-CU060-10GC(DA1691703)  Source-Line:libMvCameraControl.so(StreamGrab.cpp-L0270)  ProcessName:python3.12(65808)     Description:[Close]Stream channel[0] closed
Info    2026-08-19 13:21:51:244  DevID:MV-CU060-10GC(DA1691703)  Source-Line:libMvCameraControl.so(GigEDevice.cpp-L0665)  ProcessName:python3.12(65808)     Description:[CloseGigEDevice]DeviceUptime[18577]
Info    2026-08-19 13:21:51:351  DevID:MV-CU060-10GC(DA1691703)  Source-Line:libMvCameraControl.so(GigEDevice.cpp-L0687)  ProcessName:python3.12(65808)     Description:[CloseGigEDevice]Close device success!
Info    2026-08-19 13:21:51:351  DevID:MV-CU060-10GC(DA1691703)  Source-Line:libMvCameraControl.so(GigEDeviceEvent.cpp-L0046)  ProcessName:python3.12(65808)     Description:[Deinit]GigEDeviceEvent Deinit  RecvAllEvent  [0],
Warning 2026-08-19 13:22:21:324  DevID:  Source-Line:libMvCameraControl.so(GenTLLoadLibraryEx.cpp-L0350)  ProcessName:python3.12(67887)     Description:[LoadCtiLibInter]MV_GCSetConfigIntValue is NULL, CTI path[/opt/MVS/lib/64/libMvProducerVIR.so]
Info    2026-08-19 13:22:21:324  DevID:  Source-Line:libMvCameraControl.so(GigELoadLibrary.cpp-L1607)  ProcessName:python3.12(67887)     Description:[LoadGigEAllFunctions]Load MVGigEVisionSDK success
Warning 2026-08-19 13:22:21:337  DevID:Virtual GigE Vision  Source-Line:libMvCameraControl.so(GenTLManager.cpp-L1360)  ProcessName:python3.12(67887)     Description:[OpenInterfaceInter]Get cti version failed, nRet[0x8000000c]
Info    2026-08-19 13:22:21:337  DevID:Virtual GigE Vision  Source-Line:libMvCameraControl.so(GenTLManager.cpp-L1362)  ProcessName:python3.12(67887)     Description:[OpenInterfaceInter]Interface open success! VIRGEVCtiVersion[], VIRGEVDrvVersion[]
Warning 2026-08-19 13:22:21:337  DevID:Virtual USB3 Vision  Source-Line:libMvCameraControl.so(GenTLManager.cpp-L1360)  ProcessName:python3.12(67887)     Description:[OpenInterfaceInter]Get cti version failed, nRet[0x8000000c]
Info    2026-08-19 13:22:21:337  DevID:Virtual USB3 Vision  Source-Line:libMvCameraControl.so(GenTLManager.cpp-L1362)  ProcessName:python3.12(67887)     Description:[OpenInterfaceInter]Interface open success! VIRU3VCtiVersion[], VIRU3VDrvVersion[]
Info    2026-08-19 13:22:21:448  DevID:MV-CU060-10GC(DA1691703)  Source-Line:libMvCameraControl.so(GigEDevice.cpp-L0263)  ProcessName:python3.12(67887)     Description:[Init]GEV INFO DeviceIP[192.168.1.20], NetIP[192.168.1.21], ManufacturerInfo[Hikrobot], DeviceVersion[V4.0.1 220113 751901], UserID[]
Info    2026-08-19 13:22:21:448  DevID:MV-CU060-10GC(DA1691703)  Source-Line:libMvCameraControl.so(MediaProcess.cpp-L0884)  ProcessName:python3.12(67887)     Description:[SetBayerCvtQuality]Set Bayer CvtQuality success! BayerCvtQuality[1]
Info    2026-08-19 13:22:21:448  DevID:MV-CU060-10GC(DA1691703)  Source-Line:libMvCameraControl.so(MediaProcess.cpp-L1732)  ProcessName:python3.12(67887)     Description:[SetBayerThreadNum]Set Bayer Thread Num success! BayerThreadNum[4]
Info    2026-08-19 13:22:21:448  DevID:MV-CU060-10GC(DA1691703)  Source-Line:libMvCameraControl.so(MediaProcess.cpp-L0884)  ProcessName:python3.12(67887)     Description:[SetBayerCvtQuality]Set Bayer CvtQuality success! BayerCvtQuality[1]
Info    2026-08-19 13:22:21:448  DevID:MV-CU060-10GC(DA1691703)  Source-Line:libMvCameraControl.so(MediaProcess.cpp-L1732)  ProcessName:python3.12(67887)     Description:[SetBayerThreadNum]Set Bayer Thread Num success! BayerThreadNum[4]
Info    2026-08-19 13:22:21:448  DevID:MV-CU060-10GC(DA1691703)  Source-Line:libMvCameraControl.so(GigEDevice.cpp-L0299)  ProcessName:python3.12(67887)     Description:[IsValidVersion]MvCameraControl Version[0x4070103], GigE SDKVersion[0x4070101], DriverVersion[0x0]
Info    2026-08-19 13:22:21:482  DevID:  Source-Line:libMvCameraControl.so(CacheXmlToFile.cpp-L0516)  ProcessName:python3.12(67887)     Description:[ReadCacheFile]ReadLocalFile XMLPath[SchemaVersion.1.0@Hikrobot#GEV#MV-CU060-10GC#V4.0.1 220113 751901@XMLVersion.1.0.0.zip]
Info    2026-08-19 13:22:21:482  DevID:MV-CU060-10GC(DA1691703)  Source-Line:libMvCameraControl.so(GigEDevice.cpp-L0464)  ProcessName:python3.12(67887)     Description:[GetXmlInfo]Get GenICamXML From local File, len [0x17ca0] Type[1]
Info    2026-08-19 13:22:21:654  DevID:MV-CU060-10GC(DA1691703)  Source-Line:libMvCameraControl.so(GigEDevice.cpp-L0805)  ProcessName:python3.12(67887)     Description:[OpenDevice]Load XML success
Info    2026-08-19 13:22:21:656  DevID:MV-CU060-10GC(DA1691703)  Source-Line:libMvCameraControl.so(GenICamImpl.cpp-L0752)  ProcessName:python3.12(67887)     Description:[InvalidateNodes]Invalidate Nodes success
Info    2026-08-19 13:22:21:656  DevID:MV-CU060-10GC(DA1691703)  Source-Line:libMvCameraControl.so(GigEDevice.cpp-L0818)  ProcessName:python3.12(67887)     Description:[OpenDevice]Invalidate Nodes success
Info    2026-08-19 13:22:21:657  DevID:MV-CU060-10GC(DA1691703)  Source-Line:libMvCameraControl.so(StreamGrab.cpp-L0234)  ProcessName:python3.12(67887)     Description:[Open]Stream channel[0] opened
Info    2026-08-19 13:22:21:659  DevID:MV-CU060-10GC(DA1691703)  Source-Line:libMvCameraControl.so(GigEDevice.cpp-L0849)  ProcessName:python3.12(67887)     Description:[OpenDevice]Open device success! PrivilegeMode[1], SwitchoverKey[0], DeviceUptime[18608],DeviceFirmwareVersion[V4.0.1 220113751901 21122802]
Info    2026-08-19 13:22:21:659  DevID:MV-CU060-10GC(DA1691703)  Source-Line:libMvCameraControl.so(GigEDevice.cpp-L0865)  ProcessName:python3.12(67887)     Description:[OpenDevice]OpenDevice, cost time 211.000000ms 
Info    2026-08-19 13:22:21:659  DevID:  Source-Line:libMvCameraControl.so(GenICamImpl.cpp-L2342)  ProcessName:python3.12(67887)     Description:[RecordThread]RecordThread Start, ThreadId[136564629825216]
Info    2026-08-19 13:22:21:664  DevID:MV-CU060-10GC(DA1691703)  Source-Line:libMvCameraControl.so(GenICamImpl.cpp-L2373)  ProcessName:python3.12(67887)     Description:[RecordThreadProc][Record] Get BlackLevel value [200]
Info    2026-08-19 13:22:21:667  DevID:MV-CU060-10GC(DA1691703)  Source-Line:libMvCameraControl.so(GenICamImpl.cpp-L2395)  ProcessName:python3.12(67887)     Description:[RecordThreadProc][Record] Get BalanceWhiteAuto Value [1] (0:off 1:contineu; 2:once):
Info    2026-08-19 13:22:21:671  DevID:MV-CU060-10GC(DA1691703)  Source-Line:libMvCameraControl.so(GenICamImpl.cpp-L2461)  ProcessName:python3.12(67887)     Description:[RecordThreadProc][Record] Get ExposureAuto value [0]
Info    2026-08-19 13:22:21:676  DevID:MV-CU060-10GC(DA1691703)  Source-Line:libMvCameraControl.so(GenICamImpl.cpp-L2483)  ProcessName:python3.12(67887)     Description:[RecordThreadProc][Record] Get ExposureTime value [5000.000000] 
Info    2026-08-19 13:22:21:679  DevID:MV-CU060-10GC(DA1691703)  Source-Line:libMvCameraControl.so(GenICamImpl.cpp-L2504)  ProcessName:python3.12(67887)     Description:[RecordThreadProc][Record] Get GainAuto value [0] (0:off 1:contineu; 2:once):
Info    2026-08-19 13:22:21:684  DevID:MV-CU060-10GC(DA1691703)  Source-Line:libMvCameraControl.so(GenICamImpl.cpp-L2525)  ProcessName:python3.12(67887)     Description:[RecordThreadProc][Record] Get Gain value [23.011900] 
Info    2026-08-19 13:22:21:692  DevID:MV-CU060-10GC(DA1691703)  Source-Line:libMvCameraControl.so(GenICamImpl.cpp-L2546)  ProcessName:python3.12(67887)     Description:[RecordThreadProc][Record] Get PixelFormat value [17301513] :
Info    2026-08-19 13:22:21:702  DevID:MV-CU060-10GC(DA1691703)  Source-Line:libMvCameraControl.so(GenICamImpl.cpp-L2567)  ProcessName:python3.12(67887)     Description:[RecordThreadProc][Record] Get GammaEnable value [0] 
Info    2026-08-19 13:22:21:711  DevID:MV-CU060-10GC(DA1691703)  Source-Line:libMvCameraControl.so(GenICamImpl.cpp-L2588)  ProcessName:python3.12(67887)     Description:[RecordThreadProc][Record] Get Gamma value [0.700000] 
Info    2026-08-19 13:22:21:712  DevID:MV-CU060-10GC(DA1691703)  Source-Line:libMvCameraControl.so(GenICamImpl.cpp-L2609)  ProcessName:python3.12(67887)     Description:[RecordThreadProc][Record] Get UserSetCurrent value [0]
Info    2026-08-19 13:22:21:714  DevID:MV-CU060-10GC(DA1691703)  Source-Line:libMvCameraControl.so(GenICamImpl.cpp-L2630)  ProcessName:python3.12(67887)     Description:[RecordThreadProc][Record] Get UserSetSelector value [0] 
Info    2026-08-19 13:22:21:715  DevID:MV-CU060-10GC(DA1691703)  Source-Line:libMvCameraControl.so(GenICamImpl.cpp-L2651)  ProcessName:python3.12(67887)     Description:[RecordThreadProc][Record] Get UserSetDefault value[0]
Info    2026-08-19 13:22:21:715  DevID:  Source-Line:libMvCameraControl.so(GenICamImpl.cpp-L2347)  ProcessName:python3.12(67887)     Description:[RecordThread]RecordThread End, ThreadId[136564629825216]
Info    2026-08-19 13:22:36:407  DevID:MV-CU060-10GC(DA1691703)  Source-Line:libMvCameraControl.so(GigEDevice.cpp-L1351)  ProcessName:python3.12(67887)     Description:[IsDeviceConnected]IsDeviceConnected success, Ret[true]
Error   2026-08-19 13:22:36:428  DevID:MV-CU060-10GC(DA1691703)  Source-Line:libMvCameraControl.so(GenICamImpl.cpp-L1111)  ProcessName:python3.12(67887)     Description:[XML_GetNodeAccessMode]PropertyName[PartialImageOutputMode], Ret[0x80000100]
Error   2026-08-19 13:22:36:432  DevID:MV-CU060-10GC(DA1691703)  Source-Line:libMvCameraControl.so(GenICamImpl.cpp-L1111)  ProcessName:python3.12(67887)     Description:[XML_GetNodeAccessMode]PropertyName[SeqExpEnable], Ret[0x80000100]
Error   2026-08-19 13:22:36:432  DevID:MV-CU060-10GC(DA1691703)  Source-Line:libMvCameraControl.so(XmlParse.cpp-L3037)  ProcessName:python3.12(67887)     Description:[GetBooleanValue]Get Node Value, Node does not exist, NodeName[SeqExpEnable]
Error   2026-08-19 13:22:36:432  DevID:MV-CU060-10GC(DA1691703)  Source-Line:libMvCameraControl.so(GenICamImpl.cpp-L0551)  ProcessName:python3.12(67887)     Description:[GetBoolValue]Property[SeqExpEnable], Ret[0x80000100]
Error   2026-08-19 13:22:36:432  DevID:MV-CU060-10GC(DA1691703)  Source-Line:libMvCameraControl.so(GenICamImpl.cpp-L1111)  ProcessName:python3.12(67887)     Description:[XML_GetNodeAccessMode]PropertyName[MultiLightControl], Ret[0x80000100]
Error   2026-08-19 13:22:36:432  DevID:MV-CU060-10GC(DA1691703)  Source-Line:libMvCameraControl.so(XmlParse.cpp-L2386)  ProcessName:python3.12(67887)     Description:[GetEnumValue]Get Node Value, Node does not exist, NodeName[MultiLightControl]
Error   2026-08-19 13:22:36:432  DevID:MV-CU060-10GC(DA1691703)  Source-Line:libMvCameraControl.so(GenICamImpl.cpp-L0364)  ProcessName:python3.12(67887)     Description:[GetEnumValue]Property[MultiLightControl], Ret[0x80000100]
Info    2026-08-19 13:22:36:432  DevID:MV-CU060-10GC(DA1691703)  Source-Line:libMvCameraControl.so(GigEStream.cpp-L0067)  ProcessName:python3.12(67887)     Description:[StartAcquisition][GEV]Width[3072], Height[2048], PixelFormat[0x1080009], PayloadSize[6291456], ChunkCount[100], CompressMode[0], DeviceUptime[18622]
Info    2026-08-19 13:22:36:441  DevID:MV-CU060-10GC(DA1691703)  Source-Line:libMvCameraControl.so(StreamGrab.cpp-L0869)  ProcessName:python3.12(67887)     Description:[StartGrabbing]StreamChannel[0], Start grabbing success, There is no registration callback.
Info    2026-08-19 13:22:36:956  DevID:MV-CU060-10GC(DA1691703)  Source-Line:libMvCameraControl.so(StreamGrab.cpp-L0934)  ProcessName:python3.12(67887)     Description:[StopGrabbing]Stop grabbing success! DeviceUptime[18623]
Info    2026-08-19 13:23:08:665  DevID:MV-CU060-10GC(DA1691703)  Source-Line:libMvCameraControl.so(GigEDevice.cpp-L1351)  ProcessName:python3.12(67887)     Description:[IsDeviceConnected]IsDeviceConnected success, Ret[true]
Error   2026-08-19 13:23:08:675  DevID:MV-CU060-10GC(DA1691703)  Source-Line:libMvCameraControl.so(GenICamImpl.cpp-L1111)  ProcessName:python3.12(67887)     Description:[XML_GetNodeAccessMode]PropertyName[PartialImageOutputMode], Ret[0x80000100]
Error   2026-08-19 13:23:08:677  DevID:MV-CU060-10GC(DA1691703)  Source-Line:libMvCameraControl.so(GenICamImpl.cpp-L1111)  ProcessName:python3.12(67887)     Description:[XML_GetNodeAccessMode]PropertyName[SeqExpEnable], Ret[0x80000100]
Error   2026-08-19 13:23:08:677  DevID:MV-CU060-10GC(DA1691703)  Source-Line:libMvCameraControl.so(XmlParse.cpp-L3037)  ProcessName:python3.12(67887)     Description:[GetBooleanValue]Get Node Value, Node does not exist, NodeName[SeqExpEnable]
Error   2026-08-19 13:23:08:677  DevID:MV-CU060-10GC(DA1691703)  Source-Line:libMvCameraControl.so(GenICamImpl.cpp-L0551)  ProcessName:python3.12(67887)     Description:[GetBoolValue]Property[SeqExpEnable], Ret[0x80000100]
Error   2026-08-19 13:23:08:677  DevID:MV-CU060-10GC(DA1691703)  Source-Line:libMvCameraControl.so(GenICamImpl.cpp-L1111)  ProcessName:python3.12(67887)     Description:[XML_GetNodeAccessMode]PropertyName[MultiLightControl], Ret[0x80000100]
Error   2026-08-19 13:23:08:677  DevID:MV-CU060-10GC(DA1691703)  Source-Line:libMvCameraControl.so(XmlParse.cpp-L2386)  ProcessName:python3.12(67887)     Description:[GetEnumValue]Get Node Value, Node does not exist, NodeName[MultiLightControl]
Error   2026-08-19 13:23:08:677  DevID:MV-CU060-10GC(DA1691703)  Source-Line:libMvCameraControl.so(GenICamImpl.cpp-L0364)  ProcessName:python3.12(67887)     Description:[GetEnumValue]Property[MultiLightControl], Ret[0x80000100]
Info    2026-08-19 13:23:08:677  DevID:MV-CU060-10GC(DA1691703)  Source-Line:libMvCameraControl.so(GigEStream.cpp-L0067)  ProcessName:python3.12(67887)     Description:[StartAcquisition][GEV]Width[3072], Height[2048], PixelFormat[0x1080009], PayloadSize[6291456], ChunkCount[100], CompressMode[0], DeviceUptime[18655]
Info    2026-08-19 13:23:08:682  DevID:MV-CU060-10GC(DA1691703)  Source-Line:libMvCameraControl.so(StreamGrab.cpp-L0869)  ProcessName:python3.12(67887)     Description:[StartGrabbing]StreamChannel[0], Start grabbing success, There is no registration callback.
Info    2026-08-19 13:23:09:229  DevID:MV-CU060-10GC(DA1691703)  Source-Line:libMvCameraControl.so(StreamGrab.cpp-L0934)  ProcessName:python3.12(67887)     Description:[StopGrabbing]Stop grabbing success! DeviceUptime[18655]
Info    2026-08-19 13:24:16:853  DevID:MV-CU060-10GC(DA1691703)  Source-Line:libMvCameraControl.so(GigEDevice.cpp-L0648)  ProcessName:python3.12(67887)     Description:[CloseGigEDevice] Close device begin!
Error   2026-08-19 13:24:16:853  DevID:MV-CU060-10GC(DA1691703)  Source-Line:libMvCameraControl.so(StreamGrab.cpp-L0882)  ProcessName:python3.12(67887)     Description:[StopGrabbing]StreamChannel[0], bGrabbing[0], pDevStream[0xdd79c40]
Info    2026-08-19 13:24:16:853  DevID:MV-CU060-10GC(DA1691703)  Source-Line:libMvCameraControl.so(StreamGrab.cpp-L0270)  ProcessName:python3.12(67887)     Description:[Close]Stream channel[0] closed
Info    2026-08-19 13:24:16:854  DevID:MV-CU060-10GC(DA1691703)  Source-Line:libMvCameraControl.so(GigEDevice.cpp-L0665)  ProcessName:python3.12(67887)     Description:[CloseGigEDevice]DeviceUptime[18723]
Info    2026-08-19 13:24:16:965  DevID:MV-CU060-10GC(DA1691703)  Source-Line:libMvCameraControl.so(GigEDevice.cpp-L0687)  ProcessName:python3.12(67887)     Description:[CloseGigEDevice]Close device success!
Info    2026-08-19 13:24:16:965  DevID:MV-CU060-10GC(DA1691703)  Source-Line:libMvCameraControl.so(GigEDeviceEvent.cpp-L0046)  ProcessName:python3.12(67887)     Description:[Deinit]GigEDeviceEvent Deinit  RecvAllEvent  [0],
Warning 2026-08-19 13:24:23:938  DevID:  Source-Line:libMvCameraControl.so(GenTLLoadLibraryEx.cpp-L0350)  ProcessName:python3.12(70157)     Description:[LoadCtiLibInter]MV_GCSetConfigIntValue is NULL, CTI path[/opt/MVS/lib/64/libMvProducerVIR.so]
Info    2026-08-19 13:24:23:939  DevID:  Source-Line:libMvCameraControl.so(GigELoadLibrary.cpp-L1607)  ProcessName:python3.12(70157)     Description:[LoadGigEAllFunctions]Load MVGigEVisionSDK success
Warning 2026-08-19 13:24:23:951  DevID:Virtual GigE Vision  Source-Line:libMvCameraControl.so(GenTLManager.cpp-L1360)  ProcessName:python3.12(70157)     Description:[OpenInterfaceInter]Get cti version failed, nRet[0x8000000c]
Info    2026-08-19 13:24:23:951  DevID:Virtual GigE Vision  Source-Line:libMvCameraControl.so(GenTLManager.cpp-L1362)  ProcessName:python3.12(70157)     Description:[OpenInterfaceInter]Interface open success! VIRGEVCtiVersion[], VIRGEVDrvVersion[]
Warning 2026-08-19 13:24:23:952  DevID:Virtual USB3 Vision  Source-Line:libMvCameraControl.so(GenTLManager.cpp-L1360)  ProcessName:python3.12(70157)     Description:[OpenInterfaceInter]Get cti version failed, nRet[0x8000000c]
Info    2026-08-19 13:24:23:952  DevID:Virtual USB3 Vision  Source-Line:libMvCameraControl.so(GenTLManager.cpp-L1362)  ProcessName:python3.12(70157)     Description:[OpenInterfaceInter]Interface open success! VIRU3VCtiVersion[], VIRU3VDrvVersion[]
Info    2026-08-19 13:24:24:057  DevID:MV-CU060-10GC(DA1691703)  Source-Line:libMvCameraControl.so(GigEDevice.cpp-L0263)  ProcessName:python3.12(70157)     Description:[Init]GEV INFO DeviceIP[192.168.1.20], NetIP[192.168.1.21], ManufacturerInfo[Hikrobot], DeviceVersion[V4.0.1 220113 751901], UserID[]
Info    2026-08-19 13:24:24:057  DevID:MV-CU060-10GC(DA1691703)  Source-Line:libMvCameraControl.so(MediaProcess.cpp-L0884)  ProcessName:python3.12(70157)     Description:[SetBayerCvtQuality]Set Bayer CvtQuality success! BayerCvtQuality[1]
Info    2026-08-19 13:24:24:057  DevID:MV-CU060-10GC(DA1691703)  Source-Line:libMvCameraControl.so(MediaProcess.cpp-L1732)  ProcessName:python3.12(70157)     Description:[SetBayerThreadNum]Set Bayer Thread Num success! BayerThreadNum[4]
Info    2026-08-19 13:24:24:057  DevID:MV-CU060-10GC(DA1691703)  Source-Line:libMvCameraControl.so(MediaProcess.cpp-L0884)  ProcessName:python3.12(70157)     Description:[SetBayerCvtQuality]Set Bayer CvtQuality success! BayerCvtQuality[1]
Info    2026-08-19 13:24:24:057  DevID:MV-CU060-10GC(DA1691703)  Source-Line:libMvCameraControl.so(MediaProcess.cpp-L1732)  ProcessName:python3.12(70157)     Description:[SetBayerThreadNum]Set Bayer Thread Num success! BayerThreadNum[4]
Info    2026-08-19 13:24:24:057  DevID:MV-CU060-10GC(DA1691703)  Source-Line:libMvCameraControl.so(GigEDevice.cpp-L0299)  ProcessName:python3.12(70157)     Description:[IsValidVersion]MvCameraControl Version[0x4070103], GigE SDKVersion[0x4070101], DriverVersion[0x0]
Info    2026-08-19 13:24:24:093  DevID:  Source-Line:libMvCameraControl.so(CacheXmlToFile.cpp-L0516)  ProcessName:python3.12(70157)     Description:[ReadCacheFile]ReadLocalFile XMLPath[SchemaVersion.1.0@Hikrobot#GEV#MV-CU060-10GC#V4.0.1 220113 751901@XMLVersion.1.0.0.zip]
Info    2026-08-19 13:24:24:093  DevID:MV-CU060-10GC(DA1691703)  Source-Line:libMvCameraControl.so(GigEDevice.cpp-L0464)  ProcessName:python3.12(70157)     Description:[GetXmlInfo]Get GenICamXML From local File, len [0x17ca0] Type[1]
Info    2026-08-19 13:24:24:273  DevID:MV-CU060-10GC(DA1691703)  Source-Line:libMvCameraControl.so(GigEDevice.cpp-L0805)  ProcessName:python3.12(70157)     Description:[OpenDevice]Load XML success
Info    2026-08-19 13:24:24:275  DevID:MV-CU060-10GC(DA1691703)  Source-Line:libMvCameraControl.so(GenICamImpl.cpp-L0752)  ProcessName:python3.12(70157)     Description:[InvalidateNodes]Invalidate Nodes success
Info    2026-08-19 13:24:24:275  DevID:MV-CU060-10GC(DA1691703)  Source-Line:libMvCameraControl.so(GigEDevice.cpp-L0818)  ProcessName:python3.12(70157)     Description:[OpenDevice]Invalidate Nodes success
Info    2026-08-19 13:24:24:277  DevID:MV-CU060-10GC(DA1691703)  Source-Line:libMvCameraControl.so(StreamGrab.cpp-L0234)  ProcessName:python3.12(70157)     Description:[Open]Stream channel[0] opened
Info    2026-08-19 13:24:24:278  DevID:MV-CU060-10GC(DA1691703)  Source-Line:libMvCameraControl.so(GigEDevice.cpp-L0849)  ProcessName:python3.12(70157)     Description:[OpenDevice]Open device success! PrivilegeMode[1], SwitchoverKey[0], DeviceUptime[18730],DeviceFirmwareVersion[V4.0.1 220113751901 21122802]
Info    2026-08-19 13:24:24:279  DevID:MV-CU060-10GC(DA1691703)  Source-Line:libMvCameraControl.so(GigEDevice.cpp-L0865)  ProcessName:python3.12(70157)     Description:[OpenDevice]OpenDevice, cost time 221.000000ms 
Info    2026-08-19 13:24:24:279  DevID:  Source-Line:libMvCameraControl.so(GenICamImpl.cpp-L2342)  ProcessName:python3.12(70157)     Description:[RecordThread]RecordThread Start, ThreadId[134644779443904]
Info    2026-08-19 13:24:24:283  DevID:MV-CU060-10GC(DA1691703)  Source-Line:libMvCameraControl.so(GenICamImpl.cpp-L2373)  ProcessName:python3.12(70157)     Description:[RecordThreadProc][Record] Get BlackLevel value [200]
Info    2026-08-19 13:24:24:287  DevID:MV-CU060-10GC(DA1691703)  Source-Line:libMvCameraControl.so(GenICamImpl.cpp-L2395)  ProcessName:python3.12(70157)     Description:[RecordThreadProc][Record] Get BalanceWhiteAuto Value [1] (0:off 1:contineu; 2:once):
Info    2026-08-19 13:24:24:292  DevID:MV-CU060-10GC(DA1691703)  Source-Line:libMvCameraControl.so(GenICamImpl.cpp-L2461)  ProcessName:python3.12(70157)     Description:[RecordThreadProc][Record] Get ExposureAuto value [0]
Info    2026-08-19 13:24:24:297  DevID:MV-CU060-10GC(DA1691703)  Source-Line:libMvCameraControl.so(GenICamImpl.cpp-L2483)  ProcessName:python3.12(70157)     Description:[RecordThreadProc][Record] Get ExposureTime value [5000.000000] 
Info    2026-08-19 13:24:24:300  DevID:MV-CU060-10GC(DA1691703)  Source-Line:libMvCameraControl.so(GenICamImpl.cpp-L2504)  ProcessName:python3.12(70157)     Description:[RecordThreadProc][Record] Get GainAuto value [0] (0:off 1:contineu; 2:once):
Info    2026-08-19 13:24:24:307  DevID:MV-CU060-10GC(DA1691703)  Source-Line:libMvCameraControl.so(GenICamImpl.cpp-L2525)  ProcessName:python3.12(70157)     Description:[RecordThreadProc][Record] Get Gain value [23.011900] 
Info    2026-08-19 13:24:24:321  DevID:MV-CU060-10GC(DA1691703)  Source-Line:libMvCameraControl.so(GenICamImpl.cpp-L2546)  ProcessName:python3.12(70157)     Description:[RecordThreadProc][Record] Get PixelFormat value [17301513] :
Info    2026-08-19 13:24:24:328  DevID:MV-CU060-10GC(DA1691703)  Source-Line:libMvCameraControl.so(GenICamImpl.cpp-L2567)  ProcessName:python3.12(70157)     Description:[RecordThreadProc][Record] Get GammaEnable value [0] 
Info    2026-08-19 13:24:24:331  DevID:MV-CU060-10GC(DA1691703)  Source-Line:libMvCameraControl.so(GenICamImpl.cpp-L2588)  ProcessName:python3.12(70157)     Description:[RecordThreadProc][Record] Get Gamma value [0.700000] 
Info    2026-08-19 13:24:24:332  DevID:MV-CU060-10GC(DA1691703)  Source-Line:libMvCameraControl.so(GenICamImpl.cpp-L2609)  ProcessName:python3.12(70157)     Description:[RecordThreadProc][Record] Get UserSetCurrent value [0]
Info    2026-08-19 13:24:24:334  DevID:MV-CU060-10GC(DA1691703)  Source-Line:libMvCameraControl.so(GenICamImpl.cpp-L2630)  ProcessName:python3.12(70157)     Description:[RecordThreadProc][Record] Get UserSetSelector value [0] 
Info    2026-08-19 13:24:24:335  DevID:MV-CU060-10GC(DA1691703)  Source-Line:libMvCameraControl.so(GenICamImpl.cpp-L2651)  ProcessName:python3.12(70157)     Description:[RecordThreadProc][Record] Get UserSetDefault value[0]
Info    2026-08-19 13:24:24:335  DevID:  Source-Line:libMvCameraControl.so(GenICamImpl.cpp-L2347)  ProcessName:python3.12(70157)     Description:[RecordThread]RecordThread End, ThreadId[134644779443904]
Info    2026-08-19 13:24:34:206  DevID:MV-CU060-10GC(DA1691703)  Source-Line:libMvCameraControl.so(GigEDevice.cpp-L1351)  ProcessName:python3.12(70157)     Description:[IsDeviceConnected]IsDeviceConnected success, Ret[true]
Error   2026-08-19 13:24:34:227  DevID:MV-CU060-10GC(DA1691703)  Source-Line:libMvCameraControl.so(GenICamImpl.cpp-L1111)  ProcessName:python3.12(70157)     Description:[XML_GetNodeAccessMode]PropertyName[PartialImageOutputMode], Ret[0x80000100]
Error   2026-08-19 13:24:34:231  DevID:MV-CU060-10GC(DA1691703)  Source-Line:libMvCameraControl.so(GenICamImpl.cpp-L1111)  ProcessName:python3.12(70157)     Description:[XML_GetNodeAccessMode]PropertyName[SeqExpEnable], Ret[0x80000100]
Error   2026-08-19 13:24:34:231  DevID:MV-CU060-10GC(DA1691703)  Source-Line:libMvCameraControl.so(XmlParse.cpp-L3037)  ProcessName:python3.12(70157)     Description:[GetBooleanValue]Get Node Value, Node does not exist, NodeName[SeqExpEnable]
Error   2026-08-19 13:24:34:231  DevID:MV-CU060-10GC(DA1691703)  Source-Line:libMvCameraControl.so(GenICamImpl.cpp-L0551)  ProcessName:python3.12(70157)     Description:[GetBoolValue]Property[SeqExpEnable], Ret[0x80000100]
Error   2026-08-19 13:24:34:231  DevID:MV-CU060-10GC(DA1691703)  Source-Line:libMvCameraControl.so(GenICamImpl.cpp-L1111)  ProcessName:python3.12(70157)     Description:[XML_GetNodeAccessMode]PropertyName[MultiLightControl], Ret[0x80000100]
Error   2026-08-19 13:24:34:231  DevID:MV-CU060-10GC(DA1691703)  Source-Line:libMvCameraControl.so(XmlParse.cpp-L2386)  ProcessName:python3.12(70157)     Description:[GetEnumValue]Get Node Value, Node does not exist, NodeName[MultiLightControl]
Error   2026-08-19 13:24:34:231  DevID:MV-CU060-10GC(DA1691703)  Source-Line:libMvCameraControl.so(GenICamImpl.cpp-L0364)  ProcessName:python3.12(70157)     Description:[GetEnumValue]Property[MultiLightControl], Ret[0x80000100]
Info    2026-08-19 13:24:34:231  DevID:MV-CU060-10GC(DA1691703)  Source-Line:libMvCameraControl.so(GigEStream.cpp-L0067)  ProcessName:python3.12(70157)     Description:[StartAcquisition][GEV]Width[3072], Height[2048], PixelFormat[0x1080009], PayloadSize[6291456], ChunkCount[100], CompressMode[0], DeviceUptime[18740]
Info    2026-08-19 13:24:34:240  DevID:MV-CU060-10GC(DA1691703)  Source-Line:libMvCameraControl.so(StreamGrab.cpp-L0869)  ProcessName:python3.12(70157)     Description:[StartGrabbing]StreamChannel[0], Start grabbing success, There is no registration callback.
Info    2026-08-19 13:24:34:699  DevID:MV-CU060-10GC(DA1691703)  Source-Line:libMvCameraControl.so(StreamGrab.cpp-L0934)  ProcessName:python3.12(70157)     Description:[StopGrabbing]Stop grabbing success! DeviceUptime[18741]
Info    2026-08-19 13:25:02:540  DevID:MV-CU060-10GC(DA1691703)  Source-Line:libMvCameraControl.so(GigEDevice.cpp-L1351)  ProcessName:python3.12(70157)     Description:[IsDeviceConnected]IsDeviceConnected success, Ret[true]
Error   2026-08-19 13:25:02:549  DevID:MV-CU060-10GC(DA1691703)  Source-Line:libMvCameraControl.so(GenICamImpl.cpp-L1111)  ProcessName:python3.12(70157)     Description:[XML_GetNodeAccessMode]PropertyName[PartialImageOutputMode], Ret[0x80000100]
Error   2026-08-19 13:25:02:551  DevID:MV-CU060-10GC(DA1691703)  Source-Line:libMvCameraControl.so(GenICamImpl.cpp-L1111)  ProcessName:python3.12(70157)     Description:[XML_GetNodeAccessMode]PropertyName[SeqExpEnable], Ret[0x80000100]
Error   2026-08-19 13:25:02:551  DevID:MV-CU060-10GC(DA1691703)  Source-Line:libMvCameraControl.so(XmlParse.cpp-L3037)  ProcessName:python3.12(70157)     Description:[GetBooleanValue]Get Node Value, Node does not exist, NodeName[SeqExpEnable]
Error   2026-08-19 13:25:02:551  DevID:MV-CU060-10GC(DA1691703)  Source-Line:libMvCameraControl.so(GenICamImpl.cpp-L0551)  ProcessName:python3.12(70157)     Description:[GetBoolValue]Property[SeqExpEnable], Ret[0x80000100]
Error   2026-08-19 13:25:02:551  DevID:MV-CU060-10GC(DA1691703)  Source-Line:libMvCameraControl.so(GenICamImpl.cpp-L1111)  ProcessName:python3.12(70157)     Description:[XML_GetNodeAccessMode]PropertyName[MultiLightControl], Ret[0x80000100]
Error   2026-08-19 13:25:02:551  DevID:MV-CU060-10GC(DA1691703)  Source-Line:libMvCameraControl.so(XmlParse.cpp-L2386)  ProcessName:python3.12(70157)     Description:[GetEnumValue]Get Node Value, Node does not exist, NodeName[MultiLightControl]
Error   2026-08-19 13:25:02:551  DevID:MV-CU060-10GC(DA1691703)  Source-Line:libMvCameraControl.so(GenICamImpl.cpp-L0364)  ProcessName:python3.12(70157)     Description:[GetEnumValue]Property[MultiLightControl], Ret[0x80000100]
Info    2026-08-19 13:25:02:551  DevID:MV-CU060-10GC(DA1691703)  Source-Line:libMvCameraControl.so(GigEStream.cpp-L0067)  ProcessName:python3.12(70157)     Description:[StartAcquisition][GEV]Width[3072], Height[2048], PixelFormat[0x1080009], PayloadSize[6291456], ChunkCount[100], CompressMode[0], DeviceUptime[18769]
Info    2026-08-19 13:25:02:556  DevID:MV-CU060-10GC(DA1691703)  Source-Line:libMvCameraControl.so(StreamGrab.cpp-L0869)  ProcessName:python3.12(70157)     Description:[StartGrabbing]StreamChannel[0], Start grabbing success, There is no registration callback.
Info    2026-08-19 13:25:03:005  DevID:MV-CU060-10GC(DA1691703)  Source-Line:libMvCameraControl.so(StreamGrab.cpp-L0934)  ProcessName:python3.12(70157)     Description:[StopGrabbing]Stop grabbing success! DeviceUptime[18769]
Info    2026-08-19 13:25:31:834  DevID:MV-CU060-10GC(DA1691703)  Source-Line:libMvCameraControl.so(GigEDevice.cpp-L1351)  ProcessName:python3.12(70157)     Description:[IsDeviceConnected]IsDeviceConnected success, Ret[true]
Error   2026-08-19 13:25:31:845  DevID:MV-CU060-10GC(DA1691703)  Source-Line:libMvCameraControl.so(GenICamImpl.cpp-L1111)  ProcessName:python3.12(70157)     Description:[XML_GetNodeAccessMode]PropertyName[PartialImageOutputMode], Ret[0x80000100]
Error   2026-08-19 13:25:31:847  DevID:MV-CU060-10GC(DA1691703)  Source-Line:libMvCameraControl.so(GenICamImpl.cpp-L1111)  ProcessName:python3.12(70157)     Description:[XML_GetNodeAccessMode]PropertyName[SeqExpEnable], Ret[0x80000100]
Error   2026-08-19 13:25:31:847  DevID:MV-CU060-10GC(DA1691703)  Source-Line:libMvCameraControl.so(XmlParse.cpp-L3037)  ProcessName:python3.12(70157)     Description:[GetBooleanValue]Get Node Value, Node does not exist, NodeName[SeqExpEnable]
Error   2026-08-19 13:25:31:847  DevID:MV-CU060-10GC(DA1691703)  Source-Line:libMvCameraControl.so(GenICamImpl.cpp-L0551)  ProcessName:python3.12(70157)     Description:[GetBoolValue]Property[SeqExpEnable], Ret[0x80000100]
Error   2026-08-19 13:25:31:847  DevID:MV-CU060-10GC(DA1691703)  Source-Line:libMvCameraControl.so(GenICamImpl.cpp-L1111)  ProcessName:python3.12(70157)     Description:[XML_GetNodeAccessMode]PropertyName[MultiLightControl], Ret[0x80000100]
Error   2026-08-19 13:25:31:847  DevID:MV-CU060-10GC(DA1691703)  Source-Line:libMvCameraControl.so(XmlParse.cpp-L2386)  ProcessName:python3.12(70157)     Description:[GetEnumValue]Get Node Value, Node does not exist, NodeName[MultiLightControl]
Error   2026-08-19 13:25:31:847  DevID:MV-CU060-10GC(DA1691703)  Source-Line:libMvCameraControl.so(GenICamImpl.cpp-L0364)  ProcessName:python3.12(70157)     Description:[GetEnumValue]Property[MultiLightControl], Ret[0x80000100]
Info    2026-08-19 13:25:31:847  DevID:MV-CU060-10GC(DA1691703)  Source-Line:libMvCameraControl.so(GigEStream.cpp-L0067)  ProcessName:python3.12(70157)     Description:[StartAcquisition][GEV]Width[3072], Height[2048], PixelFormat[0x1080009], PayloadSize[6291456], ChunkCount[100], CompressMode[0], DeviceUptime[18798]
Info    2026-08-19 13:25:31:852  DevID:MV-CU060-10GC(DA1691703)  Source-Line:libMvCameraControl.so(StreamGrab.cpp-L0869)  ProcessName:python3.12(70157)     Description:[StartGrabbing]StreamChannel[0], Start grabbing success, There is no registration callback.
Info    2026-08-19 13:25:32:298  DevID:MV-CU060-10GC(DA1691703)  Source-Line:libMvCameraControl.so(StreamGrab.cpp-L0934)  ProcessName:python3.12(70157)     Description:[StopGrabbing]Stop grabbing success! DeviceUptime[18798]
Info    2026-08-19 13:26:00:355  DevID:MV-CU060-10GC(DA1691703)  Source-Line:libMvCameraControl.so(GigEDevice.cpp-L1351)  ProcessName:python3.12(70157)     Description:[IsDeviceConnected]IsDeviceConnected success, Ret[true]
Error   2026-08-19 13:26:00:365  DevID:MV-CU060-10GC(DA1691703)  Source-Line:libMvCameraControl.so(GenICamImpl.cpp-L1111)  ProcessName:python3.12(70157)     Description:[XML_GetNodeAccessMode]PropertyName[PartialImageOutputMode], Ret[0x80000100]
Error   2026-08-19 13:26:00:368  DevID:MV-CU060-10GC(DA1691703)  Source-Line:libMvCameraControl.so(GenICamImpl.cpp-L1111)  ProcessName:python3.12(70157)     Description:[XML_GetNodeAccessMode]PropertyName[SeqExpEnable], Ret[0x80000100]
Error   2026-08-19 13:26:00:368  DevID:MV-CU060-10GC(DA1691703)  Source-Line:libMvCameraControl.so(XmlParse.cpp-L3037)  ProcessName:python3.12(70157)     Description:[GetBooleanValue]Get Node Value, Node does not exist, NodeName[SeqExpEnable]
Error   2026-08-19 13:26:00:368  DevID:MV-CU060-10GC(DA1691703)  Source-Line:libMvCameraControl.so(GenICamImpl.cpp-L0551)  ProcessName:python3.12(70157)     Description:[GetBoolValue]Property[SeqExpEnable], Ret[0x80000100]
Error   2026-08-19 13:26:00:368  DevID:MV-CU060-10GC(DA1691703)  Source-Line:libMvCameraControl.so(GenICamImpl.cpp-L1111)  ProcessName:python3.12(70157)     Description:[XML_GetNodeAccessMode]PropertyName[MultiLightControl], Ret[0x80000100]
Error   2026-08-19 13:26:00:368  DevID:MV-CU060-10GC(DA1691703)  Source-Line:libMvCameraControl.so(XmlParse.cpp-L2386)  ProcessName:python3.12(70157)     Description:[GetEnumValue]Get Node Value, Node does not exist, NodeName[MultiLightControl]
Error   2026-08-19 13:26:00:368  DevID:MV-CU060-10GC(DA1691703)  Source-Line:libMvCameraControl.so(GenICamImpl.cpp-L0364)  ProcessName:python3.12(70157)     Description:[GetEnumValue]Property[MultiLightControl], Ret[0x80000100]
Info    2026-08-19 13:26:00:368  DevID:MV-CU060-10GC(DA1691703)  Source-Line:libMvCameraControl.so(GigEStream.cpp-L0067)  ProcessName:python3.12(70157)     Description:[StartAcquisition][GEV]Width[3072], Height[2048], PixelFormat[0x1080009], PayloadSize[6291456], ChunkCount[100], CompressMode[0], DeviceUptime[18826]
Info    2026-08-19 13:26:00:375  DevID:MV-CU060-10GC(DA1691703)  Source-Line:libMvCameraControl.so(StreamGrab.cpp-L0869)  ProcessName:python3.12(70157)     Description:[StartGrabbing]StreamChannel[0], Start grabbing success, There is no registration callback.
Info    2026-08-19 13:26:00:836  DevID:MV-CU060-10GC(DA1691703)  Source-Line:libMvCameraControl.so(StreamGrab.cpp-L0934)  ProcessName:python3.12(70157)     Description:[StopGrabbing]Stop grabbing success! DeviceUptime[18827]
Info    2026-08-19 13:26:32:640  DevID:MV-CU060-10GC(DA1691703)  Source-Line:libMvCameraControl.so(GigEDevice.cpp-L1351)  ProcessName:python3.12(70157)     Description:[IsDeviceConnected]IsDeviceConnected success, Ret[true]
Error   2026-08-19 13:26:32:649  DevID:MV-CU060-10GC(DA1691703)  Source-Line:libMvCameraControl.so(GenICamImpl.cpp-L1111)  ProcessName:python3.12(70157)     Description:[XML_GetNodeAccessMode]PropertyName[PartialImageOutputMode], Ret[0x80000100]
Error   2026-08-19 13:26:32:651  DevID:MV-CU060-10GC(DA1691703)  Source-Line:libMvCameraControl.so(GenICamImpl.cpp-L1111)  ProcessName:python3.12(70157)     Description:[XML_GetNodeAccessMode]PropertyName[SeqExpEnable], Ret[0x80000100]
Error   2026-08-19 13:26:32:651  DevID:MV-CU060-10GC(DA1691703)  Source-Line:libMvCameraControl.so(XmlParse.cpp-L3037)  ProcessName:python3.12(70157)     Description:[GetBooleanValue]Get Node Value, Node does not exist, NodeName[SeqExpEnable]
Error   2026-08-19 13:26:32:651  DevID:MV-CU060-10GC(DA1691703)  Source-Line:libMvCameraControl.so(GenICamImpl.cpp-L0551)  ProcessName:python3.12(70157)     Description:[GetBoolValue]Property[SeqExpEnable], Ret[0x80000100]
Error   2026-08-19 13:26:32:651  DevID:MV-CU060-10GC(DA1691703)  Source-Line:libMvCameraControl.so(GenICamImpl.cpp-L1111)  ProcessName:python3.12(70157)     Description:[XML_GetNodeAccessMode]PropertyName[MultiLightControl], Ret[0x80000100]
Error   2026-08-19 13:26:32:651  DevID:MV-CU060-10GC(DA1691703)  Source-Line:libMvCameraControl.so(XmlParse.cpp-L2386)  ProcessName:python3.12(70157)     Description:[GetEnumValue]Get Node Value, Node does not exist, NodeName[MultiLightControl]
Error   2026-08-19 13:26:32:651  DevID:MV-CU060-10GC(DA1691703)  Source-Line:libMvCameraControl.so(GenICamImpl.cpp-L0364)  ProcessName:python3.12(70157)     Description:[GetEnumValue]Property[MultiLightControl], Ret[0x80000100]
Info    2026-08-19 13:26:32:651  DevID:MV-CU060-10GC(DA1691703)  Source-Line:libMvCameraControl.so(GigEStream.cpp-L0067)  ProcessName:python3.12(70157)     Description:[StartAcquisition][GEV]Width[3072], Height[2048], PixelFormat[0x1080009], PayloadSize[6291456], ChunkCount[100], CompressMode[0], DeviceUptime[18859]
Info    2026-08-19 13:26:32:657  DevID:MV-CU060-10GC(DA1691703)  Source-Line:libMvCameraControl.so(StreamGrab.cpp-L0869)  ProcessName:python3.12(70157)     Description:[StartGrabbing]StreamChannel[0], Start grabbing success, There is no registration callback.
Info    2026-08-19 13:26:33:178  DevID:MV-CU060-10GC(DA1691703)  Source-Line:libMvCameraControl.so(StreamGrab.cpp-L0934)  ProcessName:python3.12(70157)     Description:[StopGrabbing]Stop grabbing success! DeviceUptime[18859]
Warning 2026-08-19 13:27:17:971  DevID:  Source-Line:libMvCameraControl.so(GenTLLoadLibraryEx.cpp-L0350)  ProcessName:python3.12(74246)     Description:[LoadCtiLibInter]MV_GCSetConfigIntValue is NULL, CTI path[/opt/MVS/lib/64/libMvProducerVIR.so]
Info    2026-08-19 13:27:17:973  DevID:  Source-Line:libMvCameraControl.so(GigELoadLibrary.cpp-L1607)  ProcessName:python3.12(74246)     Description:[LoadGigEAllFunctions]Load MVGigEVisionSDK success
Warning 2026-08-19 13:27:17:000  DevID:Virtual GigE Vision  Source-Line:libMvCameraControl.so(GenTLManager.cpp-L1360)  ProcessName:python3.12(74246)     Description:[OpenInterfaceInter]Get cti version failed, nRet[0x8000000c]
Info    2026-08-19 13:27:17:000  DevID:Virtual GigE Vision  Source-Line:libMvCameraControl.so(GenTLManager.cpp-L1362)  ProcessName:python3.12(74246)     Description:[OpenInterfaceInter]Interface open success! VIRGEVCtiVersion[], VIRGEVDrvVersion[]
Warning 2026-08-19 13:27:17:000  DevID:Virtual USB3 Vision  Source-Line:libMvCameraControl.so(GenTLManager.cpp-L1360)  ProcessName:python3.12(74246)     Description:[OpenInterfaceInter]Get cti version failed, nRet[0x8000000c]
Info    2026-08-19 13:27:17:000  DevID:Virtual USB3 Vision  Source-Line:libMvCameraControl.so(GenTLManager.cpp-L1362)  ProcessName:python3.12(74246)     Description:[OpenInterfaceInter]Interface open success! VIRU3VCtiVersion[], VIRU3VDrvVersion[]
Info    2026-08-19 13:27:18:095  DevID:MV-CU060-10GC(DA1691703)  Source-Line:libMvCameraControl.so(GigEDevice.cpp-L0263)  ProcessName:python3.12(74246)     Description:[Init]GEV INFO DeviceIP[192.168.1.20], NetIP[192.168.1.21], ManufacturerInfo[Hikrobot], DeviceVersion[V4.0.1 220113 751901], UserID[]
Info    2026-08-19 13:27:18:095  DevID:MV-CU060-10GC(DA1691703)  Source-Line:libMvCameraControl.so(MediaProcess.cpp-L0884)  ProcessName:python3.12(74246)     Description:[SetBayerCvtQuality]Set Bayer CvtQuality success! BayerCvtQuality[1]
Info    2026-08-19 13:27:18:095  DevID:MV-CU060-10GC(DA1691703)  Source-Line:libMvCameraControl.so(MediaProcess.cpp-L1732)  ProcessName:python3.12(74246)     Description:[SetBayerThreadNum]Set Bayer Thread Num success! BayerThreadNum[4]
Info    2026-08-19 13:27:18:095  DevID:MV-CU060-10GC(DA1691703)  Source-Line:libMvCameraControl.so(MediaProcess.cpp-L0884)  ProcessName:python3.12(74246)     Description:[SetBayerCvtQuality]Set Bayer CvtQuality success! BayerCvtQuality[1]
Info    2026-08-19 13:27:18:095  DevID:MV-CU060-10GC(DA1691703)  Source-Line:libMvCameraControl.so(MediaProcess.cpp-L1732)  ProcessName:python3.12(74246)     Description:[SetBayerThreadNum]Set Bayer Thread Num success! BayerThreadNum[4]
Info    2026-08-19 13:27:18:095  DevID:MV-CU060-10GC(DA1691703)  Source-Line:libMvCameraControl.so(GigEDevice.cpp-L0299)  ProcessName:python3.12(74246)     Description:[IsValidVersion]MvCameraControl Version[0x4070103], GigE SDKVersion[0x4070101], DriverVersion[0x0]
Info    2026-08-19 13:27:18:134  DevID:  Source-Line:libMvCameraControl.so(CacheXmlToFile.cpp-L0516)  ProcessName:python3.12(74246)     Description:[ReadCacheFile]ReadLocalFile XMLPath[SchemaVersion.1.0@Hikrobot#GEV#MV-CU060-10GC#V4.0.1 220113 751901@XMLVersion.1.0.0.zip]
Info    2026-08-19 13:27:18:134  DevID:MV-CU060-10GC(DA1691703)  Source-Line:libMvCameraControl.so(GigEDevice.cpp-L0464)  ProcessName:python3.12(74246)     Description:[GetXmlInfo]Get GenICamXML From local File, len [0x17ca0] Type[1]
Info    2026-08-19 13:27:18:308  DevID:MV-CU060-10GC(DA1691703)  Source-Line:libMvCameraControl.so(GigEDevice.cpp-L0805)  ProcessName:python3.12(74246)     Description:[OpenDevice]Load XML success
Info    2026-08-19 13:27:18:311  DevID:MV-CU060-10GC(DA1691703)  Source-Line:libMvCameraControl.so(GenICamImpl.cpp-L0752)  ProcessName:python3.12(74246)     Description:[InvalidateNodes]Invalidate Nodes success
Info    2026-08-19 13:27:18:311  DevID:MV-CU060-10GC(DA1691703)  Source-Line:libMvCameraControl.so(GigEDevice.cpp-L0818)  ProcessName:python3.12(74246)     Description:[OpenDevice]Invalidate Nodes success
Info    2026-08-19 13:27:18:312  DevID:MV-CU060-10GC(DA1691703)  Source-Line:libMvCameraControl.so(StreamGrab.cpp-L0234)  ProcessName:python3.12(74246)     Description:[Open]Stream channel[0] opened
Info    2026-08-19 13:27:18:314  DevID:MV-CU060-10GC(DA1691703)  Source-Line:libMvCameraControl.so(GigEDevice.cpp-L0849)  ProcessName:python3.12(74246)     Description:[OpenDevice]Open device success! PrivilegeMode[1], SwitchoverKey[0], DeviceUptime[18904],DeviceFirmwareVersion[V4.0.1 220113751901 21122802]
Info    2026-08-19 13:27:18:314  DevID:MV-CU060-10GC(DA1691703)  Source-Line:libMvCameraControl.so(GigEDevice.cpp-L0865)  ProcessName:python3.12(74246)     Description:[OpenDevice]OpenDevice, cost time 219.000000ms 
Info    2026-08-19 13:27:18:314  DevID:  Source-Line:libMvCameraControl.so(GenICamImpl.cpp-L2342)  ProcessName:python3.12(74246)     Description:[RecordThread]RecordThread Start, ThreadId[125915749148352]
Info    2026-08-19 13:27:18:318  DevID:MV-CU060-10GC(DA1691703)  Source-Line:libMvCameraControl.so(GenICamImpl.cpp-L2373)  ProcessName:python3.12(74246)     Description:[RecordThreadProc][Record] Get BlackLevel value [200]
Info    2026-08-19 13:27:18:322  DevID:MV-CU060-10GC(DA1691703)  Source-Line:libMvCameraControl.so(GenICamImpl.cpp-L2395)  ProcessName:python3.12(74246)     Description:[RecordThreadProc][Record] Get BalanceWhiteAuto Value [1] (0:off 1:contineu; 2:once):
Info    2026-08-19 13:27:18:327  DevID:MV-CU060-10GC(DA1691703)  Source-Line:libMvCameraControl.so(GenICamImpl.cpp-L2461)  ProcessName:python3.12(74246)     Description:[RecordThreadProc][Record] Get ExposureAuto value [0]
Info    2026-08-19 13:27:18:333  DevID:MV-CU060-10GC(DA1691703)  Source-Line:libMvCameraControl.so(GenICamImpl.cpp-L2483)  ProcessName:python3.12(74246)     Description:[RecordThreadProc][Record] Get ExposureTime value [5000.000000] 
Info    2026-08-19 13:27:18:336  DevID:MV-CU060-10GC(DA1691703)  Source-Line:libMvCameraControl.so(GenICamImpl.cpp-L2504)  ProcessName:python3.12(74246)     Description:[RecordThreadProc][Record] Get GainAuto value [0] (0:off 1:contineu; 2:once):
Info    2026-08-19 13:27:18:342  DevID:MV-CU060-10GC(DA1691703)  Source-Line:libMvCameraControl.so(GenICamImpl.cpp-L2525)  ProcessName:python3.12(74246)     Description:[RecordThreadProc][Record] Get Gain value [23.011900] 
Info    2026-08-19 13:27:18:349  DevID:MV-CU060-10GC(DA1691703)  Source-Line:libMvCameraControl.so(GenICamImpl.cpp-L2546)  ProcessName:python3.12(74246)     Description:[RecordThreadProc][Record] Get PixelFormat value [17301513] :
Info    2026-08-19 13:27:18:358  DevID:MV-CU060-10GC(DA1691703)  Source-Line:libMvCameraControl.so(GenICamImpl.cpp-L2567)  ProcessName:python3.12(74246)     Description:[RecordThreadProc][Record] Get GammaEnable value [0] 
Info    2026-08-19 13:27:18:366  DevID:MV-CU060-10GC(DA1691703)  Source-Line:libMvCameraControl.so(GenICamImpl.cpp-L2588)  ProcessName:python3.12(74246)     Description:[RecordThreadProc][Record] Get Gamma value [0.700000] 
Info    2026-08-19 13:27:18:367  DevID:MV-CU060-10GC(DA1691703)  Source-Line:libMvCameraControl.so(GenICamImpl.cpp-L2609)  ProcessName:python3.12(74246)     Description:[RecordThreadProc][Record] Get UserSetCurrent value [0]
Info    2026-08-19 13:27:18:368  DevID:MV-CU060-10GC(DA1691703)  Source-Line:libMvCameraControl.so(GigEDevice.cpp-L1351)  ProcessName:python3.12(74246)     Description:[IsDeviceConnected]IsDeviceConnected success, Ret[true]
Info    2026-08-19 13:27:18:369  DevID:MV-CU060-10GC(DA1691703)  Source-Line:libMvCameraControl.so(GenICamImpl.cpp-L2630)  ProcessName:python3.12(74246)     Description:[RecordThreadProc][Record] Get UserSetSelector value [0] 
Error   2026-08-19 13:27:18:387  DevID:MV-CU060-10GC(DA1691703)  Source-Line:libMvCameraControl.so(GenICamImpl.cpp-L1111)  ProcessName:python3.12(74246)     Description:[XML_GetNodeAccessMode]PropertyName[PartialImageOutputMode], Ret[0x80000100]
Error   2026-08-19 13:27:18:391  DevID:MV-CU060-10GC(DA1691703)  Source-Line:libMvCameraControl.so(GenICamImpl.cpp-L1111)  ProcessName:python3.12(74246)     Description:[XML_GetNodeAccessMode]PropertyName[SeqExpEnable], Ret[0x80000100]
Error   2026-08-19 13:27:18:391  DevID:MV-CU060-10GC(DA1691703)  Source-Line:libMvCameraControl.so(XmlParse.cpp-L3037)  ProcessName:python3.12(74246)     Description:[GetBooleanValue]Get Node Value, Node does not exist, NodeName[SeqExpEnable]
Error   2026-08-19 13:27:18:391  DevID:MV-CU060-10GC(DA1691703)  Source-Line:libMvCameraControl.so(GenICamImpl.cpp-L0551)  ProcessName:python3.12(74246)     Description:[GetBoolValue]Property[SeqExpEnable], Ret[0x80000100]
Error   2026-08-19 13:27:18:391  DevID:MV-CU060-10GC(DA1691703)  Source-Line:libMvCameraControl.so(GenICamImpl.cpp-L1111)  ProcessName:python3.12(74246)     Description:[XML_GetNodeAccessMode]PropertyName[MultiLightControl], Ret[0x80000100]
Error   2026-08-19 13:27:18:391  DevID:MV-CU060-10GC(DA1691703)  Source-Line:libMvCameraControl.so(XmlParse.cpp-L2386)  ProcessName:python3.12(74246)     Description:[GetEnumValue]Get Node Value, Node does not exist, NodeName[MultiLightControl]
Error   2026-08-19 13:27:18:391  DevID:MV-CU060-10GC(DA1691703)  Source-Line:libMvCameraControl.so(GenICamImpl.cpp-L0364)  ProcessName:python3.12(74246)     Description:[GetEnumValue]Property[MultiLightControl], Ret[0x80000100]
Info    2026-08-19 13:27:18:391  DevID:MV-CU060-10GC(DA1691703)  Source-Line:libMvCameraControl.so(GigEStream.cpp-L0067)  ProcessName:python3.12(74246)     Description:[StartAcquisition][GEV]Width[3072], Height[2048], PixelFormat[0x1080009], PayloadSize[6291456], ChunkCount[100], CompressMode[0], DeviceUptime[18904]
Info    2026-08-19 13:27:18:397  DevID:MV-CU060-10GC(DA1691703)  Source-Line:libMvCameraControl.so(GenICamImpl.cpp-L2651)  ProcessName:python3.12(74246)     Description:[RecordThreadProc][Record] Get UserSetDefault value[0]
Info    2026-08-19 13:27:18:397  DevID:  Source-Line:libMvCameraControl.so(GenICamImpl.cpp-L2347)  ProcessName:python3.12(74246)     Description:[RecordThread]RecordThread End, ThreadId[125915749148352]
Info    2026-08-19 13:27:18:400  DevID:MV-CU060-10GC(DA1691703)  Source-Line:libMvCameraControl.so(StreamGrab.cpp-L0869)  ProcessName:python3.12(74246)     Description:[StartGrabbing]StreamChannel[0], Start grabbing success, There is no registration callback.
Info    2026-08-19 13:27:18:892  DevID:MV-CU060-10GC(DA1691703)  Source-Line:libMvCameraControl.so(StreamGrab.cpp-L0934)  ProcessName:python3.12(74246)     Description:[StopGrabbing]Stop grabbing success! DeviceUptime[18905]
Info    2026-08-19 13:27:59:705  DevID:MV-CU060-10GC(DA1691703)  Source-Line:libMvCameraControl.so(GigEDevice.cpp-L1351)  ProcessName:python3.12(74246)     Description:[IsDeviceConnected]IsDeviceConnected success, Ret[true]
Error   2026-08-19 13:27:59:715  DevID:MV-CU060-10GC(DA1691703)  Source-Line:libMvCameraControl.so(GenICamImpl.cpp-L1111)  ProcessName:python3.12(74246)     Description:[XML_GetNodeAccessMode]PropertyName[PartialImageOutputMode], Ret[0x80000100]
Error   2026-08-19 13:27:59:717  DevID:MV-CU060-10GC(DA1691703)  Source-Line:libMvCameraControl.so(GenICamImpl.cpp-L1111)  ProcessName:python3.12(74246)     Description:[XML_GetNodeAccessMode]PropertyName[SeqExpEnable], Ret[0x80000100]
Error   2026-08-19 13:27:59:717  DevID:MV-CU060-10GC(DA1691703)  Source-Line:libMvCameraControl.so(XmlParse.cpp-L3037)  ProcessName:python3.12(74246)     Description:[GetBooleanValue]Get Node Value, Node does not exist, NodeName[SeqExpEnable]
Error   2026-08-19 13:27:59:717  DevID:MV-CU060-10GC(DA1691703)  Source-Line:libMvCameraControl.so(GenICamImpl.cpp-L0551)  ProcessName:python3.12(74246)     Description:[GetBoolValue]Property[SeqExpEnable], Ret[0x80000100]
Error   2026-08-19 13:27:59:717  DevID:MV-CU060-10GC(DA1691703)  Source-Line:libMvCameraControl.so(GenICamImpl.cpp-L1111)  ProcessName:python3.12(74246)     Description:[XML_GetNodeAccessMode]PropertyName[MultiLightControl], Ret[0x80000100]
Error   2026-08-19 13:27:59:717  DevID:MV-CU060-10GC(DA1691703)  Source-Line:libMvCameraControl.so(XmlParse.cpp-L2386)  ProcessName:python3.12(74246)     Description:[GetEnumValue]Get Node Value, Node does not exist, NodeName[MultiLightControl]
Error   2026-08-19 13:27:59:717  DevID:MV-CU060-10GC(DA1691703)  Source-Line:libMvCameraControl.so(GenICamImpl.cpp-L0364)  ProcessName:python3.12(74246)     Description:[GetEnumValue]Property[MultiLightControl], Ret[0x80000100]
Info    2026-08-19 13:27:59:717  DevID:MV-CU060-10GC(DA1691703)  Source-Line:libMvCameraControl.so(GigEStream.cpp-L0067)  ProcessName:python3.12(74246)     Description:[StartAcquisition][GEV]Width[3072], Height[2048], PixelFormat[0x1080009], PayloadSize[6291456], ChunkCount[100], CompressMode[0], DeviceUptime[18946]
Info    2026-08-19 13:27:59:722  DevID:MV-CU060-10GC(DA1691703)  Source-Line:libMvCameraControl.so(StreamGrab.cpp-L0869)  ProcessName:python3.12(74246)     Description:[StartGrabbing]StreamChannel[0], Start grabbing success, There is no registration callback.
Info    2026-08-19 13:28:00:175  DevID:MV-CU060-10GC(DA1691703)  Source-Line:libMvCameraControl.so(StreamGrab.cpp-L0934)  ProcessName:python3.12(74246)     Description:[StopGrabbing]Stop grabbing success! DeviceUptime[18946]
Info    2026-08-19 13:28:35:144  DevID:MV-CU060-10GC(DA1691703)  Source-Line:libMvCameraControl.so(GigEDevice.cpp-L1351)  ProcessName:python3.12(74246)     Description:[IsDeviceConnected]IsDeviceConnected success, Ret[true]
Error   2026-08-19 13:28:35:154  DevID:MV-CU060-10GC(DA1691703)  Source-Line:libMvCameraControl.so(GenICamImpl.cpp-L1111)  ProcessName:python3.12(74246)     Description:[XML_GetNodeAccessMode]PropertyName[PartialImageOutputMode], Ret[0x80000100]
Error   2026-08-19 13:28:35:156  DevID:MV-CU060-10GC(DA1691703)  Source-Line:libMvCameraControl.so(GenICamImpl.cpp-L1111)  ProcessName:python3.12(74246)     Description:[XML_GetNodeAccessMode]PropertyName[SeqExpEnable], Ret[0x80000100]
Error   2026-08-19 13:28:35:156  DevID:MV-CU060-10GC(DA1691703)  Source-Line:libMvCameraControl.so(XmlParse.cpp-L3037)  ProcessName:python3.12(74246)     Description:[GetBooleanValue]Get Node Value, Node does not exist, NodeName[SeqExpEnable]
Error   2026-08-19 13:28:35:156  DevID:MV-CU060-10GC(DA1691703)  Source-Line:libMvCameraControl.so(GenICamImpl.cpp-L0551)  ProcessName:python3.12(74246)     Description:[GetBoolValue]Property[SeqExpEnable], Ret[0x80000100]
Error   2026-08-19 13:28:35:156  DevID:MV-CU060-10GC(DA1691703)  Source-Line:libMvCameraControl.so(GenICamImpl.cpp-L1111)  ProcessName:python3.12(74246)     Description:[XML_GetNodeAccessMode]PropertyName[MultiLightControl], Ret[0x80000100]
Error   2026-08-19 13:28:35:156  DevID:MV-CU060-10GC(DA1691703)  Source-Line:libMvCameraControl.so(XmlParse.cpp-L2386)  ProcessName:python3.12(74246)     Description:[GetEnumValue]Get Node Value, Node does not exist, NodeName[MultiLightControl]
Error   2026-08-19 13:28:35:156  DevID:MV-CU060-10GC(DA1691703)  Source-Line:libMvCameraControl.so(GenICamImpl.cpp-L0364)  ProcessName:python3.12(74246)     Description:[GetEnumValue]Property[MultiLightControl], Ret[0x80000100]
Info    2026-08-19 13:28:35:156  DevID:MV-CU060-10GC(DA1691703)  Source-Line:libMvCameraControl.so(GigEStream.cpp-L0067)  ProcessName:python3.12(74246)     Description:[StartAcquisition][GEV]Width[3072], Height[2048], PixelFormat[0x1080009], PayloadSize[6291456], ChunkCount[100], CompressMode[0], DeviceUptime[18981]
Info    2026-08-19 13:28:35:161  DevID:MV-CU060-10GC(DA1691703)  Source-Line:libMvCameraControl.so(StreamGrab.cpp-L0869)  ProcessName:python3.12(74246)     Description:[StartGrabbing]StreamChannel[0], Start grabbing success, There is no registration callback.
Info    2026-08-19 13:28:35:639  DevID:MV-CU060-10GC(DA1691703)  Source-Line:libMvCameraControl.so(StreamGrab.cpp-L0934)  ProcessName:python3.12(74246)     Description:[StopGrabbing]Stop grabbing success! DeviceUptime[18982]
Info    2026-08-19 13:29:04:091  DevID:MV-CU060-10GC(DA1691703)  Source-Line:libMvCameraControl.so(GigEDevice.cpp-L1351)  ProcessName:python3.12(74246)     Description:[IsDeviceConnected]IsDeviceConnected success, Ret[true]
Error   2026-08-19 13:29:04:101  DevID:MV-CU060-10GC(DA1691703)  Source-Line:libMvCameraControl.so(GenICamImpl.cpp-L1111)  ProcessName:python3.12(74246)     Description:[XML_GetNodeAccessMode]PropertyName[PartialImageOutputMode], Ret[0x80000100]
Error   2026-08-19 13:29:04:103  DevID:MV-CU060-10GC(DA1691703)  Source-Line:libMvCameraControl.so(GenICamImpl.cpp-L1111)  ProcessName:python3.12(74246)     Description:[XML_GetNodeAccessMode]PropertyName[SeqExpEnable], Ret[0x80000100]
Error   2026-08-19 13:29:04:103  DevID:MV-CU060-10GC(DA1691703)  Source-Line:libMvCameraControl.so(XmlParse.cpp-L3037)  ProcessName:python3.12(74246)     Description:[GetBooleanValue]Get Node Value, Node does not exist, NodeName[SeqExpEnable]
Error   2026-08-19 13:29:04:103  DevID:MV-CU060-10GC(DA1691703)  Source-Line:libMvCameraControl.so(GenICamImpl.cpp-L0551)  ProcessName:python3.12(74246)     Description:[GetBoolValue]Property[SeqExpEnable], Ret[0x80000100]
Error   2026-08-19 13:29:04:103  DevID:MV-CU060-10GC(DA1691703)  Source-Line:libMvCameraControl.so(GenICamImpl.cpp-L1111)  ProcessName:python3.12(74246)     Description:[XML_GetNodeAccessMode]PropertyName[MultiLightControl], Ret[0x80000100]
Error   2026-08-19 13:29:04:103  DevID:MV-CU060-10GC(DA1691703)  Source-Line:libMvCameraControl.so(XmlParse.cpp-L2386)  ProcessName:python3.12(74246)     Description:[GetEnumValue]Get Node Value, Node does not exist, NodeName[MultiLightControl]
Error   2026-08-19 13:29:04:103  DevID:MV-CU060-10GC(DA1691703)  Source-Line:libMvCameraControl.so(GenICamImpl.cpp-L0364)  ProcessName:python3.12(74246)     Description:[GetEnumValue]Property[MultiLightControl], Ret[0x80000100]
Info    2026-08-19 13:29:04:103  DevID:MV-CU060-10GC(DA1691703)  Source-Line:libMvCameraControl.so(GigEStream.cpp-L0067)  ProcessName:python3.12(74246)     Description:[StartAcquisition][GEV]Width[3072], Height[2048], PixelFormat[0x1080009], PayloadSize[6291456], ChunkCount[100], CompressMode[0], DeviceUptime[19010]
Info    2026-08-19 13:29:04:109  DevID:MV-CU060-10GC(DA1691703)  Source-Line:libMvCameraControl.so(StreamGrab.cpp-L0869)  ProcessName:python3.12(74246)     Description:[StartGrabbing]StreamChannel[0], Start grabbing success, There is no registration callback.
Info    2026-08-19 13:29:04:617  DevID:MV-CU060-10GC(DA1691703)  Source-Line:libMvCameraControl.so(StreamGrab.cpp-L0934)  ProcessName:python3.12(74246)     Description:[StopGrabbing]Stop grabbing success! DeviceUptime[19011]
Info    2026-08-19 13:29:17:789  DevID:MV-CU060-10GC(DA1691703)  Source-Line:libMvCameraControl.so(GigEDevice.cpp-L0648)  ProcessName:python3.12(74246)     Description:[CloseGigEDevice] Close device begin!
Error   2026-08-19 13:29:17:789  DevID:MV-CU060-10GC(DA1691703)  Source-Line:libMvCameraControl.so(StreamGrab.cpp-L0882)  ProcessName:python3.12(74246)     Description:[StopGrabbing]StreamChannel[0], bGrabbing[0], pDevStream[0xba84240]
Info    2026-08-19 13:29:17:789  DevID:MV-CU060-10GC(DA1691703)  Source-Line:libMvCameraControl.so(StreamGrab.cpp-L0270)  ProcessName:python3.12(74246)     Description:[Close]Stream channel[0] closed
Info    2026-08-19 13:29:17:790  DevID:MV-CU060-10GC(DA1691703)  Source-Line:libMvCameraControl.so(GigEDevice.cpp-L0665)  ProcessName:python3.12(74246)     Description:[CloseGigEDevice]DeviceUptime[19024]
Info    2026-08-19 13:29:17:900  DevID:MV-CU060-10GC(DA1691703)  Source-Line:libMvCameraControl.so(GigEDevice.cpp-L0687)  ProcessName:python3.12(74246)     Description:[CloseGigEDevice]Close device success!
Info    2026-08-19 13:29:17:900  DevID:MV-CU060-10GC(DA1691703)  Source-Line:libMvCameraControl.so(GigEDeviceEvent.cpp-L0046)  ProcessName:python3.12(74246)     Description:[Deinit]GigEDeviceEvent Deinit  RecvAllEvent  [0],
Warning 2026-08-19 13:29:27:786  DevID:  Source-Line:libMvCameraControl.so(GenTLLoadLibraryEx.cpp-L0350)  ProcessName:python3.12(76852)     Description:[LoadCtiLibInter]MV_GCSetConfigIntValue is NULL, CTI path[/opt/MVS/lib/64/libMvProducerVIR.so]
Info    2026-08-19 13:29:27:787  DevID:  Source-Line:libMvCameraControl.so(GigELoadLibrary.cpp-L1607)  ProcessName:python3.12(76852)     Description:[LoadGigEAllFunctions]Load MVGigEVisionSDK success
Warning 2026-08-19 13:29:27:798  DevID:Virtual GigE Vision  Source-Line:libMvCameraControl.so(GenTLManager.cpp-L1360)  ProcessName:python3.12(76852)     Description:[OpenInterfaceInter]Get cti version failed, nRet[0x8000000c]
Info    2026-08-19 13:29:27:798  DevID:Virtual GigE Vision  Source-Line:libMvCameraControl.so(GenTLManager.cpp-L1362)  ProcessName:python3.12(76852)     Description:[OpenInterfaceInter]Interface open success! VIRGEVCtiVersion[], VIRGEVDrvVersion[]
Warning 2026-08-19 13:29:27:799  DevID:Virtual USB3 Vision  Source-Line:libMvCameraControl.so(GenTLManager.cpp-L1360)  ProcessName:python3.12(76852)     Description:[OpenInterfaceInter]Get cti version failed, nRet[0x8000000c]
Info    2026-08-19 13:29:27:799  DevID:Virtual USB3 Vision  Source-Line:libMvCameraControl.so(GenTLManager.cpp-L1362)  ProcessName:python3.12(76852)     Description:[OpenInterfaceInter]Interface open success! VIRU3VCtiVersion[], VIRU3VDrvVersion[]
Info    2026-08-19 13:29:27:905  DevID:MV-CU060-10GC(DA1691703)  Source-Line:libMvCameraControl.so(GigEDevice.cpp-L0263)  ProcessName:python3.12(76852)     Description:[Init]GEV INFO DeviceIP[192.168.1.20], NetIP[192.168.1.21], ManufacturerInfo[Hikrobot], DeviceVersion[V4.0.1 220113 751901], UserID[]
Info    2026-08-19 13:29:27:906  DevID:MV-CU060-10GC(DA1691703)  Source-Line:libMvCameraControl.so(MediaProcess.cpp-L0884)  ProcessName:python3.12(76852)     Description:[SetBayerCvtQuality]Set Bayer CvtQuality success! BayerCvtQuality[1]
Info    2026-08-19 13:29:27:906  DevID:MV-CU060-10GC(DA1691703)  Source-Line:libMvCameraControl.so(MediaProcess.cpp-L1732)  ProcessName:python3.12(76852)     Description:[SetBayerThreadNum]Set Bayer Thread Num success! BayerThreadNum[4]
Info    2026-08-19 13:29:27:906  DevID:MV-CU060-10GC(DA1691703)  Source-Line:libMvCameraControl.so(MediaProcess.cpp-L0884)  ProcessName:python3.12(76852)     Description:[SetBayerCvtQuality]Set Bayer CvtQuality success! BayerCvtQuality[1]
Info    2026-08-19 13:29:27:906  DevID:MV-CU060-10GC(DA1691703)  Source-Line:libMvCameraControl.so(MediaProcess.cpp-L1732)  ProcessName:python3.12(76852)     Description:[SetBayerThreadNum]Set Bayer Thread Num success! BayerThreadNum[4]
Info    2026-08-19 13:29:27:906  DevID:MV-CU060-10GC(DA1691703)  Source-Line:libMvCameraControl.so(GigEDevice.cpp-L0299)  ProcessName:python3.12(76852)     Description:[IsValidVersion]MvCameraControl Version[0x4070103], GigE SDKVersion[0x4070101], DriverVersion[0x0]
Info    2026-08-19 13:29:27:938  DevID:  Source-Line:libMvCameraControl.so(CacheXmlToFile.cpp-L0516)  ProcessName:python3.12(76852)     Description:[ReadCacheFile]ReadLocalFile XMLPath[SchemaVersion.1.0@Hikrobot#GEV#MV-CU060-10GC#V4.0.1 220113 751901@XMLVersion.1.0.0.zip]
Info    2026-08-19 13:29:27:938  DevID:MV-CU060-10GC(DA1691703)  Source-Line:libMvCameraControl.so(GigEDevice.cpp-L0464)  ProcessName:python3.12(76852)     Description:[GetXmlInfo]Get GenICamXML From local File, len [0x17ca0] Type[1]
Info    2026-08-19 13:29:28:104  DevID:MV-CU060-10GC(DA1691703)  Source-Line:libMvCameraControl.so(GigEDevice.cpp-L0805)  ProcessName:python3.12(76852)     Description:[OpenDevice]Load XML success
Info    2026-08-19 13:29:28:107  DevID:MV-CU060-10GC(DA1691703)  Source-Line:libMvCameraControl.so(GenICamImpl.cpp-L0752)  ProcessName:python3.12(76852)     Description:[InvalidateNodes]Invalidate Nodes success
Info    2026-08-19 13:29:28:107  DevID:MV-CU060-10GC(DA1691703)  Source-Line:libMvCameraControl.so(GigEDevice.cpp-L0818)  ProcessName:python3.12(76852)     Description:[OpenDevice]Invalidate Nodes success
Info    2026-08-19 13:29:28:108  DevID:MV-CU060-10GC(DA1691703)  Source-Line:libMvCameraControl.so(StreamGrab.cpp-L0234)  ProcessName:python3.12(76852)     Description:[Open]Stream channel[0] opened
Info    2026-08-19 13:29:28:110  DevID:MV-CU060-10GC(DA1691703)  Source-Line:libMvCameraControl.so(GigEDevice.cpp-L0849)  ProcessName:python3.12(76852)     Description:[OpenDevice]Open device success! PrivilegeMode[1], SwitchoverKey[0], DeviceUptime[19034],DeviceFirmwareVersion[V4.0.1 220113751901 21122802]
Info    2026-08-19 13:29:28:110  DevID:MV-CU060-10GC(DA1691703)  Source-Line:libMvCameraControl.so(GigEDevice.cpp-L0865)  ProcessName:python3.12(76852)     Description:[OpenDevice]OpenDevice, cost time 204.000000ms 
Info    2026-08-19 13:29:28:110  DevID:  Source-Line:libMvCameraControl.so(GenICamImpl.cpp-L2342)  ProcessName:python3.12(76852)     Description:[RecordThread]RecordThread Start, ThreadId[125815341708992]
Info    2026-08-19 13:29:28:115  DevID:MV-CU060-10GC(DA1691703)  Source-Line:libMvCameraControl.so(GenICamImpl.cpp-L2373)  ProcessName:python3.12(76852)     Description:[RecordThreadProc][Record] Get BlackLevel value [200]
Info    2026-08-19 13:29:28:117  DevID:MV-CU060-10GC(DA1691703)  Source-Line:libMvCameraControl.so(GenICamImpl.cpp-L2395)  ProcessName:python3.12(76852)     Description:[RecordThreadProc][Record] Get BalanceWhiteAuto Value [1] (0:off 1:contineu; 2:once):
Info    2026-08-19 13:29:28:120  DevID:MV-CU060-10GC(DA1691703)  Source-Line:libMvCameraControl.so(GenICamImpl.cpp-L2461)  ProcessName:python3.12(76852)     Description:[RecordThreadProc][Record] Get ExposureAuto value [0]
Info    2026-08-19 13:29:28:124  DevID:MV-CU060-10GC(DA1691703)  Source-Line:libMvCameraControl.so(GenICamImpl.cpp-L2483)  ProcessName:python3.12(76852)     Description:[RecordThreadProc][Record] Get ExposureTime value [5000.000000] 
Info    2026-08-19 13:29:28:126  DevID:MV-CU060-10GC(DA1691703)  Source-Line:libMvCameraControl.so(GenICamImpl.cpp-L2504)  ProcessName:python3.12(76852)     Description:[RecordThreadProc][Record] Get GainAuto value [0] (0:off 1:contineu; 2:once):
Info    2026-08-19 13:29:28:129  DevID:MV-CU060-10GC(DA1691703)  Source-Line:libMvCameraControl.so(GenICamImpl.cpp-L2525)  ProcessName:python3.12(76852)     Description:[RecordThreadProc][Record] Get Gain value [23.011900] 
Info    2026-08-19 13:29:28:134  DevID:MV-CU060-10GC(DA1691703)  Source-Line:libMvCameraControl.so(GenICamImpl.cpp-L2546)  ProcessName:python3.12(76852)     Description:[RecordThreadProc][Record] Get PixelFormat value [17301513] :
Info    2026-08-19 13:29:28:135  DevID:MV-CU060-10GC(DA1691703)  Source-Line:libMvCameraControl.so(GenICamImpl.cpp-L2567)  ProcessName:python3.12(76852)     Description:[RecordThreadProc][Record] Get GammaEnable value [0] 
Info    2026-08-19 13:29:28:138  DevID:MV-CU060-10GC(DA1691703)  Source-Line:libMvCameraControl.so(GenICamImpl.cpp-L2588)  ProcessName:python3.12(76852)     Description:[RecordThreadProc][Record] Get Gamma value [0.700000] 
Info    2026-08-19 13:29:28:138  DevID:MV-CU060-10GC(DA1691703)  Source-Line:libMvCameraControl.so(GenICamImpl.cpp-L2609)  ProcessName:python3.12(76852)     Description:[RecordThreadProc][Record] Get UserSetCurrent value [0]
Info    2026-08-19 13:29:28:140  DevID:MV-CU060-10GC(DA1691703)  Source-Line:libMvCameraControl.so(GenICamImpl.cpp-L2630)  ProcessName:python3.12(76852)     Description:[RecordThreadProc][Record] Get UserSetSelector value [0] 
Info    2026-08-19 13:29:28:141  DevID:MV-CU060-10GC(DA1691703)  Source-Line:libMvCameraControl.so(GenICamImpl.cpp-L2651)  ProcessName:python3.12(76852)     Description:[RecordThreadProc][Record] Get UserSetDefault value[0]
Info    2026-08-19 13:29:28:141  DevID:  Source-Line:libMvCameraControl.so(GenICamImpl.cpp-L2347)  ProcessName:python3.12(76852)     Description:[RecordThread]RecordThread End, ThreadId[125815341708992]
Warning 2026-08-19 13:29:39:618  DevID:  Source-Line:libMvCameraControl.so(GenTLLoadLibraryEx.cpp-L0350)  ProcessName:python3.12(76982)     Description:[LoadCtiLibInter]MV_GCSetConfigIntValue is NULL, CTI path[/opt/MVS/lib/64/libMvProducerVIR.so]
Info    2026-08-19 13:29:39:618  DevID:  Source-Line:libMvCameraControl.so(GigELoadLibrary.cpp-L1607)  ProcessName:python3.12(76982)     Description:[LoadGigEAllFunctions]Load MVGigEVisionSDK success
Warning 2026-08-19 13:29:39:629  DevID:Virtual GigE Vision  Source-Line:libMvCameraControl.so(GenTLManager.cpp-L1360)  ProcessName:python3.12(76982)     Description:[OpenInterfaceInter]Get cti version failed, nRet[0x8000000c]
Info    2026-08-19 13:29:39:629  DevID:Virtual GigE Vision  Source-Line:libMvCameraControl.so(GenTLManager.cpp-L1362)  ProcessName:python3.12(76982)     Description:[OpenInterfaceInter]Interface open success! VIRGEVCtiVersion[], VIRGEVDrvVersion[]
Warning 2026-08-19 13:29:39:630  DevID:Virtual USB3 Vision  Source-Line:libMvCameraControl.so(GenTLManager.cpp-L1360)  ProcessName:python3.12(76982)     Description:[OpenInterfaceInter]Get cti version failed, nRet[0x8000000c]
Info    2026-08-19 13:29:39:630  DevID:Virtual USB3 Vision  Source-Line:libMvCameraControl.so(GenTLManager.cpp-L1362)  ProcessName:python3.12(76982)     Description:[OpenInterfaceInter]Interface open success! VIRU3VCtiVersion[], VIRU3VDrvVersion[]
Info    2026-08-19 13:29:39:736  DevID:MV-CU060-10GC(DA1691703)  Source-Line:libMvCameraControl.so(GigEDevice.cpp-L0263)  ProcessName:python3.12(76982)     Description:[Init]GEV INFO DeviceIP[192.168.1.20], NetIP[192.168.1.21], ManufacturerInfo[Hikrobot], DeviceVersion[V4.0.1 220113 751901], UserID[]
Info    2026-08-19 13:29:39:736  DevID:MV-CU060-10GC(DA1691703)  Source-Line:libMvCameraControl.so(MediaProcess.cpp-L0884)  ProcessName:python3.12(76982)     Description:[SetBayerCvtQuality]Set Bayer CvtQuality success! BayerCvtQuality[1]
Info    2026-08-19 13:29:39:736  DevID:MV-CU060-10GC(DA1691703)  Source-Line:libMvCameraControl.so(MediaProcess.cpp-L1732)  ProcessName:python3.12(76982)     Description:[SetBayerThreadNum]Set Bayer Thread Num success! BayerThreadNum[4]
Info    2026-08-19 13:29:39:736  DevID:MV-CU060-10GC(DA1691703)  Source-Line:libMvCameraControl.so(MediaProcess.cpp-L0884)  ProcessName:python3.12(76982)     Description:[SetBayerCvtQuality]Set Bayer CvtQuality success! BayerCvtQuality[1]
Info    2026-08-19 13:29:39:736  DevID:MV-CU060-10GC(DA1691703)  Source-Line:libMvCameraControl.so(MediaProcess.cpp-L1732)  ProcessName:python3.12(76982)     Description:[SetBayerThreadNum]Set Bayer Thread Num success! BayerThreadNum[4]
Info    2026-08-19 13:29:39:736  DevID:MV-CU060-10GC(DA1691703)  Source-Line:libMvCameraControl.so(GigEDevice.cpp-L0299)  ProcessName:python3.12(76982)     Description:[IsValidVersion]MvCameraControl Version[0x4070103], GigE SDKVersion[0x4070101], DriverVersion[0x0]
Info    2026-08-19 13:29:39:772  DevID:  Source-Line:libMvCameraControl.so(CacheXmlToFile.cpp-L0516)  ProcessName:python3.12(76982)     Description:[ReadCacheFile]ReadLocalFile XMLPath[SchemaVersion.1.0@Hikrobot#GEV#MV-CU060-10GC#V4.0.1 220113 751901@XMLVersion.1.0.0.zip]
Info    2026-08-19 13:29:39:772  DevID:MV-CU060-10GC(DA1691703)  Source-Line:libMvCameraControl.so(GigEDevice.cpp-L0464)  ProcessName:python3.12(76982)     Description:[GetXmlInfo]Get GenICamXML From local File, len [0x17ca0] Type[1]
Info    2026-08-19 13:29:39:922  DevID:MV-CU060-10GC(DA1691703)  Source-Line:libMvCameraControl.so(GigEDevice.cpp-L0805)  ProcessName:python3.12(76982)     Description:[OpenDevice]Load XML success
Info    2026-08-19 13:29:39:924  DevID:MV-CU060-10GC(DA1691703)  Source-Line:libMvCameraControl.so(GenICamImpl.cpp-L0752)  ProcessName:python3.12(76982)     Description:[InvalidateNodes]Invalidate Nodes success
Info    2026-08-19 13:29:39:924  DevID:MV-CU060-10GC(DA1691703)  Source-Line:libMvCameraControl.so(GigEDevice.cpp-L0818)  ProcessName:python3.12(76982)     Description:[OpenDevice]Invalidate Nodes success
Info    2026-08-19 13:29:39:925  DevID:MV-CU060-10GC(DA1691703)  Source-Line:libMvCameraControl.so(StreamGrab.cpp-L0234)  ProcessName:python3.12(76982)     Description:[Open]Stream channel[0] opened
Info    2026-08-19 13:29:39:927  DevID:MV-CU060-10GC(DA1691703)  Source-Line:libMvCameraControl.so(GigEDevice.cpp-L0849)  ProcessName:python3.12(76982)     Description:[OpenDevice]Open device success! PrivilegeMode[1], SwitchoverKey[0], DeviceUptime[19046],DeviceFirmwareVersion[V4.0.1 220113751901 21122802]
Info    2026-08-19 13:29:39:927  DevID:MV-CU060-10GC(DA1691703)  Source-Line:libMvCameraControl.so(GigEDevice.cpp-L0865)  ProcessName:python3.12(76982)     Description:[OpenDevice]OpenDevice, cost time 191.000000ms 
Info    2026-08-19 13:29:39:927  DevID:  Source-Line:libMvCameraControl.so(GenICamImpl.cpp-L2342)  ProcessName:python3.12(76982)     Description:[RecordThread]RecordThread Start, ThreadId[136836865320640]
Info    2026-08-19 13:29:39:932  DevID:MV-CU060-10GC(DA1691703)  Source-Line:libMvCameraControl.so(GenICamImpl.cpp-L2373)  ProcessName:python3.12(76982)     Description:[RecordThreadProc][Record] Get BlackLevel value [200]
Info    2026-08-19 13:29:39:935  DevID:MV-CU060-10GC(DA1691703)  Source-Line:libMvCameraControl.so(GenICamImpl.cpp-L2395)  ProcessName:python3.12(76982)     Description:[RecordThreadProc][Record] Get BalanceWhiteAuto Value [1] (0:off 1:contineu; 2:once):
Info    2026-08-19 13:29:39:940  DevID:MV-CU060-10GC(DA1691703)  Source-Line:libMvCameraControl.so(GenICamImpl.cpp-L2461)  ProcessName:python3.12(76982)     Description:[RecordThreadProc][Record] Get ExposureAuto value [0]
Info    2026-08-19 13:29:39:945  DevID:MV-CU060-10GC(DA1691703)  Source-Line:libMvCameraControl.so(GenICamImpl.cpp-L2483)  ProcessName:python3.12(76982)     Description:[RecordThreadProc][Record] Get ExposureTime value [5000.000000] 
Info    2026-08-19 13:29:39:948  DevID:MV-CU060-10GC(DA1691703)  Source-Line:libMvCameraControl.so(GenICamImpl.cpp-L2504)  ProcessName:python3.12(76982)     Description:[RecordThreadProc][Record] Get GainAuto value [0] (0:off 1:contineu; 2:once):
Info    2026-08-19 13:29:39:953  DevID:MV-CU060-10GC(DA1691703)  Source-Line:libMvCameraControl.so(GenICamImpl.cpp-L2525)  ProcessName:python3.12(76982)     Description:[RecordThreadProc][Record] Get Gain value [23.011900] 
Info    2026-08-19 13:29:39:960  DevID:MV-CU060-10GC(DA1691703)  Source-Line:libMvCameraControl.so(GenICamImpl.cpp-L2546)  ProcessName:python3.12(76982)     Description:[RecordThreadProc][Record] Get PixelFormat value [17301513] :
Info    2026-08-19 13:29:39:970  DevID:MV-CU060-10GC(DA1691703)  Source-Line:libMvCameraControl.so(GenICamImpl.cpp-L2567)  ProcessName:python3.12(76982)     Description:[RecordThreadProc][Record] Get GammaEnable value [0] 
Info    2026-08-19 13:29:39:979  DevID:MV-CU060-10GC(DA1691703)  Source-Line:libMvCameraControl.so(GenICamImpl.cpp-L2588)  ProcessName:python3.12(76982)     Description:[RecordThreadProc][Record] Get Gamma value [0.700000] 
Info    2026-08-19 13:29:39:980  DevID:MV-CU060-10GC(DA1691703)  Source-Line:libMvCameraControl.so(GenICamImpl.cpp-L2609)  ProcessName:python3.12(76982)     Description:[RecordThreadProc][Record] Get UserSetCurrent value [0]
Info    2026-08-19 13:29:39:982  DevID:MV-CU060-10GC(DA1691703)  Source-Line:libMvCameraControl.so(GenICamImpl.cpp-L2630)  ProcessName:python3.12(76982)     Description:[RecordThreadProc][Record] Get UserSetSelector value [0] 
Info    2026-08-19 13:29:39:983  DevID:MV-CU060-10GC(DA1691703)  Source-Line:libMvCameraControl.so(GenICamImpl.cpp-L2651)  ProcessName:python3.12(76982)     Description:[RecordThreadProc][Record] Get UserSetDefault value[0]
Info    2026-08-19 13:29:39:983  DevID:  Source-Line:libMvCameraControl.so(GenICamImpl.cpp-L2347)  ProcessName:python3.12(76982)     Description:[RecordThread]RecordThread End, ThreadId[136836865320640]
Info    2026-08-19 13:30:04:277  DevID:MV-CU060-10GC(DA1691703)  Source-Line:libMvCameraControl.so(GigEDevice.cpp-L1351)  ProcessName:python3.12(76982)     Description:[IsDeviceConnected]IsDeviceConnected success, Ret[true]
Error   2026-08-19 13:30:04:299  DevID:MV-CU060-10GC(DA1691703)  Source-Line:libMvCameraControl.so(GenICamImpl.cpp-L1111)  ProcessName:python3.12(76982)     Description:[XML_GetNodeAccessMode]PropertyName[PartialImageOutputMode], Ret[0x80000100]
Error   2026-08-19 13:30:04:303  DevID:MV-CU060-10GC(DA1691703)  Source-Line:libMvCameraControl.so(GenICamImpl.cpp-L1111)  ProcessName:python3.12(76982)     Description:[XML_GetNodeAccessMode]PropertyName[SeqExpEnable], Ret[0x80000100]
Error   2026-08-19 13:30:04:303  DevID:MV-CU060-10GC(DA1691703)  Source-Line:libMvCameraControl.so(XmlParse.cpp-L3037)  ProcessName:python3.12(76982)     Description:[GetBooleanValue]Get Node Value, Node does not exist, NodeName[SeqExpEnable]
Error   2026-08-19 13:30:04:303  DevID:MV-CU060-10GC(DA1691703)  Source-Line:libMvCameraControl.so(GenICamImpl.cpp-L0551)  ProcessName:python3.12(76982)     Description:[GetBoolValue]Property[SeqExpEnable], Ret[0x80000100]
Error   2026-08-19 13:30:04:303  DevID:MV-CU060-10GC(DA1691703)  Source-Line:libMvCameraControl.so(GenICamImpl.cpp-L1111)  ProcessName:python3.12(76982)     Description:[XML_GetNodeAccessMode]PropertyName[MultiLightControl], Ret[0x80000100]
Error   2026-08-19 13:30:04:303  DevID:MV-CU060-10GC(DA1691703)  Source-Line:libMvCameraControl.so(XmlParse.cpp-L2386)  ProcessName:python3.12(76982)     Description:[GetEnumValue]Get Node Value, Node does not exist, NodeName[MultiLightControl]
Error   2026-08-19 13:30:04:303  DevID:MV-CU060-10GC(DA1691703)  Source-Line:libMvCameraControl.so(GenICamImpl.cpp-L0364)  ProcessName:python3.12(76982)     Description:[GetEnumValue]Property[MultiLightControl], Ret[0x80000100]
Info    2026-08-19 13:30:04:303  DevID:MV-CU060-10GC(DA1691703)  Source-Line:libMvCameraControl.so(GigEStream.cpp-L0067)  ProcessName:python3.12(76982)     Description:[StartAcquisition][GEV]Width[3072], Height[2048], PixelFormat[0x1080009], PayloadSize[6291456], ChunkCount[100], CompressMode[0], DeviceUptime[19070]
Info    2026-08-19 13:30:04:311  DevID:MV-CU060-10GC(DA1691703)  Source-Line:libMvCameraControl.so(StreamGrab.cpp-L0869)  ProcessName:python3.12(76982)     Description:[StartGrabbing]StreamChannel[0], Start grabbing success, There is no registration callback.
Info    2026-08-19 13:30:04:771  DevID:MV-CU060-10GC(DA1691703)  Source-Line:libMvCameraControl.so(StreamGrab.cpp-L0934)  ProcessName:python3.12(76982)     Description:[StopGrabbing]Stop grabbing success! DeviceUptime[19071]
Info    2026-08-19 13:30:32:642  DevID:MV-CU060-10GC(DA1691703)  Source-Line:libMvCameraControl.so(GigEDevice.cpp-L1351)  ProcessName:python3.12(76982)     Description:[IsDeviceConnected]IsDeviceConnected success, Ret[true]
Error   2026-08-19 13:30:32:653  DevID:MV-CU060-10GC(DA1691703)  Source-Line:libMvCameraControl.so(GenICamImpl.cpp-L1111)  ProcessName:python3.12(76982)     Description:[XML_GetNodeAccessMode]PropertyName[PartialImageOutputMode], Ret[0x80000100]
Error   2026-08-19 13:30:32:655  DevID:MV-CU060-10GC(DA1691703)  Source-Line:libMvCameraControl.so(GenICamImpl.cpp-L1111)  ProcessName:python3.12(76982)     Description:[XML_GetNodeAccessMode]PropertyName[SeqExpEnable], Ret[0x80000100]
Error   2026-08-19 13:30:32:655  DevID:MV-CU060-10GC(DA1691703)  Source-Line:libMvCameraControl.so(XmlParse.cpp-L3037)  ProcessName:python3.12(76982)     Description:[GetBooleanValue]Get Node Value, Node does not exist, NodeName[SeqExpEnable]
Error   2026-08-19 13:30:32:655  DevID:MV-CU060-10GC(DA1691703)  Source-Line:libMvCameraControl.so(GenICamImpl.cpp-L0551)  ProcessName:python3.12(76982)     Description:[GetBoolValue]Property[SeqExpEnable], Ret[0x80000100]
Error   2026-08-19 13:30:32:655  DevID:MV-CU060-10GC(DA1691703)  Source-Line:libMvCameraControl.so(GenICamImpl.cpp-L1111)  ProcessName:python3.12(76982)     Description:[XML_GetNodeAccessMode]PropertyName[MultiLightControl], Ret[0x80000100]
Error   2026-08-19 13:30:32:655  DevID:MV-CU060-10GC(DA1691703)  Source-Line:libMvCameraControl.so(XmlParse.cpp-L2386)  ProcessName:python3.12(76982)     Description:[GetEnumValue]Get Node Value, Node does not exist, NodeName[MultiLightControl]
Error   2026-08-19 13:30:32:655  DevID:MV-CU060-10GC(DA1691703)  Source-Line:libMvCameraControl.so(GenICamImpl.cpp-L0364)  ProcessName:python3.12(76982)     Description:[GetEnumValue]Property[MultiLightControl], Ret[0x80000100]
Info    2026-08-19 13:30:32:655  DevID:MV-CU060-10GC(DA1691703)  Source-Line:libMvCameraControl.so(GigEStream.cpp-L0067)  ProcessName:python3.12(76982)     Description:[StartAcquisition][GEV]Width[3072], Height[2048], PixelFormat[0x1080009], PayloadSize[6291456], ChunkCount[100], CompressMode[0], DeviceUptime[19099]
Info    2026-08-19 13:30:32:660  DevID:MV-CU060-10GC(DA1691703)  Source-Line:libMvCameraControl.so(StreamGrab.cpp-L0869)  ProcessName:python3.12(76982)     Description:[StartGrabbing]StreamChannel[0], Start grabbing success, There is no registration callback.
Info    2026-08-19 13:30:33:112  DevID:MV-CU060-10GC(DA1691703)  Source-Line:libMvCameraControl.so(StreamGrab.cpp-L0934)  ProcessName:python3.12(76982)     Description:[StopGrabbing]Stop grabbing success! DeviceUptime[19099]
Info    2026-08-19 13:31:04:243  DevID:MV-CU060-10GC(DA1691703)  Source-Line:libMvCameraControl.so(GigEDevice.cpp-L0648)  ProcessName:python3.12(76982)     Description:[CloseGigEDevice] Close device begin!
Error   2026-08-19 13:31:04:243  DevID:MV-CU060-10GC(DA1691703)  Source-Line:libMvCameraControl.so(StreamGrab.cpp-L0882)  ProcessName:python3.12(76982)     Description:[StopGrabbing]StreamChannel[0], bGrabbing[0], pDevStream[0x24db2c80]
Info    2026-08-19 13:31:04:243  DevID:MV-CU060-10GC(DA1691703)  Source-Line:libMvCameraControl.so(StreamGrab.cpp-L0270)  ProcessName:python3.12(76982)     Description:[Close]Stream channel[0] closed
Info    2026-08-19 13:31:04:244  DevID:MV-CU060-10GC(DA1691703)  Source-Line:libMvCameraControl.so(GigEDevice.cpp-L0665)  ProcessName:python3.12(76982)     Description:[CloseGigEDevice]DeviceUptime[19130]
Info    2026-08-19 13:31:04:358  DevID:MV-CU060-10GC(DA1691703)  Source-Line:libMvCameraControl.so(GigEDevice.cpp-L0687)  ProcessName:python3.12(76982)     Description:[CloseGigEDevice]Close device success!
Info    2026-08-19 13:31:04:359  DevID:MV-CU060-10GC(DA1691703)  Source-Line:libMvCameraControl.so(GigEDeviceEvent.cpp-L0046)  ProcessName:python3.12(76982)     Description:[Deinit]GigEDeviceEvent Deinit  RecvAllEvent  [0],
Warning 2026-08-19 13:31:13:053  DevID:  Source-Line:libMvCameraControl.so(GenTLLoadLibraryEx.cpp-L0350)  ProcessName:python3.12(79099)     Description:[LoadCtiLibInter]MV_GCSetConfigIntValue is NULL, CTI path[/opt/MVS/lib/64/libMvProducerVIR.so]
Info    2026-08-19 13:31:13:054  DevID:  Source-Line:libMvCameraControl.so(GigELoadLibrary.cpp-L1607)  ProcessName:python3.12(79099)     Description:[LoadGigEAllFunctions]Load MVGigEVisionSDK success
Warning 2026-08-19 13:31:13:054  DevID:Virtual GigE Vision  Source-Line:libMvCameraControl.so(GenTLManager.cpp-L1360)  ProcessName:python3.12(79099)     Description:[OpenInterfaceInter]Get cti version failed, nRet[0x8000000c]
Info    2026-08-19 13:31:13:054  DevID:Virtual GigE Vision  Source-Line:libMvCameraControl.so(GenTLManager.cpp-L1362)  ProcessName:python3.12(79099)     Description:[OpenInterfaceInter]Interface open success! VIRGEVCtiVersion[], VIRGEVDrvVersion[]
Warning 2026-08-19 13:31:13:054  DevID:Virtual USB3 Vision  Source-Line:libMvCameraControl.so(GenTLManager.cpp-L1360)  ProcessName:python3.12(79099)     Description:[OpenInterfaceInter]Get cti version failed, nRet[0x8000000c]
Info    2026-08-19 13:31:13:054  DevID:Virtual USB3 Vision  Source-Line:libMvCameraControl.so(GenTLManager.cpp-L1362)  ProcessName:python3.12(79099)     Description:[OpenInterfaceInter]Interface open success! VIRU3VCtiVersion[], VIRU3VDrvVersion[]
Info    2026-08-19 13:31:13:174  DevID:MV-CU060-10GC(DA1691703)  Source-Line:libMvCameraControl.so(GigEDevice.cpp-L0263)  ProcessName:python3.12(79099)     Description:[Init]GEV INFO DeviceIP[192.168.1.20], NetIP[192.168.1.21], ManufacturerInfo[Hikrobot], DeviceVersion[V4.0.1 220113 751901], UserID[]
Info    2026-08-19 13:31:13:174  DevID:MV-CU060-10GC(DA1691703)  Source-Line:libMvCameraControl.so(MediaProcess.cpp-L0884)  ProcessName:python3.12(79099)     Description:[SetBayerCvtQuality]Set Bayer CvtQuality success! BayerCvtQuality[1]
Info    2026-08-19 13:31:13:174  DevID:MV-CU060-10GC(DA1691703)  Source-Line:libMvCameraControl.so(MediaProcess.cpp-L1732)  ProcessName:python3.12(79099)     Description:[SetBayerThreadNum]Set Bayer Thread Num success! BayerThreadNum[4]
Info    2026-08-19 13:31:13:174  DevID:MV-CU060-10GC(DA1691703)  Source-Line:libMvCameraControl.so(MediaProcess.cpp-L0884)  ProcessName:python3.12(79099)     Description:[SetBayerCvtQuality]Set Bayer CvtQuality success! BayerCvtQuality[1]
Info    2026-08-19 13:31:13:174  DevID:MV-CU060-10GC(DA1691703)  Source-Line:libMvCameraControl.so(MediaProcess.cpp-L1732)  ProcessName:python3.12(79099)     Description:[SetBayerThreadNum]Set Bayer Thread Num success! BayerThreadNum[4]
Info    2026-08-19 13:31:13:174  DevID:MV-CU060-10GC(DA1691703)  Source-Line:libMvCameraControl.so(GigEDevice.cpp-L0299)  ProcessName:python3.12(79099)     Description:[IsValidVersion]MvCameraControl Version[0x4070103], GigE SDKVersion[0x4070101], DriverVersion[0x0]
Info    2026-08-19 13:31:13:208  DevID:  Source-Line:libMvCameraControl.so(CacheXmlToFile.cpp-L0516)  ProcessName:python3.12(79099)     Description:[ReadCacheFile]ReadLocalFile XMLPath[SchemaVersion.1.0@Hikrobot#GEV#MV-CU060-10GC#V4.0.1 220113 751901@XMLVersion.1.0.0.zip]
Info    2026-08-19 13:31:13:208  DevID:MV-CU060-10GC(DA1691703)  Source-Line:libMvCameraControl.so(GigEDevice.cpp-L0464)  ProcessName:python3.12(79099)     Description:[GetXmlInfo]Get GenICamXML From local File, len [0x17ca0] Type[1]
Info    2026-08-19 13:31:13:408  DevID:MV-CU060-10GC(DA1691703)  Source-Line:libMvCameraControl.so(GigEDevice.cpp-L0805)  ProcessName:python3.12(79099)     Description:[OpenDevice]Load XML success
Info    2026-08-19 13:31:13:410  DevID:MV-CU060-10GC(DA1691703)  Source-Line:libMvCameraControl.so(GenICamImpl.cpp-L0752)  ProcessName:python3.12(79099)     Description:[InvalidateNodes]Invalidate Nodes success
Info    2026-08-19 13:31:13:410  DevID:MV-CU060-10GC(DA1691703)  Source-Line:libMvCameraControl.so(GigEDevice.cpp-L0818)  ProcessName:python3.12(79099)     Description:[OpenDevice]Invalidate Nodes success
Info    2026-08-19 13:31:13:412  DevID:MV-CU060-10GC(DA1691703)  Source-Line:libMvCameraControl.so(StreamGrab.cpp-L0234)  ProcessName:python3.12(79099)     Description:[Open]Stream channel[0] opened
Info    2026-08-19 13:31:13:413  DevID:MV-CU060-10GC(DA1691703)  Source-Line:libMvCameraControl.so(GigEDevice.cpp-L0849)  ProcessName:python3.12(79099)     Description:[OpenDevice]Open device success! PrivilegeMode[1], SwitchoverKey[0], DeviceUptime[19139],DeviceFirmwareVersion[V4.0.1 220113751901 21122802]
Info    2026-08-19 13:31:13:413  DevID:MV-CU060-10GC(DA1691703)  Source-Line:libMvCameraControl.so(GigEDevice.cpp-L0865)  ProcessName:python3.12(79099)     Description:[OpenDevice]OpenDevice, cost time 239.000000ms 
Info    2026-08-19 13:31:13:413  DevID:  Source-Line:libMvCameraControl.so(GenICamImpl.cpp-L2342)  ProcessName:python3.12(79099)     Description:[RecordThread]RecordThread Start, ThreadId[132629345068736]
Info    2026-08-19 13:31:13:418  DevID:MV-CU060-10GC(DA1691703)  Source-Line:libMvCameraControl.so(GenICamImpl.cpp-L2373)  ProcessName:python3.12(79099)     Description:[RecordThreadProc][Record] Get BlackLevel value [200]
Info    2026-08-19 13:31:13:421  DevID:MV-CU060-10GC(DA1691703)  Source-Line:libMvCameraControl.so(GenICamImpl.cpp-L2395)  ProcessName:python3.12(79099)     Description:[RecordThreadProc][Record] Get BalanceWhiteAuto Value [1] (0:off 1:contineu; 2:once):
Info    2026-08-19 13:31:13:425  DevID:MV-CU060-10GC(DA1691703)  Source-Line:libMvCameraControl.so(GenICamImpl.cpp-L2461)  ProcessName:python3.12(79099)     Description:[RecordThreadProc][Record] Get ExposureAuto value [0]
Info    2026-08-19 13:31:13:429  DevID:MV-CU060-10GC(DA1691703)  Source-Line:libMvCameraControl.so(GenICamImpl.cpp-L2483)  ProcessName:python3.12(79099)     Description:[RecordThreadProc][Record] Get ExposureTime value [5000.000000] 
Info    2026-08-19 13:31:13:433  DevID:MV-CU060-10GC(DA1691703)  Source-Line:libMvCameraControl.so(GenICamImpl.cpp-L2504)  ProcessName:python3.12(79099)     Description:[RecordThreadProc][Record] Get GainAuto value [0] (0:off 1:contineu; 2:once):
Info    2026-08-19 13:31:13:439  DevID:MV-CU060-10GC(DA1691703)  Source-Line:libMvCameraControl.so(GenICamImpl.cpp-L2525)  ProcessName:python3.12(79099)     Description:[RecordThreadProc][Record] Get Gain value [23.011900] 
Info    2026-08-19 13:31:13:451  DevID:MV-CU060-10GC(DA1691703)  Source-Line:libMvCameraControl.so(GenICamImpl.cpp-L2546)  ProcessName:python3.12(79099)     Description:[RecordThreadProc][Record] Get PixelFormat value [17301513] :
Info    2026-08-19 13:31:13:459  DevID:MV-CU060-10GC(DA1691703)  Source-Line:libMvCameraControl.so(GenICamImpl.cpp-L2567)  ProcessName:python3.12(79099)     Description:[RecordThreadProc][Record] Get GammaEnable value [0] 
Info    2026-08-19 13:31:13:461  DevID:MV-CU060-10GC(DA1691703)  Source-Line:libMvCameraControl.so(GenICamImpl.cpp-L2588)  ProcessName:python3.12(79099)     Description:[RecordThreadProc][Record] Get Gamma value [0.700000] 
Info    2026-08-19 13:31:13:462  DevID:MV-CU060-10GC(DA1691703)  Source-Line:libMvCameraControl.so(GenICamImpl.cpp-L2609)  ProcessName:python3.12(79099)     Description:[RecordThreadProc][Record] Get UserSetCurrent value [0]
Info    2026-08-19 13:31:13:464  DevID:MV-CU060-10GC(DA1691703)  Source-Line:libMvCameraControl.so(GenICamImpl.cpp-L2630)  ProcessName:python3.12(79099)     Description:[RecordThreadProc][Record] Get UserSetSelector value [0] 
Info    2026-08-19 13:31:13:465  DevID:MV-CU060-10GC(DA1691703)  Source-Line:libMvCameraControl.so(GenICamImpl.cpp-L2651)  ProcessName:python3.12(79099)     Description:[RecordThreadProc][Record] Get UserSetDefault value[0]
Info    2026-08-19 13:31:13:465  DevID:  Source-Line:libMvCameraControl.so(GenICamImpl.cpp-L2347)  ProcessName:python3.12(79099)     Description:[RecordThread]RecordThread End, ThreadId[132629345068736]
Info    2026-08-19 13:31:27:119  DevID:MV-CU060-10GC(DA1691703)  Source-Line:libMvCameraControl.so(GigEDevice.cpp-L1351)  ProcessName:python3.12(79099)     Description:[IsDeviceConnected]IsDeviceConnected success, Ret[true]
Error   2026-08-19 13:31:27:141  DevID:MV-CU060-10GC(DA1691703)  Source-Line:libMvCameraControl.so(GenICamImpl.cpp-L1111)  ProcessName:python3.12(79099)     Description:[XML_GetNodeAccessMode]PropertyName[PartialImageOutputMode], Ret[0x80000100]
Error   2026-08-19 13:31:27:144  DevID:MV-CU060-10GC(DA1691703)  Source-Line:libMvCameraControl.so(GenICamImpl.cpp-L1111)  ProcessName:python3.12(79099)     Description:[XML_GetNodeAccessMode]PropertyName[SeqExpEnable], Ret[0x80000100]
Error   2026-08-19 13:31:27:144  DevID:MV-CU060-10GC(DA1691703)  Source-Line:libMvCameraControl.so(XmlParse.cpp-L3037)  ProcessName:python3.12(79099)     Description:[GetBooleanValue]Get Node Value, Node does not exist, NodeName[SeqExpEnable]
Error   2026-08-19 13:31:27:144  DevID:MV-CU060-10GC(DA1691703)  Source-Line:libMvCameraControl.so(GenICamImpl.cpp-L0551)  ProcessName:python3.12(79099)     Description:[GetBoolValue]Property[SeqExpEnable], Ret[0x80000100]
Error   2026-08-19 13:31:27:144  DevID:MV-CU060-10GC(DA1691703)  Source-Line:libMvCameraControl.so(GenICamImpl.cpp-L1111)  ProcessName:python3.12(79099)     Description:[XML_GetNodeAccessMode]PropertyName[MultiLightControl], Ret[0x80000100]
Error   2026-08-19 13:31:27:145  DevID:MV-CU060-10GC(DA1691703)  Source-Line:libMvCameraControl.so(XmlParse.cpp-L2386)  ProcessName:python3.12(79099)     Description:[GetEnumValue]Get Node Value, Node does not exist, NodeName[MultiLightControl]
Error   2026-08-19 13:31:27:145  DevID:MV-CU060-10GC(DA1691703)  Source-Line:libMvCameraControl.so(GenICamImpl.cpp-L0364)  ProcessName:python3.12(79099)     Description:[GetEnumValue]Property[MultiLightControl], Ret[0x80000100]
Info    2026-08-19 13:31:27:145  DevID:MV-CU060-10GC(DA1691703)  Source-Line:libMvCameraControl.so(GigEStream.cpp-L0067)  ProcessName:python3.12(79099)     Description:[StartAcquisition][GEV]Width[3072], Height[2048], PixelFormat[0x1080009], PayloadSize[6291456], ChunkCount[100], CompressMode[0], DeviceUptime[19153]
Info    2026-08-19 13:31:27:153  DevID:MV-CU060-10GC(DA1691703)  Source-Line:libMvCameraControl.so(StreamGrab.cpp-L0869)  ProcessName:python3.12(79099)     Description:[StartGrabbing]StreamChannel[0], Start grabbing success, There is no registration callback.
Info    2026-08-19 13:31:27:600  DevID:MV-CU060-10GC(DA1691703)  Source-Line:libMvCameraControl.so(StreamGrab.cpp-L0934)  ProcessName:python3.12(79099)     Description:[StopGrabbing]Stop grabbing success! DeviceUptime[19154]
Info    2026-08-19 13:31:58:444  DevID:MV-CU060-10GC(DA1691703)  Source-Line:libMvCameraControl.so(GigEDevice.cpp-L1351)  ProcessName:python3.12(79099)     Description:[IsDeviceConnected]IsDeviceConnected success, Ret[true]
Error   2026-08-19 13:31:58:454  DevID:MV-CU060-10GC(DA1691703)  Source-Line:libMvCameraControl.so(GenICamImpl.cpp-L1111)  ProcessName:python3.12(79099)     Description:[XML_GetNodeAccessMode]PropertyName[PartialImageOutputMode], Ret[0x80000100]
Error   2026-08-19 13:31:58:456  DevID:MV-CU060-10GC(DA1691703)  Source-Line:libMvCameraControl.so(GenICamImpl.cpp-L1111)  ProcessName:python3.12(79099)     Description:[XML_GetNodeAccessMode]PropertyName[SeqExpEnable], Ret[0x80000100]
Error   2026-08-19 13:31:58:456  DevID:MV-CU060-10GC(DA1691703)  Source-Line:libMvCameraControl.so(XmlParse.cpp-L3037)  ProcessName:python3.12(79099)     Description:[GetBooleanValue]Get Node Value, Node does not exist, NodeName[SeqExpEnable]
Error   2026-08-19 13:31:58:456  DevID:MV-CU060-10GC(DA1691703)  Source-Line:libMvCameraControl.so(GenICamImpl.cpp-L0551)  ProcessName:python3.12(79099)     Description:[GetBoolValue]Property[SeqExpEnable], Ret[0x80000100]
Error   2026-08-19 13:31:58:456  DevID:MV-CU060-10GC(DA1691703)  Source-Line:libMvCameraControl.so(GenICamImpl.cpp-L1111)  ProcessName:python3.12(79099)     Description:[XML_GetNodeAccessMode]PropertyName[MultiLightControl], Ret[0x80000100]
Error   2026-08-19 13:31:58:456  DevID:MV-CU060-10GC(DA1691703)  Source-Line:libMvCameraControl.so(XmlParse.cpp-L2386)  ProcessName:python3.12(79099)     Description:[GetEnumValue]Get Node Value, Node does not exist, NodeName[MultiLightControl]
Error   2026-08-19 13:31:58:456  DevID:MV-CU060-10GC(DA1691703)  Source-Line:libMvCameraControl.so(GenICamImpl.cpp-L0364)  ProcessName:python3.12(79099)     Description:[GetEnumValue]Property[MultiLightControl], Ret[0x80000100]
Info    2026-08-19 13:31:58:456  DevID:MV-CU060-10GC(DA1691703)  Source-Line:libMvCameraControl.so(GigEStream.cpp-L0067)  ProcessName:python3.12(79099)     Description:[StartAcquisition][GEV]Width[3072], Height[2048], PixelFormat[0x1080009], PayloadSize[6291456], ChunkCount[100], CompressMode[0], DeviceUptime[19184]
Info    2026-08-19 13:31:58:462  DevID:MV-CU060-10GC(DA1691703)  Source-Line:libMvCameraControl.so(StreamGrab.cpp-L0869)  ProcessName:python3.12(79099)     Description:[StartGrabbing]StreamChannel[0], Start grabbing success, There is no registration callback.
Info    2026-08-19 13:31:58:916  DevID:MV-CU060-10GC(DA1691703)  Source-Line:libMvCameraControl.so(StreamGrab.cpp-L0934)  ProcessName:python3.12(79099)     Description:[StopGrabbing]Stop grabbing success! DeviceUptime[19185]
Info    2026-08-19 13:32:31:957  DevID:MV-CU060-10GC(DA1691703)  Source-Line:libMvCameraControl.so(GigEDevice.cpp-L1351)  ProcessName:python3.12(79099)     Description:[IsDeviceConnected]IsDeviceConnected success, Ret[true]
Error   2026-08-19 13:32:31:967  DevID:MV-CU060-10GC(DA1691703)  Source-Line:libMvCameraControl.so(GenICamImpl.cpp-L1111)  ProcessName:python3.12(79099)     Description:[XML_GetNodeAccessMode]PropertyName[PartialImageOutputMode], Ret[0x80000100]
Error   2026-08-19 13:32:31:969  DevID:MV-CU060-10GC(DA1691703)  Source-Line:libMvCameraControl.so(GenICamImpl.cpp-L1111)  ProcessName:python3.12(79099)     Description:[XML_GetNodeAccessMode]PropertyName[SeqExpEnable], Ret[0x80000100]
Error   2026-08-19 13:32:31:969  DevID:MV-CU060-10GC(DA1691703)  Source-Line:libMvCameraControl.so(XmlParse.cpp-L3037)  ProcessName:python3.12(79099)     Description:[GetBooleanValue]Get Node Value, Node does not exist, NodeName[SeqExpEnable]
Error   2026-08-19 13:32:31:969  DevID:MV-CU060-10GC(DA1691703)  Source-Line:libMvCameraControl.so(GenICamImpl.cpp-L0551)  ProcessName:python3.12(79099)     Description:[GetBoolValue]Property[SeqExpEnable], Ret[0x80000100]
Error   2026-08-19 13:32:31:969  DevID:MV-CU060-10GC(DA1691703)  Source-Line:libMvCameraControl.so(GenICamImpl.cpp-L1111)  ProcessName:python3.12(79099)     Description:[XML_GetNodeAccessMode]PropertyName[MultiLightControl], Ret[0x80000100]
Error   2026-08-19 13:32:31:969  DevID:MV-CU060-10GC(DA1691703)  Source-Line:libMvCameraControl.so(XmlParse.cpp-L2386)  ProcessName:python3.12(79099)     Description:[GetEnumValue]Get Node Value, Node does not exist, NodeName[MultiLightControl]
Error   2026-08-19 13:32:31:969  DevID:MV-CU060-10GC(DA1691703)  Source-Line:libMvCameraControl.so(GenICamImpl.cpp-L0364)  ProcessName:python3.12(79099)     Description:[GetEnumValue]Property[MultiLightControl], Ret[0x80000100]
Info    2026-08-19 13:32:31:969  DevID:MV-CU060-10GC(DA1691703)  Source-Line:libMvCameraControl.so(GigEStream.cpp-L0067)  ProcessName:python3.12(79099)     Description:[StartAcquisition][GEV]Width[3072], Height[2048], PixelFormat[0x1080009], PayloadSize[6291456], ChunkCount[100], CompressMode[0], DeviceUptime[19218]
Info    2026-08-19 13:32:31:974  DevID:MV-CU060-10GC(DA1691703)  Source-Line:libMvCameraControl.so(StreamGrab.cpp-L0869)  ProcessName:python3.12(79099)     Description:[StartGrabbing]StreamChannel[0], Start grabbing success, There is no registration callback.
Info    2026-08-19 13:32:32:626  DevID:MV-CU060-10GC(DA1691703)  Source-Line:libMvCameraControl.so(StreamGrab.cpp-L0934)  ProcessName:python3.12(79099)     Description:[StopGrabbing]Stop grabbing success! DeviceUptime[19219]
Info    2026-08-19 13:33:04:564  DevID:MV-CU060-10GC(DA1691703)  Source-Line:libMvCameraControl.so(GigEDevice.cpp-L1351)  ProcessName:python3.12(79099)     Description:[IsDeviceConnected]IsDeviceConnected success, Ret[true]
Error   2026-08-19 13:33:04:573  DevID:MV-CU060-10GC(DA1691703)  Source-Line:libMvCameraControl.so(GenICamImpl.cpp-L1111)  ProcessName:python3.12(79099)     Description:[XML_GetNodeAccessMode]PropertyName[PartialImageOutputMode], Ret[0x80000100]
Error   2026-08-19 13:33:04:575  DevID:MV-CU060-10GC(DA1691703)  Source-Line:libMvCameraControl.so(GenICamImpl.cpp-L1111)  ProcessName:python3.12(79099)     Description:[XML_GetNodeAccessMode]PropertyName[SeqExpEnable], Ret[0x80000100]
Error   2026-08-19 13:33:04:575  DevID:MV-CU060-10GC(DA1691703)  Source-Line:libMvCameraControl.so(XmlParse.cpp-L3037)  ProcessName:python3.12(79099)     Description:[GetBooleanValue]Get Node Value, Node does not exist, NodeName[SeqExpEnable]
Error   2026-08-19 13:33:04:575  DevID:MV-CU060-10GC(DA1691703)  Source-Line:libMvCameraControl.so(GenICamImpl.cpp-L0551)  ProcessName:python3.12(79099)     Description:[GetBoolValue]Property[SeqExpEnable], Ret[0x80000100]
Error   2026-08-19 13:33:04:575  DevID:MV-CU060-10GC(DA1691703)  Source-Line:libMvCameraControl.so(GenICamImpl.cpp-L1111)  ProcessName:python3.12(79099)     Description:[XML_GetNodeAccessMode]PropertyName[MultiLightControl], Ret[0x80000100]
Error   2026-08-19 13:33:04:575  DevID:MV-CU060-10GC(DA1691703)  Source-Line:libMvCameraControl.so(XmlParse.cpp-L2386)  ProcessName:python3.12(79099)     Description:[GetEnumValue]Get Node Value, Node does not exist, NodeName[MultiLightControl]
Error   2026-08-19 13:33:04:575  DevID:MV-CU060-10GC(DA1691703)  Source-Line:libMvCameraControl.so(GenICamImpl.cpp-L0364)  ProcessName:python3.12(79099)     Description:[GetEnumValue]Property[MultiLightControl], Ret[0x80000100]
Info    2026-08-19 13:33:04:575  DevID:MV-CU060-10GC(DA1691703)  Source-Line:libMvCameraControl.so(GigEStream.cpp-L0067)  ProcessName:python3.12(79099)     Description:[StartAcquisition][GEV]Width[3072], Height[2048], PixelFormat[0x1080009], PayloadSize[6291456], ChunkCount[100], CompressMode[0], DeviceUptime[19251]
Info    2026-08-19 13:33:04:580  DevID:MV-CU060-10GC(DA1691703)  Source-Line:libMvCameraControl.so(StreamGrab.cpp-L0869)  ProcessName:python3.12(79099)     Description:[StartGrabbing]StreamChannel[0], Start grabbing success, There is no registration callback.
Info    2026-08-19 13:33:05:090  DevID:MV-CU060-10GC(DA1691703)  Source-Line:libMvCameraControl.so(StreamGrab.cpp-L0934)  ProcessName:python3.12(79099)     Description:[StopGrabbing]Stop grabbing success! DeviceUptime[19251]
Info    2026-08-19 13:33:35:890  DevID:MV-CU060-10GC(DA1691703)  Source-Line:libMvCameraControl.so(GigEDevice.cpp-L1351)  ProcessName:python3.12(79099)     Description:[IsDeviceConnected]IsDeviceConnected success, Ret[true]
Error   2026-08-19 13:33:35:899  DevID:MV-CU060-10GC(DA1691703)  Source-Line:libMvCameraControl.so(GenICamImpl.cpp-L1111)  ProcessName:python3.12(79099)     Description:[XML_GetNodeAccessMode]PropertyName[PartialImageOutputMode], Ret[0x80000100]
Error   2026-08-19 13:33:35:901  DevID:MV-CU060-10GC(DA1691703)  Source-Line:libMvCameraControl.so(GenICamImpl.cpp-L1111)  ProcessName:python3.12(79099)     Description:[XML_GetNodeAccessMode]PropertyName[SeqExpEnable], Ret[0x80000100]
Error   2026-08-19 13:33:35:901  DevID:MV-CU060-10GC(DA1691703)  Source-Line:libMvCameraControl.so(XmlParse.cpp-L3037)  ProcessName:python3.12(79099)     Description:[GetBooleanValue]Get Node Value, Node does not exist, NodeName[SeqExpEnable]
Error   2026-08-19 13:33:35:901  DevID:MV-CU060-10GC(DA1691703)  Source-Line:libMvCameraControl.so(GenICamImpl.cpp-L0551)  ProcessName:python3.12(79099)     Description:[GetBoolValue]Property[SeqExpEnable], Ret[0x80000100]
Error   2026-08-19 13:33:35:901  DevID:MV-CU060-10GC(DA1691703)  Source-Line:libMvCameraControl.so(GenICamImpl.cpp-L1111)  ProcessName:python3.12(79099)     Description:[XML_GetNodeAccessMode]PropertyName[MultiLightControl], Ret[0x80000100]
Error   2026-08-19 13:33:35:901  DevID:MV-CU060-10GC(DA1691703)  Source-Line:libMvCameraControl.so(XmlParse.cpp-L2386)  ProcessName:python3.12(79099)     Description:[GetEnumValue]Get Node Value, Node does not exist, NodeName[MultiLightControl]
Error   2026-08-19 13:33:35:901  DevID:MV-CU060-10GC(DA1691703)  Source-Line:libMvCameraControl.so(GenICamImpl.cpp-L0364)  ProcessName:python3.12(79099)     Description:[GetEnumValue]Property[MultiLightControl], Ret[0x80000100]
Info    2026-08-19 13:33:35:901  DevID:MV-CU060-10GC(DA1691703)  Source-Line:libMvCameraControl.so(GigEStream.cpp-L0067)  ProcessName:python3.12(79099)     Description:[StartAcquisition][GEV]Width[3072], Height[2048], PixelFormat[0x1080009], PayloadSize[6291456], ChunkCount[100], CompressMode[0], DeviceUptime[19282]
Info    2026-08-19 13:33:35:907  DevID:MV-CU060-10GC(DA1691703)  Source-Line:libMvCameraControl.so(StreamGrab.cpp-L0869)  ProcessName:python3.12(79099)     Description:[StartGrabbing]StreamChannel[0], Start grabbing success, There is no registration callback.
Info    2026-08-19 13:33:36:419  DevID:MV-CU060-10GC(DA1691703)  Source-Line:libMvCameraControl.so(StreamGrab.cpp-L0934)  ProcessName:python3.12(79099)     Description:[StopGrabbing]Stop grabbing success! DeviceUptime[19282]
Info    2026-08-19 13:34:06:290  DevID:MV-CU060-10GC(DA1691703)  Source-Line:libMvCameraControl.so(GigEDevice.cpp-L1351)  ProcessName:python3.12(79099)     Description:[IsDeviceConnected]IsDeviceConnected success, Ret[true]
Error   2026-08-19 13:34:06:300  DevID:MV-CU060-10GC(DA1691703)  Source-Line:libMvCameraControl.so(GenICamImpl.cpp-L1111)  ProcessName:python3.12(79099)     Description:[XML_GetNodeAccessMode]PropertyName[PartialImageOutputMode], Ret[0x80000100]
Error   2026-08-19 13:34:06:302  DevID:MV-CU060-10GC(DA1691703)  Source-Line:libMvCameraControl.so(GenICamImpl.cpp-L1111)  ProcessName:python3.12(79099)     Description:[XML_GetNodeAccessMode]PropertyName[SeqExpEnable], Ret[0x80000100]
Error   2026-08-19 13:34:06:302  DevID:MV-CU060-10GC(DA1691703)  Source-Line:libMvCameraControl.so(XmlParse.cpp-L3037)  ProcessName:python3.12(79099)     Description:[GetBooleanValue]Get Node Value, Node does not exist, NodeName[SeqExpEnable]
Error   2026-08-19 13:34:06:302  DevID:MV-CU060-10GC(DA1691703)  Source-Line:libMvCameraControl.so(GenICamImpl.cpp-L0551)  ProcessName:python3.12(79099)     Description:[GetBoolValue]Property[SeqExpEnable], Ret[0x80000100]
Error   2026-08-19 13:34:06:302  DevID:MV-CU060-10GC(DA1691703)  Source-Line:libMvCameraControl.so(GenICamImpl.cpp-L1111)  ProcessName:python3.12(79099)     Description:[XML_GetNodeAccessMode]PropertyName[MultiLightControl], Ret[0x80000100]
Error   2026-08-19 13:34:06:302  DevID:MV-CU060-10GC(DA1691703)  Source-Line:libMvCameraControl.so(XmlParse.cpp-L2386)  ProcessName:python3.12(79099)     Description:[GetEnumValue]Get Node Value, Node does not exist, NodeName[MultiLightControl]
Error   2026-08-19 13:34:06:302  DevID:MV-CU060-10GC(DA1691703)  Source-Line:libMvCameraControl.so(GenICamImpl.cpp-L0364)  ProcessName:python3.12(79099)     Description:[GetEnumValue]Property[MultiLightControl], Ret[0x80000100]
Info    2026-08-19 13:34:06:302  DevID:MV-CU060-10GC(DA1691703)  Source-Line:libMvCameraControl.so(GigEStream.cpp-L0067)  ProcessName:python3.12(79099)     Description:[StartAcquisition][GEV]Width[3072], Height[2048], PixelFormat[0x1080009], PayloadSize[6291456], ChunkCount[100], CompressMode[0], DeviceUptime[19312]
Info    2026-08-19 13:34:06:307  DevID:MV-CU060-10GC(DA1691703)  Source-Line:libMvCameraControl.so(StreamGrab.cpp-L0869)  ProcessName:python3.12(79099)     Description:[StartGrabbing]StreamChannel[0], Start grabbing success, There is no registration callback.
Info    2026-08-19 13:34:06:822  DevID:MV-CU060-10GC(DA1691703)  Source-Line:libMvCameraControl.so(StreamGrab.cpp-L0934)  ProcessName:python3.12(79099)     Description:[StopGrabbing]Stop grabbing success! DeviceUptime[19313]
Info    2026-08-19 13:34:36:784  DevID:MV-CU060-10GC(DA1691703)  Source-Line:libMvCameraControl.so(GigEDevice.cpp-L1351)  ProcessName:python3.12(79099)     Description:[IsDeviceConnected]IsDeviceConnected success, Ret[true]
Error   2026-08-19 13:34:36:795  DevID:MV-CU060-10GC(DA1691703)  Source-Line:libMvCameraControl.so(GenICamImpl.cpp-L1111)  ProcessName:python3.12(79099)     Description:[XML_GetNodeAccessMode]PropertyName[PartialImageOutputMode], Ret[0x80000100]
Error   2026-08-19 13:34:36:797  DevID:MV-CU060-10GC(DA1691703)  Source-Line:libMvCameraControl.so(GenICamImpl.cpp-L1111)  ProcessName:python3.12(79099)     Description:[XML_GetNodeAccessMode]PropertyName[SeqExpEnable], Ret[0x80000100]
Error   2026-08-19 13:34:36:797  DevID:MV-CU060-10GC(DA1691703)  Source-Line:libMvCameraControl.so(XmlParse.cpp-L3037)  ProcessName:python3.12(79099)     Description:[GetBooleanValue]Get Node Value, Node does not exist, NodeName[SeqExpEnable]
Error   2026-08-19 13:34:36:797  DevID:MV-CU060-10GC(DA1691703)  Source-Line:libMvCameraControl.so(GenICamImpl.cpp-L0551)  ProcessName:python3.12(79099)     Description:[GetBoolValue]Property[SeqExpEnable], Ret[0x80000100]
Error   2026-08-19 13:34:36:797  DevID:MV-CU060-10GC(DA1691703)  Source-Line:libMvCameraControl.so(GenICamImpl.cpp-L1111)  ProcessName:python3.12(79099)     Description:[XML_GetNodeAccessMode]PropertyName[MultiLightControl], Ret[0x80000100]
Error   2026-08-19 13:34:36:797  DevID:MV-CU060-10GC(DA1691703)  Source-Line:libMvCameraControl.so(XmlParse.cpp-L2386)  ProcessName:python3.12(79099)     Description:[GetEnumValue]Get Node Value, Node does not exist, NodeName[MultiLightControl]
Error   2026-08-19 13:34:36:797  DevID:MV-CU060-10GC(DA1691703)  Source-Line:libMvCameraControl.so(GenICamImpl.cpp-L0364)  ProcessName:python3.12(79099)     Description:[GetEnumValue]Property[MultiLightControl], Ret[0x80000100]
Info    2026-08-19 13:34:36:797  DevID:MV-CU060-10GC(DA1691703)  Source-Line:libMvCameraControl.so(GigEStream.cpp-L0067)  ProcessName:python3.12(79099)     Description:[StartAcquisition][GEV]Width[3072], Height[2048], PixelFormat[0x1080009], PayloadSize[6291456], ChunkCount[100], CompressMode[0], DeviceUptime[19343]
Info    2026-08-19 13:34:36:802  DevID:MV-CU060-10GC(DA1691703)  Source-Line:libMvCameraControl.so(StreamGrab.cpp-L0869)  ProcessName:python3.12(79099)     Description:[StartGrabbing]StreamChannel[0], Start grabbing success, There is no registration callback.
Info    2026-08-19 13:34:37:287  DevID:MV-CU060-10GC(DA1691703)  Source-Line:libMvCameraControl.so(StreamGrab.cpp-L0934)  ProcessName:python3.12(79099)     Description:[StopGrabbing]Stop grabbing success! DeviceUptime[19343]
Info    2026-08-19 13:34:41:572  DevID:MV-CU060-10GC(DA1691703)  Source-Line:libMvCameraControl.so(GigEDevice.cpp-L0648)  ProcessName:python3.12(79099)     Description:[CloseGigEDevice] Close device begin!
Error   2026-08-19 13:34:41:572  DevID:MV-CU060-10GC(DA1691703)  Source-Line:libMvCameraControl.so(StreamGrab.cpp-L0882)  ProcessName:python3.12(79099)     Description:[StopGrabbing]StreamChannel[0], bGrabbing[0], pDevStream[0x28aab8e0]
Info    2026-08-19 13:34:41:572  DevID:MV-CU060-10GC(DA1691703)  Source-Line:libMvCameraControl.so(StreamGrab.cpp-L0270)  ProcessName:python3.12(79099)     Description:[Close]Stream channel[0] closed
Info    2026-08-19 13:34:41:573  DevID:MV-CU060-10GC(DA1691703)  Source-Line:libMvCameraControl.so(GigEDevice.cpp-L0665)  ProcessName:python3.12(79099)     Description:[CloseGigEDevice]DeviceUptime[19348]
Info    2026-08-19 13:34:41:681  DevID:MV-CU060-10GC(DA1691703)  Source-Line:libMvCameraControl.so(GigEDevice.cpp-L0687)  ProcessName:python3.12(79099)     Description:[CloseGigEDevice]Close device success!
Info    2026-08-19 13:34:41:681  DevID:MV-CU060-10GC(DA1691703)  Source-Line:libMvCameraControl.so(GigEDeviceEvent.cpp-L0046)  ProcessName:python3.12(79099)     Description:[Deinit]GigEDeviceEvent Deinit  RecvAllEvent  [0],
Warning 2026-08-19 13:34:48:135  DevID:  Source-Line:libMvCameraControl.so(GenTLLoadLibraryEx.cpp-L0350)  ProcessName:python3.12(84250)     Description:[LoadCtiLibInter]MV_GCSetConfigIntValue is NULL, CTI path[/opt/MVS/lib/64/libMvProducerVIR.so]
Info    2026-08-19 13:34:48:135  DevID:  Source-Line:libMvCameraControl.so(GigELoadLibrary.cpp-L1607)  ProcessName:python3.12(84250)     Description:[LoadGigEAllFunctions]Load MVGigEVisionSDK success
Warning 2026-08-19 13:34:48:149  DevID:Virtual GigE Vision  Source-Line:libMvCameraControl.so(GenTLManager.cpp-L1360)  ProcessName:python3.12(84250)     Description:[OpenInterfaceInter]Get cti version failed, nRet[0x8000000c]
Info    2026-08-19 13:34:48:149  DevID:Virtual GigE Vision  Source-Line:libMvCameraControl.so(GenTLManager.cpp-L1362)  ProcessName:python3.12(84250)     Description:[OpenInterfaceInter]Interface open success! VIRGEVCtiVersion[], VIRGEVDrvVersion[]
Warning 2026-08-19 13:34:48:149  DevID:Virtual USB3 Vision  Source-Line:libMvCameraControl.so(GenTLManager.cpp-L1360)  ProcessName:python3.12(84250)     Description:[OpenInterfaceInter]Get cti version failed, nRet[0x8000000c]
Info    2026-08-19 13:34:48:149  DevID:Virtual USB3 Vision  Source-Line:libMvCameraControl.so(GenTLManager.cpp-L1362)  ProcessName:python3.12(84250)     Description:[OpenInterfaceInter]Interface open success! VIRU3VCtiVersion[], VIRU3VDrvVersion[]
Info    2026-08-19 13:34:48:255  DevID:MV-CU060-10GC(DA1691703)  Source-Line:libMvCameraControl.so(GigEDevice.cpp-L0263)  ProcessName:python3.12(84250)     Description:[Init]GEV INFO DeviceIP[192.168.1.20], NetIP[192.168.1.21], ManufacturerInfo[Hikrobot], DeviceVersion[V4.0.1 220113 751901], UserID[]
Info    2026-08-19 13:34:48:255  DevID:MV-CU060-10GC(DA1691703)  Source-Line:libMvCameraControl.so(MediaProcess.cpp-L0884)  ProcessName:python3.12(84250)     Description:[SetBayerCvtQuality]Set Bayer CvtQuality success! BayerCvtQuality[1]
Info    2026-08-19 13:34:48:255  DevID:MV-CU060-10GC(DA1691703)  Source-Line:libMvCameraControl.so(MediaProcess.cpp-L1732)  ProcessName:python3.12(84250)     Description:[SetBayerThreadNum]Set Bayer Thread Num success! BayerThreadNum[4]
Info    2026-08-19 13:34:48:255  DevID:MV-CU060-10GC(DA1691703)  Source-Line:libMvCameraControl.so(MediaProcess.cpp-L0884)  ProcessName:python3.12(84250)     Description:[SetBayerCvtQuality]Set Bayer CvtQuality success! BayerCvtQuality[1]
Info    2026-08-19 13:34:48:255  DevID:MV-CU060-10GC(DA1691703)  Source-Line:libMvCameraControl.so(MediaProcess.cpp-L1732)  ProcessName:python3.12(84250)     Description:[SetBayerThreadNum]Set Bayer Thread Num success! BayerThreadNum[4]
Info    2026-08-19 13:34:48:255  DevID:MV-CU060-10GC(DA1691703)  Source-Line:libMvCameraControl.so(GigEDevice.cpp-L0299)  ProcessName:python3.12(84250)     Description:[IsValidVersion]MvCameraControl Version[0x4070103], GigE SDKVersion[0x4070101], DriverVersion[0x0]
Info    2026-08-19 13:34:48:289  DevID:  Source-Line:libMvCameraControl.so(CacheXmlToFile.cpp-L0516)  ProcessName:python3.12(84250)     Description:[ReadCacheFile]ReadLocalFile XMLPath[SchemaVersion.1.0@Hikrobot#GEV#MV-CU060-10GC#V4.0.1 220113 751901@XMLVersion.1.0.0.zip]
Info    2026-08-19 13:34:48:289  DevID:MV-CU060-10GC(DA1691703)  Source-Line:libMvCameraControl.so(GigEDevice.cpp-L0464)  ProcessName:python3.12(84250)     Description:[GetXmlInfo]Get GenICamXML From local File, len [0x17ca0] Type[1]
Info    2026-08-19 13:34:48:486  DevID:MV-CU060-10GC(DA1691703)  Source-Line:libMvCameraControl.so(GigEDevice.cpp-L0805)  ProcessName:python3.12(84250)     Description:[OpenDevice]Load XML success
Info    2026-08-19 13:34:48:488  DevID:MV-CU060-10GC(DA1691703)  Source-Line:libMvCameraControl.so(GenICamImpl.cpp-L0752)  ProcessName:python3.12(84250)     Description:[InvalidateNodes]Invalidate Nodes success
Info    2026-08-19 13:34:48:488  DevID:MV-CU060-10GC(DA1691703)  Source-Line:libMvCameraControl.so(GigEDevice.cpp-L0818)  ProcessName:python3.12(84250)     Description:[OpenDevice]Invalidate Nodes success
Info    2026-08-19 13:34:48:490  DevID:MV-CU060-10GC(DA1691703)  Source-Line:libMvCameraControl.so(StreamGrab.cpp-L0234)  ProcessName:python3.12(84250)     Description:[Open]Stream channel[0] opened
Info    2026-08-19 13:34:48:492  DevID:MV-CU060-10GC(DA1691703)  Source-Line:libMvCameraControl.so(GigEDevice.cpp-L0849)  ProcessName:python3.12(84250)     Description:[OpenDevice]Open device success! PrivilegeMode[1], SwitchoverKey[0], DeviceUptime[19354],DeviceFirmwareVersion[V4.0.1 220113751901 21122802]
Info    2026-08-19 13:34:48:492  DevID:MV-CU060-10GC(DA1691703)  Source-Line:libMvCameraControl.so(GigEDevice.cpp-L0865)  ProcessName:python3.12(84250)     Description:[OpenDevice]OpenDevice, cost time 237.000000ms 
Info    2026-08-19 13:34:48:492  DevID:  Source-Line:libMvCameraControl.so(GenICamImpl.cpp-L2342)  ProcessName:python3.12(84250)     Description:[RecordThread]RecordThread Start, ThreadId[129868461237952]
Info    2026-08-19 13:34:48:496  DevID:MV-CU060-10GC(DA1691703)  Source-Line:libMvCameraControl.so(GenICamImpl.cpp-L2373)  ProcessName:python3.12(84250)     Description:[RecordThreadProc][Record] Get BlackLevel value [200]
Info    2026-08-19 13:34:48:500  DevID:MV-CU060-10GC(DA1691703)  Source-Line:libMvCameraControl.so(GenICamImpl.cpp-L2395)  ProcessName:python3.12(84250)     Description:[RecordThreadProc][Record] Get BalanceWhiteAuto Value [1] (0:off 1:contineu; 2:once):
Info    2026-08-19 13:34:48:503  DevID:MV-CU060-10GC(DA1691703)  Source-Line:libMvCameraControl.so(GenICamImpl.cpp-L2461)  ProcessName:python3.12(84250)     Description:[RecordThreadProc][Record] Get ExposureAuto value [0]
Info    2026-08-19 13:34:48:509  DevID:MV-CU060-10GC(DA1691703)  Source-Line:libMvCameraControl.so(GenICamImpl.cpp-L2483)  ProcessName:python3.12(84250)     Description:[RecordThreadProc][Record] Get ExposureTime value [5000.000000] 
Info    2026-08-19 13:34:48:512  DevID:MV-CU060-10GC(DA1691703)  Source-Line:libMvCameraControl.so(GenICamImpl.cpp-L2504)  ProcessName:python3.12(84250)     Description:[RecordThreadProc][Record] Get GainAuto value [0] (0:off 1:contineu; 2:once):
Info    2026-08-19 13:34:48:518  DevID:MV-CU060-10GC(DA1691703)  Source-Line:libMvCameraControl.so(GenICamImpl.cpp-L2525)  ProcessName:python3.12(84250)     Description:[RecordThreadProc][Record] Get Gain value [23.011900] 
Info    2026-08-19 13:34:48:523  DevID:MV-CU060-10GC(DA1691703)  Source-Line:libMvCameraControl.so(GenICamImpl.cpp-L2546)  ProcessName:python3.12(84250)     Description:[RecordThreadProc][Record] Get PixelFormat value [17301513] :
Info    2026-08-19 13:34:48:532  DevID:MV-CU060-10GC(DA1691703)  Source-Line:libMvCameraControl.so(GenICamImpl.cpp-L2567)  ProcessName:python3.12(84250)     Description:[RecordThreadProc][Record] Get GammaEnable value [0] 
Info    2026-08-19 13:34:48:541  DevID:MV-CU060-10GC(DA1691703)  Source-Line:libMvCameraControl.so(GenICamImpl.cpp-L2588)  ProcessName:python3.12(84250)     Description:[RecordThreadProc][Record] Get Gamma value [0.700000] 
Info    2026-08-19 13:34:48:542  DevID:MV-CU060-10GC(DA1691703)  Source-Line:libMvCameraControl.so(GenICamImpl.cpp-L2609)  ProcessName:python3.12(84250)     Description:[RecordThreadProc][Record] Get UserSetCurrent value [0]
Info    2026-08-19 13:34:48:544  DevID:MV-CU060-10GC(DA1691703)  Source-Line:libMvCameraControl.so(GenICamImpl.cpp-L2630)  ProcessName:python3.12(84250)     Description:[RecordThreadProc][Record] Get UserSetSelector value [0] 
Info    2026-08-19 13:34:48:545  DevID:MV-CU060-10GC(DA1691703)  Source-Line:libMvCameraControl.so(GenICamImpl.cpp-L2651)  ProcessName:python3.12(84250)     Description:[RecordThreadProc][Record] Get UserSetDefault value[0]
Info    2026-08-19 13:34:48:545  DevID:  Source-Line:libMvCameraControl.so(GenICamImpl.cpp-L2347)  ProcessName:python3.12(84250)     Description:[RecordThread]RecordThread End, ThreadId[129868461237952]
Info    2026-08-19 13:35:08:723  DevID:MV-CU060-10GC(DA1691703)  Source-Line:libMvCameraControl.so(GigEDevice.cpp-L1351)  ProcessName:python3.12(84250)     Description:[IsDeviceConnected]IsDeviceConnected success, Ret[true]
Error   2026-08-19 13:35:08:744  DevID:MV-CU060-10GC(DA1691703)  Source-Line:libMvCameraControl.so(GenICamImpl.cpp-L1111)  ProcessName:python3.12(84250)     Description:[XML_GetNodeAccessMode]PropertyName[PartialImageOutputMode], Ret[0x80000100]
Error   2026-08-19 13:35:08:748  DevID:MV-CU060-10GC(DA1691703)  Source-Line:libMvCameraControl.so(GenICamImpl.cpp-L1111)  ProcessName:python3.12(84250)     Description:[XML_GetNodeAccessMode]PropertyName[SeqExpEnable], Ret[0x80000100]
Error   2026-08-19 13:35:08:748  DevID:MV-CU060-10GC(DA1691703)  Source-Line:libMvCameraControl.so(XmlParse.cpp-L3037)  ProcessName:python3.12(84250)     Description:[GetBooleanValue]Get Node Value, Node does not exist, NodeName[SeqExpEnable]
Error   2026-08-19 13:35:08:748  DevID:MV-CU060-10GC(DA1691703)  Source-Line:libMvCameraControl.so(GenICamImpl.cpp-L0551)  ProcessName:python3.12(84250)     Description:[GetBoolValue]Property[SeqExpEnable], Ret[0x80000100]
Error   2026-08-19 13:35:08:748  DevID:MV-CU060-10GC(DA1691703)  Source-Line:libMvCameraControl.so(GenICamImpl.cpp-L1111)  ProcessName:python3.12(84250)     Description:[XML_GetNodeAccessMode]PropertyName[MultiLightControl], Ret[0x80000100]
Error   2026-08-19 13:35:08:748  DevID:MV-CU060-10GC(DA1691703)  Source-Line:libMvCameraControl.so(XmlParse.cpp-L2386)  ProcessName:python3.12(84250)     Description:[GetEnumValue]Get Node Value, Node does not exist, NodeName[MultiLightControl]
Error   2026-08-19 13:35:08:748  DevID:MV-CU060-10GC(DA1691703)  Source-Line:libMvCameraControl.so(GenICamImpl.cpp-L0364)  ProcessName:python3.12(84250)     Description:[GetEnumValue]Property[MultiLightControl], Ret[0x80000100]
Info    2026-08-19 13:35:08:748  DevID:MV-CU060-10GC(DA1691703)  Source-Line:libMvCameraControl.so(GigEStream.cpp-L0067)  ProcessName:python3.12(84250)     Description:[StartAcquisition][GEV]Width[3072], Height[2048], PixelFormat[0x1080009], PayloadSize[6291456], ChunkCount[100], CompressMode[0], DeviceUptime[19375]
Info    2026-08-19 13:35:08:757  DevID:MV-CU060-10GC(DA1691703)  Source-Line:libMvCameraControl.so(StreamGrab.cpp-L0869)  ProcessName:python3.12(84250)     Description:[StartGrabbing]StreamChannel[0], Start grabbing success, There is no registration callback.
Info    2026-08-19 13:35:09:230  DevID:MV-CU060-10GC(DA1691703)  Source-Line:libMvCameraControl.so(StreamGrab.cpp-L0934)  ProcessName:python3.12(84250)     Description:[StopGrabbing]Stop grabbing success! DeviceUptime[19375]
Info    2026-08-19 13:35:10:065  DevID:MV-CU060-10GC(DA1691703)  Source-Line:libMvCameraControl.so(GigEDevice.cpp-L1351)  ProcessName:python3.12(84250)     Description:[IsDeviceConnected]IsDeviceConnected success, Ret[true]
Error   2026-08-19 13:35:10:075  DevID:MV-CU060-10GC(DA1691703)  Source-Line:libMvCameraControl.so(GenICamImpl.cpp-L1111)  ProcessName:python3.12(84250)     Description:[XML_GetNodeAccessMode]PropertyName[PartialImageOutputMode], Ret[0x80000100]
Error   2026-08-19 13:35:10:077  DevID:MV-CU060-10GC(DA1691703)  Source-Line:libMvCameraControl.so(GenICamImpl.cpp-L1111)  ProcessName:python3.12(84250)     Description:[XML_GetNodeAccessMode]PropertyName[SeqExpEnable], Ret[0x80000100]
Error   2026-08-19 13:35:10:077  DevID:MV-CU060-10GC(DA1691703)  Source-Line:libMvCameraControl.so(XmlParse.cpp-L3037)  ProcessName:python3.12(84250)     Description:[GetBooleanValue]Get Node Value, Node does not exist, NodeName[SeqExpEnable]
Error   2026-08-19 13:35:10:077  DevID:MV-CU060-10GC(DA1691703)  Source-Line:libMvCameraControl.so(GenICamImpl.cpp-L0551)  ProcessName:python3.12(84250)     Description:[GetBoolValue]Property[SeqExpEnable], Ret[0x80000100]
Error   2026-08-19 13:35:10:077  DevID:MV-CU060-10GC(DA1691703)  Source-Line:libMvCameraControl.so(GenICamImpl.cpp-L1111)  ProcessName:python3.12(84250)     Description:[XML_GetNodeAccessMode]PropertyName[MultiLightControl], Ret[0x80000100]
Error   2026-08-19 13:35:10:077  DevID:MV-CU060-10GC(DA1691703)  Source-Line:libMvCameraControl.so(XmlParse.cpp-L2386)  ProcessName:python3.12(84250)     Description:[GetEnumValue]Get Node Value, Node does not exist, NodeName[MultiLightControl]
Error   2026-08-19 13:35:10:077  DevID:MV-CU060-10GC(DA1691703)  Source-Line:libMvCameraControl.so(GenICamImpl.cpp-L0364)  ProcessName:python3.12(84250)     Description:[GetEnumValue]Property[MultiLightControl], Ret[0x80000100]
Info    2026-08-19 13:35:10:077  DevID:MV-CU060-10GC(DA1691703)  Source-Line:libMvCameraControl.so(GigEStream.cpp-L0067)  ProcessName:python3.12(84250)     Description:[StartAcquisition][GEV]Width[3072], Height[2048], PixelFormat[0x1080009], PayloadSize[6291456], ChunkCount[100], CompressMode[0], DeviceUptime[19376]
Info    2026-08-19 13:35:10:083  DevID:MV-CU060-10GC(DA1691703)  Source-Line:libMvCameraControl.so(StreamGrab.cpp-L0869)  ProcessName:python3.12(84250)     Description:[StartGrabbing]StreamChannel[0], Start grabbing success, There is no registration callback.
Info    2026-08-19 13:35:10:545  DevID:MV-CU060-10GC(DA1691703)  Source-Line:libMvCameraControl.so(StreamGrab.cpp-L0934)  ProcessName:python3.12(84250)     Description:[StopGrabbing]Stop grabbing success! DeviceUptime[19377]
Info    2026-08-19 13:35:43:711  DevID:MV-CU060-10GC(DA1691703)  Source-Line:libMvCameraControl.so(GigEDevice.cpp-L1351)  ProcessName:python3.12(84250)     Description:[IsDeviceConnected]IsDeviceConnected success, Ret[true]
Error   2026-08-19 13:35:43:721  DevID:MV-CU060-10GC(DA1691703)  Source-Line:libMvCameraControl.so(GenICamImpl.cpp-L1111)  ProcessName:python3.12(84250)     Description:[XML_GetNodeAccessMode]PropertyName[PartialImageOutputMode], Ret[0x80000100]
Error   2026-08-19 13:35:43:723  DevID:MV-CU060-10GC(DA1691703)  Source-Line:libMvCameraControl.so(GenICamImpl.cpp-L1111)  ProcessName:python3.12(84250)     Description:[XML_GetNodeAccessMode]PropertyName[SeqExpEnable], Ret[0x80000100]
Error   2026-08-19 13:35:43:723  DevID:MV-CU060-10GC(DA1691703)  Source-Line:libMvCameraControl.so(XmlParse.cpp-L3037)  ProcessName:python3.12(84250)     Description:[GetBooleanValue]Get Node Value, Node does not exist, NodeName[SeqExpEnable]
Error   2026-08-19 13:35:43:723  DevID:MV-CU060-10GC(DA1691703)  Source-Line:libMvCameraControl.so(GenICamImpl.cpp-L0551)  ProcessName:python3.12(84250)     Description:[GetBoolValue]Property[SeqExpEnable], Ret[0x80000100]
Error   2026-08-19 13:35:43:723  DevID:MV-CU060-10GC(DA1691703)  Source-Line:libMvCameraControl.so(GenICamImpl.cpp-L1111)  ProcessName:python3.12(84250)     Description:[XML_GetNodeAccessMode]PropertyName[MultiLightControl], Ret[0x80000100]
Error   2026-08-19 13:35:43:723  DevID:MV-CU060-10GC(DA1691703)  Source-Line:libMvCameraControl.so(XmlParse.cpp-L2386)  ProcessName:python3.12(84250)     Description:[GetEnumValue]Get Node Value, Node does not exist, NodeName[MultiLightControl]
Error   2026-08-19 13:35:43:723  DevID:MV-CU060-10GC(DA1691703)  Source-Line:libMvCameraControl.so(GenICamImpl.cpp-L0364)  ProcessName:python3.12(84250)     Description:[GetEnumValue]Property[MultiLightControl], Ret[0x80000100]
Info    2026-08-19 13:35:43:723  DevID:MV-CU060-10GC(DA1691703)  Source-Line:libMvCameraControl.so(GigEStream.cpp-L0067)  ProcessName:python3.12(84250)     Description:[StartAcquisition][GEV]Width[3072], Height[2048], PixelFormat[0x1080009], PayloadSize[6291456], ChunkCount[100], CompressMode[0], DeviceUptime[19410]
Info    2026-08-19 13:35:43:728  DevID:MV-CU060-10GC(DA1691703)  Source-Line:libMvCameraControl.so(StreamGrab.cpp-L0869)  ProcessName:python3.12(84250)     Description:[StartGrabbing]StreamChannel[0], Start grabbing success, There is no registration callback.
Info    2026-08-19 13:35:44:204  DevID:MV-CU060-10GC(DA1691703)  Source-Line:libMvCameraControl.so(StreamGrab.cpp-L0934)  ProcessName:python3.12(84250)     Description:[StopGrabbing]Stop grabbing success! DeviceUptime[19410]
Info    2026-08-19 13:36:14:234  DevID:MV-CU060-10GC(DA1691703)  Source-Line:libMvCameraControl.so(GigEDevice.cpp-L1351)  ProcessName:python3.12(84250)     Description:[IsDeviceConnected]IsDeviceConnected success, Ret[true]
Error   2026-08-19 13:36:14:245  DevID:MV-CU060-10GC(DA1691703)  Source-Line:libMvCameraControl.so(GenICamImpl.cpp-L1111)  ProcessName:python3.12(84250)     Description:[XML_GetNodeAccessMode]PropertyName[PartialImageOutputMode], Ret[0x80000100]
Error   2026-08-19 13:36:14:247  DevID:MV-CU060-10GC(DA1691703)  Source-Line:libMvCameraControl.so(GenICamImpl.cpp-L1111)  ProcessName:python3.12(84250)     Description:[XML_GetNodeAccessMode]PropertyName[SeqExpEnable], Ret[0x80000100]
Error   2026-08-19 13:36:14:247  DevID:MV-CU060-10GC(DA1691703)  Source-Line:libMvCameraControl.so(XmlParse.cpp-L3037)  ProcessName:python3.12(84250)     Description:[GetBooleanValue]Get Node Value, Node does not exist, NodeName[SeqExpEnable]
Error   2026-08-19 13:36:14:247  DevID:MV-CU060-10GC(DA1691703)  Source-Line:libMvCameraControl.so(GenICamImpl.cpp-L0551)  ProcessName:python3.12(84250)     Description:[GetBoolValue]Property[SeqExpEnable], Ret[0x80000100]
Error   2026-08-19 13:36:14:247  DevID:MV-CU060-10GC(DA1691703)  Source-Line:libMvCameraControl.so(GenICamImpl.cpp-L1111)  ProcessName:python3.12(84250)     Description:[XML_GetNodeAccessMode]PropertyName[MultiLightControl], Ret[0x80000100]
Error   2026-08-19 13:36:14:247  DevID:MV-CU060-10GC(DA1691703)  Source-Line:libMvCameraControl.so(XmlParse.cpp-L2386)  ProcessName:python3.12(84250)     Description:[GetEnumValue]Get Node Value, Node does not exist, NodeName[MultiLightControl]
Error   2026-08-19 13:36:14:247  DevID:MV-CU060-10GC(DA1691703)  Source-Line:libMvCameraControl.so(GenICamImpl.cpp-L0364)  ProcessName:python3.12(84250)     Description:[GetEnumValue]Property[MultiLightControl], Ret[0x80000100]
Info    2026-08-19 13:36:14:247  DevID:MV-CU060-10GC(DA1691703)  Source-Line:libMvCameraControl.so(GigEStream.cpp-L0067)  ProcessName:python3.12(84250)     Description:[StartAcquisition][GEV]Width[3072], Height[2048], PixelFormat[0x1080009], PayloadSize[6291456], ChunkCount[100], CompressMode[0], DeviceUptime[19440]
Info    2026-08-19 13:36:14:252  DevID:MV-CU060-10GC(DA1691703)  Source-Line:libMvCameraControl.so(StreamGrab.cpp-L0869)  ProcessName:python3.12(84250)     Description:[StartGrabbing]StreamChannel[0], Start grabbing success, There is no registration callback.
Info    2026-08-19 13:36:14:721  DevID:MV-CU060-10GC(DA1691703)  Source-Line:libMvCameraControl.so(StreamGrab.cpp-L0934)  ProcessName:python3.12(84250)     Description:[StopGrabbing]Stop grabbing success! DeviceUptime[19441]
Info    2026-08-19 13:36:45:722  DevID:MV-CU060-10GC(DA1691703)  Source-Line:libMvCameraControl.so(GigEDevice.cpp-L1351)  ProcessName:python3.12(84250)     Description:[IsDeviceConnected]IsDeviceConnected success, Ret[true]
Error   2026-08-19 13:36:45:732  DevID:MV-CU060-10GC(DA1691703)  Source-Line:libMvCameraControl.so(GenICamImpl.cpp-L1111)  ProcessName:python3.12(84250)     Description:[XML_GetNodeAccessMode]PropertyName[PartialImageOutputMode], Ret[0x80000100]
Error   2026-08-19 13:36:45:734  DevID:MV-CU060-10GC(DA1691703)  Source-Line:libMvCameraControl.so(GenICamImpl.cpp-L1111)  ProcessName:python3.12(84250)     Description:[XML_GetNodeAccessMode]PropertyName[SeqExpEnable], Ret[0x80000100]
Error   2026-08-19 13:36:45:734  DevID:MV-CU060-10GC(DA1691703)  Source-Line:libMvCameraControl.so(XmlParse.cpp-L3037)  ProcessName:python3.12(84250)     Description:[GetBooleanValue]Get Node Value, Node does not exist, NodeName[SeqExpEnable]
Error   2026-08-19 13:36:45:734  DevID:MV-CU060-10GC(DA1691703)  Source-Line:libMvCameraControl.so(GenICamImpl.cpp-L0551)  ProcessName:python3.12(84250)     Description:[GetBoolValue]Property[SeqExpEnable], Ret[0x80000100]
Error   2026-08-19 13:36:45:734  DevID:MV-CU060-10GC(DA1691703)  Source-Line:libMvCameraControl.so(GenICamImpl.cpp-L1111)  ProcessName:python3.12(84250)     Description:[XML_GetNodeAccessMode]PropertyName[MultiLightControl], Ret[0x80000100]
Error   2026-08-19 13:36:45:734  DevID:MV-CU060-10GC(DA1691703)  Source-Line:libMvCameraControl.so(XmlParse.cpp-L2386)  ProcessName:python3.12(84250)     Description:[GetEnumValue]Get Node Value, Node does not exist, NodeName[MultiLightControl]
Error   2026-08-19 13:36:45:734  DevID:MV-CU060-10GC(DA1691703)  Source-Line:libMvCameraControl.so(GenICamImpl.cpp-L0364)  ProcessName:python3.12(84250)     Description:[GetEnumValue]Property[MultiLightControl], Ret[0x80000100]
Info    2026-08-19 13:36:45:734  DevID:MV-CU060-10GC(DA1691703)  Source-Line:libMvCameraControl.so(GigEStream.cpp-L0067)  ProcessName:python3.12(84250)     Description:[StartAcquisition][GEV]Width[3072], Height[2048], PixelFormat[0x1080009], PayloadSize[6291456], ChunkCount[100], CompressMode[0], DeviceUptime[19472]
Info    2026-08-19 13:36:45:739  DevID:MV-CU060-10GC(DA1691703)  Source-Line:libMvCameraControl.so(StreamGrab.cpp-L0869)  ProcessName:python3.12(84250)     Description:[StartGrabbing]StreamChannel[0], Start grabbing success, There is no registration callback.
Info    2026-08-19 13:36:46:200  DevID:MV-CU060-10GC(DA1691703)  Source-Line:libMvCameraControl.so(StreamGrab.cpp-L0934)  ProcessName:python3.12(84250)     Description:[StopGrabbing]Stop grabbing success! DeviceUptime[19472]
Info    2026-08-19 13:37:19:152  DevID:MV-CU060-10GC(DA1691703)  Source-Line:libMvCameraControl.so(GigEDevice.cpp-L1351)  ProcessName:python3.12(84250)     Description:[IsDeviceConnected]IsDeviceConnected success, Ret[true]
Error   2026-08-19 13:37:19:161  DevID:MV-CU060-10GC(DA1691703)  Source-Line:libMvCameraControl.so(GenICamImpl.cpp-L1111)  ProcessName:python3.12(84250)     Description:[XML_GetNodeAccessMode]PropertyName[PartialImageOutputMode], Ret[0x80000100]
Error   2026-08-19 13:37:19:163  DevID:MV-CU060-10GC(DA1691703)  Source-Line:libMvCameraControl.so(GenICamImpl.cpp-L1111)  ProcessName:python3.12(84250)     Description:[XML_GetNodeAccessMode]PropertyName[SeqExpEnable], Ret[0x80000100]
Error   2026-08-19 13:37:19:163  DevID:MV-CU060-10GC(DA1691703)  Source-Line:libMvCameraControl.so(XmlParse.cpp-L3037)  ProcessName:python3.12(84250)     Description:[GetBooleanValue]Get Node Value, Node does not exist, NodeName[SeqExpEnable]
Error   2026-08-19 13:37:19:163  DevID:MV-CU060-10GC(DA1691703)  Source-Line:libMvCameraControl.so(GenICamImpl.cpp-L0551)  ProcessName:python3.12(84250)     Description:[GetBoolValue]Property[SeqExpEnable], Ret[0x80000100]
Error   2026-08-19 13:37:19:163  DevID:MV-CU060-10GC(DA1691703)  Source-Line:libMvCameraControl.so(GenICamImpl.cpp-L1111)  ProcessName:python3.12(84250)     Description:[XML_GetNodeAccessMode]PropertyName[MultiLightControl], Ret[0x80000100]
Error   2026-08-19 13:37:19:163  DevID:MV-CU060-10GC(DA1691703)  Source-Line:libMvCameraControl.so(XmlParse.cpp-L2386)  ProcessName:python3.12(84250)     Description:[GetEnumValue]Get Node Value, Node does not exist, NodeName[MultiLightControl]
Error   2026-08-19 13:37:19:163  DevID:MV-CU060-10GC(DA1691703)  Source-Line:libMvCameraControl.so(GenICamImpl.cpp-L0364)  ProcessName:python3.12(84250)     Description:[GetEnumValue]Property[MultiLightControl], Ret[0x80000100]
Info    2026-08-19 13:37:19:163  DevID:MV-CU060-10GC(DA1691703)  Source-Line:libMvCameraControl.so(GigEStream.cpp-L0067)  ProcessName:python3.12(84250)     Description:[StartAcquisition][GEV]Width[3072], Height[2048], PixelFormat[0x1080009], PayloadSize[6291456], ChunkCount[100], CompressMode[0], DeviceUptime[19505]
Info    2026-08-19 13:37:19:169  DevID:MV-CU060-10GC(DA1691703)  Source-Line:libMvCameraControl.so(StreamGrab.cpp-L0869)  ProcessName:python3.12(84250)     Description:[StartGrabbing]StreamChannel[0], Start grabbing success, There is no registration callback.
Info    2026-08-19 13:37:19:639  DevID:MV-CU060-10GC(DA1691703)  Source-Line:libMvCameraControl.so(StreamGrab.cpp-L0934)  ProcessName:python3.12(84250)     Description:[StopGrabbing]Stop grabbing success! DeviceUptime[19506]
Info    2026-08-19 13:37:52:138  DevID:MV-CU060-10GC(DA1691703)  Source-Line:libMvCameraControl.so(GigEDevice.cpp-L1351)  ProcessName:python3.12(84250)     Description:[IsDeviceConnected]IsDeviceConnected success, Ret[true]
Error   2026-08-19 13:37:52:148  DevID:MV-CU060-10GC(DA1691703)  Source-Line:libMvCameraControl.so(GenICamImpl.cpp-L1111)  ProcessName:python3.12(84250)     Description:[XML_GetNodeAccessMode]PropertyName[PartialImageOutputMode], Ret[0x80000100]
Error   2026-08-19 13:37:52:150  DevID:MV-CU060-10GC(DA1691703)  Source-Line:libMvCameraControl.so(GenICamImpl.cpp-L1111)  ProcessName:python3.12(84250)     Description:[XML_GetNodeAccessMode]PropertyName[SeqExpEnable], Ret[0x80000100]
Error   2026-08-19 13:37:52:150  DevID:MV-CU060-10GC(DA1691703)  Source-Line:libMvCameraControl.so(XmlParse.cpp-L3037)  ProcessName:python3.12(84250)     Description:[GetBooleanValue]Get Node Value, Node does not exist, NodeName[SeqExpEnable]
Error   2026-08-19 13:37:52:150  DevID:MV-CU060-10GC(DA1691703)  Source-Line:libMvCameraControl.so(GenICamImpl.cpp-L0551)  ProcessName:python3.12(84250)     Description:[GetBoolValue]Property[SeqExpEnable], Ret[0x80000100]
Error   2026-08-19 13:37:52:150  DevID:MV-CU060-10GC(DA1691703)  Source-Line:libMvCameraControl.so(GenICamImpl.cpp-L1111)  ProcessName:python3.12(84250)     Description:[XML_GetNodeAccessMode]PropertyName[MultiLightControl], Ret[0x80000100]
Error   2026-08-19 13:37:52:150  DevID:MV-CU060-10GC(DA1691703)  Source-Line:libMvCameraControl.so(XmlParse.cpp-L2386)  ProcessName:python3.12(84250)     Description:[GetEnumValue]Get Node Value, Node does not exist, NodeName[MultiLightControl]
Error   2026-08-19 13:37:52:150  DevID:MV-CU060-10GC(DA1691703)  Source-Line:libMvCameraControl.so(GenICamImpl.cpp-L0364)  ProcessName:python3.12(84250)     Description:[GetEnumValue]Property[MultiLightControl], Ret[0x80000100]
Info    2026-08-19 13:37:52:150  DevID:MV-CU060-10GC(DA1691703)  Source-Line:libMvCameraControl.so(GigEStream.cpp-L0067)  ProcessName:python3.12(84250)     Description:[StartAcquisition][GEV]Width[3072], Height[2048], PixelFormat[0x1080009], PayloadSize[6291456], ChunkCount[100], CompressMode[0], DeviceUptime[19538]
Info    2026-08-19 13:37:52:156  DevID:MV-CU060-10GC(DA1691703)  Source-Line:libMvCameraControl.so(StreamGrab.cpp-L0869)  ProcessName:python3.12(84250)     Description:[StartGrabbing]StreamChannel[0], Start grabbing success, There is no registration callback.
Info    2026-08-19 13:37:52:673  DevID:MV-CU060-10GC(DA1691703)  Source-Line:libMvCameraControl.so(StreamGrab.cpp-L0934)  ProcessName:python3.12(84250)     Description:[StopGrabbing]Stop grabbing success! DeviceUptime[19539]
Info    2026-08-19 13:38:24:436  DevID:MV-CU060-10GC(DA1691703)  Source-Line:libMvCameraControl.so(GigEDevice.cpp-L1351)  ProcessName:python3.12(84250)     Description:[IsDeviceConnected]IsDeviceConnected success, Ret[true]
Error   2026-08-19 13:38:24:448  DevID:MV-CU060-10GC(DA1691703)  Source-Line:libMvCameraControl.so(GenICamImpl.cpp-L1111)  ProcessName:python3.12(84250)     Description:[XML_GetNodeAccessMode]PropertyName[PartialImageOutputMode], Ret[0x80000100]
Error   2026-08-19 13:38:24:450  DevID:MV-CU060-10GC(DA1691703)  Source-Line:libMvCameraControl.so(GenICamImpl.cpp-L1111)  ProcessName:python3.12(84250)     Description:[XML_GetNodeAccessMode]PropertyName[SeqExpEnable], Ret[0x80000100]
Error   2026-08-19 13:38:24:450  DevID:MV-CU060-10GC(DA1691703)  Source-Line:libMvCameraControl.so(XmlParse.cpp-L3037)  ProcessName:python3.12(84250)     Description:[GetBooleanValue]Get Node Value, Node does not exist, NodeName[SeqExpEnable]
Error   2026-08-19 13:38:24:450  DevID:MV-CU060-10GC(DA1691703)  Source-Line:libMvCameraControl.so(GenICamImpl.cpp-L0551)  ProcessName:python3.12(84250)     Description:[GetBoolValue]Property[SeqExpEnable], Ret[0x80000100]
Error   2026-08-19 13:38:24:450  DevID:MV-CU060-10GC(DA1691703)  Source-Line:libMvCameraControl.so(GenICamImpl.cpp-L1111)  ProcessName:python3.12(84250)     Description:[XML_GetNodeAccessMode]PropertyName[MultiLightControl], Ret[0x80000100]
Error   2026-08-19 13:38:24:450  DevID:MV-CU060-10GC(DA1691703)  Source-Line:libMvCameraControl.so(XmlParse.cpp-L2386)  ProcessName:python3.12(84250)     Description:[GetEnumValue]Get Node Value, Node does not exist, NodeName[MultiLightControl]
Error   2026-08-19 13:38:24:450  DevID:MV-CU060-10GC(DA1691703)  Source-Line:libMvCameraControl.so(GenICamImpl.cpp-L0364)  ProcessName:python3.12(84250)     Description:[GetEnumValue]Property[MultiLightControl], Ret[0x80000100]
Info    2026-08-19 13:38:24:450  DevID:MV-CU060-10GC(DA1691703)  Source-Line:libMvCameraControl.so(GigEStream.cpp-L0067)  ProcessName:python3.12(84250)     Description:[StartAcquisition][GEV]Width[3072], Height[2048], PixelFormat[0x1080009], PayloadSize[6291456], ChunkCount[100], CompressMode[0], DeviceUptime[19570]
Info    2026-08-19 13:38:24:455  DevID:MV-CU060-10GC(DA1691703)  Source-Line:libMvCameraControl.so(StreamGrab.cpp-L0869)  ProcessName:python3.12(84250)     Description:[StartGrabbing]StreamChannel[0], Start grabbing success, There is no registration callback.
Info    2026-08-19 13:38:25:055  DevID:MV-CU060-10GC(DA1691703)  Source-Line:libMvCameraControl.so(StreamGrab.cpp-L0934)  ProcessName:python3.12(84250)     Description:[StopGrabbing]Stop grabbing success! DeviceUptime[19571]
Info    2026-08-19 13:38:58:018  DevID:MV-CU060-10GC(DA1691703)  Source-Line:libMvCameraControl.so(GigEDevice.cpp-L1351)  ProcessName:python3.12(84250)     Description:[IsDeviceConnected]IsDeviceConnected success, Ret[true]
Error   2026-08-19 13:38:58:027  DevID:MV-CU060-10GC(DA1691703)  Source-Line:libMvCameraControl.so(GenICamImpl.cpp-L1111)  ProcessName:python3.12(84250)     Description:[XML_GetNodeAccessMode]PropertyName[PartialImageOutputMode], Ret[0x80000100]
Error   2026-08-19 13:38:58:029  DevID:MV-CU060-10GC(DA1691703)  Source-Line:libMvCameraControl.so(GenICamImpl.cpp-L1111)  ProcessName:python3.12(84250)     Description:[XML_GetNodeAccessMode]PropertyName[SeqExpEnable], Ret[0x80000100]
Error   2026-08-19 13:38:58:029  DevID:MV-CU060-10GC(DA1691703)  Source-Line:libMvCameraControl.so(XmlParse.cpp-L3037)  ProcessName:python3.12(84250)     Description:[GetBooleanValue]Get Node Value, Node does not exist, NodeName[SeqExpEnable]
Error   2026-08-19 13:38:58:029  DevID:MV-CU060-10GC(DA1691703)  Source-Line:libMvCameraControl.so(GenICamImpl.cpp-L0551)  ProcessName:python3.12(84250)     Description:[GetBoolValue]Property[SeqExpEnable], Ret[0x80000100]
Error   2026-08-19 13:38:58:029  DevID:MV-CU060-10GC(DA1691703)  Source-Line:libMvCameraControl.so(GenICamImpl.cpp-L1111)  ProcessName:python3.12(84250)     Description:[XML_GetNodeAccessMode]PropertyName[MultiLightControl], Ret[0x80000100]
Error   2026-08-19 13:38:58:029  DevID:MV-CU060-10GC(DA1691703)  Source-Line:libMvCameraControl.so(XmlParse.cpp-L2386)  ProcessName:python3.12(84250)     Description:[GetEnumValue]Get Node Value, Node does not exist, NodeName[MultiLightControl]
Error   2026-08-19 13:38:58:029  DevID:MV-CU060-10GC(DA1691703)  Source-Line:libMvCameraControl.so(GenICamImpl.cpp-L0364)  ProcessName:python3.12(84250)     Description:[GetEnumValue]Property[MultiLightControl], Ret[0x80000100]
Info    2026-08-19 13:38:58:029  DevID:MV-CU060-10GC(DA1691703)  Source-Line:libMvCameraControl.so(GigEStream.cpp-L0067)  ProcessName:python3.12(84250)     Description:[StartAcquisition][GEV]Width[3072], Height[2048], PixelFormat[0x1080009], PayloadSize[6291456], ChunkCount[100], CompressMode[0], DeviceUptime[19604]
Info    2026-08-19 13:38:58:035  DevID:MV-CU060-10GC(DA1691703)  Source-Line:libMvCameraControl.so(StreamGrab.cpp-L0869)  ProcessName:python3.12(84250)     Description:[StartGrabbing]StreamChannel[0], Start grabbing success, There is no registration callback.
Info    2026-08-19 13:38:58:606  DevID:MV-CU060-10GC(DA1691703)  Source-Line:libMvCameraControl.so(StreamGrab.cpp-L0934)  ProcessName:python3.12(84250)     Description:[StopGrabbing]Stop grabbing success! DeviceUptime[19605]
Info    2026-08-19 13:39:33:056  DevID:MV-CU060-10GC(DA1691703)  Source-Line:libMvCameraControl.so(GigEDevice.cpp-L1351)  ProcessName:python3.12(84250)     Description:[IsDeviceConnected]IsDeviceConnected success, Ret[true]
Error   2026-08-19 13:39:33:066  DevID:MV-CU060-10GC(DA1691703)  Source-Line:libMvCameraControl.so(GenICamImpl.cpp-L1111)  ProcessName:python3.12(84250)     Description:[XML_GetNodeAccessMode]PropertyName[PartialImageOutputMode], Ret[0x80000100]
Error   2026-08-19 13:39:33:068  DevID:MV-CU060-10GC(DA1691703)  Source-Line:libMvCameraControl.so(GenICamImpl.cpp-L1111)  ProcessName:python3.12(84250)     Description:[XML_GetNodeAccessMode]PropertyName[SeqExpEnable], Ret[0x80000100]
Error   2026-08-19 13:39:33:068  DevID:MV-CU060-10GC(DA1691703)  Source-Line:libMvCameraControl.so(XmlParse.cpp-L3037)  ProcessName:python3.12(84250)     Description:[GetBooleanValue]Get Node Value, Node does not exist, NodeName[SeqExpEnable]
Error   2026-08-19 13:39:33:068  DevID:MV-CU060-10GC(DA1691703)  Source-Line:libMvCameraControl.so(GenICamImpl.cpp-L0551)  ProcessName:python3.12(84250)     Description:[GetBoolValue]Property[SeqExpEnable], Ret[0x80000100]
Error   2026-08-19 13:39:33:068  DevID:MV-CU060-10GC(DA1691703)  Source-Line:libMvCameraControl.so(GenICamImpl.cpp-L1111)  ProcessName:python3.12(84250)     Description:[XML_GetNodeAccessMode]PropertyName[MultiLightControl], Ret[0x80000100]
Error   2026-08-19 13:39:33:068  DevID:MV-CU060-10GC(DA1691703)  Source-Line:libMvCameraControl.so(XmlParse.cpp-L2386)  ProcessName:python3.12(84250)     Description:[GetEnumValue]Get Node Value, Node does not exist, NodeName[MultiLightControl]
Error   2026-08-19 13:39:33:068  DevID:MV-CU060-10GC(DA1691703)  Source-Line:libMvCameraControl.so(GenICamImpl.cpp-L0364)  ProcessName:python3.12(84250)     Description:[GetEnumValue]Property[MultiLightControl], Ret[0x80000100]
Info    2026-08-19 13:39:33:068  DevID:MV-CU060-10GC(DA1691703)  Source-Line:libMvCameraControl.so(GigEStream.cpp-L0067)  ProcessName:python3.12(84250)     Description:[StartAcquisition][GEV]Width[3072], Height[2048], PixelFormat[0x1080009], PayloadSize[6291456], ChunkCount[100], CompressMode[0], DeviceUptime[19639]
Info    2026-08-19 13:39:33:073  DevID:MV-CU060-10GC(DA1691703)  Source-Line:libMvCameraControl.so(StreamGrab.cpp-L0869)  ProcessName:python3.12(84250)     Description:[StartGrabbing]StreamChannel[0], Start grabbing success, There is no registration callback.
Info    2026-08-19 13:39:33:598  DevID:MV-CU060-10GC(DA1691703)  Source-Line:libMvCameraControl.so(StreamGrab.cpp-L0934)  ProcessName:python3.12(84250)     Description:[StopGrabbing]Stop grabbing success! DeviceUptime[19640]
Info    2026-08-19 13:40:05:976  DevID:MV-CU060-10GC(DA1691703)  Source-Line:libMvCameraControl.so(GigEDevice.cpp-L1351)  ProcessName:python3.12(84250)     Description:[IsDeviceConnected]IsDeviceConnected success, Ret[true]
Error   2026-08-19 13:40:05:987  DevID:MV-CU060-10GC(DA1691703)  Source-Line:libMvCameraControl.so(GenICamImpl.cpp-L1111)  ProcessName:python3.12(84250)     Description:[XML_GetNodeAccessMode]PropertyName[PartialImageOutputMode], Ret[0x80000100]
Error   2026-08-19 13:40:05:989  DevID:MV-CU060-10GC(DA1691703)  Source-Line:libMvCameraControl.so(GenICamImpl.cpp-L1111)  ProcessName:python3.12(84250)     Description:[XML_GetNodeAccessMode]PropertyName[SeqExpEnable], Ret[0x80000100]
Error   2026-08-19 13:40:05:990  DevID:MV-CU060-10GC(DA1691703)  Source-Line:libMvCameraControl.so(XmlParse.cpp-L3037)  ProcessName:python3.12(84250)     Description:[GetBooleanValue]Get Node Value, Node does not exist, NodeName[SeqExpEnable]
Error   2026-08-19 13:40:05:990  DevID:MV-CU060-10GC(DA1691703)  Source-Line:libMvCameraControl.so(GenICamImpl.cpp-L0551)  ProcessName:python3.12(84250)     Description:[GetBoolValue]Property[SeqExpEnable], Ret[0x80000100]
Error   2026-08-19 13:40:05:990  DevID:MV-CU060-10GC(DA1691703)  Source-Line:libMvCameraControl.so(GenICamImpl.cpp-L1111)  ProcessName:python3.12(84250)     Description:[XML_GetNodeAccessMode]PropertyName[MultiLightControl], Ret[0x80000100]
Error   2026-08-19 13:40:05:990  DevID:MV-CU060-10GC(DA1691703)  Source-Line:libMvCameraControl.so(XmlParse.cpp-L2386)  ProcessName:python3.12(84250)     Description:[GetEnumValue]Get Node Value, Node does not exist, NodeName[MultiLightControl]
Error   2026-08-19 13:40:05:990  DevID:MV-CU060-10GC(DA1691703)  Source-Line:libMvCameraControl.so(GenICamImpl.cpp-L0364)  ProcessName:python3.12(84250)     Description:[GetEnumValue]Property[MultiLightControl], Ret[0x80000100]
Info    2026-08-19 13:40:05:990  DevID:MV-CU060-10GC(DA1691703)  Source-Line:libMvCameraControl.so(GigEStream.cpp-L0067)  ProcessName:python3.12(84250)     Description:[StartAcquisition][GEV]Width[3072], Height[2048], PixelFormat[0x1080009], PayloadSize[6291456], ChunkCount[100], CompressMode[0], DeviceUptime[19672]
Info    2026-08-19 13:40:05:995  DevID:MV-CU060-10GC(DA1691703)  Source-Line:libMvCameraControl.so(StreamGrab.cpp-L0869)  ProcessName:python3.12(84250)     Description:[StartGrabbing]StreamChannel[0], Start grabbing success, There is no registration callback.
Info    2026-08-19 13:40:06:532  DevID:MV-CU060-10GC(DA1691703)  Source-Line:libMvCameraControl.so(StreamGrab.cpp-L0934)  ProcessName:python3.12(84250)     Description:[StopGrabbing]Stop grabbing success! DeviceUptime[19673]
Info    2026-08-19 13:40:38:348  DevID:MV-CU060-10GC(DA1691703)  Source-Line:libMvCameraControl.so(GigEDevice.cpp-L1351)  ProcessName:python3.12(84250)     Description:[IsDeviceConnected]IsDeviceConnected success, Ret[true]
Error   2026-08-19 13:40:38:357  DevID:MV-CU060-10GC(DA1691703)  Source-Line:libMvCameraControl.so(GenICamImpl.cpp-L1111)  ProcessName:python3.12(84250)     Description:[XML_GetNodeAccessMode]PropertyName[PartialImageOutputMode], Ret[0x80000100]
Error   2026-08-19 13:40:38:359  DevID:MV-CU060-10GC(DA1691703)  Source-Line:libMvCameraControl.so(GenICamImpl.cpp-L1111)  ProcessName:python3.12(84250)     Description:[XML_GetNodeAccessMode]PropertyName[SeqExpEnable], Ret[0x80000100]
Error   2026-08-19 13:40:38:359  DevID:MV-CU060-10GC(DA1691703)  Source-Line:libMvCameraControl.so(XmlParse.cpp-L3037)  ProcessName:python3.12(84250)     Description:[GetBooleanValue]Get Node Value, Node does not exist, NodeName[SeqExpEnable]
Error   2026-08-19 13:40:38:359  DevID:MV-CU060-10GC(DA1691703)  Source-Line:libMvCameraControl.so(GenICamImpl.cpp-L0551)  ProcessName:python3.12(84250)     Description:[GetBoolValue]Property[SeqExpEnable], Ret[0x80000100]
Error   2026-08-19 13:40:38:359  DevID:MV-CU060-10GC(DA1691703)  Source-Line:libMvCameraControl.so(GenICamImpl.cpp-L1111)  ProcessName:python3.12(84250)     Description:[XML_GetNodeAccessMode]PropertyName[MultiLightControl], Ret[0x80000100]
Error   2026-08-19 13:40:38:359  DevID:MV-CU060-10GC(DA1691703)  Source-Line:libMvCameraControl.so(XmlParse.cpp-L2386)  ProcessName:python3.12(84250)     Description:[GetEnumValue]Get Node Value, Node does not exist, NodeName[MultiLightControl]
Error   2026-08-19 13:40:38:359  DevID:MV-CU060-10GC(DA1691703)  Source-Line:libMvCameraControl.so(GenICamImpl.cpp-L0364)  ProcessName:python3.12(84250)     Description:[GetEnumValue]Property[MultiLightControl], Ret[0x80000100]
Info    2026-08-19 13:40:38:359  DevID:MV-CU060-10GC(DA1691703)  Source-Line:libMvCameraControl.so(GigEStream.cpp-L0067)  ProcessName:python3.12(84250)     Description:[StartAcquisition][GEV]Width[3072], Height[2048], PixelFormat[0x1080009], PayloadSize[6291456], ChunkCount[100], CompressMode[0], DeviceUptime[19704]
Info    2026-08-19 13:40:38:364  DevID:MV-CU060-10GC(DA1691703)  Source-Line:libMvCameraControl.so(StreamGrab.cpp-L0869)  ProcessName:python3.12(84250)     Description:[StartGrabbing]StreamChannel[0], Start grabbing success, There is no registration callback.
Info    2026-08-19 13:40:38:888  DevID:MV-CU060-10GC(DA1691703)  Source-Line:libMvCameraControl.so(StreamGrab.cpp-L0934)  ProcessName:python3.12(84250)     Description:[StopGrabbing]Stop grabbing success! DeviceUptime[19705]
Info    2026-08-19 13:41:11:581  DevID:MV-CU060-10GC(DA1691703)  Source-Line:libMvCameraControl.so(GigEDevice.cpp-L1351)  ProcessName:python3.12(84250)     Description:[IsDeviceConnected]IsDeviceConnected success, Ret[true]
Error   2026-08-19 13:41:11:591  DevID:MV-CU060-10GC(DA1691703)  Source-Line:libMvCameraControl.so(GenICamImpl.cpp-L1111)  ProcessName:python3.12(84250)     Description:[XML_GetNodeAccessMode]PropertyName[PartialImageOutputMode], Ret[0x80000100]
Error   2026-08-19 13:41:11:593  DevID:MV-CU060-10GC(DA1691703)  Source-Line:libMvCameraControl.so(GenICamImpl.cpp-L1111)  ProcessName:python3.12(84250)     Description:[XML_GetNodeAccessMode]PropertyName[SeqExpEnable], Ret[0x80000100]
Error   2026-08-19 13:41:11:593  DevID:MV-CU060-10GC(DA1691703)  Source-Line:libMvCameraControl.so(XmlParse.cpp-L3037)  ProcessName:python3.12(84250)     Description:[GetBooleanValue]Get Node Value, Node does not exist, NodeName[SeqExpEnable]
Error   2026-08-19 13:41:11:593  DevID:MV-CU060-10GC(DA1691703)  Source-Line:libMvCameraControl.so(GenICamImpl.cpp-L0551)  ProcessName:python3.12(84250)     Description:[GetBoolValue]Property[SeqExpEnable], Ret[0x80000100]
Error   2026-08-19 13:41:11:593  DevID:MV-CU060-10GC(DA1691703)  Source-Line:libMvCameraControl.so(GenICamImpl.cpp-L1111)  ProcessName:python3.12(84250)     Description:[XML_GetNodeAccessMode]PropertyName[MultiLightControl], Ret[0x80000100]
Error   2026-08-19 13:41:11:593  DevID:MV-CU060-10GC(DA1691703)  Source-Line:libMvCameraControl.so(XmlParse.cpp-L2386)  ProcessName:python3.12(84250)     Description:[GetEnumValue]Get Node Value, Node does not exist, NodeName[MultiLightControl]
Error   2026-08-19 13:41:11:593  DevID:MV-CU060-10GC(DA1691703)  Source-Line:libMvCameraControl.so(GenICamImpl.cpp-L0364)  ProcessName:python3.12(84250)     Description:[GetEnumValue]Property[MultiLightControl], Ret[0x80000100]
Info    2026-08-19 13:41:11:594  DevID:MV-CU060-10GC(DA1691703)  Source-Line:libMvCameraControl.so(GigEStream.cpp-L0067)  ProcessName:python3.12(84250)     Description:[StartAcquisition][GEV]Width[3072], Height[2048], PixelFormat[0x1080009], PayloadSize[6291456], ChunkCount[100], CompressMode[0], DeviceUptime[19738]
Info    2026-08-19 13:41:11:599  DevID:MV-CU060-10GC(DA1691703)  Source-Line:libMvCameraControl.so(StreamGrab.cpp-L0869)  ProcessName:python3.12(84250)     Description:[StartGrabbing]StreamChannel[0], Start grabbing success, There is no registration callback.
Info    2026-08-19 13:41:12:145  DevID:MV-CU060-10GC(DA1691703)  Source-Line:libMvCameraControl.so(StreamGrab.cpp-L0934)  ProcessName:python3.12(84250)     Description:[StopGrabbing]Stop grabbing success! DeviceUptime[19738]
Info    2026-08-19 13:41:44:728  DevID:MV-CU060-10GC(DA1691703)  Source-Line:libMvCameraControl.so(GigEDevice.cpp-L1351)  ProcessName:python3.12(84250)     Description:[IsDeviceConnected]IsDeviceConnected success, Ret[true]
Error   2026-08-19 13:41:44:738  DevID:MV-CU060-10GC(DA1691703)  Source-Line:libMvCameraControl.so(GenICamImpl.cpp-L1111)  ProcessName:python3.12(84250)     Description:[XML_GetNodeAccessMode]PropertyName[PartialImageOutputMode], Ret[0x80000100]
Error   2026-08-19 13:41:44:740  DevID:MV-CU060-10GC(DA1691703)  Source-Line:libMvCameraControl.so(GenICamImpl.cpp-L1111)  ProcessName:python3.12(84250)     Description:[XML_GetNodeAccessMode]PropertyName[SeqExpEnable], Ret[0x80000100]
Error   2026-08-19 13:41:44:740  DevID:MV-CU060-10GC(DA1691703)  Source-Line:libMvCameraControl.so(XmlParse.cpp-L3037)  ProcessName:python3.12(84250)     Description:[GetBooleanValue]Get Node Value, Node does not exist, NodeName[SeqExpEnable]
Error   2026-08-19 13:41:44:740  DevID:MV-CU060-10GC(DA1691703)  Source-Line:libMvCameraControl.so(GenICamImpl.cpp-L0551)  ProcessName:python3.12(84250)     Description:[GetBoolValue]Property[SeqExpEnable], Ret[0x80000100]
Error   2026-08-19 13:41:44:740  DevID:MV-CU060-10GC(DA1691703)  Source-Line:libMvCameraControl.so(GenICamImpl.cpp-L1111)  ProcessName:python3.12(84250)     Description:[XML_GetNodeAccessMode]PropertyName[MultiLightControl], Ret[0x80000100]
Error   2026-08-19 13:41:44:740  DevID:MV-CU060-10GC(DA1691703)  Source-Line:libMvCameraControl.so(XmlParse.cpp-L2386)  ProcessName:python3.12(84250)     Description:[GetEnumValue]Get Node Value, Node does not exist, NodeName[MultiLightControl]
Error   2026-08-19 13:41:44:740  DevID:MV-CU060-10GC(DA1691703)  Source-Line:libMvCameraControl.so(GenICamImpl.cpp-L0364)  ProcessName:python3.12(84250)     Description:[GetEnumValue]Property[MultiLightControl], Ret[0x80000100]
Info    2026-08-19 13:41:44:740  DevID:MV-CU060-10GC(DA1691703)  Source-Line:libMvCameraControl.so(GigEStream.cpp-L0067)  ProcessName:python3.12(84250)     Description:[StartAcquisition][GEV]Width[3072], Height[2048], PixelFormat[0x1080009], PayloadSize[6291456], ChunkCount[100], CompressMode[0], DeviceUptime[19771]
Info    2026-08-19 13:41:44:746  DevID:MV-CU060-10GC(DA1691703)  Source-Line:libMvCameraControl.so(StreamGrab.cpp-L0869)  ProcessName:python3.12(84250)     Description:[StartGrabbing]StreamChannel[0], Start grabbing success, There is no registration callback.
Info    2026-08-19 13:41:45:240  DevID:MV-CU060-10GC(DA1691703)  Source-Line:libMvCameraControl.so(StreamGrab.cpp-L0934)  ProcessName:python3.12(84250)     Description:[StopGrabbing]Stop grabbing success! DeviceUptime[19771]
Info    2026-08-19 13:41:46:053  DevID:MV-CU060-10GC(DA1691703)  Source-Line:libMvCameraControl.so(GigEDevice.cpp-L1351)  ProcessName:python3.12(84250)     Description:[IsDeviceConnected]IsDeviceConnected success, Ret[true]
Error   2026-08-19 13:41:46:064  DevID:MV-CU060-10GC(DA1691703)  Source-Line:libMvCameraControl.so(GenICamImpl.cpp-L1111)  ProcessName:python3.12(84250)     Description:[XML_GetNodeAccessMode]PropertyName[PartialImageOutputMode], Ret[0x80000100]
Error   2026-08-19 13:41:46:066  DevID:MV-CU060-10GC(DA1691703)  Source-Line:libMvCameraControl.so(GenICamImpl.cpp-L1111)  ProcessName:python3.12(84250)     Description:[XML_GetNodeAccessMode]PropertyName[SeqExpEnable], Ret[0x80000100]
Error   2026-08-19 13:41:46:066  DevID:MV-CU060-10GC(DA1691703)  Source-Line:libMvCameraControl.so(XmlParse.cpp-L3037)  ProcessName:python3.12(84250)     Description:[GetBooleanValue]Get Node Value, Node does not exist, NodeName[SeqExpEnable]
Error   2026-08-19 13:41:46:066  DevID:MV-CU060-10GC(DA1691703)  Source-Line:libMvCameraControl.so(GenICamImpl.cpp-L0551)  ProcessName:python3.12(84250)     Description:[GetBoolValue]Property[SeqExpEnable], Ret[0x80000100]
Error   2026-08-19 13:41:46:066  DevID:MV-CU060-10GC(DA1691703)  Source-Line:libMvCameraControl.so(GenICamImpl.cpp-L1111)  ProcessName:python3.12(84250)     Description:[XML_GetNodeAccessMode]PropertyName[MultiLightControl], Ret[0x80000100]
Error   2026-08-19 13:41:46:066  DevID:MV-CU060-10GC(DA1691703)  Source-Line:libMvCameraControl.so(XmlParse.cpp-L2386)  ProcessName:python3.12(84250)     Description:[GetEnumValue]Get Node Value, Node does not exist, NodeName[MultiLightControl]
Error   2026-08-19 13:41:46:066  DevID:MV-CU060-10GC(DA1691703)  Source-Line:libMvCameraControl.so(GenICamImpl.cpp-L0364)  ProcessName:python3.12(84250)     Description:[GetEnumValue]Property[MultiLightControl], Ret[0x80000100]
Info    2026-08-19 13:41:46:066  DevID:MV-CU060-10GC(DA1691703)  Source-Line:libMvCameraControl.so(GigEStream.cpp-L0067)  ProcessName:python3.12(84250)     Description:[StartAcquisition][GEV]Width[3072], Height[2048], PixelFormat[0x1080009], PayloadSize[6291456], ChunkCount[100], CompressMode[0], DeviceUptime[19772]
Info    2026-08-19 13:41:46:071  DevID:MV-CU060-10GC(DA1691703)  Source-Line:libMvCameraControl.so(StreamGrab.cpp-L0869)  ProcessName:python3.12(84250)     Description:[StartGrabbing]StreamChannel[0], Start grabbing success, There is no registration callback.
Info    2026-08-19 13:41:46:664  DevID:MV-CU060-10GC(DA1691703)  Source-Line:libMvCameraControl.so(StreamGrab.cpp-L0934)  ProcessName:python3.12(84250)     Description:[StopGrabbing]Stop grabbing success! DeviceUptime[19773]
Info    2026-08-19 13:42:16:331  DevID:MV-CU060-10GC(DA1691703)  Source-Line:libMvCameraControl.so(GigEDevice.cpp-L1351)  ProcessName:python3.12(84250)     Description:[IsDeviceConnected]IsDeviceConnected success, Ret[true]
Error   2026-08-19 13:42:16:340  DevID:MV-CU060-10GC(DA1691703)  Source-Line:libMvCameraControl.so(GenICamImpl.cpp-L1111)  ProcessName:python3.12(84250)     Description:[XML_GetNodeAccessMode]PropertyName[PartialImageOutputMode], Ret[0x80000100]
Error   2026-08-19 13:42:16:342  DevID:MV-CU060-10GC(DA1691703)  Source-Line:libMvCameraControl.so(GenICamImpl.cpp-L1111)  ProcessName:python3.12(84250)     Description:[XML_GetNodeAccessMode]PropertyName[SeqExpEnable], Ret[0x80000100]
Error   2026-08-19 13:42:16:342  DevID:MV-CU060-10GC(DA1691703)  Source-Line:libMvCameraControl.so(XmlParse.cpp-L3037)  ProcessName:python3.12(84250)     Description:[GetBooleanValue]Get Node Value, Node does not exist, NodeName[SeqExpEnable]
Error   2026-08-19 13:42:16:342  DevID:MV-CU060-10GC(DA1691703)  Source-Line:libMvCameraControl.so(GenICamImpl.cpp-L0551)  ProcessName:python3.12(84250)     Description:[GetBoolValue]Property[SeqExpEnable], Ret[0x80000100]
Error   2026-08-19 13:42:16:342  DevID:MV-CU060-10GC(DA1691703)  Source-Line:libMvCameraControl.so(GenICamImpl.cpp-L1111)  ProcessName:python3.12(84250)     Description:[XML_GetNodeAccessMode]PropertyName[MultiLightControl], Ret[0x80000100]
Error   2026-08-19 13:42:16:342  DevID:MV-CU060-10GC(DA1691703)  Source-Line:libMvCameraControl.so(XmlParse.cpp-L2386)  ProcessName:python3.12(84250)     Description:[GetEnumValue]Get Node Value, Node does not exist, NodeName[MultiLightControl]
Error   2026-08-19 13:42:16:342  DevID:MV-CU060-10GC(DA1691703)  Source-Line:libMvCameraControl.so(GenICamImpl.cpp-L0364)  ProcessName:python3.12(84250)     Description:[GetEnumValue]Property[MultiLightControl], Ret[0x80000100]
Info    2026-08-19 13:42:16:342  DevID:MV-CU060-10GC(DA1691703)  Source-Line:libMvCameraControl.so(GigEStream.cpp-L0067)  ProcessName:python3.12(84250)     Description:[StartAcquisition][GEV]Width[3072], Height[2048], PixelFormat[0x1080009], PayloadSize[6291456], ChunkCount[100], CompressMode[0], DeviceUptime[19802]
Info    2026-08-19 13:42:16:348  DevID:MV-CU060-10GC(DA1691703)  Source-Line:libMvCameraControl.so(StreamGrab.cpp-L0869)  ProcessName:python3.12(84250)     Description:[StartGrabbing]StreamChannel[0], Start grabbing success, There is no registration callback.
Info    2026-08-19 13:42:16:850  DevID:MV-CU060-10GC(DA1691703)  Source-Line:libMvCameraControl.so(StreamGrab.cpp-L0934)  ProcessName:python3.12(84250)     Description:[StopGrabbing]Stop grabbing success! DeviceUptime[19803]
Info    2026-08-19 13:42:49:805  DevID:MV-CU060-10GC(DA1691703)  Source-Line:libMvCameraControl.so(GigEDevice.cpp-L1351)  ProcessName:python3.12(84250)     Description:[IsDeviceConnected]IsDeviceConnected success, Ret[true]
Error   2026-08-19 13:42:49:815  DevID:MV-CU060-10GC(DA1691703)  Source-Line:libMvCameraControl.so(GenICamImpl.cpp-L1111)  ProcessName:python3.12(84250)     Description:[XML_GetNodeAccessMode]PropertyName[PartialImageOutputMode], Ret[0x80000100]
Error   2026-08-19 13:42:49:817  DevID:MV-CU060-10GC(DA1691703)  Source-Line:libMvCameraControl.so(GenICamImpl.cpp-L1111)  ProcessName:python3.12(84250)     Description:[XML_GetNodeAccessMode]PropertyName[SeqExpEnable], Ret[0x80000100]
Error   2026-08-19 13:42:49:817  DevID:MV-CU060-10GC(DA1691703)  Source-Line:libMvCameraControl.so(XmlParse.cpp-L3037)  ProcessName:python3.12(84250)     Description:[GetBooleanValue]Get Node Value, Node does not exist, NodeName[SeqExpEnable]
Error   2026-08-19 13:42:49:817  DevID:MV-CU060-10GC(DA1691703)  Source-Line:libMvCameraControl.so(GenICamImpl.cpp-L0551)  ProcessName:python3.12(84250)     Description:[GetBoolValue]Property[SeqExpEnable], Ret[0x80000100]
Error   2026-08-19 13:42:49:817  DevID:MV-CU060-10GC(DA1691703)  Source-Line:libMvCameraControl.so(GenICamImpl.cpp-L1111)  ProcessName:python3.12(84250)     Description:[XML_GetNodeAccessMode]PropertyName[MultiLightControl], Ret[0x80000100]
Error   2026-08-19 13:42:49:817  DevID:MV-CU060-10GC(DA1691703)  Source-Line:libMvCameraControl.so(XmlParse.cpp-L2386)  ProcessName:python3.12(84250)     Description:[GetEnumValue]Get Node Value, Node does not exist, NodeName[MultiLightControl]
Error   2026-08-19 13:42:49:817  DevID:MV-CU060-10GC(DA1691703)  Source-Line:libMvCameraControl.so(GenICamImpl.cpp-L0364)  ProcessName:python3.12(84250)     Description:[GetEnumValue]Property[MultiLightControl], Ret[0x80000100]
Info    2026-08-19 13:42:49:817  DevID:MV-CU060-10GC(DA1691703)  Source-Line:libMvCameraControl.so(GigEStream.cpp-L0067)  ProcessName:python3.12(84250)     Description:[StartAcquisition][GEV]Width[3072], Height[2048], PixelFormat[0x1080009], PayloadSize[6291456], ChunkCount[100], CompressMode[0], DeviceUptime[19836]
Info    2026-08-19 13:42:49:822  DevID:MV-CU060-10GC(DA1691703)  Source-Line:libMvCameraControl.so(StreamGrab.cpp-L0869)  ProcessName:python3.12(84250)     Description:[StartGrabbing]StreamChannel[0], Start grabbing success, There is no registration callback.
Info    2026-08-19 13:42:50:382  DevID:MV-CU060-10GC(DA1691703)  Source-Line:libMvCameraControl.so(StreamGrab.cpp-L0934)  ProcessName:python3.12(84250)     Description:[StopGrabbing]Stop grabbing success! DeviceUptime[19836]
Info    2026-08-19 13:42:51:337  DevID:MV-CU060-10GC(DA1691703)  Source-Line:libMvCameraControl.so(GigEDevice.cpp-L1351)  ProcessName:python3.12(84250)     Description:[IsDeviceConnected]IsDeviceConnected success, Ret[true]
Error   2026-08-19 13:42:51:349  DevID:MV-CU060-10GC(DA1691703)  Source-Line:libMvCameraControl.so(GenICamImpl.cpp-L1111)  ProcessName:python3.12(84250)     Description:[XML_GetNodeAccessMode]PropertyName[PartialImageOutputMode], Ret[0x80000100]
Error   2026-08-19 13:42:51:351  DevID:MV-CU060-10GC(DA1691703)  Source-Line:libMvCameraControl.so(GenICamImpl.cpp-L1111)  ProcessName:python3.12(84250)     Description:[XML_GetNodeAccessMode]PropertyName[SeqExpEnable], Ret[0x80000100]
Error   2026-08-19 13:42:51:351  DevID:MV-CU060-10GC(DA1691703)  Source-Line:libMvCameraControl.so(XmlParse.cpp-L3037)  ProcessName:python3.12(84250)     Description:[GetBooleanValue]Get Node Value, Node does not exist, NodeName[SeqExpEnable]
Error   2026-08-19 13:42:51:351  DevID:MV-CU060-10GC(DA1691703)  Source-Line:libMvCameraControl.so(GenICamImpl.cpp-L0551)  ProcessName:python3.12(84250)     Description:[GetBoolValue]Property[SeqExpEnable], Ret[0x80000100]
Error   2026-08-19 13:42:51:351  DevID:MV-CU060-10GC(DA1691703)  Source-Line:libMvCameraControl.so(GenICamImpl.cpp-L1111)  ProcessName:python3.12(84250)     Description:[XML_GetNodeAccessMode]PropertyName[MultiLightControl], Ret[0x80000100]
Error   2026-08-19 13:42:51:351  DevID:MV-CU060-10GC(DA1691703)  Source-Line:libMvCameraControl.so(XmlParse.cpp-L2386)  ProcessName:python3.12(84250)     Description:[GetEnumValue]Get Node Value, Node does not exist, NodeName[MultiLightControl]
Error   2026-08-19 13:42:51:351  DevID:MV-CU060-10GC(DA1691703)  Source-Line:libMvCameraControl.so(GenICamImpl.cpp-L0364)  ProcessName:python3.12(84250)     Description:[GetEnumValue]Property[MultiLightControl], Ret[0x80000100]
Info    2026-08-19 13:42:51:351  DevID:MV-CU060-10GC(DA1691703)  Source-Line:libMvCameraControl.so(GigEStream.cpp-L0067)  ProcessName:python3.12(84250)     Description:[StartAcquisition][GEV]Width[3072], Height[2048], PixelFormat[0x1080009], PayloadSize[6291456], ChunkCount[100], CompressMode[0], DeviceUptime[19837]
Info    2026-08-19 13:42:51:356  DevID:MV-CU060-10GC(DA1691703)  Source-Line:libMvCameraControl.so(StreamGrab.cpp-L0869)  ProcessName:python3.12(84250)     Description:[StartGrabbing]StreamChannel[0], Start grabbing success, There is no registration callback.
Info    2026-08-19 13:42:52:040  DevID:MV-CU060-10GC(DA1691703)  Source-Line:libMvCameraControl.so(StreamGrab.cpp-L0934)  ProcessName:python3.12(84250)     Description:[StopGrabbing]Stop grabbing success! DeviceUptime[19838]
Info    2026-08-19 13:43:27:001  DevID:MV-CU060-10GC(DA1691703)  Source-Line:libMvCameraControl.so(GigEDevice.cpp-L1351)  ProcessName:python3.12(84250)     Description:[IsDeviceConnected]IsDeviceConnected success, Ret[true]
Error   2026-08-19 13:43:27:010  DevID:MV-CU060-10GC(DA1691703)  Source-Line:libMvCameraControl.so(GenICamImpl.cpp-L1111)  ProcessName:python3.12(84250)     Description:[XML_GetNodeAccessMode]PropertyName[PartialImageOutputMode], Ret[0x80000100]
Error   2026-08-19 13:43:27:012  DevID:MV-CU060-10GC(DA1691703)  Source-Line:libMvCameraControl.so(GenICamImpl.cpp-L1111)  ProcessName:python3.12(84250)     Description:[XML_GetNodeAccessMode]PropertyName[SeqExpEnable], Ret[0x80000100]
Error   2026-08-19 13:43:27:012  DevID:MV-CU060-10GC(DA1691703)  Source-Line:libMvCameraControl.so(XmlParse.cpp-L3037)  ProcessName:python3.12(84250)     Description:[GetBooleanValue]Get Node Value, Node does not exist, NodeName[SeqExpEnable]
Error   2026-08-19 13:43:27:012  DevID:MV-CU060-10GC(DA1691703)  Source-Line:libMvCameraControl.so(GenICamImpl.cpp-L0551)  ProcessName:python3.12(84250)     Description:[GetBoolValue]Property[SeqExpEnable], Ret[0x80000100]
Error   2026-08-19 13:43:27:012  DevID:MV-CU060-10GC(DA1691703)  Source-Line:libMvCameraControl.so(GenICamImpl.cpp-L1111)  ProcessName:python3.12(84250)     Description:[XML_GetNodeAccessMode]PropertyName[MultiLightControl], Ret[0x80000100]
Error   2026-08-19 13:43:27:012  DevID:MV-CU060-10GC(DA1691703)  Source-Line:libMvCameraControl.so(XmlParse.cpp-L2386)  ProcessName:python3.12(84250)     Description:[GetEnumValue]Get Node Value, Node does not exist, NodeName[MultiLightControl]
Error   2026-08-19 13:43:27:012  DevID:MV-CU060-10GC(DA1691703)  Source-Line:libMvCameraControl.so(GenICamImpl.cpp-L0364)  ProcessName:python3.12(84250)     Description:[GetEnumValue]Property[MultiLightControl], Ret[0x80000100]
Info    2026-08-19 13:43:27:012  DevID:MV-CU060-10GC(DA1691703)  Source-Line:libMvCameraControl.so(GigEStream.cpp-L0067)  ProcessName:python3.12(84250)     Description:[StartAcquisition][GEV]Width[3072], Height[2048], PixelFormat[0x1080009], PayloadSize[6291456], ChunkCount[100], CompressMode[0], DeviceUptime[19873]
Info    2026-08-19 13:43:27:018  DevID:MV-CU060-10GC(DA1691703)  Source-Line:libMvCameraControl.so(StreamGrab.cpp-L0869)  ProcessName:python3.12(84250)     Description:[StartGrabbing]StreamChannel[0], Start grabbing success, There is no registration callback.
Info    2026-08-19 13:43:27:471  DevID:MV-CU060-10GC(DA1691703)  Source-Line:libMvCameraControl.so(StreamGrab.cpp-L0934)  ProcessName:python3.12(84250)     Description:[StopGrabbing]Stop grabbing success! DeviceUptime[19873]
Info    2026-08-19 13:44:00:318  DevID:MV-CU060-10GC(DA1691703)  Source-Line:libMvCameraControl.so(GigEDevice.cpp-L1351)  ProcessName:python3.12(84250)     Description:[IsDeviceConnected]IsDeviceConnected success, Ret[true]
Error   2026-08-19 13:44:00:327  DevID:MV-CU060-10GC(DA1691703)  Source-Line:libMvCameraControl.so(GenICamImpl.cpp-L1111)  ProcessName:python3.12(84250)     Description:[XML_GetNodeAccessMode]PropertyName[PartialImageOutputMode], Ret[0x80000100]
Error   2026-08-19 13:44:00:329  DevID:MV-CU060-10GC(DA1691703)  Source-Line:libMvCameraControl.so(GenICamImpl.cpp-L1111)  ProcessName:python3.12(84250)     Description:[XML_GetNodeAccessMode]PropertyName[SeqExpEnable], Ret[0x80000100]
Error   2026-08-19 13:44:00:329  DevID:MV-CU060-10GC(DA1691703)  Source-Line:libMvCameraControl.so(XmlParse.cpp-L3037)  ProcessName:python3.12(84250)     Description:[GetBooleanValue]Get Node Value, Node does not exist, NodeName[SeqExpEnable]
Error   2026-08-19 13:44:00:329  DevID:MV-CU060-10GC(DA1691703)  Source-Line:libMvCameraControl.so(GenICamImpl.cpp-L0551)  ProcessName:python3.12(84250)     Description:[GetBoolValue]Property[SeqExpEnable], Ret[0x80000100]
Error   2026-08-19 13:44:00:329  DevID:MV-CU060-10GC(DA1691703)  Source-Line:libMvCameraControl.so(GenICamImpl.cpp-L1111)  ProcessName:python3.12(84250)     Description:[XML_GetNodeAccessMode]PropertyName[MultiLightControl], Ret[0x80000100]
Error   2026-08-19 13:44:00:329  DevID:MV-CU060-10GC(DA1691703)  Source-Line:libMvCameraControl.so(XmlParse.cpp-L2386)  ProcessName:python3.12(84250)     Description:[GetEnumValue]Get Node Value, Node does not exist, NodeName[MultiLightControl]
Error   2026-08-19 13:44:00:329  DevID:MV-CU060-10GC(DA1691703)  Source-Line:libMvCameraControl.so(GenICamImpl.cpp-L0364)  ProcessName:python3.12(84250)     Description:[GetEnumValue]Property[MultiLightControl], Ret[0x80000100]
Info    2026-08-19 13:44:00:329  DevID:MV-CU060-10GC(DA1691703)  Source-Line:libMvCameraControl.so(GigEStream.cpp-L0067)  ProcessName:python3.12(84250)     Description:[StartAcquisition][GEV]Width[3072], Height[2048], PixelFormat[0x1080009], PayloadSize[6291456], ChunkCount[100], CompressMode[0], DeviceUptime[19906]
Info    2026-08-19 13:44:00:334  DevID:MV-CU060-10GC(DA1691703)  Source-Line:libMvCameraControl.so(StreamGrab.cpp-L0869)  ProcessName:python3.12(84250)     Description:[StartGrabbing]StreamChannel[0], Start grabbing success, There is no registration callback.
Info    2026-08-19 13:44:00:860  DevID:MV-CU060-10GC(DA1691703)  Source-Line:libMvCameraControl.so(StreamGrab.cpp-L0934)  ProcessName:python3.12(84250)     Description:[StopGrabbing]Stop grabbing success! DeviceUptime[19907]
Info    2026-08-19 13:44:32:757  DevID:MV-CU060-10GC(DA1691703)  Source-Line:libMvCameraControl.so(GigEDevice.cpp-L1351)  ProcessName:python3.12(84250)     Description:[IsDeviceConnected]IsDeviceConnected success, Ret[true]
Error   2026-08-19 13:44:32:767  DevID:MV-CU060-10GC(DA1691703)  Source-Line:libMvCameraControl.so(GenICamImpl.cpp-L1111)  ProcessName:python3.12(84250)     Description:[XML_GetNodeAccessMode]PropertyName[PartialImageOutputMode], Ret[0x80000100]
Error   2026-08-19 13:44:32:769  DevID:MV-CU060-10GC(DA1691703)  Source-Line:libMvCameraControl.so(GenICamImpl.cpp-L1111)  ProcessName:python3.12(84250)     Description:[XML_GetNodeAccessMode]PropertyName[SeqExpEnable], Ret[0x80000100]
Error   2026-08-19 13:44:32:769  DevID:MV-CU060-10GC(DA1691703)  Source-Line:libMvCameraControl.so(XmlParse.cpp-L3037)  ProcessName:python3.12(84250)     Description:[GetBooleanValue]Get Node Value, Node does not exist, NodeName[SeqExpEnable]
Error   2026-08-19 13:44:32:769  DevID:MV-CU060-10GC(DA1691703)  Source-Line:libMvCameraControl.so(GenICamImpl.cpp-L0551)  ProcessName:python3.12(84250)     Description:[GetBoolValue]Property[SeqExpEnable], Ret[0x80000100]
Error   2026-08-19 13:44:32:769  DevID:MV-CU060-10GC(DA1691703)  Source-Line:libMvCameraControl.so(GenICamImpl.cpp-L1111)  ProcessName:python3.12(84250)     Description:[XML_GetNodeAccessMode]PropertyName[MultiLightControl], Ret[0x80000100]
Error   2026-08-19 13:44:32:769  DevID:MV-CU060-10GC(DA1691703)  Source-Line:libMvCameraControl.so(XmlParse.cpp-L2386)  ProcessName:python3.12(84250)     Description:[GetEnumValue]Get Node Value, Node does not exist, NodeName[MultiLightControl]
Error   2026-08-19 13:44:32:769  DevID:MV-CU060-10GC(DA1691703)  Source-Line:libMvCameraControl.so(GenICamImpl.cpp-L0364)  ProcessName:python3.12(84250)     Description:[GetEnumValue]Property[MultiLightControl], Ret[0x80000100]
Info    2026-08-19 13:44:32:769  DevID:MV-CU060-10GC(DA1691703)  Source-Line:libMvCameraControl.so(GigEStream.cpp-L0067)  ProcessName:python3.12(84250)     Description:[StartAcquisition][GEV]Width[3072], Height[2048], PixelFormat[0x1080009], PayloadSize[6291456], ChunkCount[100], CompressMode[0], DeviceUptime[19939]
Info    2026-08-19 13:44:32:775  DevID:MV-CU060-10GC(DA1691703)  Source-Line:libMvCameraControl.so(StreamGrab.cpp-L0869)  ProcessName:python3.12(84250)     Description:[StartGrabbing]StreamChannel[0], Start grabbing success, There is no registration callback.
Info    2026-08-19 13:44:33:324  DevID:MV-CU060-10GC(DA1691703)  Source-Line:libMvCameraControl.so(StreamGrab.cpp-L0934)  ProcessName:python3.12(84250)     Description:[StopGrabbing]Stop grabbing success! DeviceUptime[19939]
Info    2026-08-19 13:44:34:294  DevID:MV-CU060-10GC(DA1691703)  Source-Line:libMvCameraControl.so(GigEDevice.cpp-L1351)  ProcessName:python3.12(84250)     Description:[IsDeviceConnected]IsDeviceConnected success, Ret[true]
Error   2026-08-19 13:44:34:304  DevID:MV-CU060-10GC(DA1691703)  Source-Line:libMvCameraControl.so(GenICamImpl.cpp-L1111)  ProcessName:python3.12(84250)     Description:[XML_GetNodeAccessMode]PropertyName[PartialImageOutputMode], Ret[0x80000100]
Error   2026-08-19 13:44:34:306  DevID:MV-CU060-10GC(DA1691703)  Source-Line:libMvCameraControl.so(GenICamImpl.cpp-L1111)  ProcessName:python3.12(84250)     Description:[XML_GetNodeAccessMode]PropertyName[SeqExpEnable], Ret[0x80000100]
Error   2026-08-19 13:44:34:306  DevID:MV-CU060-10GC(DA1691703)  Source-Line:libMvCameraControl.so(XmlParse.cpp-L3037)  ProcessName:python3.12(84250)     Description:[GetBooleanValue]Get Node Value, Node does not exist, NodeName[SeqExpEnable]
Error   2026-08-19 13:44:34:306  DevID:MV-CU060-10GC(DA1691703)  Source-Line:libMvCameraControl.so(GenICamImpl.cpp-L0551)  ProcessName:python3.12(84250)     Description:[GetBoolValue]Property[SeqExpEnable], Ret[0x80000100]
Error   2026-08-19 13:44:34:306  DevID:MV-CU060-10GC(DA1691703)  Source-Line:libMvCameraControl.so(GenICamImpl.cpp-L1111)  ProcessName:python3.12(84250)     Description:[XML_GetNodeAccessMode]PropertyName[MultiLightControl], Ret[0x80000100]
Error   2026-08-19 13:44:34:306  DevID:MV-CU060-10GC(DA1691703)  Source-Line:libMvCameraControl.so(XmlParse.cpp-L2386)  ProcessName:python3.12(84250)     Description:[GetEnumValue]Get Node Value, Node does not exist, NodeName[MultiLightControl]
Error   2026-08-19 13:44:34:306  DevID:MV-CU060-10GC(DA1691703)  Source-Line:libMvCameraControl.so(GenICamImpl.cpp-L0364)  ProcessName:python3.12(84250)     Description:[GetEnumValue]Property[MultiLightControl], Ret[0x80000100]
Info    2026-08-19 13:44:34:306  DevID:MV-CU060-10GC(DA1691703)  Source-Line:libMvCameraControl.so(GigEStream.cpp-L0067)  ProcessName:python3.12(84250)     Description:[StartAcquisition][GEV]Width[3072], Height[2048], PixelFormat[0x1080009], PayloadSize[6291456], ChunkCount[100], CompressMode[0], DeviceUptime[19940]
Info    2026-08-19 13:44:34:311  DevID:MV-CU060-10GC(DA1691703)  Source-Line:libMvCameraControl.so(StreamGrab.cpp-L0869)  ProcessName:python3.12(84250)     Description:[StartGrabbing]StreamChannel[0], Start grabbing success, There is no registration callback.
Info    2026-08-19 13:44:34:923  DevID:MV-CU060-10GC(DA1691703)  Source-Line:libMvCameraControl.so(StreamGrab.cpp-L0934)  ProcessName:python3.12(84250)     Description:[StopGrabbing]Stop grabbing success! DeviceUptime[19941]
Info    2026-08-19 13:44:35:803  DevID:MV-CU060-10GC(DA1691703)  Source-Line:libMvCameraControl.so(GigEDevice.cpp-L1351)  ProcessName:python3.12(84250)     Description:[IsDeviceConnected]IsDeviceConnected success, Ret[true]
Error   2026-08-19 13:44:35:811  DevID:MV-CU060-10GC(DA1691703)  Source-Line:libMvCameraControl.so(GenICamImpl.cpp-L1111)  ProcessName:python3.12(84250)     Description:[XML_GetNodeAccessMode]PropertyName[PartialImageOutputMode], Ret[0x80000100]
Error   2026-08-19 13:44:35:813  DevID:MV-CU060-10GC(DA1691703)  Source-Line:libMvCameraControl.so(GenICamImpl.cpp-L1111)  ProcessName:python3.12(84250)     Description:[XML_GetNodeAccessMode]PropertyName[SeqExpEnable], Ret[0x80000100]
Error   2026-08-19 13:44:35:813  DevID:MV-CU060-10GC(DA1691703)  Source-Line:libMvCameraControl.so(XmlParse.cpp-L3037)  ProcessName:python3.12(84250)     Description:[GetBooleanValue]Get Node Value, Node does not exist, NodeName[SeqExpEnable]
Error   2026-08-19 13:44:35:813  DevID:MV-CU060-10GC(DA1691703)  Source-Line:libMvCameraControl.so(GenICamImpl.cpp-L0551)  ProcessName:python3.12(84250)     Description:[GetBoolValue]Property[SeqExpEnable], Ret[0x80000100]
Error   2026-08-19 13:44:35:813  DevID:MV-CU060-10GC(DA1691703)  Source-Line:libMvCameraControl.so(GenICamImpl.cpp-L1111)  ProcessName:python3.12(84250)     Description:[XML_GetNodeAccessMode]PropertyName[MultiLightControl], Ret[0x80000100]
Error   2026-08-19 13:44:35:813  DevID:MV-CU060-10GC(DA1691703)  Source-Line:libMvCameraControl.so(XmlParse.cpp-L2386)  ProcessName:python3.12(84250)     Description:[GetEnumValue]Get Node Value, Node does not exist, NodeName[MultiLightControl]
Error   2026-08-19 13:44:35:813  DevID:MV-CU060-10GC(DA1691703)  Source-Line:libMvCameraControl.so(GenICamImpl.cpp-L0364)  ProcessName:python3.12(84250)     Description:[GetEnumValue]Property[MultiLightControl], Ret[0x80000100]
Info    2026-08-19 13:44:35:813  DevID:MV-CU060-10GC(DA1691703)  Source-Line:libMvCameraControl.so(GigEStream.cpp-L0067)  ProcessName:python3.12(84250)     Description:[StartAcquisition][GEV]Width[3072], Height[2048], PixelFormat[0x1080009], PayloadSize[6291456], ChunkCount[100], CompressMode[0], DeviceUptime[19942]
Info    2026-08-19 13:44:35:817  DevID:MV-CU060-10GC(DA1691703)  Source-Line:libMvCameraControl.so(StreamGrab.cpp-L0869)  ProcessName:python3.12(84250)     Description:[StartGrabbing]StreamChannel[0], Start grabbing success, There is no registration callback.
Info    2026-08-19 13:44:36:401  DevID:MV-CU060-10GC(DA1691703)  Source-Line:libMvCameraControl.so(StreamGrab.cpp-L0934)  ProcessName:python3.12(84250)     Description:[StopGrabbing]Stop grabbing success! DeviceUptime[19942]
Info    2026-08-19 13:44:53:794  DevID:MV-CU060-10GC(DA1691703)  Source-Line:libMvCameraControl.so(GigEDevice.cpp-L0648)  ProcessName:python3.12(84250)     Description:[CloseGigEDevice] Close device begin!
Error   2026-08-19 13:44:53:794  DevID:MV-CU060-10GC(DA1691703)  Source-Line:libMvCameraControl.so(StreamGrab.cpp-L0882)  ProcessName:python3.12(84250)     Description:[StopGrabbing]StreamChannel[0], bGrabbing[0], pDevStream[0x5cf54e0]
Info    2026-08-19 13:44:53:794  DevID:MV-CU060-10GC(DA1691703)  Source-Line:libMvCameraControl.so(StreamGrab.cpp-L0270)  ProcessName:python3.12(84250)     Description:[Close]Stream channel[0] closed
Info    2026-08-19 13:44:53:795  DevID:MV-CU060-10GC(DA1691703)  Source-Line:libMvCameraControl.so(GigEDevice.cpp-L0665)  ProcessName:python3.12(84250)     Description:[CloseGigEDevice]DeviceUptime[19960]
Info    2026-08-19 13:44:53:902  DevID:MV-CU060-10GC(DA1691703)  Source-Line:libMvCameraControl.so(GigEDevice.cpp-L0687)  ProcessName:python3.12(84250)     Description:[CloseGigEDevice]Close device success!
Info    2026-08-19 13:44:53:902  DevID:MV-CU060-10GC(DA1691703)  Source-Line:libMvCameraControl.so(GigEDeviceEvent.cpp-L0046)  ProcessName:python3.12(84250)     Description:[Deinit]GigEDeviceEvent Deinit  RecvAllEvent  [0],
Warning 2026-08-19 13:45:18:383  DevID:  Source-Line:libMvCameraControl.so(GenTLLoadLibraryEx.cpp-L0350)  ProcessName:python3.12(98500)     Description:[LoadCtiLibInter]MV_GCSetConfigIntValue is NULL, CTI path[/opt/MVS/lib/64/libMvProducerVIR.so]
Info    2026-08-19 13:45:18:383  DevID:  Source-Line:libMvCameraControl.so(GigELoadLibrary.cpp-L1607)  ProcessName:python3.12(98500)     Description:[LoadGigEAllFunctions]Load MVGigEVisionSDK success
Warning 2026-08-19 13:45:18:398  DevID:Virtual GigE Vision  Source-Line:libMvCameraControl.so(GenTLManager.cpp-L1360)  ProcessName:python3.12(98500)     Description:[OpenInterfaceInter]Get cti version failed, nRet[0x8000000c]
Info    2026-08-19 13:45:18:398  DevID:Virtual GigE Vision  Source-Line:libMvCameraControl.so(GenTLManager.cpp-L1362)  ProcessName:python3.12(98500)     Description:[OpenInterfaceInter]Interface open success! VIRGEVCtiVersion[], VIRGEVDrvVersion[]
Warning 2026-08-19 13:45:18:398  DevID:Virtual USB3 Vision  Source-Line:libMvCameraControl.so(GenTLManager.cpp-L1360)  ProcessName:python3.12(98500)     Description:[OpenInterfaceInter]Get cti version failed, nRet[0x8000000c]
Info    2026-08-19 13:45:18:398  DevID:Virtual USB3 Vision  Source-Line:libMvCameraControl.so(GenTLManager.cpp-L1362)  ProcessName:python3.12(98500)     Description:[OpenInterfaceInter]Interface open success! VIRU3VCtiVersion[], VIRU3VDrvVersion[]
Info    2026-08-19 13:45:18:507  DevID:MV-CU060-10GC(DA1691703)  Source-Line:libMvCameraControl.so(GigEDevice.cpp-L0263)  ProcessName:python3.12(98500)     Description:[Init]GEV INFO DeviceIP[192.168.1.20], NetIP[192.168.1.21], ManufacturerInfo[Hikrobot], DeviceVersion[V4.0.1 220113 751901], UserID[]
Info    2026-08-19 13:45:18:507  DevID:MV-CU060-10GC(DA1691703)  Source-Line:libMvCameraControl.so(MediaProcess.cpp-L0884)  ProcessName:python3.12(98500)     Description:[SetBayerCvtQuality]Set Bayer CvtQuality success! BayerCvtQuality[1]
Info    2026-08-19 13:45:18:507  DevID:MV-CU060-10GC(DA1691703)  Source-Line:libMvCameraControl.so(MediaProcess.cpp-L1732)  ProcessName:python3.12(98500)     Description:[SetBayerThreadNum]Set Bayer Thread Num success! BayerThreadNum[4]
Info    2026-08-19 13:45:18:507  DevID:MV-CU060-10GC(DA1691703)  Source-Line:libMvCameraControl.so(MediaProcess.cpp-L0884)  ProcessName:python3.12(98500)     Description:[SetBayerCvtQuality]Set Bayer CvtQuality success! BayerCvtQuality[1]
Info    2026-08-19 13:45:18:507  DevID:MV-CU060-10GC(DA1691703)  Source-Line:libMvCameraControl.so(MediaProcess.cpp-L1732)  ProcessName:python3.12(98500)     Description:[SetBayerThreadNum]Set Bayer Thread Num success! BayerThreadNum[4]
Info    2026-08-19 13:45:18:507  DevID:MV-CU060-10GC(DA1691703)  Source-Line:libMvCameraControl.so(GigEDevice.cpp-L0299)  ProcessName:python3.12(98500)     Description:[IsValidVersion]MvCameraControl Version[0x4070103], GigE SDKVersion[0x4070101], DriverVersion[0x0]
Info    2026-08-19 13:45:18:539  DevID:  Source-Line:libMvCameraControl.so(CacheXmlToFile.cpp-L0516)  ProcessName:python3.12(98500)     Description:[ReadCacheFile]ReadLocalFile XMLPath[SchemaVersion.1.0@Hikrobot#GEV#MV-CU060-10GC#V4.0.1 220113 751901@XMLVersion.1.0.0.zip]
Info    2026-08-19 13:45:18:539  DevID:MV-CU060-10GC(DA1691703)  Source-Line:libMvCameraControl.so(GigEDevice.cpp-L0464)  ProcessName:python3.12(98500)     Description:[GetXmlInfo]Get GenICamXML From local File, len [0x17ca0] Type[1]
Info    2026-08-19 13:45:18:711  DevID:MV-CU060-10GC(DA1691703)  Source-Line:libMvCameraControl.so(GigEDevice.cpp-L0805)  ProcessName:python3.12(98500)     Description:[OpenDevice]Load XML success
Info    2026-08-19 13:45:18:714  DevID:MV-CU060-10GC(DA1691703)  Source-Line:libMvCameraControl.so(GenICamImpl.cpp-L0752)  ProcessName:python3.12(98500)     Description:[InvalidateNodes]Invalidate Nodes success
Info    2026-08-19 13:45:18:714  DevID:MV-CU060-10GC(DA1691703)  Source-Line:libMvCameraControl.so(GigEDevice.cpp-L0818)  ProcessName:python3.12(98500)     Description:[OpenDevice]Invalidate Nodes success
Info    2026-08-19 13:45:18:715  DevID:MV-CU060-10GC(DA1691703)  Source-Line:libMvCameraControl.so(StreamGrab.cpp-L0234)  ProcessName:python3.12(98500)     Description:[Open]Stream channel[0] opened
Info    2026-08-19 13:45:18:717  DevID:MV-CU060-10GC(DA1691703)  Source-Line:libMvCameraControl.so(GigEDevice.cpp-L0849)  ProcessName:python3.12(98500)     Description:[OpenDevice]Open device success! PrivilegeMode[1], SwitchoverKey[0], DeviceUptime[19985],DeviceFirmwareVersion[V4.0.1 220113751901 21122802]
Info    2026-08-19 13:45:18:717  DevID:MV-CU060-10GC(DA1691703)  Source-Line:libMvCameraControl.so(GigEDevice.cpp-L0865)  ProcessName:python3.12(98500)     Description:[OpenDevice]OpenDevice, cost time 210.000000ms 
Info    2026-08-19 13:45:18:717  DevID:  Source-Line:libMvCameraControl.so(GenICamImpl.cpp-L2342)  ProcessName:python3.12(98500)     Description:[RecordThread]RecordThread Start, ThreadId[135629753018048]
Info    2026-08-19 13:45:18:721  DevID:MV-CU060-10GC(DA1691703)  Source-Line:libMvCameraControl.so(GenICamImpl.cpp-L2373)  ProcessName:python3.12(98500)     Description:[RecordThreadProc][Record] Get BlackLevel value [200]
Info    2026-08-19 13:45:18:725  DevID:MV-CU060-10GC(DA1691703)  Source-Line:libMvCameraControl.so(GenICamImpl.cpp-L2395)  ProcessName:python3.12(98500)     Description:[RecordThreadProc][Record] Get BalanceWhiteAuto Value [1] (0:off 1:contineu; 2:once):
Info    2026-08-19 13:45:18:729  DevID:MV-CU060-10GC(DA1691703)  Source-Line:libMvCameraControl.so(GenICamImpl.cpp-L2461)  ProcessName:python3.12(98500)     Description:[RecordThreadProc][Record] Get ExposureAuto value [0]
Info    2026-08-19 13:45:18:733  DevID:MV-CU060-10GC(DA1691703)  Source-Line:libMvCameraControl.so(GenICamImpl.cpp-L2483)  ProcessName:python3.12(98500)     Description:[RecordThreadProc][Record] Get ExposureTime value [5000.000000] 
Info    2026-08-19 13:45:18:735  DevID:MV-CU060-10GC(DA1691703)  Source-Line:libMvCameraControl.so(GenICamImpl.cpp-L2504)  ProcessName:python3.12(98500)     Description:[RecordThreadProc][Record] Get GainAuto value [0] (0:off 1:contineu; 2:once):
Info    2026-08-19 13:45:18:741  DevID:MV-CU060-10GC(DA1691703)  Source-Line:libMvCameraControl.so(GenICamImpl.cpp-L2525)  ProcessName:python3.12(98500)     Description:[RecordThreadProc][Record] Get Gain value [23.011900] 
Info    2026-08-19 13:45:18:754  DevID:MV-CU060-10GC(DA1691703)  Source-Line:libMvCameraControl.so(GenICamImpl.cpp-L2546)  ProcessName:python3.12(98500)     Description:[RecordThreadProc][Record] Get PixelFormat value [17301513] :
Info    2026-08-19 13:45:18:762  DevID:MV-CU060-10GC(DA1691703)  Source-Line:libMvCameraControl.so(GenICamImpl.cpp-L2567)  ProcessName:python3.12(98500)     Description:[RecordThreadProc][Record] Get GammaEnable value [0] 
Info    2026-08-19 13:45:18:765  DevID:MV-CU060-10GC(DA1691703)  Source-Line:libMvCameraControl.so(GenICamImpl.cpp-L2588)  ProcessName:python3.12(98500)     Description:[RecordThreadProc][Record] Get Gamma value [0.700000] 
Info    2026-08-19 13:45:18:766  DevID:MV-CU060-10GC(DA1691703)  Source-Line:libMvCameraControl.so(GenICamImpl.cpp-L2609)  ProcessName:python3.12(98500)     Description:[RecordThreadProc][Record] Get UserSetCurrent value [0]
Info    2026-08-19 13:45:18:768  DevID:MV-CU060-10GC(DA1691703)  Source-Line:libMvCameraControl.so(GenICamImpl.cpp-L2630)  ProcessName:python3.12(98500)     Description:[RecordThreadProc][Record] Get UserSetSelector value [0] 
Info    2026-08-19 13:45:18:769  DevID:MV-CU060-10GC(DA1691703)  Source-Line:libMvCameraControl.so(GenICamImpl.cpp-L2651)  ProcessName:python3.12(98500)     Description:[RecordThreadProc][Record] Get UserSetDefault value[0]
Info    2026-08-19 13:45:18:769  DevID:  Source-Line:libMvCameraControl.so(GenICamImpl.cpp-L2347)  ProcessName:python3.12(98500)     Description:[RecordThread]RecordThread End, ThreadId[135629753018048]
Info    2026-08-19 13:46:49:169  DevID:MV-CU060-10GC(DA1691703)  Source-Line:libMvCameraControl.so(GigEDevice.cpp-L1351)  ProcessName:python3.12(98500)     Description:[IsDeviceConnected]IsDeviceConnected success, Ret[true]
Error   2026-08-19 13:46:49:190  DevID:MV-CU060-10GC(DA1691703)  Source-Line:libMvCameraControl.so(GenICamImpl.cpp-L1111)  ProcessName:python3.12(98500)     Description:[XML_GetNodeAccessMode]PropertyName[PartialImageOutputMode], Ret[0x80000100]
Error   2026-08-19 13:46:49:193  DevID:MV-CU060-10GC(DA1691703)  Source-Line:libMvCameraControl.so(GenICamImpl.cpp-L1111)  ProcessName:python3.12(98500)     Description:[XML_GetNodeAccessMode]PropertyName[SeqExpEnable], Ret[0x80000100]
Error   2026-08-19 13:46:49:193  DevID:MV-CU060-10GC(DA1691703)  Source-Line:libMvCameraControl.so(XmlParse.cpp-L3037)  ProcessName:python3.12(98500)     Description:[GetBooleanValue]Get Node Value, Node does not exist, NodeName[SeqExpEnable]
Error   2026-08-19 13:46:49:193  DevID:MV-CU060-10GC(DA1691703)  Source-Line:libMvCameraControl.so(GenICamImpl.cpp-L0551)  ProcessName:python3.12(98500)     Description:[GetBoolValue]Property[SeqExpEnable], Ret[0x80000100]
Error   2026-08-19 13:46:49:193  DevID:MV-CU060-10GC(DA1691703)  Source-Line:libMvCameraControl.so(GenICamImpl.cpp-L1111)  ProcessName:python3.12(98500)     Description:[XML_GetNodeAccessMode]PropertyName[MultiLightControl], Ret[0x80000100]
Error   2026-08-19 13:46:49:193  DevID:MV-CU060-10GC(DA1691703)  Source-Line:libMvCameraControl.so(XmlParse.cpp-L2386)  ProcessName:python3.12(98500)     Description:[GetEnumValue]Get Node Value, Node does not exist, NodeName[MultiLightControl]
Error   2026-08-19 13:46:49:193  DevID:MV-CU060-10GC(DA1691703)  Source-Line:libMvCameraControl.so(GenICamImpl.cpp-L0364)  ProcessName:python3.12(98500)     Description:[GetEnumValue]Property[MultiLightControl], Ret[0x80000100]
Info    2026-08-19 13:46:49:193  DevID:MV-CU060-10GC(DA1691703)  Source-Line:libMvCameraControl.so(GigEStream.cpp-L0067)  ProcessName:python3.12(98500)     Description:[StartAcquisition][GEV]Width[3072], Height[2048], PixelFormat[0x1080009], PayloadSize[6291456], ChunkCount[100], CompressMode[0], DeviceUptime[20075]
Info    2026-08-19 13:46:49:200  DevID:MV-CU060-10GC(DA1691703)  Source-Line:libMvCameraControl.so(StreamGrab.cpp-L0869)  ProcessName:python3.12(98500)     Description:[StartGrabbing]StreamChannel[0], Start grabbing success, There is no registration callback.
Info    2026-08-19 13:46:49:652  DevID:MV-CU060-10GC(DA1691703)  Source-Line:libMvCameraControl.so(StreamGrab.cpp-L0934)  ProcessName:python3.12(98500)     Description:[StopGrabbing]Stop grabbing success! DeviceUptime[20076]
Info    2026-08-19 13:47:16:944  DevID:MV-CU060-10GC(DA1691703)  Source-Line:libMvCameraControl.so(GigEDevice.cpp-L1351)  ProcessName:python3.12(98500)     Description:[IsDeviceConnected]IsDeviceConnected success, Ret[true]
Error   2026-08-19 13:47:16:954  DevID:MV-CU060-10GC(DA1691703)  Source-Line:libMvCameraControl.so(GenICamImpl.cpp-L1111)  ProcessName:python3.12(98500)     Description:[XML_GetNodeAccessMode]PropertyName[PartialImageOutputMode], Ret[0x80000100]
Error   2026-08-19 13:47:16:956  DevID:MV-CU060-10GC(DA1691703)  Source-Line:libMvCameraControl.so(GenICamImpl.cpp-L1111)  ProcessName:python3.12(98500)     Description:[XML_GetNodeAccessMode]PropertyName[SeqExpEnable], Ret[0x80000100]
Error   2026-08-19 13:47:16:956  DevID:MV-CU060-10GC(DA1691703)  Source-Line:libMvCameraControl.so(XmlParse.cpp-L3037)  ProcessName:python3.12(98500)     Description:[GetBooleanValue]Get Node Value, Node does not exist, NodeName[SeqExpEnable]
Error   2026-08-19 13:47:16:956  DevID:MV-CU060-10GC(DA1691703)  Source-Line:libMvCameraControl.so(GenICamImpl.cpp-L0551)  ProcessName:python3.12(98500)     Description:[GetBoolValue]Property[SeqExpEnable], Ret[0x80000100]
Error   2026-08-19 13:47:16:956  DevID:MV-CU060-10GC(DA1691703)  Source-Line:libMvCameraControl.so(GenICamImpl.cpp-L1111)  ProcessName:python3.12(98500)     Description:[XML_GetNodeAccessMode]PropertyName[MultiLightControl], Ret[0x80000100]
Error   2026-08-19 13:47:16:956  DevID:MV-CU060-10GC(DA1691703)  Source-Line:libMvCameraControl.so(XmlParse.cpp-L2386)  ProcessName:python3.12(98500)     Description:[GetEnumValue]Get Node Value, Node does not exist, NodeName[MultiLightControl]
Error   2026-08-19 13:47:16:956  DevID:MV-CU060-10GC(DA1691703)  Source-Line:libMvCameraControl.so(GenICamImpl.cpp-L0364)  ProcessName:python3.12(98500)     Description:[GetEnumValue]Property[MultiLightControl], Ret[0x80000100]
Info    2026-08-19 13:47:16:956  DevID:MV-CU060-10GC(DA1691703)  Source-Line:libMvCameraControl.so(GigEStream.cpp-L0067)  ProcessName:python3.12(98500)     Description:[StartAcquisition][GEV]Width[3072], Height[2048], PixelFormat[0x1080009], PayloadSize[6291456], ChunkCount[100], CompressMode[0], DeviceUptime[20103]
Info    2026-08-19 13:47:16:962  DevID:MV-CU060-10GC(DA1691703)  Source-Line:libMvCameraControl.so(StreamGrab.cpp-L0869)  ProcessName:python3.12(98500)     Description:[StartGrabbing]StreamChannel[0], Start grabbing success, There is no registration callback.
Info    2026-08-19 13:47:17:403  DevID:MV-CU060-10GC(DA1691703)  Source-Line:libMvCameraControl.so(StreamGrab.cpp-L0934)  ProcessName:python3.12(98500)     Description:[StopGrabbing]Stop grabbing success! DeviceUptime[20103]
Info    2026-08-19 13:47:45:375  DevID:MV-CU060-10GC(DA1691703)  Source-Line:libMvCameraControl.so(GigEDevice.cpp-L1351)  ProcessName:python3.12(98500)     Description:[IsDeviceConnected]IsDeviceConnected success, Ret[true]
Error   2026-08-19 13:47:45:385  DevID:MV-CU060-10GC(DA1691703)  Source-Line:libMvCameraControl.so(GenICamImpl.cpp-L1111)  ProcessName:python3.12(98500)     Description:[XML_GetNodeAccessMode]PropertyName[PartialImageOutputMode], Ret[0x80000100]
Error   2026-08-19 13:47:45:387  DevID:MV-CU060-10GC(DA1691703)  Source-Line:libMvCameraControl.so(GenICamImpl.cpp-L1111)  ProcessName:python3.12(98500)     Description:[XML_GetNodeAccessMode]PropertyName[SeqExpEnable], Ret[0x80000100]
Error   2026-08-19 13:47:45:387  DevID:MV-CU060-10GC(DA1691703)  Source-Line:libMvCameraControl.so(XmlParse.cpp-L3037)  ProcessName:python3.12(98500)     Description:[GetBooleanValue]Get Node Value, Node does not exist, NodeName[SeqExpEnable]
Error   2026-08-19 13:47:45:387  DevID:MV-CU060-10GC(DA1691703)  Source-Line:libMvCameraControl.so(GenICamImpl.cpp-L0551)  ProcessName:python3.12(98500)     Description:[GetBoolValue]Property[SeqExpEnable], Ret[0x80000100]
Error   2026-08-19 13:47:45:387  DevID:MV-CU060-10GC(DA1691703)  Source-Line:libMvCameraControl.so(GenICamImpl.cpp-L1111)  ProcessName:python3.12(98500)     Description:[XML_GetNodeAccessMode]PropertyName[MultiLightControl], Ret[0x80000100]
Error   2026-08-19 13:47:45:387  DevID:MV-CU060-10GC(DA1691703)  Source-Line:libMvCameraControl.so(XmlParse.cpp-L2386)  ProcessName:python3.12(98500)     Description:[GetEnumValue]Get Node Value, Node does not exist, NodeName[MultiLightControl]
Error   2026-08-19 13:47:45:387  DevID:MV-CU060-10GC(DA1691703)  Source-Line:libMvCameraControl.so(GenICamImpl.cpp-L0364)  ProcessName:python3.12(98500)     Description:[GetEnumValue]Property[MultiLightControl], Ret[0x80000100]
Info    2026-08-19 13:47:45:387  DevID:MV-CU060-10GC(DA1691703)  Source-Line:libMvCameraControl.so(GigEStream.cpp-L0067)  ProcessName:python3.12(98500)     Description:[StartAcquisition][GEV]Width[3072], Height[2048], PixelFormat[0x1080009], PayloadSize[6291456], ChunkCount[100], CompressMode[0], DeviceUptime[20131]
Info    2026-08-19 13:47:45:392  DevID:MV-CU060-10GC(DA1691703)  Source-Line:libMvCameraControl.so(StreamGrab.cpp-L0869)  ProcessName:python3.12(98500)     Description:[StartGrabbing]StreamChannel[0], Start grabbing success, There is no registration callback.
Info    2026-08-19 13:47:45:832  DevID:MV-CU060-10GC(DA1691703)  Source-Line:libMvCameraControl.so(StreamGrab.cpp-L0934)  ProcessName:python3.12(98500)     Description:[StopGrabbing]Stop grabbing success! DeviceUptime[20132]
Info    2026-08-19 13:48:11:538  DevID:MV-CU060-10GC(DA1691703)  Source-Line:libMvCameraControl.so(GigEDevice.cpp-L1351)  ProcessName:python3.12(98500)     Description:[IsDeviceConnected]IsDeviceConnected success, Ret[true]
Error   2026-08-19 13:48:11:548  DevID:MV-CU060-10GC(DA1691703)  Source-Line:libMvCameraControl.so(GenICamImpl.cpp-L1111)  ProcessName:python3.12(98500)     Description:[XML_GetNodeAccessMode]PropertyName[PartialImageOutputMode], Ret[0x80000100]
Error   2026-08-19 13:48:11:550  DevID:MV-CU060-10GC(DA1691703)  Source-Line:libMvCameraControl.so(GenICamImpl.cpp-L1111)  ProcessName:python3.12(98500)     Description:[XML_GetNodeAccessMode]PropertyName[SeqExpEnable], Ret[0x80000100]
Error   2026-08-19 13:48:11:550  DevID:MV-CU060-10GC(DA1691703)  Source-Line:libMvCameraControl.so(XmlParse.cpp-L3037)  ProcessName:python3.12(98500)     Description:[GetBooleanValue]Get Node Value, Node does not exist, NodeName[SeqExpEnable]
Error   2026-08-19 13:48:11:550  DevID:MV-CU060-10GC(DA1691703)  Source-Line:libMvCameraControl.so(GenICamImpl.cpp-L0551)  ProcessName:python3.12(98500)     Description:[GetBoolValue]Property[SeqExpEnable], Ret[0x80000100]
Error   2026-08-19 13:48:11:550  DevID:MV-CU060-10GC(DA1691703)  Source-Line:libMvCameraControl.so(GenICamImpl.cpp-L1111)  ProcessName:python3.12(98500)     Description:[XML_GetNodeAccessMode]PropertyName[MultiLightControl], Ret[0x80000100]
Error   2026-08-19 13:48:11:550  DevID:MV-CU060-10GC(DA1691703)  Source-Line:libMvCameraControl.so(XmlParse.cpp-L2386)  ProcessName:python3.12(98500)     Description:[GetEnumValue]Get Node Value, Node does not exist, NodeName[MultiLightControl]
Error   2026-08-19 13:48:11:551  DevID:MV-CU060-10GC(DA1691703)  Source-Line:libMvCameraControl.so(GenICamImpl.cpp-L0364)  ProcessName:python3.12(98500)     Description:[GetEnumValue]Property[MultiLightControl], Ret[0x80000100]
Info    2026-08-19 13:48:11:551  DevID:MV-CU060-10GC(DA1691703)  Source-Line:libMvCameraControl.so(GigEStream.cpp-L0067)  ProcessName:python3.12(98500)     Description:[StartAcquisition][GEV]Width[3072], Height[2048], PixelFormat[0x1080009], PayloadSize[6291456], ChunkCount[100], CompressMode[0], DeviceUptime[20158]
Info    2026-08-19 13:48:11:556  DevID:MV-CU060-10GC(DA1691703)  Source-Line:libMvCameraControl.so(StreamGrab.cpp-L0869)  ProcessName:python3.12(98500)     Description:[StartGrabbing]StreamChannel[0], Start grabbing success, There is no registration callback.
Info    2026-08-19 13:48:12:004  DevID:MV-CU060-10GC(DA1691703)  Source-Line:libMvCameraControl.so(StreamGrab.cpp-L0934)  ProcessName:python3.12(98500)     Description:[StopGrabbing]Stop grabbing success! DeviceUptime[20158]
Info    2026-08-19 13:48:37:520  DevID:MV-CU060-10GC(DA1691703)  Source-Line:libMvCameraControl.so(GigEDevice.cpp-L1351)  ProcessName:python3.12(98500)     Description:[IsDeviceConnected]IsDeviceConnected success, Ret[true]
Error   2026-08-19 13:48:37:529  DevID:MV-CU060-10GC(DA1691703)  Source-Line:libMvCameraControl.so(GenICamImpl.cpp-L1111)  ProcessName:python3.12(98500)     Description:[XML_GetNodeAccessMode]PropertyName[PartialImageOutputMode], Ret[0x80000100]
Error   2026-08-19 13:48:37:531  DevID:MV-CU060-10GC(DA1691703)  Source-Line:libMvCameraControl.so(GenICamImpl.cpp-L1111)  ProcessName:python3.12(98500)     Description:[XML_GetNodeAccessMode]PropertyName[SeqExpEnable], Ret[0x80000100]
Error   2026-08-19 13:48:37:531  DevID:MV-CU060-10GC(DA1691703)  Source-Line:libMvCameraControl.so(XmlParse.cpp-L3037)  ProcessName:python3.12(98500)     Description:[GetBooleanValue]Get Node Value, Node does not exist, NodeName[SeqExpEnable]
Error   2026-08-19 13:48:37:531  DevID:MV-CU060-10GC(DA1691703)  Source-Line:libMvCameraControl.so(GenICamImpl.cpp-L0551)  ProcessName:python3.12(98500)     Description:[GetBoolValue]Property[SeqExpEnable], Ret[0x80000100]
Error   2026-08-19 13:48:37:531  DevID:MV-CU060-10GC(DA1691703)  Source-Line:libMvCameraControl.so(GenICamImpl.cpp-L1111)  ProcessName:python3.12(98500)     Description:[XML_GetNodeAccessMode]PropertyName[MultiLightControl], Ret[0x80000100]
Error   2026-08-19 13:48:37:531  DevID:MV-CU060-10GC(DA1691703)  Source-Line:libMvCameraControl.so(XmlParse.cpp-L2386)  ProcessName:python3.12(98500)     Description:[GetEnumValue]Get Node Value, Node does not exist, NodeName[MultiLightControl]
Error   2026-08-19 13:48:37:531  DevID:MV-CU060-10GC(DA1691703)  Source-Line:libMvCameraControl.so(GenICamImpl.cpp-L0364)  ProcessName:python3.12(98500)     Description:[GetEnumValue]Property[MultiLightControl], Ret[0x80000100]
Info    2026-08-19 13:48:37:531  DevID:MV-CU060-10GC(DA1691703)  Source-Line:libMvCameraControl.so(GigEStream.cpp-L0067)  ProcessName:python3.12(98500)     Description:[StartAcquisition][GEV]Width[3072], Height[2048], PixelFormat[0x1080009], PayloadSize[6291456], ChunkCount[100], CompressMode[0], DeviceUptime[20184]
Info    2026-08-19 13:48:37:537  DevID:MV-CU060-10GC(DA1691703)  Source-Line:libMvCameraControl.so(StreamGrab.cpp-L0869)  ProcessName:python3.12(98500)     Description:[StartGrabbing]StreamChannel[0], Start grabbing success, There is no registration callback.
Info    2026-08-19 13:48:37:996  DevID:MV-CU060-10GC(DA1691703)  Source-Line:libMvCameraControl.so(StreamGrab.cpp-L0934)  ProcessName:python3.12(98500)     Description:[StopGrabbing]Stop grabbing success! DeviceUptime[20184]
Info    2026-08-19 13:48:38:577  DevID:MV-CU060-10GC(DA1691703)  Source-Line:libMvCameraControl.so(GigEDevice.cpp-L1351)  ProcessName:python3.12(98500)     Description:[IsDeviceConnected]IsDeviceConnected success, Ret[true]
Error   2026-08-19 13:48:38:586  DevID:MV-CU060-10GC(DA1691703)  Source-Line:libMvCameraControl.so(GenICamImpl.cpp-L1111)  ProcessName:python3.12(98500)     Description:[XML_GetNodeAccessMode]PropertyName[PartialImageOutputMode], Ret[0x80000100]
Error   2026-08-19 13:48:38:588  DevID:MV-CU060-10GC(DA1691703)  Source-Line:libMvCameraControl.so(GenICamImpl.cpp-L1111)  ProcessName:python3.12(98500)     Description:[XML_GetNodeAccessMode]PropertyName[SeqExpEnable], Ret[0x80000100]
Error   2026-08-19 13:48:38:588  DevID:MV-CU060-10GC(DA1691703)  Source-Line:libMvCameraControl.so(XmlParse.cpp-L3037)  ProcessName:python3.12(98500)     Description:[GetBooleanValue]Get Node Value, Node does not exist, NodeName[SeqExpEnable]
Error   2026-08-19 13:48:38:588  DevID:MV-CU060-10GC(DA1691703)  Source-Line:libMvCameraControl.so(GenICamImpl.cpp-L0551)  ProcessName:python3.12(98500)     Description:[GetBoolValue]Property[SeqExpEnable], Ret[0x80000100]
Error   2026-08-19 13:48:38:588  DevID:MV-CU060-10GC(DA1691703)  Source-Line:libMvCameraControl.so(GenICamImpl.cpp-L1111)  ProcessName:python3.12(98500)     Description:[XML_GetNodeAccessMode]PropertyName[MultiLightControl], Ret[0x80000100]
Error   2026-08-19 13:48:38:588  DevID:MV-CU060-10GC(DA1691703)  Source-Line:libMvCameraControl.so(XmlParse.cpp-L2386)  ProcessName:python3.12(98500)     Description:[GetEnumValue]Get Node Value, Node does not exist, NodeName[MultiLightControl]
Error   2026-08-19 13:48:38:588  DevID:MV-CU060-10GC(DA1691703)  Source-Line:libMvCameraControl.so(GenICamImpl.cpp-L0364)  ProcessName:python3.12(98500)     Description:[GetEnumValue]Property[MultiLightControl], Ret[0x80000100]
Info    2026-08-19 13:48:38:588  DevID:MV-CU060-10GC(DA1691703)  Source-Line:libMvCameraControl.so(GigEStream.cpp-L0067)  ProcessName:python3.12(98500)     Description:[StartAcquisition][GEV]Width[3072], Height[2048], PixelFormat[0x1080009], PayloadSize[6291456], ChunkCount[100], CompressMode[0], DeviceUptime[20185]
Info    2026-08-19 13:48:38:593  DevID:MV-CU060-10GC(DA1691703)  Source-Line:libMvCameraControl.so(StreamGrab.cpp-L0869)  ProcessName:python3.12(98500)     Description:[StartGrabbing]StreamChannel[0], Start grabbing success, There is no registration callback.
Info    2026-08-19 13:48:39:041  DevID:MV-CU060-10GC(DA1691703)  Source-Line:libMvCameraControl.so(StreamGrab.cpp-L0934)  ProcessName:python3.12(98500)     Description:[StopGrabbing]Stop grabbing success! DeviceUptime[20185]
Info    2026-08-19 13:49:06:169  DevID:MV-CU060-10GC(DA1691703)  Source-Line:libMvCameraControl.so(GigEDevice.cpp-L1351)  ProcessName:python3.12(98500)     Description:[IsDeviceConnected]IsDeviceConnected success, Ret[true]
Error   2026-08-19 13:49:06:179  DevID:MV-CU060-10GC(DA1691703)  Source-Line:libMvCameraControl.so(GenICamImpl.cpp-L1111)  ProcessName:python3.12(98500)     Description:[XML_GetNodeAccessMode]PropertyName[PartialImageOutputMode], Ret[0x80000100]
Error   2026-08-19 13:49:06:181  DevID:MV-CU060-10GC(DA1691703)  Source-Line:libMvCameraControl.so(GenICamImpl.cpp-L1111)  ProcessName:python3.12(98500)     Description:[XML_GetNodeAccessMode]PropertyName[SeqExpEnable], Ret[0x80000100]
Error   2026-08-19 13:49:06:181  DevID:MV-CU060-10GC(DA1691703)  Source-Line:libMvCameraControl.so(XmlParse.cpp-L3037)  ProcessName:python3.12(98500)     Description:[GetBooleanValue]Get Node Value, Node does not exist, NodeName[SeqExpEnable]
Error   2026-08-19 13:49:06:181  DevID:MV-CU060-10GC(DA1691703)  Source-Line:libMvCameraControl.so(GenICamImpl.cpp-L0551)  ProcessName:python3.12(98500)     Description:[GetBoolValue]Property[SeqExpEnable], Ret[0x80000100]
Error   2026-08-19 13:49:06:181  DevID:MV-CU060-10GC(DA1691703)  Source-Line:libMvCameraControl.so(GenICamImpl.cpp-L1111)  ProcessName:python3.12(98500)     Description:[XML_GetNodeAccessMode]PropertyName[MultiLightControl], Ret[0x80000100]
Error   2026-08-19 13:49:06:182  DevID:MV-CU060-10GC(DA1691703)  Source-Line:libMvCameraControl.so(XmlParse.cpp-L2386)  ProcessName:python3.12(98500)     Description:[GetEnumValue]Get Node Value, Node does not exist, NodeName[MultiLightControl]
Error   2026-08-19 13:49:06:182  DevID:MV-CU060-10GC(DA1691703)  Source-Line:libMvCameraControl.so(GenICamImpl.cpp-L0364)  ProcessName:python3.12(98500)     Description:[GetEnumValue]Property[MultiLightControl], Ret[0x80000100]
Info    2026-08-19 13:49:06:182  DevID:MV-CU060-10GC(DA1691703)  Source-Line:libMvCameraControl.so(GigEStream.cpp-L0067)  ProcessName:python3.12(98500)     Description:[StartAcquisition][GEV]Width[3072], Height[2048], PixelFormat[0x1080009], PayloadSize[6291456], ChunkCount[100], CompressMode[0], DeviceUptime[20212]
Info    2026-08-19 13:49:06:187  DevID:MV-CU060-10GC(DA1691703)  Source-Line:libMvCameraControl.so(StreamGrab.cpp-L0869)  ProcessName:python3.12(98500)     Description:[StartGrabbing]StreamChannel[0], Start grabbing success, There is no registration callback.
Info    2026-08-19 13:49:06:628  DevID:MV-CU060-10GC(DA1691703)  Source-Line:libMvCameraControl.so(StreamGrab.cpp-L0934)  ProcessName:python3.12(98500)     Description:[StopGrabbing]Stop grabbing success! DeviceUptime[20213]
Info    2026-08-19 13:49:32:288  DevID:MV-CU060-10GC(DA1691703)  Source-Line:libMvCameraControl.so(GigEDevice.cpp-L1351)  ProcessName:python3.12(98500)     Description:[IsDeviceConnected]IsDeviceConnected success, Ret[true]
Error   2026-08-19 13:49:32:299  DevID:MV-CU060-10GC(DA1691703)  Source-Line:libMvCameraControl.so(GenICamImpl.cpp-L1111)  ProcessName:python3.12(98500)     Description:[XML_GetNodeAccessMode]PropertyName[PartialImageOutputMode], Ret[0x80000100]
Error   2026-08-19 13:49:32:301  DevID:MV-CU060-10GC(DA1691703)  Source-Line:libMvCameraControl.so(GenICamImpl.cpp-L1111)  ProcessName:python3.12(98500)     Description:[XML_GetNodeAccessMode]PropertyName[SeqExpEnable], Ret[0x80000100]
Error   2026-08-19 13:49:32:301  DevID:MV-CU060-10GC(DA1691703)  Source-Line:libMvCameraControl.so(XmlParse.cpp-L3037)  ProcessName:python3.12(98500)     Description:[GetBooleanValue]Get Node Value, Node does not exist, NodeName[SeqExpEnable]
Error   2026-08-19 13:49:32:301  DevID:MV-CU060-10GC(DA1691703)  Source-Line:libMvCameraControl.so(GenICamImpl.cpp-L0551)  ProcessName:python3.12(98500)     Description:[GetBoolValue]Property[SeqExpEnable], Ret[0x80000100]
Error   2026-08-19 13:49:32:301  DevID:MV-CU060-10GC(DA1691703)  Source-Line:libMvCameraControl.so(GenICamImpl.cpp-L1111)  ProcessName:python3.12(98500)     Description:[XML_GetNodeAccessMode]PropertyName[MultiLightControl], Ret[0x80000100]
Error   2026-08-19 13:49:32:301  DevID:MV-CU060-10GC(DA1691703)  Source-Line:libMvCameraControl.so(XmlParse.cpp-L2386)  ProcessName:python3.12(98500)     Description:[GetEnumValue]Get Node Value, Node does not exist, NodeName[MultiLightControl]
Error   2026-08-19 13:49:32:301  DevID:MV-CU060-10GC(DA1691703)  Source-Line:libMvCameraControl.so(GenICamImpl.cpp-L0364)  ProcessName:python3.12(98500)     Description:[GetEnumValue]Property[MultiLightControl], Ret[0x80000100]
Info    2026-08-19 13:49:32:301  DevID:MV-CU060-10GC(DA1691703)  Source-Line:libMvCameraControl.so(GigEStream.cpp-L0067)  ProcessName:python3.12(98500)     Description:[StartAcquisition][GEV]Width[3072], Height[2048], PixelFormat[0x1080009], PayloadSize[6291456], ChunkCount[100], CompressMode[0], DeviceUptime[20238]
Info    2026-08-19 13:49:32:306  DevID:MV-CU060-10GC(DA1691703)  Source-Line:libMvCameraControl.so(StreamGrab.cpp-L0869)  ProcessName:python3.12(98500)     Description:[StartGrabbing]StreamChannel[0], Start grabbing success, There is no registration callback.
Info    2026-08-19 13:49:32:755  DevID:MV-CU060-10GC(DA1691703)  Source-Line:libMvCameraControl.so(StreamGrab.cpp-L0934)  ProcessName:python3.12(98500)     Description:[StopGrabbing]Stop grabbing success! DeviceUptime[20239]
Info    2026-08-19 13:49:58:605  DevID:MV-CU060-10GC(DA1691703)  Source-Line:libMvCameraControl.so(GigEDevice.cpp-L1351)  ProcessName:python3.12(98500)     Description:[IsDeviceConnected]IsDeviceConnected success, Ret[true]
Error   2026-08-19 13:49:58:615  DevID:MV-CU060-10GC(DA1691703)  Source-Line:libMvCameraControl.so(GenICamImpl.cpp-L1111)  ProcessName:python3.12(98500)     Description:[XML_GetNodeAccessMode]PropertyName[PartialImageOutputMode], Ret[0x80000100]
Error   2026-08-19 13:49:58:617  DevID:MV-CU060-10GC(DA1691703)  Source-Line:libMvCameraControl.so(GenICamImpl.cpp-L1111)  ProcessName:python3.12(98500)     Description:[XML_GetNodeAccessMode]PropertyName[SeqExpEnable], Ret[0x80000100]
Error   2026-08-19 13:49:58:617  DevID:MV-CU060-10GC(DA1691703)  Source-Line:libMvCameraControl.so(XmlParse.cpp-L3037)  ProcessName:python3.12(98500)     Description:[GetBooleanValue]Get Node Value, Node does not exist, NodeName[SeqExpEnable]
Error   2026-08-19 13:49:58:617  DevID:MV-CU060-10GC(DA1691703)  Source-Line:libMvCameraControl.so(GenICamImpl.cpp-L0551)  ProcessName:python3.12(98500)     Description:[GetBoolValue]Property[SeqExpEnable], Ret[0x80000100]
Error   2026-08-19 13:49:58:617  DevID:MV-CU060-10GC(DA1691703)  Source-Line:libMvCameraControl.so(GenICamImpl.cpp-L1111)  ProcessName:python3.12(98500)     Description:[XML_GetNodeAccessMode]PropertyName[MultiLightControl], Ret[0x80000100]
Error   2026-08-19 13:49:58:617  DevID:MV-CU060-10GC(DA1691703)  Source-Line:libMvCameraControl.so(XmlParse.cpp-L2386)  ProcessName:python3.12(98500)     Description:[GetEnumValue]Get Node Value, Node does not exist, NodeName[MultiLightControl]
Error   2026-08-19 13:49:58:617  DevID:MV-CU060-10GC(DA1691703)  Source-Line:libMvCameraControl.so(GenICamImpl.cpp-L0364)  ProcessName:python3.12(98500)     Description:[GetEnumValue]Property[MultiLightControl], Ret[0x80000100]
Info    2026-08-19 13:49:58:617  DevID:MV-CU060-10GC(DA1691703)  Source-Line:libMvCameraControl.so(GigEStream.cpp-L0067)  ProcessName:python3.12(98500)     Description:[StartAcquisition][GEV]Width[3072], Height[2048], PixelFormat[0x1080009], PayloadSize[6291456], ChunkCount[100], CompressMode[0], DeviceUptime[20265]
Info    2026-08-19 13:49:58:622  DevID:MV-CU060-10GC(DA1691703)  Source-Line:libMvCameraControl.so(StreamGrab.cpp-L0869)  ProcessName:python3.12(98500)     Description:[StartGrabbing]StreamChannel[0], Start grabbing success, There is no registration callback.
Info    2026-08-19 13:49:59:072  DevID:MV-CU060-10GC(DA1691703)  Source-Line:libMvCameraControl.so(StreamGrab.cpp-L0934)  ProcessName:python3.12(98500)     Description:[StopGrabbing]Stop grabbing success! DeviceUptime[20265]
Info    2026-08-19 13:50:25:360  DevID:MV-CU060-10GC(DA1691703)  Source-Line:libMvCameraControl.so(GigEDevice.cpp-L1351)  ProcessName:python3.12(98500)     Description:[IsDeviceConnected]IsDeviceConnected success, Ret[true]
Error   2026-08-19 13:50:25:370  DevID:MV-CU060-10GC(DA1691703)  Source-Line:libMvCameraControl.so(GenICamImpl.cpp-L1111)  ProcessName:python3.12(98500)     Description:[XML_GetNodeAccessMode]PropertyName[PartialImageOutputMode], Ret[0x80000100]
Error   2026-08-19 13:50:25:372  DevID:MV-CU060-10GC(DA1691703)  Source-Line:libMvCameraControl.so(GenICamImpl.cpp-L1111)  ProcessName:python3.12(98500)     Description:[XML_GetNodeAccessMode]PropertyName[SeqExpEnable], Ret[0x80000100]
Error   2026-08-19 13:50:25:372  DevID:MV-CU060-10GC(DA1691703)  Source-Line:libMvCameraControl.so(XmlParse.cpp-L3037)  ProcessName:python3.12(98500)     Description:[GetBooleanValue]Get Node Value, Node does not exist, NodeName[SeqExpEnable]
Error   2026-08-19 13:50:25:372  DevID:MV-CU060-10GC(DA1691703)  Source-Line:libMvCameraControl.so(GenICamImpl.cpp-L0551)  ProcessName:python3.12(98500)     Description:[GetBoolValue]Property[SeqExpEnable], Ret[0x80000100]
Error   2026-08-19 13:50:25:372  DevID:MV-CU060-10GC(DA1691703)  Source-Line:libMvCameraControl.so(GenICamImpl.cpp-L1111)  ProcessName:python3.12(98500)     Description:[XML_GetNodeAccessMode]PropertyName[MultiLightControl], Ret[0x80000100]
Error   2026-08-19 13:50:25:372  DevID:MV-CU060-10GC(DA1691703)  Source-Line:libMvCameraControl.so(XmlParse.cpp-L2386)  ProcessName:python3.12(98500)     Description:[GetEnumValue]Get Node Value, Node does not exist, NodeName[MultiLightControl]
Error   2026-08-19 13:50:25:372  DevID:MV-CU060-10GC(DA1691703)  Source-Line:libMvCameraControl.so(GenICamImpl.cpp-L0364)  ProcessName:python3.12(98500)     Description:[GetEnumValue]Property[MultiLightControl], Ret[0x80000100]
Info    2026-08-19 13:50:25:372  DevID:MV-CU060-10GC(DA1691703)  Source-Line:libMvCameraControl.so(GigEStream.cpp-L0067)  ProcessName:python3.12(98500)     Description:[StartAcquisition][GEV]Width[3072], Height[2048], PixelFormat[0x1080009], PayloadSize[6291456], ChunkCount[100], CompressMode[0], DeviceUptime[20291]
Info    2026-08-19 13:50:25:377  DevID:MV-CU060-10GC(DA1691703)  Source-Line:libMvCameraControl.so(StreamGrab.cpp-L0869)  ProcessName:python3.12(98500)     Description:[StartGrabbing]StreamChannel[0], Start grabbing success, There is no registration callback.
Info    2026-08-19 13:50:25:829  DevID:MV-CU060-10GC(DA1691703)  Source-Line:libMvCameraControl.so(StreamGrab.cpp-L0934)  ProcessName:python3.12(98500)     Description:[StopGrabbing]Stop grabbing success! DeviceUptime[20292]
Info    2026-08-19 13:50:53:536  DevID:MV-CU060-10GC(DA1691703)  Source-Line:libMvCameraControl.so(GigEDevice.cpp-L1351)  ProcessName:python3.12(98500)     Description:[IsDeviceConnected]IsDeviceConnected success, Ret[true]
Error   2026-08-19 13:50:53:546  DevID:MV-CU060-10GC(DA1691703)  Source-Line:libMvCameraControl.so(GenICamImpl.cpp-L1111)  ProcessName:python3.12(98500)     Description:[XML_GetNodeAccessMode]PropertyName[PartialImageOutputMode], Ret[0x80000100]
Error   2026-08-19 13:50:53:548  DevID:MV-CU060-10GC(DA1691703)  Source-Line:libMvCameraControl.so(GenICamImpl.cpp-L1111)  ProcessName:python3.12(98500)     Description:[XML_GetNodeAccessMode]PropertyName[SeqExpEnable], Ret[0x80000100]
Error   2026-08-19 13:50:53:548  DevID:MV-CU060-10GC(DA1691703)  Source-Line:libMvCameraControl.so(XmlParse.cpp-L3037)  ProcessName:python3.12(98500)     Description:[GetBooleanValue]Get Node Value, Node does not exist, NodeName[SeqExpEnable]
Error   2026-08-19 13:50:53:548  DevID:MV-CU060-10GC(DA1691703)  Source-Line:libMvCameraControl.so(GenICamImpl.cpp-L0551)  ProcessName:python3.12(98500)     Description:[GetBoolValue]Property[SeqExpEnable], Ret[0x80000100]
Error   2026-08-19 13:50:53:548  DevID:MV-CU060-10GC(DA1691703)  Source-Line:libMvCameraControl.so(GenICamImpl.cpp-L1111)  ProcessName:python3.12(98500)     Description:[XML_GetNodeAccessMode]PropertyName[MultiLightControl], Ret[0x80000100]
Error   2026-08-19 13:50:53:548  DevID:MV-CU060-10GC(DA1691703)  Source-Line:libMvCameraControl.so(XmlParse.cpp-L2386)  ProcessName:python3.12(98500)     Description:[GetEnumValue]Get Node Value, Node does not exist, NodeName[MultiLightControl]
Error   2026-08-19 13:50:53:548  DevID:MV-CU060-10GC(DA1691703)  Source-Line:libMvCameraControl.so(GenICamImpl.cpp-L0364)  ProcessName:python3.12(98500)     Description:[GetEnumValue]Property[MultiLightControl], Ret[0x80000100]
Info    2026-08-19 13:50:53:548  DevID:MV-CU060-10GC(DA1691703)  Source-Line:libMvCameraControl.so(GigEStream.cpp-L0067)  ProcessName:python3.12(98500)     Description:[StartAcquisition][GEV]Width[3072], Height[2048], PixelFormat[0x1080009], PayloadSize[6291456], ChunkCount[100], CompressMode[0], DeviceUptime[20320]
Info    2026-08-19 13:50:53:553  DevID:MV-CU060-10GC(DA1691703)  Source-Line:libMvCameraControl.so(StreamGrab.cpp-L0869)  ProcessName:python3.12(98500)     Description:[StartGrabbing]StreamChannel[0], Start grabbing success, There is no registration callback.
Info    2026-08-19 13:50:54:005  DevID:MV-CU060-10GC(DA1691703)  Source-Line:libMvCameraControl.so(StreamGrab.cpp-L0934)  ProcessName:python3.12(98500)     Description:[StopGrabbing]Stop grabbing success! DeviceUptime[20320]
Info    2026-08-19 13:50:54:720  DevID:MV-CU060-10GC(DA1691703)  Source-Line:libMvCameraControl.so(GigEDevice.cpp-L1351)  ProcessName:python3.12(98500)     Description:[IsDeviceConnected]IsDeviceConnected success, Ret[true]
Error   2026-08-19 13:50:54:730  DevID:MV-CU060-10GC(DA1691703)  Source-Line:libMvCameraControl.so(GenICamImpl.cpp-L1111)  ProcessName:python3.12(98500)     Description:[XML_GetNodeAccessMode]PropertyName[PartialImageOutputMode], Ret[0x80000100]
Error   2026-08-19 13:50:54:732  DevID:MV-CU060-10GC(DA1691703)  Source-Line:libMvCameraControl.so(GenICamImpl.cpp-L1111)  ProcessName:python3.12(98500)     Description:[XML_GetNodeAccessMode]PropertyName[SeqExpEnable], Ret[0x80000100]
Error   2026-08-19 13:50:54:732  DevID:MV-CU060-10GC(DA1691703)  Source-Line:libMvCameraControl.so(XmlParse.cpp-L3037)  ProcessName:python3.12(98500)     Description:[GetBooleanValue]Get Node Value, Node does not exist, NodeName[SeqExpEnable]
Error   2026-08-19 13:50:54:732  DevID:MV-CU060-10GC(DA1691703)  Source-Line:libMvCameraControl.so(GenICamImpl.cpp-L0551)  ProcessName:python3.12(98500)     Description:[GetBoolValue]Property[SeqExpEnable], Ret[0x80000100]
Error   2026-08-19 13:50:54:732  DevID:MV-CU060-10GC(DA1691703)  Source-Line:libMvCameraControl.so(GenICamImpl.cpp-L1111)  ProcessName:python3.12(98500)     Description:[XML_GetNodeAccessMode]PropertyName[MultiLightControl], Ret[0x80000100]
Error   2026-08-19 13:50:54:732  DevID:MV-CU060-10GC(DA1691703)  Source-Line:libMvCameraControl.so(XmlParse.cpp-L2386)  ProcessName:python3.12(98500)     Description:[GetEnumValue]Get Node Value, Node does not exist, NodeName[MultiLightControl]
Error   2026-08-19 13:50:54:732  DevID:MV-CU060-10GC(DA1691703)  Source-Line:libMvCameraControl.so(GenICamImpl.cpp-L0364)  ProcessName:python3.12(98500)     Description:[GetEnumValue]Property[MultiLightControl], Ret[0x80000100]
Info    2026-08-19 13:50:54:732  DevID:MV-CU060-10GC(DA1691703)  Source-Line:libMvCameraControl.so(GigEStream.cpp-L0067)  ProcessName:python3.12(98500)     Description:[StartAcquisition][GEV]Width[3072], Height[2048], PixelFormat[0x1080009], PayloadSize[6291456], ChunkCount[100], CompressMode[0], DeviceUptime[20321]
Info    2026-08-19 13:50:54:738  DevID:MV-CU060-10GC(DA1691703)  Source-Line:libMvCameraControl.so(StreamGrab.cpp-L0869)  ProcessName:python3.12(98500)     Description:[StartGrabbing]StreamChannel[0], Start grabbing success, There is no registration callback.
Info    2026-08-19 13:50:55:181  DevID:MV-CU060-10GC(DA1691703)  Source-Line:libMvCameraControl.so(StreamGrab.cpp-L0934)  ProcessName:python3.12(98500)     Description:[StopGrabbing]Stop grabbing success! DeviceUptime[20321]
Info    2026-08-19 13:50:55:883  DevID:MV-CU060-10GC(DA1691703)  Source-Line:libMvCameraControl.so(GigEDevice.cpp-L1351)  ProcessName:python3.12(98500)     Description:[IsDeviceConnected]IsDeviceConnected success, Ret[true]
Error   2026-08-19 13:50:55:893  DevID:MV-CU060-10GC(DA1691703)  Source-Line:libMvCameraControl.so(GenICamImpl.cpp-L1111)  ProcessName:python3.12(98500)     Description:[XML_GetNodeAccessMode]PropertyName[PartialImageOutputMode], Ret[0x80000100]
Error   2026-08-19 13:50:55:895  DevID:MV-CU060-10GC(DA1691703)  Source-Line:libMvCameraControl.so(GenICamImpl.cpp-L1111)  ProcessName:python3.12(98500)     Description:[XML_GetNodeAccessMode]PropertyName[SeqExpEnable], Ret[0x80000100]
Error   2026-08-19 13:50:55:895  DevID:MV-CU060-10GC(DA1691703)  Source-Line:libMvCameraControl.so(XmlParse.cpp-L3037)  ProcessName:python3.12(98500)     Description:[GetBooleanValue]Get Node Value, Node does not exist, NodeName[SeqExpEnable]
Error   2026-08-19 13:50:55:895  DevID:MV-CU060-10GC(DA1691703)  Source-Line:libMvCameraControl.so(GenICamImpl.cpp-L0551)  ProcessName:python3.12(98500)     Description:[GetBoolValue]Property[SeqExpEnable], Ret[0x80000100]
Error   2026-08-19 13:50:55:895  DevID:MV-CU060-10GC(DA1691703)  Source-Line:libMvCameraControl.so(GenICamImpl.cpp-L1111)  ProcessName:python3.12(98500)     Description:[XML_GetNodeAccessMode]PropertyName[MultiLightControl], Ret[0x80000100]
Error   2026-08-19 13:50:55:895  DevID:MV-CU060-10GC(DA1691703)  Source-Line:libMvCameraControl.so(XmlParse.cpp-L2386)  ProcessName:python3.12(98500)     Description:[GetEnumValue]Get Node Value, Node does not exist, NodeName[MultiLightControl]
Error   2026-08-19 13:50:55:895  DevID:MV-CU060-10GC(DA1691703)  Source-Line:libMvCameraControl.so(GenICamImpl.cpp-L0364)  ProcessName:python3.12(98500)     Description:[GetEnumValue]Property[MultiLightControl], Ret[0x80000100]
Info    2026-08-19 13:50:55:895  DevID:MV-CU060-10GC(DA1691703)  Source-Line:libMvCameraControl.so(GigEStream.cpp-L0067)  ProcessName:python3.12(98500)     Description:[StartAcquisition][GEV]Width[3072], Height[2048], PixelFormat[0x1080009], PayloadSize[6291456], ChunkCount[100], CompressMode[0], DeviceUptime[20322]
Info    2026-08-19 13:50:55:900  DevID:MV-CU060-10GC(DA1691703)  Source-Line:libMvCameraControl.so(StreamGrab.cpp-L0869)  ProcessName:python3.12(98500)     Description:[StartGrabbing]StreamChannel[0], Start grabbing success, There is no registration callback.
Info    2026-08-19 13:50:56:352  DevID:MV-CU060-10GC(DA1691703)  Source-Line:libMvCameraControl.so(StreamGrab.cpp-L0934)  ProcessName:python3.12(98500)     Description:[StopGrabbing]Stop grabbing success! DeviceUptime[20322]
Info    2026-08-19 13:54:35:199  DevID:MV-CU060-10GC(DA1691703)  Source-Line:libMvCameraControl.so(GigEDevice.cpp-L1351)  ProcessName:python3.12(98500)     Description:[IsDeviceConnected]IsDeviceConnected success, Ret[true]
Error   2026-08-19 13:54:35:209  DevID:MV-CU060-10GC(DA1691703)  Source-Line:libMvCameraControl.so(GenICamImpl.cpp-L1111)  ProcessName:python3.12(98500)     Description:[XML_GetNodeAccessMode]PropertyName[PartialImageOutputMode], Ret[0x80000100]
Error   2026-08-19 13:54:35:211  DevID:MV-CU060-10GC(DA1691703)  Source-Line:libMvCameraControl.so(GenICamImpl.cpp-L1111)  ProcessName:python3.12(98500)     Description:[XML_GetNodeAccessMode]PropertyName[SeqExpEnable], Ret[0x80000100]
Error   2026-08-19 13:54:35:211  DevID:MV-CU060-10GC(DA1691703)  Source-Line:libMvCameraControl.so(XmlParse.cpp-L3037)  ProcessName:python3.12(98500)     Description:[GetBooleanValue]Get Node Value, Node does not exist, NodeName[SeqExpEnable]
Error   2026-08-19 13:54:35:211  DevID:MV-CU060-10GC(DA1691703)  Source-Line:libMvCameraControl.so(GenICamImpl.cpp-L0551)  ProcessName:python3.12(98500)     Description:[GetBoolValue]Property[SeqExpEnable], Ret[0x80000100]
Error   2026-08-19 13:54:35:211  DevID:MV-CU060-10GC(DA1691703)  Source-Line:libMvCameraControl.so(GenICamImpl.cpp-L1111)  ProcessName:python3.12(98500)     Description:[XML_GetNodeAccessMode]PropertyName[MultiLightControl], Ret[0x80000100]
Error   2026-08-19 13:54:35:211  DevID:MV-CU060-10GC(DA1691703)  Source-Line:libMvCameraControl.so(XmlParse.cpp-L2386)  ProcessName:python3.12(98500)     Description:[GetEnumValue]Get Node Value, Node does not exist, NodeName[MultiLightControl]
Error   2026-08-19 13:54:35:211  DevID:MV-CU060-10GC(DA1691703)  Source-Line:libMvCameraControl.so(GenICamImpl.cpp-L0364)  ProcessName:python3.12(98500)     Description:[GetEnumValue]Property[MultiLightControl], Ret[0x80000100]
Info    2026-08-19 13:54:35:211  DevID:MV-CU060-10GC(DA1691703)  Source-Line:libMvCameraControl.so(GigEStream.cpp-L0067)  ProcessName:python3.12(98500)     Description:[StartAcquisition][GEV]Width[3072], Height[2048], PixelFormat[0x1080009], PayloadSize[6291456], ChunkCount[100], CompressMode[0], DeviceUptime[20541]
Info    2026-08-19 13:54:35:217  DevID:MV-CU060-10GC(DA1691703)  Source-Line:libMvCameraControl.so(StreamGrab.cpp-L0869)  ProcessName:python3.12(98500)     Description:[StartGrabbing]StreamChannel[0], Start grabbing success, There is no registration callback.
Info    2026-08-19 13:54:35:721  DevID:MV-CU060-10GC(DA1691703)  Source-Line:libMvCameraControl.so(StreamGrab.cpp-L0934)  ProcessName:python3.12(98500)     Description:[StopGrabbing]Stop grabbing success! DeviceUptime[20542]
Info    2026-08-19 13:55:01:644  DevID:MV-CU060-10GC(DA1691703)  Source-Line:libMvCameraControl.so(GigEDevice.cpp-L1351)  ProcessName:python3.12(98500)     Description:[IsDeviceConnected]IsDeviceConnected success, Ret[true]
Error   2026-08-19 13:55:01:655  DevID:MV-CU060-10GC(DA1691703)  Source-Line:libMvCameraControl.so(GenICamImpl.cpp-L1111)  ProcessName:python3.12(98500)     Description:[XML_GetNodeAccessMode]PropertyName[PartialImageOutputMode], Ret[0x80000100]
Error   2026-08-19 13:55:01:657  DevID:MV-CU060-10GC(DA1691703)  Source-Line:libMvCameraControl.so(GenICamImpl.cpp-L1111)  ProcessName:python3.12(98500)     Description:[XML_GetNodeAccessMode]PropertyName[SeqExpEnable], Ret[0x80000100]
Error   2026-08-19 13:55:01:657  DevID:MV-CU060-10GC(DA1691703)  Source-Line:libMvCameraControl.so(XmlParse.cpp-L3037)  ProcessName:python3.12(98500)     Description:[GetBooleanValue]Get Node Value, Node does not exist, NodeName[SeqExpEnable]
Error   2026-08-19 13:55:01:657  DevID:MV-CU060-10GC(DA1691703)  Source-Line:libMvCameraControl.so(GenICamImpl.cpp-L0551)  ProcessName:python3.12(98500)     Description:[GetBoolValue]Property[SeqExpEnable], Ret[0x80000100]
Error   2026-08-19 13:55:01:657  DevID:MV-CU060-10GC(DA1691703)  Source-Line:libMvCameraControl.so(GenICamImpl.cpp-L1111)  ProcessName:python3.12(98500)     Description:[XML_GetNodeAccessMode]PropertyName[MultiLightControl], Ret[0x80000100]
Error   2026-08-19 13:55:01:657  DevID:MV-CU060-10GC(DA1691703)  Source-Line:libMvCameraControl.so(XmlParse.cpp-L2386)  ProcessName:python3.12(98500)     Description:[GetEnumValue]Get Node Value, Node does not exist, NodeName[MultiLightControl]
Error   2026-08-19 13:55:01:657  DevID:MV-CU060-10GC(DA1691703)  Source-Line:libMvCameraControl.so(GenICamImpl.cpp-L0364)  ProcessName:python3.12(98500)     Description:[GetEnumValue]Property[MultiLightControl], Ret[0x80000100]
Info    2026-08-19 13:55:01:657  DevID:MV-CU060-10GC(DA1691703)  Source-Line:libMvCameraControl.so(GigEStream.cpp-L0067)  ProcessName:python3.12(98500)     Description:[StartAcquisition][GEV]Width[3072], Height[2048], PixelFormat[0x1080009], PayloadSize[6291456], ChunkCount[100], CompressMode[0], DeviceUptime[20568]
Info    2026-08-19 13:55:01:662  DevID:MV-CU060-10GC(DA1691703)  Source-Line:libMvCameraControl.so(StreamGrab.cpp-L0869)  ProcessName:python3.12(98500)     Description:[StartGrabbing]StreamChannel[0], Start grabbing success, There is no registration callback.
Info    2026-08-19 13:55:02:111  DevID:MV-CU060-10GC(DA1691703)  Source-Line:libMvCameraControl.so(StreamGrab.cpp-L0934)  ProcessName:python3.12(98500)     Description:[StopGrabbing]Stop grabbing success! DeviceUptime[20568]
Info    2026-08-19 13:55:28:211  DevID:MV-CU060-10GC(DA1691703)  Source-Line:libMvCameraControl.so(GigEDevice.cpp-L1351)  ProcessName:python3.12(98500)     Description:[IsDeviceConnected]IsDeviceConnected success, Ret[true]
Error   2026-08-19 13:55:28:219  DevID:MV-CU060-10GC(DA1691703)  Source-Line:libMvCameraControl.so(GenICamImpl.cpp-L1111)  ProcessName:python3.12(98500)     Description:[XML_GetNodeAccessMode]PropertyName[PartialImageOutputMode], Ret[0x80000100]
Error   2026-08-19 13:55:28:221  DevID:MV-CU060-10GC(DA1691703)  Source-Line:libMvCameraControl.so(GenICamImpl.cpp-L1111)  ProcessName:python3.12(98500)     Description:[XML_GetNodeAccessMode]PropertyName[SeqExpEnable], Ret[0x80000100]
Error   2026-08-19 13:55:28:221  DevID:MV-CU060-10GC(DA1691703)  Source-Line:libMvCameraControl.so(XmlParse.cpp-L3037)  ProcessName:python3.12(98500)     Description:[GetBooleanValue]Get Node Value, Node does not exist, NodeName[SeqExpEnable]
Error   2026-08-19 13:55:28:221  DevID:MV-CU060-10GC(DA1691703)  Source-Line:libMvCameraControl.so(GenICamImpl.cpp-L0551)  ProcessName:python3.12(98500)     Description:[GetBoolValue]Property[SeqExpEnable], Ret[0x80000100]
Error   2026-08-19 13:55:28:221  DevID:MV-CU060-10GC(DA1691703)  Source-Line:libMvCameraControl.so(GenICamImpl.cpp-L1111)  ProcessName:python3.12(98500)     Description:[XML_GetNodeAccessMode]PropertyName[MultiLightControl], Ret[0x80000100]
Error   2026-08-19 13:55:28:221  DevID:MV-CU060-10GC(DA1691703)  Source-Line:libMvCameraControl.so(XmlParse.cpp-L2386)  ProcessName:python3.12(98500)     Description:[GetEnumValue]Get Node Value, Node does not exist, NodeName[MultiLightControl]
Error   2026-08-19 13:55:28:221  DevID:MV-CU060-10GC(DA1691703)  Source-Line:libMvCameraControl.so(GenICamImpl.cpp-L0364)  ProcessName:python3.12(98500)     Description:[GetEnumValue]Property[MultiLightControl], Ret[0x80000100]
Info    2026-08-19 13:55:28:221  DevID:MV-CU060-10GC(DA1691703)  Source-Line:libMvCameraControl.so(GigEStream.cpp-L0067)  ProcessName:python3.12(98500)     Description:[StartAcquisition][GEV]Width[3072], Height[2048], PixelFormat[0x1080009], PayloadSize[6291456], ChunkCount[100], CompressMode[0], DeviceUptime[20594]
Info    2026-08-19 13:55:28:226  DevID:MV-CU060-10GC(DA1691703)  Source-Line:libMvCameraControl.so(StreamGrab.cpp-L0869)  ProcessName:python3.12(98500)     Description:[StartGrabbing]StreamChannel[0], Start grabbing success, There is no registration callback.
Info    2026-08-19 13:55:28:678  DevID:MV-CU060-10GC(DA1691703)  Source-Line:libMvCameraControl.so(StreamGrab.cpp-L0934)  ProcessName:python3.12(98500)     Description:[StopGrabbing]Stop grabbing success! DeviceUptime[20595]
Info    2026-08-19 13:55:54:540  DevID:MV-CU060-10GC(DA1691703)  Source-Line:libMvCameraControl.so(GigEDevice.cpp-L1351)  ProcessName:python3.12(98500)     Description:[IsDeviceConnected]IsDeviceConnected success, Ret[true]
Error   2026-08-19 13:55:54:550  DevID:MV-CU060-10GC(DA1691703)  Source-Line:libMvCameraControl.so(GenICamImpl.cpp-L1111)  ProcessName:python3.12(98500)     Description:[XML_GetNodeAccessMode]PropertyName[PartialImageOutputMode], Ret[0x80000100]
Error   2026-08-19 13:55:54:553  DevID:MV-CU060-10GC(DA1691703)  Source-Line:libMvCameraControl.so(GenICamImpl.cpp-L1111)  ProcessName:python3.12(98500)     Description:[XML_GetNodeAccessMode]PropertyName[SeqExpEnable], Ret[0x80000100]
Error   2026-08-19 13:55:54:553  DevID:MV-CU060-10GC(DA1691703)  Source-Line:libMvCameraControl.so(XmlParse.cpp-L3037)  ProcessName:python3.12(98500)     Description:[GetBooleanValue]Get Node Value, Node does not exist, NodeName[SeqExpEnable]
Error   2026-08-19 13:55:54:553  DevID:MV-CU060-10GC(DA1691703)  Source-Line:libMvCameraControl.so(GenICamImpl.cpp-L0551)  ProcessName:python3.12(98500)     Description:[GetBoolValue]Property[SeqExpEnable], Ret[0x80000100]
Error   2026-08-19 13:55:54:553  DevID:MV-CU060-10GC(DA1691703)  Source-Line:libMvCameraControl.so(GenICamImpl.cpp-L1111)  ProcessName:python3.12(98500)     Description:[XML_GetNodeAccessMode]PropertyName[MultiLightControl], Ret[0x80000100]
Error   2026-08-19 13:55:54:553  DevID:MV-CU060-10GC(DA1691703)  Source-Line:libMvCameraControl.so(XmlParse.cpp-L2386)  ProcessName:python3.12(98500)     Description:[GetEnumValue]Get Node Value, Node does not exist, NodeName[MultiLightControl]
Error   2026-08-19 13:55:54:553  DevID:MV-CU060-10GC(DA1691703)  Source-Line:libMvCameraControl.so(GenICamImpl.cpp-L0364)  ProcessName:python3.12(98500)     Description:[GetEnumValue]Property[MultiLightControl], Ret[0x80000100]
Info    2026-08-19 13:55:54:553  DevID:MV-CU060-10GC(DA1691703)  Source-Line:libMvCameraControl.so(GigEStream.cpp-L0067)  ProcessName:python3.12(98500)     Description:[StartAcquisition][GEV]Width[3072], Height[2048], PixelFormat[0x1080009], PayloadSize[6291456], ChunkCount[100], CompressMode[0], DeviceUptime[20621]
Info    2026-08-19 13:55:54:558  DevID:MV-CU060-10GC(DA1691703)  Source-Line:libMvCameraControl.so(StreamGrab.cpp-L0869)  ProcessName:python3.12(98500)     Description:[StartGrabbing]StreamChannel[0], Start grabbing success, There is no registration callback.
Info    2026-08-19 13:55:55:003  DevID:MV-CU060-10GC(DA1691703)  Source-Line:libMvCameraControl.so(StreamGrab.cpp-L0934)  ProcessName:python3.12(98500)     Description:[StopGrabbing]Stop grabbing success! DeviceUptime[20621]
Info    2026-08-19 13:56:22:629  DevID:MV-CU060-10GC(DA1691703)  Source-Line:libMvCameraControl.so(GigEDevice.cpp-L1351)  ProcessName:python3.12(98500)     Description:[IsDeviceConnected]IsDeviceConnected success, Ret[true]
Error   2026-08-19 13:56:22:638  DevID:MV-CU060-10GC(DA1691703)  Source-Line:libMvCameraControl.so(GenICamImpl.cpp-L1111)  ProcessName:python3.12(98500)     Description:[XML_GetNodeAccessMode]PropertyName[PartialImageOutputMode], Ret[0x80000100]
Error   2026-08-19 13:56:22:640  DevID:MV-CU060-10GC(DA1691703)  Source-Line:libMvCameraControl.so(GenICamImpl.cpp-L1111)  ProcessName:python3.12(98500)     Description:[XML_GetNodeAccessMode]PropertyName[SeqExpEnable], Ret[0x80000100]
Error   2026-08-19 13:56:22:640  DevID:MV-CU060-10GC(DA1691703)  Source-Line:libMvCameraControl.so(XmlParse.cpp-L3037)  ProcessName:python3.12(98500)     Description:[GetBooleanValue]Get Node Value, Node does not exist, NodeName[SeqExpEnable]
Error   2026-08-19 13:56:22:640  DevID:MV-CU060-10GC(DA1691703)  Source-Line:libMvCameraControl.so(GenICamImpl.cpp-L0551)  ProcessName:python3.12(98500)     Description:[GetBoolValue]Property[SeqExpEnable], Ret[0x80000100]
Error   2026-08-19 13:56:22:640  DevID:MV-CU060-10GC(DA1691703)  Source-Line:libMvCameraControl.so(GenICamImpl.cpp-L1111)  ProcessName:python3.12(98500)     Description:[XML_GetNodeAccessMode]PropertyName[MultiLightControl], Ret[0x80000100]
Error   2026-08-19 13:56:22:640  DevID:MV-CU060-10GC(DA1691703)  Source-Line:libMvCameraControl.so(XmlParse.cpp-L2386)  ProcessName:python3.12(98500)     Description:[GetEnumValue]Get Node Value, Node does not exist, NodeName[MultiLightControl]
Error   2026-08-19 13:56:22:640  DevID:MV-CU060-10GC(DA1691703)  Source-Line:libMvCameraControl.so(GenICamImpl.cpp-L0364)  ProcessName:python3.12(98500)     Description:[GetEnumValue]Property[MultiLightControl], Ret[0x80000100]
Info    2026-08-19 13:56:22:640  DevID:MV-CU060-10GC(DA1691703)  Source-Line:libMvCameraControl.so(GigEStream.cpp-L0067)  ProcessName:python3.12(98500)     Description:[StartAcquisition][GEV]Width[3072], Height[2048], PixelFormat[0x1080009], PayloadSize[6291456], ChunkCount[100], CompressMode[0], DeviceUptime[20649]
Info    2026-08-19 13:56:22:646  DevID:MV-CU060-10GC(DA1691703)  Source-Line:libMvCameraControl.so(StreamGrab.cpp-L0869)  ProcessName:python3.12(98500)     Description:[StartGrabbing]StreamChannel[0], Start grabbing success, There is no registration callback.
Info    2026-08-19 13:56:23:092  DevID:MV-CU060-10GC(DA1691703)  Source-Line:libMvCameraControl.so(StreamGrab.cpp-L0934)  ProcessName:python3.12(98500)     Description:[StopGrabbing]Stop grabbing success! DeviceUptime[20649]
Info    2026-08-19 13:56:49:634  DevID:MV-CU060-10GC(DA1691703)  Source-Line:libMvCameraControl.so(GigEDevice.cpp-L1351)  ProcessName:python3.12(98500)     Description:[IsDeviceConnected]IsDeviceConnected success, Ret[true]
Error   2026-08-19 13:56:49:645  DevID:MV-CU060-10GC(DA1691703)  Source-Line:libMvCameraControl.so(GenICamImpl.cpp-L1111)  ProcessName:python3.12(98500)     Description:[XML_GetNodeAccessMode]PropertyName[PartialImageOutputMode], Ret[0x80000100]
Error   2026-08-19 13:56:49:647  DevID:MV-CU060-10GC(DA1691703)  Source-Line:libMvCameraControl.so(GenICamImpl.cpp-L1111)  ProcessName:python3.12(98500)     Description:[XML_GetNodeAccessMode]PropertyName[SeqExpEnable], Ret[0x80000100]
Error   2026-08-19 13:56:49:647  DevID:MV-CU060-10GC(DA1691703)  Source-Line:libMvCameraControl.so(XmlParse.cpp-L3037)  ProcessName:python3.12(98500)     Description:[GetBooleanValue]Get Node Value, Node does not exist, NodeName[SeqExpEnable]
Error   2026-08-19 13:56:49:647  DevID:MV-CU060-10GC(DA1691703)  Source-Line:libMvCameraControl.so(GenICamImpl.cpp-L0551)  ProcessName:python3.12(98500)     Description:[GetBoolValue]Property[SeqExpEnable], Ret[0x80000100]
Error   2026-08-19 13:56:49:647  DevID:MV-CU060-10GC(DA1691703)  Source-Line:libMvCameraControl.so(GenICamImpl.cpp-L1111)  ProcessName:python3.12(98500)     Description:[XML_GetNodeAccessMode]PropertyName[MultiLightControl], Ret[0x80000100]
Error   2026-08-19 13:56:49:647  DevID:MV-CU060-10GC(DA1691703)  Source-Line:libMvCameraControl.so(XmlParse.cpp-L2386)  ProcessName:python3.12(98500)     Description:[GetEnumValue]Get Node Value, Node does not exist, NodeName[MultiLightControl]
Error   2026-08-19 13:56:49:647  DevID:MV-CU060-10GC(DA1691703)  Source-Line:libMvCameraControl.so(GenICamImpl.cpp-L0364)  ProcessName:python3.12(98500)     Description:[GetEnumValue]Property[MultiLightControl], Ret[0x80000100]
Info    2026-08-19 13:56:49:647  DevID:MV-CU060-10GC(DA1691703)  Source-Line:libMvCameraControl.so(GigEStream.cpp-L0067)  ProcessName:python3.12(98500)     Description:[StartAcquisition][GEV]Width[3072], Height[2048], PixelFormat[0x1080009], PayloadSize[6291456], ChunkCount[100], CompressMode[0], DeviceUptime[20676]
Info    2026-08-19 13:56:49:652  DevID:MV-CU060-10GC(DA1691703)  Source-Line:libMvCameraControl.so(StreamGrab.cpp-L0869)  ProcessName:python3.12(98500)     Description:[StartGrabbing]StreamChannel[0], Start grabbing success, There is no registration callback.
Info    2026-08-19 13:56:50:096  DevID:MV-CU060-10GC(DA1691703)  Source-Line:libMvCameraControl.so(StreamGrab.cpp-L0934)  ProcessName:python3.12(98500)     Description:[StopGrabbing]Stop grabbing success! DeviceUptime[20676]
Info    2026-08-19 13:57:17:401  DevID:MV-CU060-10GC(DA1691703)  Source-Line:libMvCameraControl.so(GigEDevice.cpp-L1351)  ProcessName:python3.12(98500)     Description:[IsDeviceConnected]IsDeviceConnected success, Ret[true]
Error   2026-08-19 13:57:17:410  DevID:MV-CU060-10GC(DA1691703)  Source-Line:libMvCameraControl.so(GenICamImpl.cpp-L1111)  ProcessName:python3.12(98500)     Description:[XML_GetNodeAccessMode]PropertyName[PartialImageOutputMode], Ret[0x80000100]
Error   2026-08-19 13:57:17:412  DevID:MV-CU060-10GC(DA1691703)  Source-Line:libMvCameraControl.so(GenICamImpl.cpp-L1111)  ProcessName:python3.12(98500)     Description:[XML_GetNodeAccessMode]PropertyName[SeqExpEnable], Ret[0x80000100]
Error   2026-08-19 13:57:17:412  DevID:MV-CU060-10GC(DA1691703)  Source-Line:libMvCameraControl.so(XmlParse.cpp-L3037)  ProcessName:python3.12(98500)     Description:[GetBooleanValue]Get Node Value, Node does not exist, NodeName[SeqExpEnable]
Error   2026-08-19 13:57:17:412  DevID:MV-CU060-10GC(DA1691703)  Source-Line:libMvCameraControl.so(GenICamImpl.cpp-L0551)  ProcessName:python3.12(98500)     Description:[GetBoolValue]Property[SeqExpEnable], Ret[0x80000100]
Error   2026-08-19 13:57:17:413  DevID:MV-CU060-10GC(DA1691703)  Source-Line:libMvCameraControl.so(GenICamImpl.cpp-L1111)  ProcessName:python3.12(98500)     Description:[XML_GetNodeAccessMode]PropertyName[MultiLightControl], Ret[0x80000100]
Error   2026-08-19 13:57:17:413  DevID:MV-CU060-10GC(DA1691703)  Source-Line:libMvCameraControl.so(XmlParse.cpp-L2386)  ProcessName:python3.12(98500)     Description:[GetEnumValue]Get Node Value, Node does not exist, NodeName[MultiLightControl]
Error   2026-08-19 13:57:17:413  DevID:MV-CU060-10GC(DA1691703)  Source-Line:libMvCameraControl.so(GenICamImpl.cpp-L0364)  ProcessName:python3.12(98500)     Description:[GetEnumValue]Property[MultiLightControl], Ret[0x80000100]
Info    2026-08-19 13:57:17:413  DevID:MV-CU060-10GC(DA1691703)  Source-Line:libMvCameraControl.so(GigEStream.cpp-L0067)  ProcessName:python3.12(98500)     Description:[StartAcquisition][GEV]Width[3072], Height[2048], PixelFormat[0x1080009], PayloadSize[6291456], ChunkCount[100], CompressMode[0], DeviceUptime[20703]
Info    2026-08-19 13:57:17:418  DevID:MV-CU060-10GC(DA1691703)  Source-Line:libMvCameraControl.so(StreamGrab.cpp-L0869)  ProcessName:python3.12(98500)     Description:[StartGrabbing]StreamChannel[0], Start grabbing success, There is no registration callback.
Info    2026-08-19 13:57:17:858  DevID:MV-CU060-10GC(DA1691703)  Source-Line:libMvCameraControl.so(StreamGrab.cpp-L0934)  ProcessName:python3.12(98500)     Description:[StopGrabbing]Stop grabbing success! DeviceUptime[20704]
Info    2026-08-19 13:57:45:553  DevID:MV-CU060-10GC(DA1691703)  Source-Line:libMvCameraControl.so(GigEDevice.cpp-L1351)  ProcessName:python3.12(98500)     Description:[IsDeviceConnected]IsDeviceConnected success, Ret[true]
Error   2026-08-19 13:57:45:563  DevID:MV-CU060-10GC(DA1691703)  Source-Line:libMvCameraControl.so(GenICamImpl.cpp-L1111)  ProcessName:python3.12(98500)     Description:[XML_GetNodeAccessMode]PropertyName[PartialImageOutputMode], Ret[0x80000100]
Error   2026-08-19 13:57:45:565  DevID:MV-CU060-10GC(DA1691703)  Source-Line:libMvCameraControl.so(GenICamImpl.cpp-L1111)  ProcessName:python3.12(98500)     Description:[XML_GetNodeAccessMode]PropertyName[SeqExpEnable], Ret[0x80000100]
Error   2026-08-19 13:57:45:565  DevID:MV-CU060-10GC(DA1691703)  Source-Line:libMvCameraControl.so(XmlParse.cpp-L3037)  ProcessName:python3.12(98500)     Description:[GetBooleanValue]Get Node Value, Node does not exist, NodeName[SeqExpEnable]
Error   2026-08-19 13:57:45:565  DevID:MV-CU060-10GC(DA1691703)  Source-Line:libMvCameraControl.so(GenICamImpl.cpp-L0551)  ProcessName:python3.12(98500)     Description:[GetBoolValue]Property[SeqExpEnable], Ret[0x80000100]
Error   2026-08-19 13:57:45:565  DevID:MV-CU060-10GC(DA1691703)  Source-Line:libMvCameraControl.so(GenICamImpl.cpp-L1111)  ProcessName:python3.12(98500)     Description:[XML_GetNodeAccessMode]PropertyName[MultiLightControl], Ret[0x80000100]
Error   2026-08-19 13:57:45:565  DevID:MV-CU060-10GC(DA1691703)  Source-Line:libMvCameraControl.so(XmlParse.cpp-L2386)  ProcessName:python3.12(98500)     Description:[GetEnumValue]Get Node Value, Node does not exist, NodeName[MultiLightControl]
Error   2026-08-19 13:57:45:565  DevID:MV-CU060-10GC(DA1691703)  Source-Line:libMvCameraControl.so(GenICamImpl.cpp-L0364)  ProcessName:python3.12(98500)     Description:[GetEnumValue]Property[MultiLightControl], Ret[0x80000100]
Info    2026-08-19 13:57:45:565  DevID:MV-CU060-10GC(DA1691703)  Source-Line:libMvCameraControl.so(GigEStream.cpp-L0067)  ProcessName:python3.12(98500)     Description:[StartAcquisition][GEV]Width[3072], Height[2048], PixelFormat[0x1080009], PayloadSize[6291456], ChunkCount[100], CompressMode[0], DeviceUptime[20732]
Info    2026-08-19 13:57:45:570  DevID:MV-CU060-10GC(DA1691703)  Source-Line:libMvCameraControl.so(StreamGrab.cpp-L0869)  ProcessName:python3.12(98500)     Description:[StartGrabbing]StreamChannel[0], Start grabbing success, There is no registration callback.
Info    2026-08-19 13:57:46:015  DevID:MV-CU060-10GC(DA1691703)  Source-Line:libMvCameraControl.so(StreamGrab.cpp-L0934)  ProcessName:python3.12(98500)     Description:[StopGrabbing]Stop grabbing success! DeviceUptime[20732]
Info    2026-08-19 13:58:11:878  DevID:MV-CU060-10GC(DA1691703)  Source-Line:libMvCameraControl.so(GigEDevice.cpp-L1351)  ProcessName:python3.12(98500)     Description:[IsDeviceConnected]IsDeviceConnected success, Ret[true]
Error   2026-08-19 13:58:11:888  DevID:MV-CU060-10GC(DA1691703)  Source-Line:libMvCameraControl.so(GenICamImpl.cpp-L1111)  ProcessName:python3.12(98500)     Description:[XML_GetNodeAccessMode]PropertyName[PartialImageOutputMode], Ret[0x80000100]
Error   2026-08-19 13:58:11:890  DevID:MV-CU060-10GC(DA1691703)  Source-Line:libMvCameraControl.so(GenICamImpl.cpp-L1111)  ProcessName:python3.12(98500)     Description:[XML_GetNodeAccessMode]PropertyName[SeqExpEnable], Ret[0x80000100]
Error   2026-08-19 13:58:11:890  DevID:MV-CU060-10GC(DA1691703)  Source-Line:libMvCameraControl.so(XmlParse.cpp-L3037)  ProcessName:python3.12(98500)     Description:[GetBooleanValue]Get Node Value, Node does not exist, NodeName[SeqExpEnable]
Error   2026-08-19 13:58:11:890  DevID:MV-CU060-10GC(DA1691703)  Source-Line:libMvCameraControl.so(GenICamImpl.cpp-L0551)  ProcessName:python3.12(98500)     Description:[GetBoolValue]Property[SeqExpEnable], Ret[0x80000100]
Error   2026-08-19 13:58:11:890  DevID:MV-CU060-10GC(DA1691703)  Source-Line:libMvCameraControl.so(GenICamImpl.cpp-L1111)  ProcessName:python3.12(98500)     Description:[XML_GetNodeAccessMode]PropertyName[MultiLightControl], Ret[0x80000100]
Error   2026-08-19 13:58:11:890  DevID:MV-CU060-10GC(DA1691703)  Source-Line:libMvCameraControl.so(XmlParse.cpp-L2386)  ProcessName:python3.12(98500)     Description:[GetEnumValue]Get Node Value, Node does not exist, NodeName[MultiLightControl]
Error   2026-08-19 13:58:11:890  DevID:MV-CU060-10GC(DA1691703)  Source-Line:libMvCameraControl.so(GenICamImpl.cpp-L0364)  ProcessName:python3.12(98500)     Description:[GetEnumValue]Property[MultiLightControl], Ret[0x80000100]
Info    2026-08-19 13:58:11:890  DevID:MV-CU060-10GC(DA1691703)  Source-Line:libMvCameraControl.so(GigEStream.cpp-L0067)  ProcessName:python3.12(98500)     Description:[StartAcquisition][GEV]Width[3072], Height[2048], PixelFormat[0x1080009], PayloadSize[6291456], ChunkCount[100], CompressMode[0], DeviceUptime[20758]
Info    2026-08-19 13:58:11:896  DevID:MV-CU060-10GC(DA1691703)  Source-Line:libMvCameraControl.so(StreamGrab.cpp-L0869)  ProcessName:python3.12(98500)     Description:[StartGrabbing]StreamChannel[0], Start grabbing success, There is no registration callback.
Info    2026-08-19 13:58:12:338  DevID:MV-CU060-10GC(DA1691703)  Source-Line:libMvCameraControl.so(StreamGrab.cpp-L0934)  ProcessName:python3.12(98500)     Description:[StopGrabbing]Stop grabbing success! DeviceUptime[20758]
Info    2026-08-19 13:58:38:270  DevID:MV-CU060-10GC(DA1691703)  Source-Line:libMvCameraControl.so(GigEDevice.cpp-L1351)  ProcessName:python3.12(98500)     Description:[IsDeviceConnected]IsDeviceConnected success, Ret[true]
Error   2026-08-19 13:58:38:278  DevID:MV-CU060-10GC(DA1691703)  Source-Line:libMvCameraControl.so(GenICamImpl.cpp-L1111)  ProcessName:python3.12(98500)     Description:[XML_GetNodeAccessMode]PropertyName[PartialImageOutputMode], Ret[0x80000100]
Error   2026-08-19 13:58:38:280  DevID:MV-CU060-10GC(DA1691703)  Source-Line:libMvCameraControl.so(GenICamImpl.cpp-L1111)  ProcessName:python3.12(98500)     Description:[XML_GetNodeAccessMode]PropertyName[SeqExpEnable], Ret[0x80000100]
Error   2026-08-19 13:58:38:280  DevID:MV-CU060-10GC(DA1691703)  Source-Line:libMvCameraControl.so(XmlParse.cpp-L3037)  ProcessName:python3.12(98500)     Description:[GetBooleanValue]Get Node Value, Node does not exist, NodeName[SeqExpEnable]
Error   2026-08-19 13:58:38:280  DevID:MV-CU060-10GC(DA1691703)  Source-Line:libMvCameraControl.so(GenICamImpl.cpp-L0551)  ProcessName:python3.12(98500)     Description:[GetBoolValue]Property[SeqExpEnable], Ret[0x80000100]
Error   2026-08-19 13:58:38:280  DevID:MV-CU060-10GC(DA1691703)  Source-Line:libMvCameraControl.so(GenICamImpl.cpp-L1111)  ProcessName:python3.12(98500)     Description:[XML_GetNodeAccessMode]PropertyName[MultiLightControl], Ret[0x80000100]
Error   2026-08-19 13:58:38:280  DevID:MV-CU060-10GC(DA1691703)  Source-Line:libMvCameraControl.so(XmlParse.cpp-L2386)  ProcessName:python3.12(98500)     Description:[GetEnumValue]Get Node Value, Node does not exist, NodeName[MultiLightControl]
Error   2026-08-19 13:58:38:280  DevID:MV-CU060-10GC(DA1691703)  Source-Line:libMvCameraControl.so(GenICamImpl.cpp-L0364)  ProcessName:python3.12(98500)     Description:[GetEnumValue]Property[MultiLightControl], Ret[0x80000100]
Info    2026-08-19 13:58:38:280  DevID:MV-CU060-10GC(DA1691703)  Source-Line:libMvCameraControl.so(GigEStream.cpp-L0067)  ProcessName:python3.12(98500)     Description:[StartAcquisition][GEV]Width[3072], Height[2048], PixelFormat[0x1080009], PayloadSize[6291456], ChunkCount[100], CompressMode[0], DeviceUptime[20784]
Info    2026-08-19 13:58:38:285  DevID:MV-CU060-10GC(DA1691703)  Source-Line:libMvCameraControl.so(StreamGrab.cpp-L0869)  ProcessName:python3.12(98500)     Description:[StartGrabbing]StreamChannel[0], Start grabbing success, There is no registration callback.
Info    2026-08-19 13:58:38:725  DevID:MV-CU060-10GC(DA1691703)  Source-Line:libMvCameraControl.so(StreamGrab.cpp-L0934)  ProcessName:python3.12(98500)     Description:[StopGrabbing]Stop grabbing success! DeviceUptime[20785]
Info    2026-08-19 13:59:04:609  DevID:MV-CU060-10GC(DA1691703)  Source-Line:libMvCameraControl.so(GigEDevice.cpp-L1351)  ProcessName:python3.12(98500)     Description:[IsDeviceConnected]IsDeviceConnected success, Ret[true]
Error   2026-08-19 13:59:04:619  DevID:MV-CU060-10GC(DA1691703)  Source-Line:libMvCameraControl.so(GenICamImpl.cpp-L1111)  ProcessName:python3.12(98500)     Description:[XML_GetNodeAccessMode]PropertyName[PartialImageOutputMode], Ret[0x80000100]
Error   2026-08-19 13:59:04:621  DevID:MV-CU060-10GC(DA1691703)  Source-Line:libMvCameraControl.so(GenICamImpl.cpp-L1111)  ProcessName:python3.12(98500)     Description:[XML_GetNodeAccessMode]PropertyName[SeqExpEnable], Ret[0x80000100]
Error   2026-08-19 13:59:04:621  DevID:MV-CU060-10GC(DA1691703)  Source-Line:libMvCameraControl.so(XmlParse.cpp-L3037)  ProcessName:python3.12(98500)     Description:[GetBooleanValue]Get Node Value, Node does not exist, NodeName[SeqExpEnable]
Error   2026-08-19 13:59:04:621  DevID:MV-CU060-10GC(DA1691703)  Source-Line:libMvCameraControl.so(GenICamImpl.cpp-L0551)  ProcessName:python3.12(98500)     Description:[GetBoolValue]Property[SeqExpEnable], Ret[0x80000100]
Error   2026-08-19 13:59:04:621  DevID:MV-CU060-10GC(DA1691703)  Source-Line:libMvCameraControl.so(GenICamImpl.cpp-L1111)  ProcessName:python3.12(98500)     Description:[XML_GetNodeAccessMode]PropertyName[MultiLightControl], Ret[0x80000100]
Error   2026-08-19 13:59:04:621  DevID:MV-CU060-10GC(DA1691703)  Source-Line:libMvCameraControl.so(XmlParse.cpp-L2386)  ProcessName:python3.12(98500)     Description:[GetEnumValue]Get Node Value, Node does not exist, NodeName[MultiLightControl]
Error   2026-08-19 13:59:04:621  DevID:MV-CU060-10GC(DA1691703)  Source-Line:libMvCameraControl.so(GenICamImpl.cpp-L0364)  ProcessName:python3.12(98500)     Description:[GetEnumValue]Property[MultiLightControl], Ret[0x80000100]
Info    2026-08-19 13:59:04:621  DevID:MV-CU060-10GC(DA1691703)  Source-Line:libMvCameraControl.so(GigEStream.cpp-L0067)  ProcessName:python3.12(98500)     Description:[StartAcquisition][GEV]Width[3072], Height[2048], PixelFormat[0x1080009], PayloadSize[6291456], ChunkCount[100], CompressMode[0], DeviceUptime[20811]
Info    2026-08-19 13:59:04:627  DevID:MV-CU060-10GC(DA1691703)  Source-Line:libMvCameraControl.so(StreamGrab.cpp-L0869)  ProcessName:python3.12(98500)     Description:[StartGrabbing]StreamChannel[0], Start grabbing success, There is no registration callback.
Info    2026-08-19 13:59:05:072  DevID:MV-CU060-10GC(DA1691703)  Source-Line:libMvCameraControl.so(StreamGrab.cpp-L0934)  ProcessName:python3.12(98500)     Description:[StopGrabbing]Stop grabbing success! DeviceUptime[20811]
Info    2026-08-19 13:59:30:893  DevID:MV-CU060-10GC(DA1691703)  Source-Line:libMvCameraControl.so(GigEDevice.cpp-L1351)  ProcessName:python3.12(98500)     Description:[IsDeviceConnected]IsDeviceConnected success, Ret[true]
Error   2026-08-19 13:59:30:903  DevID:MV-CU060-10GC(DA1691703)  Source-Line:libMvCameraControl.so(GenICamImpl.cpp-L1111)  ProcessName:python3.12(98500)     Description:[XML_GetNodeAccessMode]PropertyName[PartialImageOutputMode], Ret[0x80000100]
Error   2026-08-19 13:59:30:905  DevID:MV-CU060-10GC(DA1691703)  Source-Line:libMvCameraControl.so(GenICamImpl.cpp-L1111)  ProcessName:python3.12(98500)     Description:[XML_GetNodeAccessMode]PropertyName[SeqExpEnable], Ret[0x80000100]
Error   2026-08-19 13:59:30:905  DevID:MV-CU060-10GC(DA1691703)  Source-Line:libMvCameraControl.so(XmlParse.cpp-L3037)  ProcessName:python3.12(98500)     Description:[GetBooleanValue]Get Node Value, Node does not exist, NodeName[SeqExpEnable]
Error   2026-08-19 13:59:30:905  DevID:MV-CU060-10GC(DA1691703)  Source-Line:libMvCameraControl.so(GenICamImpl.cpp-L0551)  ProcessName:python3.12(98500)     Description:[GetBoolValue]Property[SeqExpEnable], Ret[0x80000100]
Error   2026-08-19 13:59:30:905  DevID:MV-CU060-10GC(DA1691703)  Source-Line:libMvCameraControl.so(GenICamImpl.cpp-L1111)  ProcessName:python3.12(98500)     Description:[XML_GetNodeAccessMode]PropertyName[MultiLightControl], Ret[0x80000100]
Error   2026-08-19 13:59:30:905  DevID:MV-CU060-10GC(DA1691703)  Source-Line:libMvCameraControl.so(XmlParse.cpp-L2386)  ProcessName:python3.12(98500)     Description:[GetEnumValue]Get Node Value, Node does not exist, NodeName[MultiLightControl]
Error   2026-08-19 13:59:30:905  DevID:MV-CU060-10GC(DA1691703)  Source-Line:libMvCameraControl.so(GenICamImpl.cpp-L0364)  ProcessName:python3.12(98500)     Description:[GetEnumValue]Property[MultiLightControl], Ret[0x80000100]
Info    2026-08-19 13:59:30:905  DevID:MV-CU060-10GC(DA1691703)  Source-Line:libMvCameraControl.so(GigEStream.cpp-L0067)  ProcessName:python3.12(98500)     Description:[StartAcquisition][GEV]Width[3072], Height[2048], PixelFormat[0x1080009], PayloadSize[6291456], ChunkCount[100], CompressMode[0], DeviceUptime[20837]
Info    2026-08-19 13:59:30:910  DevID:MV-CU060-10GC(DA1691703)  Source-Line:libMvCameraControl.so(StreamGrab.cpp-L0869)  ProcessName:python3.12(98500)     Description:[StartGrabbing]StreamChannel[0], Start grabbing success, There is no registration callback.
Info    2026-08-19 13:59:31:355  DevID:MV-CU060-10GC(DA1691703)  Source-Line:libMvCameraControl.so(StreamGrab.cpp-L0934)  ProcessName:python3.12(98500)     Description:[StopGrabbing]Stop grabbing success! DeviceUptime[20837]
Info    2026-08-19 13:59:31:976  DevID:MV-CU060-10GC(DA1691703)  Source-Line:libMvCameraControl.so(GigEDevice.cpp-L1351)  ProcessName:python3.12(98500)     Description:[IsDeviceConnected]IsDeviceConnected success, Ret[true]
Error   2026-08-19 13:59:31:985  DevID:MV-CU060-10GC(DA1691703)  Source-Line:libMvCameraControl.so(GenICamImpl.cpp-L1111)  ProcessName:python3.12(98500)     Description:[XML_GetNodeAccessMode]PropertyName[PartialImageOutputMode], Ret[0x80000100]
Error   2026-08-19 13:59:31:987  DevID:MV-CU060-10GC(DA1691703)  Source-Line:libMvCameraControl.so(GenICamImpl.cpp-L1111)  ProcessName:python3.12(98500)     Description:[XML_GetNodeAccessMode]PropertyName[SeqExpEnable], Ret[0x80000100]
Error   2026-08-19 13:59:31:987  DevID:MV-CU060-10GC(DA1691703)  Source-Line:libMvCameraControl.so(XmlParse.cpp-L3037)  ProcessName:python3.12(98500)     Description:[GetBooleanValue]Get Node Value, Node does not exist, NodeName[SeqExpEnable]
Error   2026-08-19 13:59:31:987  DevID:MV-CU060-10GC(DA1691703)  Source-Line:libMvCameraControl.so(GenICamImpl.cpp-L0551)  ProcessName:python3.12(98500)     Description:[GetBoolValue]Property[SeqExpEnable], Ret[0x80000100]
Error   2026-08-19 13:59:31:987  DevID:MV-CU060-10GC(DA1691703)  Source-Line:libMvCameraControl.so(GenICamImpl.cpp-L1111)  ProcessName:python3.12(98500)     Description:[XML_GetNodeAccessMode]PropertyName[MultiLightControl], Ret[0x80000100]
Error   2026-08-19 13:59:31:987  DevID:MV-CU060-10GC(DA1691703)  Source-Line:libMvCameraControl.so(XmlParse.cpp-L2386)  ProcessName:python3.12(98500)     Description:[GetEnumValue]Get Node Value, Node does not exist, NodeName[MultiLightControl]
Error   2026-08-19 13:59:31:987  DevID:MV-CU060-10GC(DA1691703)  Source-Line:libMvCameraControl.so(GenICamImpl.cpp-L0364)  ProcessName:python3.12(98500)     Description:[GetEnumValue]Property[MultiLightControl], Ret[0x80000100]
Info    2026-08-19 13:59:31:987  DevID:MV-CU060-10GC(DA1691703)  Source-Line:libMvCameraControl.so(GigEStream.cpp-L0067)  ProcessName:python3.12(98500)     Description:[StartAcquisition][GEV]Width[3072], Height[2048], PixelFormat[0x1080009], PayloadSize[6291456], ChunkCount[100], CompressMode[0], DeviceUptime[20838]
Info    2026-08-19 13:59:31:992  DevID:MV-CU060-10GC(DA1691703)  Source-Line:libMvCameraControl.so(StreamGrab.cpp-L0869)  ProcessName:python3.12(98500)     Description:[StartGrabbing]StreamChannel[0], Start grabbing success, There is no registration callback.
Info    2026-08-19 13:59:32:437  DevID:MV-CU060-10GC(DA1691703)  Source-Line:libMvCameraControl.so(StreamGrab.cpp-L0934)  ProcessName:python3.12(98500)     Description:[StopGrabbing]Stop grabbing success! DeviceUptime[20838]
Info    2026-08-19 13:59:58:298  DevID:MV-CU060-10GC(DA1691703)  Source-Line:libMvCameraControl.so(GigEDevice.cpp-L1351)  ProcessName:python3.12(98500)     Description:[IsDeviceConnected]IsDeviceConnected success, Ret[true]
Error   2026-08-19 13:59:58:308  DevID:MV-CU060-10GC(DA1691703)  Source-Line:libMvCameraControl.so(GenICamImpl.cpp-L1111)  ProcessName:python3.12(98500)     Description:[XML_GetNodeAccessMode]PropertyName[PartialImageOutputMode], Ret[0x80000100]
Error   2026-08-19 13:59:58:310  DevID:MV-CU060-10GC(DA1691703)  Source-Line:libMvCameraControl.so(GenICamImpl.cpp-L1111)  ProcessName:python3.12(98500)     Description:[XML_GetNodeAccessMode]PropertyName[SeqExpEnable], Ret[0x80000100]
Error   2026-08-19 13:59:58:310  DevID:MV-CU060-10GC(DA1691703)  Source-Line:libMvCameraControl.so(XmlParse.cpp-L3037)  ProcessName:python3.12(98500)     Description:[GetBooleanValue]Get Node Value, Node does not exist, NodeName[SeqExpEnable]
Error   2026-08-19 13:59:58:310  DevID:MV-CU060-10GC(DA1691703)  Source-Line:libMvCameraControl.so(GenICamImpl.cpp-L0551)  ProcessName:python3.12(98500)     Description:[GetBoolValue]Property[SeqExpEnable], Ret[0x80000100]
Error   2026-08-19 13:59:58:310  DevID:MV-CU060-10GC(DA1691703)  Source-Line:libMvCameraControl.so(GenICamImpl.cpp-L1111)  ProcessName:python3.12(98500)     Description:[XML_GetNodeAccessMode]PropertyName[MultiLightControl], Ret[0x80000100]
Error   2026-08-19 13:59:58:310  DevID:MV-CU060-10GC(DA1691703)  Source-Line:libMvCameraControl.so(XmlParse.cpp-L2386)  ProcessName:python3.12(98500)     Description:[GetEnumValue]Get Node Value, Node does not exist, NodeName[MultiLightControl]
Error   2026-08-19 13:59:58:310  DevID:MV-CU060-10GC(DA1691703)  Source-Line:libMvCameraControl.so(GenICamImpl.cpp-L0364)  ProcessName:python3.12(98500)     Description:[GetEnumValue]Property[MultiLightControl], Ret[0x80000100]
Info    2026-08-19 13:59:58:310  DevID:MV-CU060-10GC(DA1691703)  Source-Line:libMvCameraControl.so(GigEStream.cpp-L0067)  ProcessName:python3.12(98500)     Description:[StartAcquisition][GEV]Width[3072], Height[2048], PixelFormat[0x1080009], PayloadSize[6291456], ChunkCount[100], CompressMode[0], DeviceUptime[20864]
Info    2026-08-19 13:59:58:315  DevID:MV-CU060-10GC(DA1691703)  Source-Line:libMvCameraControl.so(StreamGrab.cpp-L0869)  ProcessName:python3.12(98500)     Description:[StartGrabbing]StreamChannel[0], Start grabbing success, There is no registration callback.
Info    2026-08-19 13:59:58:782  DevID:MV-CU060-10GC(DA1691703)  Source-Line:libMvCameraControl.so(StreamGrab.cpp-L0934)  ProcessName:python3.12(98500)     Description:[StopGrabbing]Stop grabbing success! DeviceUptime[20865]
Info    2026-08-19 14:00:24:898  DevID:MV-CU060-10GC(DA1691703)  Source-Line:libMvCameraControl.so(GigEDevice.cpp-L1351)  ProcessName:python3.12(98500)     Description:[IsDeviceConnected]IsDeviceConnected success, Ret[true]
Error   2026-08-19 14:00:24:908  DevID:MV-CU060-10GC(DA1691703)  Source-Line:libMvCameraControl.so(GenICamImpl.cpp-L1111)  ProcessName:python3.12(98500)     Description:[XML_GetNodeAccessMode]PropertyName[PartialImageOutputMode], Ret[0x80000100]
Error   2026-08-19 14:00:24:910  DevID:MV-CU060-10GC(DA1691703)  Source-Line:libMvCameraControl.so(GenICamImpl.cpp-L1111)  ProcessName:python3.12(98500)     Description:[XML_GetNodeAccessMode]PropertyName[SeqExpEnable], Ret[0x80000100]
Error   2026-08-19 14:00:24:910  DevID:MV-CU060-10GC(DA1691703)  Source-Line:libMvCameraControl.so(XmlParse.cpp-L3037)  ProcessName:python3.12(98500)     Description:[GetBooleanValue]Get Node Value, Node does not exist, NodeName[SeqExpEnable]
Error   2026-08-19 14:00:24:910  DevID:MV-CU060-10GC(DA1691703)  Source-Line:libMvCameraControl.so(GenICamImpl.cpp-L0551)  ProcessName:python3.12(98500)     Description:[GetBoolValue]Property[SeqExpEnable], Ret[0x80000100]
Error   2026-08-19 14:00:24:910  DevID:MV-CU060-10GC(DA1691703)  Source-Line:libMvCameraControl.so(GenICamImpl.cpp-L1111)  ProcessName:python3.12(98500)     Description:[XML_GetNodeAccessMode]PropertyName[MultiLightControl], Ret[0x80000100]
Error   2026-08-19 14:00:24:910  DevID:MV-CU060-10GC(DA1691703)  Source-Line:libMvCameraControl.so(XmlParse.cpp-L2386)  ProcessName:python3.12(98500)     Description:[GetEnumValue]Get Node Value, Node does not exist, NodeName[MultiLightControl]
Error   2026-08-19 14:00:24:910  DevID:MV-CU060-10GC(DA1691703)  Source-Line:libMvCameraControl.so(GenICamImpl.cpp-L0364)  ProcessName:python3.12(98500)     Description:[GetEnumValue]Property[MultiLightControl], Ret[0x80000100]
Info    2026-08-19 14:00:24:910  DevID:MV-CU060-10GC(DA1691703)  Source-Line:libMvCameraControl.so(GigEStream.cpp-L0067)  ProcessName:python3.12(98500)     Description:[StartAcquisition][GEV]Width[3072], Height[2048], PixelFormat[0x1080009], PayloadSize[6291456], ChunkCount[100], CompressMode[0], DeviceUptime[20891]
Info    2026-08-19 14:00:24:915  DevID:MV-CU060-10GC(DA1691703)  Source-Line:libMvCameraControl.so(StreamGrab.cpp-L0869)  ProcessName:python3.12(98500)     Description:[StartGrabbing]StreamChannel[0], Start grabbing success, There is no registration callback.
Info    2026-08-19 14:00:25:367  DevID:MV-CU060-10GC(DA1691703)  Source-Line:libMvCameraControl.so(StreamGrab.cpp-L0934)  ProcessName:python3.12(98500)     Description:[StopGrabbing]Stop grabbing success! DeviceUptime[20891]
Info    2026-08-19 14:00:25:985  DevID:MV-CU060-10GC(DA1691703)  Source-Line:libMvCameraControl.so(GigEDevice.cpp-L1351)  ProcessName:python3.12(98500)     Description:[IsDeviceConnected]IsDeviceConnected success, Ret[true]
Error   2026-08-19 14:00:25:995  DevID:MV-CU060-10GC(DA1691703)  Source-Line:libMvCameraControl.so(GenICamImpl.cpp-L1111)  ProcessName:python3.12(98500)     Description:[XML_GetNodeAccessMode]PropertyName[PartialImageOutputMode], Ret[0x80000100]
Error   2026-08-19 14:00:25:997  DevID:MV-CU060-10GC(DA1691703)  Source-Line:libMvCameraControl.so(GenICamImpl.cpp-L1111)  ProcessName:python3.12(98500)     Description:[XML_GetNodeAccessMode]PropertyName[SeqExpEnable], Ret[0x80000100]
Error   2026-08-19 14:00:25:997  DevID:MV-CU060-10GC(DA1691703)  Source-Line:libMvCameraControl.so(XmlParse.cpp-L3037)  ProcessName:python3.12(98500)     Description:[GetBooleanValue]Get Node Value, Node does not exist, NodeName[SeqExpEnable]
Error   2026-08-19 14:00:25:997  DevID:MV-CU060-10GC(DA1691703)  Source-Line:libMvCameraControl.so(GenICamImpl.cpp-L0551)  ProcessName:python3.12(98500)     Description:[GetBoolValue]Property[SeqExpEnable], Ret[0x80000100]
Error   2026-08-19 14:00:25:997  DevID:MV-CU060-10GC(DA1691703)  Source-Line:libMvCameraControl.so(GenICamImpl.cpp-L1111)  ProcessName:python3.12(98500)     Description:[XML_GetNodeAccessMode]PropertyName[MultiLightControl], Ret[0x80000100]
Error   2026-08-19 14:00:25:997  DevID:MV-CU060-10GC(DA1691703)  Source-Line:libMvCameraControl.so(XmlParse.cpp-L2386)  ProcessName:python3.12(98500)     Description:[GetEnumValue]Get Node Value, Node does not exist, NodeName[MultiLightControl]
Error   2026-08-19 14:00:25:997  DevID:MV-CU060-10GC(DA1691703)  Source-Line:libMvCameraControl.so(GenICamImpl.cpp-L0364)  ProcessName:python3.12(98500)     Description:[GetEnumValue]Property[MultiLightControl], Ret[0x80000100]
Info    2026-08-19 14:00:25:997  DevID:MV-CU060-10GC(DA1691703)  Source-Line:libMvCameraControl.so(GigEStream.cpp-L0067)  ProcessName:python3.12(98500)     Description:[StartAcquisition][GEV]Width[3072], Height[2048], PixelFormat[0x1080009], PayloadSize[6291456], ChunkCount[100], CompressMode[0], DeviceUptime[20892]
Info    2026-08-19 14:00:26:003  DevID:MV-CU060-10GC(DA1691703)  Source-Line:libMvCameraControl.so(StreamGrab.cpp-L0869)  ProcessName:python3.12(98500)     Description:[StartGrabbing]StreamChannel[0], Start grabbing success, There is no registration callback.
Info    2026-08-19 14:00:26:447  DevID:MV-CU060-10GC(DA1691703)  Source-Line:libMvCameraControl.so(StreamGrab.cpp-L0934)  ProcessName:python3.12(98500)     Description:[StopGrabbing]Stop grabbing success! DeviceUptime[20892]
Info    2026-08-19 14:00:27:077  DevID:MV-CU060-10GC(DA1691703)  Source-Line:libMvCameraControl.so(GigEDevice.cpp-L1351)  ProcessName:python3.12(98500)     Description:[IsDeviceConnected]IsDeviceConnected success, Ret[true]
Error   2026-08-19 14:00:27:087  DevID:MV-CU060-10GC(DA1691703)  Source-Line:libMvCameraControl.so(GenICamImpl.cpp-L1111)  ProcessName:python3.12(98500)     Description:[XML_GetNodeAccessMode]PropertyName[PartialImageOutputMode], Ret[0x80000100]
Error   2026-08-19 14:00:27:088  DevID:MV-CU060-10GC(DA1691703)  Source-Line:libMvCameraControl.so(GenICamImpl.cpp-L1111)  ProcessName:python3.12(98500)     Description:[XML_GetNodeAccessMode]PropertyName[SeqExpEnable], Ret[0x80000100]
Error   2026-08-19 14:00:27:088  DevID:MV-CU060-10GC(DA1691703)  Source-Line:libMvCameraControl.so(XmlParse.cpp-L3037)  ProcessName:python3.12(98500)     Description:[GetBooleanValue]Get Node Value, Node does not exist, NodeName[SeqExpEnable]
Error   2026-08-19 14:00:27:088  DevID:MV-CU060-10GC(DA1691703)  Source-Line:libMvCameraControl.so(GenICamImpl.cpp-L0551)  ProcessName:python3.12(98500)     Description:[GetBoolValue]Property[SeqExpEnable], Ret[0x80000100]
Error   2026-08-19 14:00:27:088  DevID:MV-CU060-10GC(DA1691703)  Source-Line:libMvCameraControl.so(GenICamImpl.cpp-L1111)  ProcessName:python3.12(98500)     Description:[XML_GetNodeAccessMode]PropertyName[MultiLightControl], Ret[0x80000100]
Error   2026-08-19 14:00:27:088  DevID:MV-CU060-10GC(DA1691703)  Source-Line:libMvCameraControl.so(XmlParse.cpp-L2386)  ProcessName:python3.12(98500)     Description:[GetEnumValue]Get Node Value, Node does not exist, NodeName[MultiLightControl]
Error   2026-08-19 14:00:27:088  DevID:MV-CU060-10GC(DA1691703)  Source-Line:libMvCameraControl.so(GenICamImpl.cpp-L0364)  ProcessName:python3.12(98500)     Description:[GetEnumValue]Property[MultiLightControl], Ret[0x80000100]
Info    2026-08-19 14:00:27:089  DevID:MV-CU060-10GC(DA1691703)  Source-Line:libMvCameraControl.so(GigEStream.cpp-L0067)  ProcessName:python3.12(98500)     Description:[StartAcquisition][GEV]Width[3072], Height[2048], PixelFormat[0x1080009], PayloadSize[6291456], ChunkCount[100], CompressMode[0], DeviceUptime[20893]
Info    2026-08-19 14:00:27:094  DevID:MV-CU060-10GC(DA1691703)  Source-Line:libMvCameraControl.so(StreamGrab.cpp-L0869)  ProcessName:python3.12(98500)     Description:[StartGrabbing]StreamChannel[0], Start grabbing success, There is no registration callback.
Info    2026-08-19 14:00:27:542  DevID:MV-CU060-10GC(DA1691703)  Source-Line:libMvCameraControl.so(StreamGrab.cpp-L0934)  ProcessName:python3.12(98500)     Description:[StopGrabbing]Stop grabbing success! DeviceUptime[20894]
Info    2026-08-19 14:01:33:247  DevID:MV-CU060-10GC(DA1691703)  Source-Line:libMvCameraControl.so(GigEDevice.cpp-L0648)  ProcessName:python3.12(98500)     Description:[CloseGigEDevice] Close device begin!
Error   2026-08-19 14:01:33:247  DevID:MV-CU060-10GC(DA1691703)  Source-Line:libMvCameraControl.so(StreamGrab.cpp-L0882)  ProcessName:python3.12(98500)     Description:[StopGrabbing]StreamChannel[0], bGrabbing[0], pDevStream[0x2a8e1310]
Info    2026-08-19 14:01:33:247  DevID:MV-CU060-10GC(DA1691703)  Source-Line:libMvCameraControl.so(StreamGrab.cpp-L0270)  ProcessName:python3.12(98500)     Description:[Close]Stream channel[0] closed
Info    2026-08-19 14:01:33:248  DevID:MV-CU060-10GC(DA1691703)  Source-Line:libMvCameraControl.so(GigEDevice.cpp-L0665)  ProcessName:python3.12(98500)     Description:[CloseGigEDevice]DeviceUptime[20959]
Info    2026-08-19 14:01:33:363  DevID:MV-CU060-10GC(DA1691703)  Source-Line:libMvCameraControl.so(GigEDevice.cpp-L0687)  ProcessName:python3.12(98500)     Description:[CloseGigEDevice]Close device success!
Info    2026-08-19 14:01:33:363  DevID:MV-CU060-10GC(DA1691703)  Source-Line:libMvCameraControl.so(GigEDeviceEvent.cpp-L0046)  ProcessName:python3.12(98500)     Description:[Deinit]GigEDeviceEvent Deinit  RecvAllEvent  [0],
Warning 2026-08-19 14:01:38:707  DevID:  Source-Line:libMvCameraControl.so(GenTLLoadLibraryEx.cpp-L0350)  ProcessName:python3.12(115438)     Description:[LoadCtiLibInter]MV_GCSetConfigIntValue is NULL, CTI path[/opt/MVS/lib/64/libMvProducerVIR.so]
Info    2026-08-19 14:01:38:707  DevID:  Source-Line:libMvCameraControl.so(GigELoadLibrary.cpp-L1607)  ProcessName:python3.12(115438)     Description:[LoadGigEAllFunctions]Load MVGigEVisionSDK success
Warning 2026-08-19 14:01:38:724  DevID:Virtual GigE Vision  Source-Line:libMvCameraControl.so(GenTLManager.cpp-L1360)  ProcessName:python3.12(115438)     Description:[OpenInterfaceInter]Get cti version failed, nRet[0x8000000c]
Info    2026-08-19 14:01:38:724  DevID:Virtual GigE Vision  Source-Line:libMvCameraControl.so(GenTLManager.cpp-L1362)  ProcessName:python3.12(115438)     Description:[OpenInterfaceInter]Interface open success! VIRGEVCtiVersion[], VIRGEVDrvVersion[]
Warning 2026-08-19 14:01:38:725  DevID:Virtual USB3 Vision  Source-Line:libMvCameraControl.so(GenTLManager.cpp-L1360)  ProcessName:python3.12(115438)     Description:[OpenInterfaceInter]Get cti version failed, nRet[0x8000000c]
Info    2026-08-19 14:01:38:725  DevID:Virtual USB3 Vision  Source-Line:libMvCameraControl.so(GenTLManager.cpp-L1362)  ProcessName:python3.12(115438)     Description:[OpenInterfaceInter]Interface open success! VIRU3VCtiVersion[], VIRU3VDrvVersion[]
Info    2026-08-19 14:01:38:828  DevID:MV-CU060-10GC(DA1691703)  Source-Line:libMvCameraControl.so(GigEDevice.cpp-L0263)  ProcessName:python3.12(115438)     Description:[Init]GEV INFO DeviceIP[192.168.1.20], NetIP[192.168.1.21], ManufacturerInfo[Hikrobot], DeviceVersion[V4.0.1 220113 751901], UserID[]
Info    2026-08-19 14:01:38:828  DevID:MV-CU060-10GC(DA1691703)  Source-Line:libMvCameraControl.so(MediaProcess.cpp-L0884)  ProcessName:python3.12(115438)     Description:[SetBayerCvtQuality]Set Bayer CvtQuality success! BayerCvtQuality[1]
Info    2026-08-19 14:01:38:828  DevID:MV-CU060-10GC(DA1691703)  Source-Line:libMvCameraControl.so(MediaProcess.cpp-L1732)  ProcessName:python3.12(115438)     Description:[SetBayerThreadNum]Set Bayer Thread Num success! BayerThreadNum[4]
Info    2026-08-19 14:01:38:828  DevID:MV-CU060-10GC(DA1691703)  Source-Line:libMvCameraControl.so(MediaProcess.cpp-L0884)  ProcessName:python3.12(115438)     Description:[SetBayerCvtQuality]Set Bayer CvtQuality success! BayerCvtQuality[1]
Info    2026-08-19 14:01:38:828  DevID:MV-CU060-10GC(DA1691703)  Source-Line:libMvCameraControl.so(MediaProcess.cpp-L1732)  ProcessName:python3.12(115438)     Description:[SetBayerThreadNum]Set Bayer Thread Num success! BayerThreadNum[4]
Info    2026-08-19 14:01:38:828  DevID:MV-CU060-10GC(DA1691703)  Source-Line:libMvCameraControl.so(GigEDevice.cpp-L0299)  ProcessName:python3.12(115438)     Description:[IsValidVersion]MvCameraControl Version[0x4070103], GigE SDKVersion[0x4070101], DriverVersion[0x0]
Info    2026-08-19 14:01:38:860  DevID:  Source-Line:libMvCameraControl.so(CacheXmlToFile.cpp-L0516)  ProcessName:python3.12(115438)     Description:[ReadCacheFile]ReadLocalFile XMLPath[SchemaVersion.1.0@Hikrobot#GEV#MV-CU060-10GC#V4.0.1 220113 751901@XMLVersion.1.0.0.zip]
Info    2026-08-19 14:01:38:860  DevID:MV-CU060-10GC(DA1691703)  Source-Line:libMvCameraControl.so(GigEDevice.cpp-L0464)  ProcessName:python3.12(115438)     Description:[GetXmlInfo]Get GenICamXML From local File, len [0x17ca0] Type[1]
Info    2026-08-19 14:01:38:999  DevID:MV-CU060-10GC(DA1691703)  Source-Line:libMvCameraControl.so(GigEDevice.cpp-L0805)  ProcessName:python3.12(115438)     Description:[OpenDevice]Load XML success
Info    2026-08-19 14:01:39:002  DevID:MV-CU060-10GC(DA1691703)  Source-Line:libMvCameraControl.so(GenICamImpl.cpp-L0752)  ProcessName:python3.12(115438)     Description:[InvalidateNodes]Invalidate Nodes success
Info    2026-08-19 14:01:39:002  DevID:MV-CU060-10GC(DA1691703)  Source-Line:libMvCameraControl.so(GigEDevice.cpp-L0818)  ProcessName:python3.12(115438)     Description:[OpenDevice]Invalidate Nodes success
Info    2026-08-19 14:01:39:004  DevID:MV-CU060-10GC(DA1691703)  Source-Line:libMvCameraControl.so(StreamGrab.cpp-L0234)  ProcessName:python3.12(115438)     Description:[Open]Stream channel[0] opened
Info    2026-08-19 14:01:39:005  DevID:MV-CU060-10GC(DA1691703)  Source-Line:libMvCameraControl.so(GigEDevice.cpp-L0849)  ProcessName:python3.12(115438)     Description:[OpenDevice]Open device success! PrivilegeMode[1], SwitchoverKey[0], DeviceUptime[20965],DeviceFirmwareVersion[V4.0.1 220113751901 21122802]
Info    2026-08-19 14:01:39:005  DevID:MV-CU060-10GC(DA1691703)  Source-Line:libMvCameraControl.so(GigEDevice.cpp-L0865)  ProcessName:python3.12(115438)     Description:[OpenDevice]OpenDevice, cost time 177.000000ms 
Info    2026-08-19 14:01:39:005  DevID:  Source-Line:libMvCameraControl.so(GenICamImpl.cpp-L2342)  ProcessName:python3.12(115438)     Description:[RecordThread]RecordThread Start, ThreadId[128553991530176]
Info    2026-08-19 14:01:39:010  DevID:MV-CU060-10GC(DA1691703)  Source-Line:libMvCameraControl.so(GenICamImpl.cpp-L2373)  ProcessName:python3.12(115438)     Description:[RecordThreadProc][Record] Get BlackLevel value [200]
Info    2026-08-19 14:01:39:014  DevID:MV-CU060-10GC(DA1691703)  Source-Line:libMvCameraControl.so(GenICamImpl.cpp-L2395)  ProcessName:python3.12(115438)     Description:[RecordThreadProc][Record] Get BalanceWhiteAuto Value [1] (0:off 1:contineu; 2:once):
Info    2026-08-19 14:01:39:017  DevID:MV-CU060-10GC(DA1691703)  Source-Line:libMvCameraControl.so(GenICamImpl.cpp-L2461)  ProcessName:python3.12(115438)     Description:[RecordThreadProc][Record] Get ExposureAuto value [0]
Info    2026-08-19 14:01:39:022  DevID:MV-CU060-10GC(DA1691703)  Source-Line:libMvCameraControl.so(GenICamImpl.cpp-L2483)  ProcessName:python3.12(115438)     Description:[RecordThreadProc][Record] Get ExposureTime value [5000.000000] 
Info    2026-08-19 14:01:39:024  DevID:MV-CU060-10GC(DA1691703)  Source-Line:libMvCameraControl.so(GenICamImpl.cpp-L2504)  ProcessName:python3.12(115438)     Description:[RecordThreadProc][Record] Get GainAuto value [0] (0:off 1:contineu; 2:once):
Info    2026-08-19 14:01:39:029  DevID:MV-CU060-10GC(DA1691703)  Source-Line:libMvCameraControl.so(GenICamImpl.cpp-L2525)  ProcessName:python3.12(115438)     Description:[RecordThreadProc][Record] Get Gain value [23.011900] 
Info    2026-08-19 14:01:39:040  DevID:MV-CU060-10GC(DA1691703)  Source-Line:libMvCameraControl.so(GenICamImpl.cpp-L2546)  ProcessName:python3.12(115438)     Description:[RecordThreadProc][Record] Get PixelFormat value [17301513] :
Info    2026-08-19 14:01:39:047  DevID:MV-CU060-10GC(DA1691703)  Source-Line:libMvCameraControl.so(GenICamImpl.cpp-L2567)  ProcessName:python3.12(115438)     Description:[RecordThreadProc][Record] Get GammaEnable value [0] 
Info    2026-08-19 14:01:39:050  DevID:MV-CU060-10GC(DA1691703)  Source-Line:libMvCameraControl.so(GenICamImpl.cpp-L2588)  ProcessName:python3.12(115438)     Description:[RecordThreadProc][Record] Get Gamma value [0.700000] 
Info    2026-08-19 14:01:39:051  DevID:MV-CU060-10GC(DA1691703)  Source-Line:libMvCameraControl.so(GenICamImpl.cpp-L2609)  ProcessName:python3.12(115438)     Description:[RecordThreadProc][Record] Get UserSetCurrent value [0]
Info    2026-08-19 14:01:39:052  DevID:MV-CU060-10GC(DA1691703)  Source-Line:libMvCameraControl.so(GenICamImpl.cpp-L2630)  ProcessName:python3.12(115438)     Description:[RecordThreadProc][Record] Get UserSetSelector value [0] 
Info    2026-08-19 14:01:39:053  DevID:MV-CU060-10GC(DA1691703)  Source-Line:libMvCameraControl.so(GenICamImpl.cpp-L2651)  ProcessName:python3.12(115438)     Description:[RecordThreadProc][Record] Get UserSetDefault value[0]
Info    2026-08-19 14:01:39:053  DevID:  Source-Line:libMvCameraControl.so(GenICamImpl.cpp-L2347)  ProcessName:python3.12(115438)     Description:[RecordThread]RecordThread End, ThreadId[128553991530176]
Info    2026-08-19 14:01:47:041  DevID:MV-CU060-10GC(DA1691703)  Source-Line:libMvCameraControl.so(GigEDevice.cpp-L1351)  ProcessName:python3.12(115438)     Description:[IsDeviceConnected]IsDeviceConnected success, Ret[true]
Error   2026-08-19 14:01:47:063  DevID:MV-CU060-10GC(DA1691703)  Source-Line:libMvCameraControl.so(GenICamImpl.cpp-L1111)  ProcessName:python3.12(115438)     Description:[XML_GetNodeAccessMode]PropertyName[PartialImageOutputMode], Ret[0x80000100]
Error   2026-08-19 14:01:47:067  DevID:MV-CU060-10GC(DA1691703)  Source-Line:libMvCameraControl.so(GenICamImpl.cpp-L1111)  ProcessName:python3.12(115438)     Description:[XML_GetNodeAccessMode]PropertyName[SeqExpEnable], Ret[0x80000100]
Error   2026-08-19 14:01:47:067  DevID:MV-CU060-10GC(DA1691703)  Source-Line:libMvCameraControl.so(XmlParse.cpp-L3037)  ProcessName:python3.12(115438)     Description:[GetBooleanValue]Get Node Value, Node does not exist, NodeName[SeqExpEnable]
Error   2026-08-19 14:01:47:067  DevID:MV-CU060-10GC(DA1691703)  Source-Line:libMvCameraControl.so(GenICamImpl.cpp-L0551)  ProcessName:python3.12(115438)     Description:[GetBoolValue]Property[SeqExpEnable], Ret[0x80000100]
Error   2026-08-19 14:01:47:067  DevID:MV-CU060-10GC(DA1691703)  Source-Line:libMvCameraControl.so(GenICamImpl.cpp-L1111)  ProcessName:python3.12(115438)     Description:[XML_GetNodeAccessMode]PropertyName[MultiLightControl], Ret[0x80000100]
Error   2026-08-19 14:01:47:067  DevID:MV-CU060-10GC(DA1691703)  Source-Line:libMvCameraControl.so(XmlParse.cpp-L2386)  ProcessName:python3.12(115438)     Description:[GetEnumValue]Get Node Value, Node does not exist, NodeName[MultiLightControl]
Error   2026-08-19 14:01:47:067  DevID:MV-CU060-10GC(DA1691703)  Source-Line:libMvCameraControl.so(GenICamImpl.cpp-L0364)  ProcessName:python3.12(115438)     Description:[GetEnumValue]Property[MultiLightControl], Ret[0x80000100]
Info    2026-08-19 14:01:47:067  DevID:MV-CU060-10GC(DA1691703)  Source-Line:libMvCameraControl.so(GigEStream.cpp-L0067)  ProcessName:python3.12(115438)     Description:[StartAcquisition][GEV]Width[3072], Height[2048], PixelFormat[0x1080009], PayloadSize[6291456], ChunkCount[100], CompressMode[0], DeviceUptime[20973]
Info    2026-08-19 14:01:47:076  DevID:MV-CU060-10GC(DA1691703)  Source-Line:libMvCameraControl.so(StreamGrab.cpp-L0869)  ProcessName:python3.12(115438)     Description:[StartGrabbing]StreamChannel[0], Start grabbing success, There is no registration callback.
Info    2026-08-19 14:01:47:604  DevID:MV-CU060-10GC(DA1691703)  Source-Line:libMvCameraControl.so(StreamGrab.cpp-L0934)  ProcessName:python3.12(115438)     Description:[StopGrabbing]Stop grabbing success! DeviceUptime[20974]
Info    2026-08-19 14:01:48:793  DevID:MV-CU060-10GC(DA1691703)  Source-Line:libMvCameraControl.so(GigEDevice.cpp-L1351)  ProcessName:python3.12(115438)     Description:[IsDeviceConnected]IsDeviceConnected success, Ret[true]
Error   2026-08-19 14:01:48:802  DevID:MV-CU060-10GC(DA1691703)  Source-Line:libMvCameraControl.so(GenICamImpl.cpp-L1111)  ProcessName:python3.12(115438)     Description:[XML_GetNodeAccessMode]PropertyName[PartialImageOutputMode], Ret[0x80000100]
Error   2026-08-19 14:01:48:804  DevID:MV-CU060-10GC(DA1691703)  Source-Line:libMvCameraControl.so(GenICamImpl.cpp-L1111)  ProcessName:python3.12(115438)     Description:[XML_GetNodeAccessMode]PropertyName[SeqExpEnable], Ret[0x80000100]
Error   2026-08-19 14:01:48:805  DevID:MV-CU060-10GC(DA1691703)  Source-Line:libMvCameraControl.so(XmlParse.cpp-L3037)  ProcessName:python3.12(115438)     Description:[GetBooleanValue]Get Node Value, Node does not exist, NodeName[SeqExpEnable]
Error   2026-08-19 14:01:48:805  DevID:MV-CU060-10GC(DA1691703)  Source-Line:libMvCameraControl.so(GenICamImpl.cpp-L0551)  ProcessName:python3.12(115438)     Description:[GetBoolValue]Property[SeqExpEnable], Ret[0x80000100]
Error   2026-08-19 14:01:48:805  DevID:MV-CU060-10GC(DA1691703)  Source-Line:libMvCameraControl.so(GenICamImpl.cpp-L1111)  ProcessName:python3.12(115438)     Description:[XML_GetNodeAccessMode]PropertyName[MultiLightControl], Ret[0x80000100]
Error   2026-08-19 14:01:48:805  DevID:MV-CU060-10GC(DA1691703)  Source-Line:libMvCameraControl.so(XmlParse.cpp-L2386)  ProcessName:python3.12(115438)     Description:[GetEnumValue]Get Node Value, Node does not exist, NodeName[MultiLightControl]
Error   2026-08-19 14:01:48:805  DevID:MV-CU060-10GC(DA1691703)  Source-Line:libMvCameraControl.so(GenICamImpl.cpp-L0364)  ProcessName:python3.12(115438)     Description:[GetEnumValue]Property[MultiLightControl], Ret[0x80000100]
Info    2026-08-19 14:01:48:805  DevID:MV-CU060-10GC(DA1691703)  Source-Line:libMvCameraControl.so(GigEStream.cpp-L0067)  ProcessName:python3.12(115438)     Description:[StartAcquisition][GEV]Width[3072], Height[2048], PixelFormat[0x1080009], PayloadSize[6291456], ChunkCount[100], CompressMode[0], DeviceUptime[20975]
Info    2026-08-19 14:01:48:810  DevID:MV-CU060-10GC(DA1691703)  Source-Line:libMvCameraControl.so(StreamGrab.cpp-L0869)  ProcessName:python3.12(115438)     Description:[StartGrabbing]StreamChannel[0], Start grabbing success, There is no registration callback.
Info    2026-08-19 14:01:49:447  DevID:MV-CU060-10GC(DA1691703)  Source-Line:libMvCameraControl.so(StreamGrab.cpp-L0934)  ProcessName:python3.12(115438)     Description:[StopGrabbing]Stop grabbing success! DeviceUptime[20975]
Info    2026-08-19 14:01:50:209  DevID:MV-CU060-10GC(DA1691703)  Source-Line:libMvCameraControl.so(GigEDevice.cpp-L1351)  ProcessName:python3.12(115438)     Description:[IsDeviceConnected]IsDeviceConnected success, Ret[true]
Error   2026-08-19 14:01:50:218  DevID:MV-CU060-10GC(DA1691703)  Source-Line:libMvCameraControl.so(GenICamImpl.cpp-L1111)  ProcessName:python3.12(115438)     Description:[XML_GetNodeAccessMode]PropertyName[PartialImageOutputMode], Ret[0x80000100]
Error   2026-08-19 14:01:50:220  DevID:MV-CU060-10GC(DA1691703)  Source-Line:libMvCameraControl.so(GenICamImpl.cpp-L1111)  ProcessName:python3.12(115438)     Description:[XML_GetNodeAccessMode]PropertyName[SeqExpEnable], Ret[0x80000100]
Error   2026-08-19 14:01:50:220  DevID:MV-CU060-10GC(DA1691703)  Source-Line:libMvCameraControl.so(XmlParse.cpp-L3037)  ProcessName:python3.12(115438)     Description:[GetBooleanValue]Get Node Value, Node does not exist, NodeName[SeqExpEnable]
Error   2026-08-19 14:01:50:220  DevID:MV-CU060-10GC(DA1691703)  Source-Line:libMvCameraControl.so(GenICamImpl.cpp-L0551)  ProcessName:python3.12(115438)     Description:[GetBoolValue]Property[SeqExpEnable], Ret[0x80000100]
Error   2026-08-19 14:01:50:220  DevID:MV-CU060-10GC(DA1691703)  Source-Line:libMvCameraControl.so(GenICamImpl.cpp-L1111)  ProcessName:python3.12(115438)     Description:[XML_GetNodeAccessMode]PropertyName[MultiLightControl], Ret[0x80000100]
Error   2026-08-19 14:01:50:220  DevID:MV-CU060-10GC(DA1691703)  Source-Line:libMvCameraControl.so(XmlParse.cpp-L2386)  ProcessName:python3.12(115438)     Description:[GetEnumValue]Get Node Value, Node does not exist, NodeName[MultiLightControl]
Error   2026-08-19 14:01:50:220  DevID:MV-CU060-10GC(DA1691703)  Source-Line:libMvCameraControl.so(GenICamImpl.cpp-L0364)  ProcessName:python3.12(115438)     Description:[GetEnumValue]Property[MultiLightControl], Ret[0x80000100]
Info    2026-08-19 14:01:50:220  DevID:MV-CU060-10GC(DA1691703)  Source-Line:libMvCameraControl.so(GigEStream.cpp-L0067)  ProcessName:python3.12(115438)     Description:[StartAcquisition][GEV]Width[3072], Height[2048], PixelFormat[0x1080009], PayloadSize[6291456], ChunkCount[100], CompressMode[0], DeviceUptime[20976]
Info    2026-08-19 14:01:50:226  DevID:MV-CU060-10GC(DA1691703)  Source-Line:libMvCameraControl.so(StreamGrab.cpp-L0869)  ProcessName:python3.12(115438)     Description:[StartGrabbing]StreamChannel[0], Start grabbing success, There is no registration callback.
Info    2026-08-19 14:01:50:839  DevID:MV-CU060-10GC(DA1691703)  Source-Line:libMvCameraControl.so(StreamGrab.cpp-L0934)  ProcessName:python3.12(115438)     Description:[StopGrabbing]Stop grabbing success! DeviceUptime[20977]
Info    2026-08-19 14:02:14:344  DevID:MV-CU060-10GC(DA1691703)  Source-Line:libMvCameraControl.so(GigEDevice.cpp-L1351)  ProcessName:python3.12(115438)     Description:[IsDeviceConnected]IsDeviceConnected success, Ret[true]
Error   2026-08-19 14:02:14:353  DevID:MV-CU060-10GC(DA1691703)  Source-Line:libMvCameraControl.so(GenICamImpl.cpp-L1111)  ProcessName:python3.12(115438)     Description:[XML_GetNodeAccessMode]PropertyName[PartialImageOutputMode], Ret[0x80000100]
Error   2026-08-19 14:02:14:355  DevID:MV-CU060-10GC(DA1691703)  Source-Line:libMvCameraControl.so(GenICamImpl.cpp-L1111)  ProcessName:python3.12(115438)     Description:[XML_GetNodeAccessMode]PropertyName[SeqExpEnable], Ret[0x80000100]
Error   2026-08-19 14:02:14:355  DevID:MV-CU060-10GC(DA1691703)  Source-Line:libMvCameraControl.so(XmlParse.cpp-L3037)  ProcessName:python3.12(115438)     Description:[GetBooleanValue]Get Node Value, Node does not exist, NodeName[SeqExpEnable]
Error   2026-08-19 14:02:14:355  DevID:MV-CU060-10GC(DA1691703)  Source-Line:libMvCameraControl.so(GenICamImpl.cpp-L0551)  ProcessName:python3.12(115438)     Description:[GetBoolValue]Property[SeqExpEnable], Ret[0x80000100]
Error   2026-08-19 14:02:14:355  DevID:MV-CU060-10GC(DA1691703)  Source-Line:libMvCameraControl.so(GenICamImpl.cpp-L1111)  ProcessName:python3.12(115438)     Description:[XML_GetNodeAccessMode]PropertyName[MultiLightControl], Ret[0x80000100]
Error   2026-08-19 14:02:14:355  DevID:MV-CU060-10GC(DA1691703)  Source-Line:libMvCameraControl.so(XmlParse.cpp-L2386)  ProcessName:python3.12(115438)     Description:[GetEnumValue]Get Node Value, Node does not exist, NodeName[MultiLightControl]
Error   2026-08-19 14:02:14:355  DevID:MV-CU060-10GC(DA1691703)  Source-Line:libMvCameraControl.so(GenICamImpl.cpp-L0364)  ProcessName:python3.12(115438)     Description:[GetEnumValue]Property[MultiLightControl], Ret[0x80000100]
Info    2026-08-19 14:02:14:355  DevID:MV-CU060-10GC(DA1691703)  Source-Line:libMvCameraControl.so(GigEStream.cpp-L0067)  ProcessName:python3.12(115438)     Description:[StartAcquisition][GEV]Width[3072], Height[2048], PixelFormat[0x1080009], PayloadSize[6291456], ChunkCount[100], CompressMode[0], DeviceUptime[21000]
Info    2026-08-19 14:02:14:361  DevID:MV-CU060-10GC(DA1691703)  Source-Line:libMvCameraControl.so(StreamGrab.cpp-L0869)  ProcessName:python3.12(115438)     Description:[StartGrabbing]StreamChannel[0], Start grabbing success, There is no registration callback.
Info    2026-08-19 14:02:14:813  DevID:MV-CU060-10GC(DA1691703)  Source-Line:libMvCameraControl.so(StreamGrab.cpp-L0934)  ProcessName:python3.12(115438)     Description:[StopGrabbing]Stop grabbing success! DeviceUptime[21001]
Info    2026-08-19 14:02:41:593  DevID:MV-CU060-10GC(DA1691703)  Source-Line:libMvCameraControl.so(GigEDevice.cpp-L1351)  ProcessName:python3.12(115438)     Description:[IsDeviceConnected]IsDeviceConnected success, Ret[true]
Error   2026-08-19 14:02:41:603  DevID:MV-CU060-10GC(DA1691703)  Source-Line:libMvCameraControl.so(GenICamImpl.cpp-L1111)  ProcessName:python3.12(115438)     Description:[XML_GetNodeAccessMode]PropertyName[PartialImageOutputMode], Ret[0x80000100]
Error   2026-08-19 14:02:41:605  DevID:MV-CU060-10GC(DA1691703)  Source-Line:libMvCameraControl.so(GenICamImpl.cpp-L1111)  ProcessName:python3.12(115438)     Description:[XML_GetNodeAccessMode]PropertyName[SeqExpEnable], Ret[0x80000100]
Error   2026-08-19 14:02:41:605  DevID:MV-CU060-10GC(DA1691703)  Source-Line:libMvCameraControl.so(XmlParse.cpp-L3037)  ProcessName:python3.12(115438)     Description:[GetBooleanValue]Get Node Value, Node does not exist, NodeName[SeqExpEnable]
Error   2026-08-19 14:02:41:605  DevID:MV-CU060-10GC(DA1691703)  Source-Line:libMvCameraControl.so(GenICamImpl.cpp-L0551)  ProcessName:python3.12(115438)     Description:[GetBoolValue]Property[SeqExpEnable], Ret[0x80000100]
Error   2026-08-19 14:02:41:605  DevID:MV-CU060-10GC(DA1691703)  Source-Line:libMvCameraControl.so(GenICamImpl.cpp-L1111)  ProcessName:python3.12(115438)     Description:[XML_GetNodeAccessMode]PropertyName[MultiLightControl], Ret[0x80000100]
Error   2026-08-19 14:02:41:605  DevID:MV-CU060-10GC(DA1691703)  Source-Line:libMvCameraControl.so(XmlParse.cpp-L2386)  ProcessName:python3.12(115438)     Description:[GetEnumValue]Get Node Value, Node does not exist, NodeName[MultiLightControl]
Error   2026-08-19 14:02:41:605  DevID:MV-CU060-10GC(DA1691703)  Source-Line:libMvCameraControl.so(GenICamImpl.cpp-L0364)  ProcessName:python3.12(115438)     Description:[GetEnumValue]Property[MultiLightControl], Ret[0x80000100]
Info    2026-08-19 14:02:41:605  DevID:MV-CU060-10GC(DA1691703)  Source-Line:libMvCameraControl.so(GigEStream.cpp-L0067)  ProcessName:python3.12(115438)     Description:[StartAcquisition][GEV]Width[3072], Height[2048], PixelFormat[0x1080009], PayloadSize[6291456], ChunkCount[100], CompressMode[0], DeviceUptime[21028]
Info    2026-08-19 14:02:41:610  DevID:MV-CU060-10GC(DA1691703)  Source-Line:libMvCameraControl.so(StreamGrab.cpp-L0869)  ProcessName:python3.12(115438)     Description:[StartGrabbing]StreamChannel[0], Start grabbing success, There is no registration callback.
Info    2026-08-19 14:02:42:127  DevID:MV-CU060-10GC(DA1691703)  Source-Line:libMvCameraControl.so(StreamGrab.cpp-L0934)  ProcessName:python3.12(115438)     Description:[StopGrabbing]Stop grabbing success! DeviceUptime[21028]
Info    2026-08-19 14:03:09:421  DevID:MV-CU060-10GC(DA1691703)  Source-Line:libMvCameraControl.so(GigEDevice.cpp-L1351)  ProcessName:python3.12(115438)     Description:[IsDeviceConnected]IsDeviceConnected success, Ret[true]
Error   2026-08-19 14:03:09:431  DevID:MV-CU060-10GC(DA1691703)  Source-Line:libMvCameraControl.so(GenICamImpl.cpp-L1111)  ProcessName:python3.12(115438)     Description:[XML_GetNodeAccessMode]PropertyName[PartialImageOutputMode], Ret[0x80000100]
Error   2026-08-19 14:03:09:433  DevID:MV-CU060-10GC(DA1691703)  Source-Line:libMvCameraControl.so(GenICamImpl.cpp-L1111)  ProcessName:python3.12(115438)     Description:[XML_GetNodeAccessMode]PropertyName[SeqExpEnable], Ret[0x80000100]
Error   2026-08-19 14:03:09:433  DevID:MV-CU060-10GC(DA1691703)  Source-Line:libMvCameraControl.so(XmlParse.cpp-L3037)  ProcessName:python3.12(115438)     Description:[GetBooleanValue]Get Node Value, Node does not exist, NodeName[SeqExpEnable]
Error   2026-08-19 14:03:09:433  DevID:MV-CU060-10GC(DA1691703)  Source-Line:libMvCameraControl.so(GenICamImpl.cpp-L0551)  ProcessName:python3.12(115438)     Description:[GetBoolValue]Property[SeqExpEnable], Ret[0x80000100]
Error   2026-08-19 14:03:09:433  DevID:MV-CU060-10GC(DA1691703)  Source-Line:libMvCameraControl.so(GenICamImpl.cpp-L1111)  ProcessName:python3.12(115438)     Description:[XML_GetNodeAccessMode]PropertyName[MultiLightControl], Ret[0x80000100]
Error   2026-08-19 14:03:09:433  DevID:MV-CU060-10GC(DA1691703)  Source-Line:libMvCameraControl.so(XmlParse.cpp-L2386)  ProcessName:python3.12(115438)     Description:[GetEnumValue]Get Node Value, Node does not exist, NodeName[MultiLightControl]
Error   2026-08-19 14:03:09:433  DevID:MV-CU060-10GC(DA1691703)  Source-Line:libMvCameraControl.so(GenICamImpl.cpp-L0364)  ProcessName:python3.12(115438)     Description:[GetEnumValue]Property[MultiLightControl], Ret[0x80000100]
Info    2026-08-19 14:03:09:433  DevID:MV-CU060-10GC(DA1691703)  Source-Line:libMvCameraControl.so(GigEStream.cpp-L0067)  ProcessName:python3.12(115438)     Description:[StartAcquisition][GEV]Width[3072], Height[2048], PixelFormat[0x1080009], PayloadSize[6291456], ChunkCount[100], CompressMode[0], DeviceUptime[21055]
Info    2026-08-19 14:03:09:438  DevID:MV-CU060-10GC(DA1691703)  Source-Line:libMvCameraControl.so(StreamGrab.cpp-L0869)  ProcessName:python3.12(115438)     Description:[StartGrabbing]StreamChannel[0], Start grabbing success, There is no registration callback.
Info    2026-08-19 14:03:09:959  DevID:MV-CU060-10GC(DA1691703)  Source-Line:libMvCameraControl.so(StreamGrab.cpp-L0934)  ProcessName:python3.12(115438)     Description:[StopGrabbing]Stop grabbing success! DeviceUptime[21056]
Info    2026-08-19 14:03:37:394  DevID:MV-CU060-10GC(DA1691703)  Source-Line:libMvCameraControl.so(GigEDevice.cpp-L1351)  ProcessName:python3.12(115438)     Description:[IsDeviceConnected]IsDeviceConnected success, Ret[true]
Error   2026-08-19 14:03:37:403  DevID:MV-CU060-10GC(DA1691703)  Source-Line:libMvCameraControl.so(GenICamImpl.cpp-L1111)  ProcessName:python3.12(115438)     Description:[XML_GetNodeAccessMode]PropertyName[PartialImageOutputMode], Ret[0x80000100]
Error   2026-08-19 14:03:37:405  DevID:MV-CU060-10GC(DA1691703)  Source-Line:libMvCameraControl.so(GenICamImpl.cpp-L1111)  ProcessName:python3.12(115438)     Description:[XML_GetNodeAccessMode]PropertyName[SeqExpEnable], Ret[0x80000100]
Error   2026-08-19 14:03:37:405  DevID:MV-CU060-10GC(DA1691703)  Source-Line:libMvCameraControl.so(XmlParse.cpp-L3037)  ProcessName:python3.12(115438)     Description:[GetBooleanValue]Get Node Value, Node does not exist, NodeName[SeqExpEnable]
Error   2026-08-19 14:03:37:405  DevID:MV-CU060-10GC(DA1691703)  Source-Line:libMvCameraControl.so(GenICamImpl.cpp-L0551)  ProcessName:python3.12(115438)     Description:[GetBoolValue]Property[SeqExpEnable], Ret[0x80000100]
Error   2026-08-19 14:03:37:405  DevID:MV-CU060-10GC(DA1691703)  Source-Line:libMvCameraControl.so(GenICamImpl.cpp-L1111)  ProcessName:python3.12(115438)     Description:[XML_GetNodeAccessMode]PropertyName[MultiLightControl], Ret[0x80000100]
Error   2026-08-19 14:03:37:405  DevID:MV-CU060-10GC(DA1691703)  Source-Line:libMvCameraControl.so(XmlParse.cpp-L2386)  ProcessName:python3.12(115438)     Description:[GetEnumValue]Get Node Value, Node does not exist, NodeName[MultiLightControl]
Error   2026-08-19 14:03:37:405  DevID:MV-CU060-10GC(DA1691703)  Source-Line:libMvCameraControl.so(GenICamImpl.cpp-L0364)  ProcessName:python3.12(115438)     Description:[GetEnumValue]Property[MultiLightControl], Ret[0x80000100]
Info    2026-08-19 14:03:37:405  DevID:MV-CU060-10GC(DA1691703)  Source-Line:libMvCameraControl.so(GigEStream.cpp-L0067)  ProcessName:python3.12(115438)     Description:[StartAcquisition][GEV]Width[3072], Height[2048], PixelFormat[0x1080009], PayloadSize[6291456], ChunkCount[100], CompressMode[0], DeviceUptime[21083]
Info    2026-08-19 14:03:37:410  DevID:MV-CU060-10GC(DA1691703)  Source-Line:libMvCameraControl.so(StreamGrab.cpp-L0869)  ProcessName:python3.12(115438)     Description:[StartGrabbing]StreamChannel[0], Start grabbing success, There is no registration callback.
Info    2026-08-19 14:03:37:930  DevID:MV-CU060-10GC(DA1691703)  Source-Line:libMvCameraControl.so(StreamGrab.cpp-L0934)  ProcessName:python3.12(115438)     Description:[StopGrabbing]Stop grabbing success! DeviceUptime[21084]
Info    2026-08-19 14:03:38:680  DevID:MV-CU060-10GC(DA1691703)  Source-Line:libMvCameraControl.so(GigEDevice.cpp-L1351)  ProcessName:python3.12(115438)     Description:[IsDeviceConnected]IsDeviceConnected success, Ret[true]
Error   2026-08-19 14:03:38:689  DevID:MV-CU060-10GC(DA1691703)  Source-Line:libMvCameraControl.so(GenICamImpl.cpp-L1111)  ProcessName:python3.12(115438)     Description:[XML_GetNodeAccessMode]PropertyName[PartialImageOutputMode], Ret[0x80000100]
Error   2026-08-19 14:03:38:690  DevID:MV-CU060-10GC(DA1691703)  Source-Line:libMvCameraControl.so(GenICamImpl.cpp-L1111)  ProcessName:python3.12(115438)     Description:[XML_GetNodeAccessMode]PropertyName[SeqExpEnable], Ret[0x80000100]
Error   2026-08-19 14:03:38:690  DevID:MV-CU060-10GC(DA1691703)  Source-Line:libMvCameraControl.so(XmlParse.cpp-L3037)  ProcessName:python3.12(115438)     Description:[GetBooleanValue]Get Node Value, Node does not exist, NodeName[SeqExpEnable]
Error   2026-08-19 14:03:38:690  DevID:MV-CU060-10GC(DA1691703)  Source-Line:libMvCameraControl.so(GenICamImpl.cpp-L0551)  ProcessName:python3.12(115438)     Description:[GetBoolValue]Property[SeqExpEnable], Ret[0x80000100]
Error   2026-08-19 14:03:38:690  DevID:MV-CU060-10GC(DA1691703)  Source-Line:libMvCameraControl.so(GenICamImpl.cpp-L1111)  ProcessName:python3.12(115438)     Description:[XML_GetNodeAccessMode]PropertyName[MultiLightControl], Ret[0x80000100]
Error   2026-08-19 14:03:38:690  DevID:MV-CU060-10GC(DA1691703)  Source-Line:libMvCameraControl.so(XmlParse.cpp-L2386)  ProcessName:python3.12(115438)     Description:[GetEnumValue]Get Node Value, Node does not exist, NodeName[MultiLightControl]
Error   2026-08-19 14:03:38:690  DevID:MV-CU060-10GC(DA1691703)  Source-Line:libMvCameraControl.so(GenICamImpl.cpp-L0364)  ProcessName:python3.12(115438)     Description:[GetEnumValue]Property[MultiLightControl], Ret[0x80000100]
Info    2026-08-19 14:03:38:690  DevID:MV-CU060-10GC(DA1691703)  Source-Line:libMvCameraControl.so(GigEStream.cpp-L0067)  ProcessName:python3.12(115438)     Description:[StartAcquisition][GEV]Width[3072], Height[2048], PixelFormat[0x1080009], PayloadSize[6291456], ChunkCount[100], CompressMode[0], DeviceUptime[21085]
Info    2026-08-19 14:03:38:695  DevID:MV-CU060-10GC(DA1691703)  Source-Line:libMvCameraControl.so(StreamGrab.cpp-L0869)  ProcessName:python3.12(115438)     Description:[StartGrabbing]StreamChannel[0], Start grabbing success, There is no registration callback.
Info    2026-08-19 14:03:39:369  DevID:MV-CU060-10GC(DA1691703)  Source-Line:libMvCameraControl.so(StreamGrab.cpp-L0934)  ProcessName:python3.12(115438)     Description:[StopGrabbing]Stop grabbing success! DeviceUptime[21085]
Info    2026-08-19 14:03:40:124  DevID:MV-CU060-10GC(DA1691703)  Source-Line:libMvCameraControl.so(GigEDevice.cpp-L1351)  ProcessName:python3.12(115438)     Description:[IsDeviceConnected]IsDeviceConnected success, Ret[true]
Error   2026-08-19 14:03:40:134  DevID:MV-CU060-10GC(DA1691703)  Source-Line:libMvCameraControl.so(GenICamImpl.cpp-L1111)  ProcessName:python3.12(115438)     Description:[XML_GetNodeAccessMode]PropertyName[PartialImageOutputMode], Ret[0x80000100]
Error   2026-08-19 14:03:40:136  DevID:MV-CU060-10GC(DA1691703)  Source-Line:libMvCameraControl.so(GenICamImpl.cpp-L1111)  ProcessName:python3.12(115438)     Description:[XML_GetNodeAccessMode]PropertyName[SeqExpEnable], Ret[0x80000100]
Error   2026-08-19 14:03:40:136  DevID:MV-CU060-10GC(DA1691703)  Source-Line:libMvCameraControl.so(XmlParse.cpp-L3037)  ProcessName:python3.12(115438)     Description:[GetBooleanValue]Get Node Value, Node does not exist, NodeName[SeqExpEnable]
Error   2026-08-19 14:03:40:136  DevID:MV-CU060-10GC(DA1691703)  Source-Line:libMvCameraControl.so(GenICamImpl.cpp-L0551)  ProcessName:python3.12(115438)     Description:[GetBoolValue]Property[SeqExpEnable], Ret[0x80000100]
Error   2026-08-19 14:03:40:136  DevID:MV-CU060-10GC(DA1691703)  Source-Line:libMvCameraControl.so(GenICamImpl.cpp-L1111)  ProcessName:python3.12(115438)     Description:[XML_GetNodeAccessMode]PropertyName[MultiLightControl], Ret[0x80000100]
Error   2026-08-19 14:03:40:136  DevID:MV-CU060-10GC(DA1691703)  Source-Line:libMvCameraControl.so(XmlParse.cpp-L2386)  ProcessName:python3.12(115438)     Description:[GetEnumValue]Get Node Value, Node does not exist, NodeName[MultiLightControl]
Error   2026-08-19 14:03:40:136  DevID:MV-CU060-10GC(DA1691703)  Source-Line:libMvCameraControl.so(GenICamImpl.cpp-L0364)  ProcessName:python3.12(115438)     Description:[GetEnumValue]Property[MultiLightControl], Ret[0x80000100]
Info    2026-08-19 14:03:40:136  DevID:MV-CU060-10GC(DA1691703)  Source-Line:libMvCameraControl.so(GigEStream.cpp-L0067)  ProcessName:python3.12(115438)     Description:[StartAcquisition][GEV]Width[3072], Height[2048], PixelFormat[0x1080009], PayloadSize[6291456], ChunkCount[100], CompressMode[0], DeviceUptime[21086]
Info    2026-08-19 14:03:40:141  DevID:MV-CU060-10GC(DA1691703)  Source-Line:libMvCameraControl.so(StreamGrab.cpp-L0869)  ProcessName:python3.12(115438)     Description:[StartGrabbing]StreamChannel[0], Start grabbing success, There is no registration callback.
Info    2026-08-19 14:03:40:838  DevID:MV-CU060-10GC(DA1691703)  Source-Line:libMvCameraControl.so(StreamGrab.cpp-L0934)  ProcessName:python3.12(115438)     Description:[StopGrabbing]Stop grabbing success! DeviceUptime[21087]
Info    2026-08-19 14:03:53:440  DevID:MV-CU060-10GC(DA1691703)  Source-Line:libMvCameraControl.so(GigEDevice.cpp-L1351)  ProcessName:python3.12(115438)     Description:[IsDeviceConnected]IsDeviceConnected success, Ret[true]
Error   2026-08-19 14:03:53:450  DevID:MV-CU060-10GC(DA1691703)  Source-Line:libMvCameraControl.so(GenICamImpl.cpp-L1111)  ProcessName:python3.12(115438)     Description:[XML_GetNodeAccessMode]PropertyName[PartialImageOutputMode], Ret[0x80000100]
Error   2026-08-19 14:03:53:452  DevID:MV-CU060-10GC(DA1691703)  Source-Line:libMvCameraControl.so(GenICamImpl.cpp-L1111)  ProcessName:python3.12(115438)     Description:[XML_GetNodeAccessMode]PropertyName[SeqExpEnable], Ret[0x80000100]
Error   2026-08-19 14:03:53:452  DevID:MV-CU060-10GC(DA1691703)  Source-Line:libMvCameraControl.so(XmlParse.cpp-L3037)  ProcessName:python3.12(115438)     Description:[GetBooleanValue]Get Node Value, Node does not exist, NodeName[SeqExpEnable]
Error   2026-08-19 14:03:53:452  DevID:MV-CU060-10GC(DA1691703)  Source-Line:libMvCameraControl.so(GenICamImpl.cpp-L0551)  ProcessName:python3.12(115438)     Description:[GetBoolValue]Property[SeqExpEnable], Ret[0x80000100]
Error   2026-08-19 14:03:53:452  DevID:MV-CU060-10GC(DA1691703)  Source-Line:libMvCameraControl.so(GenICamImpl.cpp-L1111)  ProcessName:python3.12(115438)     Description:[XML_GetNodeAccessMode]PropertyName[MultiLightControl], Ret[0x80000100]
Error   2026-08-19 14:03:53:452  DevID:MV-CU060-10GC(DA1691703)  Source-Line:libMvCameraControl.so(XmlParse.cpp-L2386)  ProcessName:python3.12(115438)     Description:[GetEnumValue]Get Node Value, Node does not exist, NodeName[MultiLightControl]
Error   2026-08-19 14:03:53:452  DevID:MV-CU060-10GC(DA1691703)  Source-Line:libMvCameraControl.so(GenICamImpl.cpp-L0364)  ProcessName:python3.12(115438)     Description:[GetEnumValue]Property[MultiLightControl], Ret[0x80000100]
Info    2026-08-19 14:03:53:452  DevID:MV-CU060-10GC(DA1691703)  Source-Line:libMvCameraControl.so(GigEStream.cpp-L0067)  ProcessName:python3.12(115438)     Description:[StartAcquisition][GEV]Width[3072], Height[2048], PixelFormat[0x1080009], PayloadSize[6291456], ChunkCount[100], CompressMode[0], DeviceUptime[21099]
Info    2026-08-19 14:03:53:458  DevID:MV-CU060-10GC(DA1691703)  Source-Line:libMvCameraControl.so(StreamGrab.cpp-L0869)  ProcessName:python3.12(115438)     Description:[StartGrabbing]StreamChannel[0], Start grabbing success, There is no registration callback.
Info    2026-08-19 14:03:53:925  DevID:MV-CU060-10GC(DA1691703)  Source-Line:libMvCameraControl.so(StreamGrab.cpp-L0934)  ProcessName:python3.12(115438)     Description:[StopGrabbing]Stop grabbing success! DeviceUptime[21100]
Info    2026-08-19 14:04:19:537  DevID:MV-CU060-10GC(DA1691703)  Source-Line:libMvCameraControl.so(GigEDevice.cpp-L1351)  ProcessName:python3.12(115438)     Description:[IsDeviceConnected]IsDeviceConnected success, Ret[true]
Error   2026-08-19 14:04:19:547  DevID:MV-CU060-10GC(DA1691703)  Source-Line:libMvCameraControl.so(GenICamImpl.cpp-L1111)  ProcessName:python3.12(115438)     Description:[XML_GetNodeAccessMode]PropertyName[PartialImageOutputMode], Ret[0x80000100]
Error   2026-08-19 14:04:19:549  DevID:MV-CU060-10GC(DA1691703)  Source-Line:libMvCameraControl.so(GenICamImpl.cpp-L1111)  ProcessName:python3.12(115438)     Description:[XML_GetNodeAccessMode]PropertyName[SeqExpEnable], Ret[0x80000100]
Error   2026-08-19 14:04:19:549  DevID:MV-CU060-10GC(DA1691703)  Source-Line:libMvCameraControl.so(XmlParse.cpp-L3037)  ProcessName:python3.12(115438)     Description:[GetBooleanValue]Get Node Value, Node does not exist, NodeName[SeqExpEnable]
Error   2026-08-19 14:04:19:549  DevID:MV-CU060-10GC(DA1691703)  Source-Line:libMvCameraControl.so(GenICamImpl.cpp-L0551)  ProcessName:python3.12(115438)     Description:[GetBoolValue]Property[SeqExpEnable], Ret[0x80000100]
Error   2026-08-19 14:04:19:549  DevID:MV-CU060-10GC(DA1691703)  Source-Line:libMvCameraControl.so(GenICamImpl.cpp-L1111)  ProcessName:python3.12(115438)     Description:[XML_GetNodeAccessMode]PropertyName[MultiLightControl], Ret[0x80000100]
Error   2026-08-19 14:04:19:549  DevID:MV-CU060-10GC(DA1691703)  Source-Line:libMvCameraControl.so(XmlParse.cpp-L2386)  ProcessName:python3.12(115438)     Description:[GetEnumValue]Get Node Value, Node does not exist, NodeName[MultiLightControl]
Error   2026-08-19 14:04:19:549  DevID:MV-CU060-10GC(DA1691703)  Source-Line:libMvCameraControl.so(GenICamImpl.cpp-L0364)  ProcessName:python3.12(115438)     Description:[GetEnumValue]Property[MultiLightControl], Ret[0x80000100]
Info    2026-08-19 14:04:19:549  DevID:MV-CU060-10GC(DA1691703)  Source-Line:libMvCameraControl.so(GigEStream.cpp-L0067)  ProcessName:python3.12(115438)     Description:[StartAcquisition][GEV]Width[3072], Height[2048], PixelFormat[0x1080009], PayloadSize[6291456], ChunkCount[100], CompressMode[0], DeviceUptime[21126]
Info    2026-08-19 14:04:19:555  DevID:MV-CU060-10GC(DA1691703)  Source-Line:libMvCameraControl.so(StreamGrab.cpp-L0869)  ProcessName:python3.12(115438)     Description:[StartGrabbing]StreamChannel[0], Start grabbing success, There is no registration callback.
Info    2026-08-19 14:04:20:063  DevID:MV-CU060-10GC(DA1691703)  Source-Line:libMvCameraControl.so(StreamGrab.cpp-L0934)  ProcessName:python3.12(115438)     Description:[StopGrabbing]Stop grabbing success! DeviceUptime[21126]
Info    2026-08-19 14:04:24:538  DevID:MV-CU060-10GC(DA1691703)  Source-Line:libMvCameraControl.so(GigEDevice.cpp-L1351)  ProcessName:python3.12(115438)     Description:[IsDeviceConnected]IsDeviceConnected success, Ret[true]
Error   2026-08-19 14:04:24:548  DevID:MV-CU060-10GC(DA1691703)  Source-Line:libMvCameraControl.so(GenICamImpl.cpp-L1111)  ProcessName:python3.12(115438)     Description:[XML_GetNodeAccessMode]PropertyName[PartialImageOutputMode], Ret[0x80000100]
Error   2026-08-19 14:04:24:550  DevID:MV-CU060-10GC(DA1691703)  Source-Line:libMvCameraControl.so(GenICamImpl.cpp-L1111)  ProcessName:python3.12(115438)     Description:[XML_GetNodeAccessMode]PropertyName[SeqExpEnable], Ret[0x80000100]
Error   2026-08-19 14:04:24:550  DevID:MV-CU060-10GC(DA1691703)  Source-Line:libMvCameraControl.so(XmlParse.cpp-L3037)  ProcessName:python3.12(115438)     Description:[GetBooleanValue]Get Node Value, Node does not exist, NodeName[SeqExpEnable]
Error   2026-08-19 14:04:24:550  DevID:MV-CU060-10GC(DA1691703)  Source-Line:libMvCameraControl.so(GenICamImpl.cpp-L0551)  ProcessName:python3.12(115438)     Description:[GetBoolValue]Property[SeqExpEnable], Ret[0x80000100]
Error   2026-08-19 14:04:24:550  DevID:MV-CU060-10GC(DA1691703)  Source-Line:libMvCameraControl.so(GenICamImpl.cpp-L1111)  ProcessName:python3.12(115438)     Description:[XML_GetNodeAccessMode]PropertyName[MultiLightControl], Ret[0x80000100]
Error   2026-08-19 14:04:24:550  DevID:MV-CU060-10GC(DA1691703)  Source-Line:libMvCameraControl.so(XmlParse.cpp-L2386)  ProcessName:python3.12(115438)     Description:[GetEnumValue]Get Node Value, Node does not exist, NodeName[MultiLightControl]
Error   2026-08-19 14:04:24:550  DevID:MV-CU060-10GC(DA1691703)  Source-Line:libMvCameraControl.so(GenICamImpl.cpp-L0364)  ProcessName:python3.12(115438)     Description:[GetEnumValue]Property[MultiLightControl], Ret[0x80000100]
Info    2026-08-19 14:04:24:550  DevID:MV-CU060-10GC(DA1691703)  Source-Line:libMvCameraControl.so(GigEStream.cpp-L0067)  ProcessName:python3.12(115438)     Description:[StartAcquisition][GEV]Width[3072], Height[2048], PixelFormat[0x1080009], PayloadSize[6291456], ChunkCount[100], CompressMode[0], DeviceUptime[21131]
Info    2026-08-19 14:04:24:556  DevID:MV-CU060-10GC(DA1691703)  Source-Line:libMvCameraControl.so(StreamGrab.cpp-L0869)  ProcessName:python3.12(115438)     Description:[StartGrabbing]StreamChannel[0], Start grabbing success, There is no registration callback.
Info    2026-08-19 14:04:25:173  DevID:MV-CU060-10GC(DA1691703)  Source-Line:libMvCameraControl.so(StreamGrab.cpp-L0934)  ProcessName:python3.12(115438)     Description:[StopGrabbing]Stop grabbing success! DeviceUptime[21131]
Info    2026-08-19 14:04:54:716  DevID:MV-CU060-10GC(DA1691703)  Source-Line:libMvCameraControl.so(GigEDevice.cpp-L1351)  ProcessName:python3.12(115438)     Description:[IsDeviceConnected]IsDeviceConnected success, Ret[true]
Error   2026-08-19 14:04:54:728  DevID:MV-CU060-10GC(DA1691703)  Source-Line:libMvCameraControl.so(GenICamImpl.cpp-L1111)  ProcessName:python3.12(115438)     Description:[XML_GetNodeAccessMode]PropertyName[PartialImageOutputMode], Ret[0x80000100]
Error   2026-08-19 14:04:54:730  DevID:MV-CU060-10GC(DA1691703)  Source-Line:libMvCameraControl.so(GenICamImpl.cpp-L1111)  ProcessName:python3.12(115438)     Description:[XML_GetNodeAccessMode]PropertyName[SeqExpEnable], Ret[0x80000100]
Error   2026-08-19 14:04:54:730  DevID:MV-CU060-10GC(DA1691703)  Source-Line:libMvCameraControl.so(XmlParse.cpp-L3037)  ProcessName:python3.12(115438)     Description:[GetBooleanValue]Get Node Value, Node does not exist, NodeName[SeqExpEnable]
Error   2026-08-19 14:04:54:730  DevID:MV-CU060-10GC(DA1691703)  Source-Line:libMvCameraControl.so(GenICamImpl.cpp-L0551)  ProcessName:python3.12(115438)     Description:[GetBoolValue]Property[SeqExpEnable], Ret[0x80000100]
Error   2026-08-19 14:04:54:730  DevID:MV-CU060-10GC(DA1691703)  Source-Line:libMvCameraControl.so(GenICamImpl.cpp-L1111)  ProcessName:python3.12(115438)     Description:[XML_GetNodeAccessMode]PropertyName[MultiLightControl], Ret[0x80000100]
Error   2026-08-19 14:04:54:730  DevID:MV-CU060-10GC(DA1691703)  Source-Line:libMvCameraControl.so(XmlParse.cpp-L2386)  ProcessName:python3.12(115438)     Description:[GetEnumValue]Get Node Value, Node does not exist, NodeName[MultiLightControl]
Error   2026-08-19 14:04:54:730  DevID:MV-CU060-10GC(DA1691703)  Source-Line:libMvCameraControl.so(GenICamImpl.cpp-L0364)  ProcessName:python3.12(115438)     Description:[GetEnumValue]Property[MultiLightControl], Ret[0x80000100]
Info    2026-08-19 14:04:54:730  DevID:MV-CU060-10GC(DA1691703)  Source-Line:libMvCameraControl.so(GigEStream.cpp-L0067)  ProcessName:python3.12(115438)     Description:[StartAcquisition][GEV]Width[3072], Height[2048], PixelFormat[0x1080009], PayloadSize[6291456], ChunkCount[100], CompressMode[0], DeviceUptime[21161]
Info    2026-08-19 14:04:54:737  DevID:MV-CU060-10GC(DA1691703)  Source-Line:libMvCameraControl.so(StreamGrab.cpp-L0869)  ProcessName:python3.12(115438)     Description:[StartGrabbing]StreamChannel[0], Start grabbing success, There is no registration callback.
Info    2026-08-19 14:04:55:388  DevID:MV-CU060-10GC(DA1691703)  Source-Line:libMvCameraControl.so(StreamGrab.cpp-L0934)  ProcessName:python3.12(115438)     Description:[StopGrabbing]Stop grabbing success! DeviceUptime[21161]
Info    2026-08-19 14:04:59:316  DevID:MV-CU060-10GC(DA1691703)  Source-Line:libMvCameraControl.so(GigEDevice.cpp-L1351)  ProcessName:python3.12(115438)     Description:[IsDeviceConnected]IsDeviceConnected success, Ret[true]
Error   2026-08-19 14:04:59:326  DevID:MV-CU060-10GC(DA1691703)  Source-Line:libMvCameraControl.so(GenICamImpl.cpp-L1111)  ProcessName:python3.12(115438)     Description:[XML_GetNodeAccessMode]PropertyName[PartialImageOutputMode], Ret[0x80000100]
Error   2026-08-19 14:04:59:328  DevID:MV-CU060-10GC(DA1691703)  Source-Line:libMvCameraControl.so(GenICamImpl.cpp-L1111)  ProcessName:python3.12(115438)     Description:[XML_GetNodeAccessMode]PropertyName[SeqExpEnable], Ret[0x80000100]
Error   2026-08-19 14:04:59:328  DevID:MV-CU060-10GC(DA1691703)  Source-Line:libMvCameraControl.so(XmlParse.cpp-L3037)  ProcessName:python3.12(115438)     Description:[GetBooleanValue]Get Node Value, Node does not exist, NodeName[SeqExpEnable]
Error   2026-08-19 14:04:59:328  DevID:MV-CU060-10GC(DA1691703)  Source-Line:libMvCameraControl.so(GenICamImpl.cpp-L0551)  ProcessName:python3.12(115438)     Description:[GetBoolValue]Property[SeqExpEnable], Ret[0x80000100]
Error   2026-08-19 14:04:59:328  DevID:MV-CU060-10GC(DA1691703)  Source-Line:libMvCameraControl.so(GenICamImpl.cpp-L1111)  ProcessName:python3.12(115438)     Description:[XML_GetNodeAccessMode]PropertyName[MultiLightControl], Ret[0x80000100]
Error   2026-08-19 14:04:59:328  DevID:MV-CU060-10GC(DA1691703)  Source-Line:libMvCameraControl.so(XmlParse.cpp-L2386)  ProcessName:python3.12(115438)     Description:[GetEnumValue]Get Node Value, Node does not exist, NodeName[MultiLightControl]
Error   2026-08-19 14:04:59:328  DevID:MV-CU060-10GC(DA1691703)  Source-Line:libMvCameraControl.so(GenICamImpl.cpp-L0364)  ProcessName:python3.12(115438)     Description:[GetEnumValue]Property[MultiLightControl], Ret[0x80000100]
Info    2026-08-19 14:04:59:328  DevID:MV-CU060-10GC(DA1691703)  Source-Line:libMvCameraControl.so(GigEStream.cpp-L0067)  ProcessName:python3.12(115438)     Description:[StartAcquisition][GEV]Width[3072], Height[2048], PixelFormat[0x1080009], PayloadSize[6291456], ChunkCount[100], CompressMode[0], DeviceUptime[21165]
Info    2026-08-19 14:04:59:333  DevID:MV-CU060-10GC(DA1691703)  Source-Line:libMvCameraControl.so(StreamGrab.cpp-L0869)  ProcessName:python3.12(115438)     Description:[StartGrabbing]StreamChannel[0], Start grabbing success, There is no registration callback.
Info    2026-08-19 14:05:00:075  DevID:MV-CU060-10GC(DA1691703)  Source-Line:libMvCameraControl.so(StreamGrab.cpp-L0934)  ProcessName:python3.12(115438)     Description:[StopGrabbing]Stop grabbing success! DeviceUptime[21166]
Info    2026-08-19 14:05:03:614  DevID:MV-CU060-10GC(DA1691703)  Source-Line:libMvCameraControl.so(GigEDevice.cpp-L1351)  ProcessName:python3.12(115438)     Description:[IsDeviceConnected]IsDeviceConnected success, Ret[true]
Error   2026-08-19 14:05:03:624  DevID:MV-CU060-10GC(DA1691703)  Source-Line:libMvCameraControl.so(GenICamImpl.cpp-L1111)  ProcessName:python3.12(115438)     Description:[XML_GetNodeAccessMode]PropertyName[PartialImageOutputMode], Ret[0x80000100]
Error   2026-08-19 14:05:03:626  DevID:MV-CU060-10GC(DA1691703)  Source-Line:libMvCameraControl.so(GenICamImpl.cpp-L1111)  ProcessName:python3.12(115438)     Description:[XML_GetNodeAccessMode]PropertyName[SeqExpEnable], Ret[0x80000100]
Error   2026-08-19 14:05:03:626  DevID:MV-CU060-10GC(DA1691703)  Source-Line:libMvCameraControl.so(XmlParse.cpp-L3037)  ProcessName:python3.12(115438)     Description:[GetBooleanValue]Get Node Value, Node does not exist, NodeName[SeqExpEnable]
Error   2026-08-19 14:05:03:626  DevID:MV-CU060-10GC(DA1691703)  Source-Line:libMvCameraControl.so(GenICamImpl.cpp-L0551)  ProcessName:python3.12(115438)     Description:[GetBoolValue]Property[SeqExpEnable], Ret[0x80000100]
Error   2026-08-19 14:05:03:626  DevID:MV-CU060-10GC(DA1691703)  Source-Line:libMvCameraControl.so(GenICamImpl.cpp-L1111)  ProcessName:python3.12(115438)     Description:[XML_GetNodeAccessMode]PropertyName[MultiLightControl], Ret[0x80000100]
Error   2026-08-19 14:05:03:626  DevID:MV-CU060-10GC(DA1691703)  Source-Line:libMvCameraControl.so(XmlParse.cpp-L2386)  ProcessName:python3.12(115438)     Description:[GetEnumValue]Get Node Value, Node does not exist, NodeName[MultiLightControl]
Error   2026-08-19 14:05:03:626  DevID:MV-CU060-10GC(DA1691703)  Source-Line:libMvCameraControl.so(GenICamImpl.cpp-L0364)  ProcessName:python3.12(115438)     Description:[GetEnumValue]Property[MultiLightControl], Ret[0x80000100]
Info    2026-08-19 14:05:03:626  DevID:MV-CU060-10GC(DA1691703)  Source-Line:libMvCameraControl.so(GigEStream.cpp-L0067)  ProcessName:python3.12(115438)     Description:[StartAcquisition][GEV]Width[3072], Height[2048], PixelFormat[0x1080009], PayloadSize[6291456], ChunkCount[100], CompressMode[0], DeviceUptime[21170]
Info    2026-08-19 14:05:03:631  DevID:MV-CU060-10GC(DA1691703)  Source-Line:libMvCameraControl.so(StreamGrab.cpp-L0869)  ProcessName:python3.12(115438)     Description:[StartGrabbing]StreamChannel[0], Start grabbing success, There is no registration callback.
Info    2026-08-19 14:05:04:074  DevID:MV-CU060-10GC(DA1691703)  Source-Line:libMvCameraControl.so(StreamGrab.cpp-L0934)  ProcessName:python3.12(115438)     Description:[StopGrabbing]Stop grabbing success! DeviceUptime[21170]
Info    2026-08-19 14:22:23:478  DevID:MV-CU060-10GC(DA1691703)  Source-Line:libMvCameraControl.so(GigEDevice.cpp-L1351)  ProcessName:python3.12(115438)     Description:[IsDeviceConnected]IsDeviceConnected success, Ret[true]
Error   2026-08-19 14:22:23:489  DevID:MV-CU060-10GC(DA1691703)  Source-Line:libMvCameraControl.so(GenICamImpl.cpp-L1111)  ProcessName:python3.12(115438)     Description:[XML_GetNodeAccessMode]PropertyName[PartialImageOutputMode], Ret[0x80000100]
Error   2026-08-19 14:22:23:491  DevID:MV-CU060-10GC(DA1691703)  Source-Line:libMvCameraControl.so(GenICamImpl.cpp-L1111)  ProcessName:python3.12(115438)     Description:[XML_GetNodeAccessMode]PropertyName[SeqExpEnable], Ret[0x80000100]
Error   2026-08-19 14:22:23:491  DevID:MV-CU060-10GC(DA1691703)  Source-Line:libMvCameraControl.so(XmlParse.cpp-L3037)  ProcessName:python3.12(115438)     Description:[GetBooleanValue]Get Node Value, Node does not exist, NodeName[SeqExpEnable]
Error   2026-08-19 14:22:23:491  DevID:MV-CU060-10GC(DA1691703)  Source-Line:libMvCameraControl.so(GenICamImpl.cpp-L0551)  ProcessName:python3.12(115438)     Description:[GetBoolValue]Property[SeqExpEnable], Ret[0x80000100]
Error   2026-08-19 14:22:23:491  DevID:MV-CU060-10GC(DA1691703)  Source-Line:libMvCameraControl.so(GenICamImpl.cpp-L1111)  ProcessName:python3.12(115438)     Description:[XML_GetNodeAccessMode]PropertyName[MultiLightControl], Ret[0x80000100]
Error   2026-08-19 14:22:23:491  DevID:MV-CU060-10GC(DA1691703)  Source-Line:libMvCameraControl.so(XmlParse.cpp-L2386)  ProcessName:python3.12(115438)     Description:[GetEnumValue]Get Node Value, Node does not exist, NodeName[MultiLightControl]
Error   2026-08-19 14:22:23:491  DevID:MV-CU060-10GC(DA1691703)  Source-Line:libMvCameraControl.so(GenICamImpl.cpp-L0364)  ProcessName:python3.12(115438)     Description:[GetEnumValue]Property[MultiLightControl], Ret[0x80000100]
Info    2026-08-19 14:22:23:491  DevID:MV-CU060-10GC(DA1691703)  Source-Line:libMvCameraControl.so(GigEStream.cpp-L0067)  ProcessName:python3.12(115438)     Description:[StartAcquisition][GEV]Width[3072], Height[2048], PixelFormat[0x1080009], PayloadSize[6291456], ChunkCount[100], CompressMode[0], DeviceUptime[22209]
Info    2026-08-19 14:22:23:496  DevID:MV-CU060-10GC(DA1691703)  Source-Line:libMvCameraControl.so(StreamGrab.cpp-L0869)  ProcessName:python3.12(115438)     Description:[StartGrabbing]StreamChannel[0], Start grabbing success, There is no registration callback.
Info    2026-08-19 14:22:23:938  DevID:MV-CU060-10GC(DA1691703)  Source-Line:libMvCameraControl.so(StreamGrab.cpp-L0934)  ProcessName:python3.12(115438)     Description:[StopGrabbing]Stop grabbing success! DeviceUptime[22210]
Info    2026-08-19 14:22:40:962  DevID:MV-CU060-10GC(DA1691703)  Source-Line:libMvCameraControl.so(GigEDevice.cpp-L1351)  ProcessName:python3.12(115438)     Description:[IsDeviceConnected]IsDeviceConnected success, Ret[true]
Error   2026-08-19 14:22:40:973  DevID:MV-CU060-10GC(DA1691703)  Source-Line:libMvCameraControl.so(GenICamImpl.cpp-L1111)  ProcessName:python3.12(115438)     Description:[XML_GetNodeAccessMode]PropertyName[PartialImageOutputMode], Ret[0x80000100]
Error   2026-08-19 14:22:40:975  DevID:MV-CU060-10GC(DA1691703)  Source-Line:libMvCameraControl.so(GenICamImpl.cpp-L1111)  ProcessName:python3.12(115438)     Description:[XML_GetNodeAccessMode]PropertyName[SeqExpEnable], Ret[0x80000100]
Error   2026-08-19 14:22:40:975  DevID:MV-CU060-10GC(DA1691703)  Source-Line:libMvCameraControl.so(XmlParse.cpp-L3037)  ProcessName:python3.12(115438)     Description:[GetBooleanValue]Get Node Value, Node does not exist, NodeName[SeqExpEnable]
Error   2026-08-19 14:22:40:975  DevID:MV-CU060-10GC(DA1691703)  Source-Line:libMvCameraControl.so(GenICamImpl.cpp-L0551)  ProcessName:python3.12(115438)     Description:[GetBoolValue]Property[SeqExpEnable], Ret[0x80000100]
Error   2026-08-19 14:22:40:975  DevID:MV-CU060-10GC(DA1691703)  Source-Line:libMvCameraControl.so(GenICamImpl.cpp-L1111)  ProcessName:python3.12(115438)     Description:[XML_GetNodeAccessMode]PropertyName[MultiLightControl], Ret[0x80000100]
Error   2026-08-19 14:22:40:975  DevID:MV-CU060-10GC(DA1691703)  Source-Line:libMvCameraControl.so(XmlParse.cpp-L2386)  ProcessName:python3.12(115438)     Description:[GetEnumValue]Get Node Value, Node does not exist, NodeName[MultiLightControl]
Error   2026-08-19 14:22:40:975  DevID:MV-CU060-10GC(DA1691703)  Source-Line:libMvCameraControl.so(GenICamImpl.cpp-L0364)  ProcessName:python3.12(115438)     Description:[GetEnumValue]Property[MultiLightControl], Ret[0x80000100]
Info    2026-08-19 14:22:40:975  DevID:MV-CU060-10GC(DA1691703)  Source-Line:libMvCameraControl.so(GigEStream.cpp-L0067)  ProcessName:python3.12(115438)     Description:[StartAcquisition][GEV]Width[3072], Height[2048], PixelFormat[0x1080009], PayloadSize[6291456], ChunkCount[100], CompressMode[0], DeviceUptime[22227]
Info    2026-08-19 14:22:40:981  DevID:MV-CU060-10GC(DA1691703)  Source-Line:libMvCameraControl.so(StreamGrab.cpp-L0869)  ProcessName:python3.12(115438)     Description:[StartGrabbing]StreamChannel[0], Start grabbing success, There is no registration callback.
Info    2026-08-19 14:22:41:656  DevID:MV-CU060-10GC(DA1691703)  Source-Line:libMvCameraControl.so(StreamGrab.cpp-L0934)  ProcessName:python3.12(115438)     Description:[StopGrabbing]Stop grabbing success! DeviceUptime[22228]
Info    2026-08-19 14:23:11:048  DevID:MV-CU060-10GC(DA1691703)  Source-Line:libMvCameraControl.so(GigEDevice.cpp-L1351)  ProcessName:python3.12(115438)     Description:[IsDeviceConnected]IsDeviceConnected success, Ret[true]
Error   2026-08-19 14:23:11:058  DevID:MV-CU060-10GC(DA1691703)  Source-Line:libMvCameraControl.so(GenICamImpl.cpp-L1111)  ProcessName:python3.12(115438)     Description:[XML_GetNodeAccessMode]PropertyName[PartialImageOutputMode], Ret[0x80000100]
Error   2026-08-19 14:23:11:060  DevID:MV-CU060-10GC(DA1691703)  Source-Line:libMvCameraControl.so(GenICamImpl.cpp-L1111)  ProcessName:python3.12(115438)     Description:[XML_GetNodeAccessMode]PropertyName[SeqExpEnable], Ret[0x80000100]
Error   2026-08-19 14:23:11:060  DevID:MV-CU060-10GC(DA1691703)  Source-Line:libMvCameraControl.so(XmlParse.cpp-L3037)  ProcessName:python3.12(115438)     Description:[GetBooleanValue]Get Node Value, Node does not exist, NodeName[SeqExpEnable]
Error   2026-08-19 14:23:11:060  DevID:MV-CU060-10GC(DA1691703)  Source-Line:libMvCameraControl.so(GenICamImpl.cpp-L0551)  ProcessName:python3.12(115438)     Description:[GetBoolValue]Property[SeqExpEnable], Ret[0x80000100]
Error   2026-08-19 14:23:11:060  DevID:MV-CU060-10GC(DA1691703)  Source-Line:libMvCameraControl.so(GenICamImpl.cpp-L1111)  ProcessName:python3.12(115438)     Description:[XML_GetNodeAccessMode]PropertyName[MultiLightControl], Ret[0x80000100]
Error   2026-08-19 14:23:11:060  DevID:MV-CU060-10GC(DA1691703)  Source-Line:libMvCameraControl.so(XmlParse.cpp-L2386)  ProcessName:python3.12(115438)     Description:[GetEnumValue]Get Node Value, Node does not exist, NodeName[MultiLightControl]
Error   2026-08-19 14:23:11:060  DevID:MV-CU060-10GC(DA1691703)  Source-Line:libMvCameraControl.so(GenICamImpl.cpp-L0364)  ProcessName:python3.12(115438)     Description:[GetEnumValue]Property[MultiLightControl], Ret[0x80000100]
Info    2026-08-19 14:23:11:060  DevID:MV-CU060-10GC(DA1691703)  Source-Line:libMvCameraControl.so(GigEStream.cpp-L0067)  ProcessName:python3.12(115438)     Description:[StartAcquisition][GEV]Width[3072], Height[2048], PixelFormat[0x1080009], PayloadSize[6291456], ChunkCount[100], CompressMode[0], DeviceUptime[22257]
Info    2026-08-19 14:23:11:066  DevID:MV-CU060-10GC(DA1691703)  Source-Line:libMvCameraControl.so(StreamGrab.cpp-L0869)  ProcessName:python3.12(115438)     Description:[StartGrabbing]StreamChannel[0], Start grabbing success, There is no registration callback.
Info    2026-08-19 14:23:11:639  DevID:MV-CU060-10GC(DA1691703)  Source-Line:libMvCameraControl.so(StreamGrab.cpp-L0934)  ProcessName:python3.12(115438)     Description:[StopGrabbing]Stop grabbing success! DeviceUptime[22258]
Info    2026-08-19 14:23:36:805  DevID:MV-CU060-10GC(DA1691703)  Source-Line:libMvCameraControl.so(GigEDevice.cpp-L1351)  ProcessName:python3.12(115438)     Description:[IsDeviceConnected]IsDeviceConnected success, Ret[true]
Error   2026-08-19 14:23:36:815  DevID:MV-CU060-10GC(DA1691703)  Source-Line:libMvCameraControl.so(GenICamImpl.cpp-L1111)  ProcessName:python3.12(115438)     Description:[XML_GetNodeAccessMode]PropertyName[PartialImageOutputMode], Ret[0x80000100]
Error   2026-08-19 14:23:36:817  DevID:MV-CU060-10GC(DA1691703)  Source-Line:libMvCameraControl.so(GenICamImpl.cpp-L1111)  ProcessName:python3.12(115438)     Description:[XML_GetNodeAccessMode]PropertyName[SeqExpEnable], Ret[0x80000100]
Error   2026-08-19 14:23:36:817  DevID:MV-CU060-10GC(DA1691703)  Source-Line:libMvCameraControl.so(XmlParse.cpp-L3037)  ProcessName:python3.12(115438)     Description:[GetBooleanValue]Get Node Value, Node does not exist, NodeName[SeqExpEnable]
Error   2026-08-19 14:23:36:817  DevID:MV-CU060-10GC(DA1691703)  Source-Line:libMvCameraControl.so(GenICamImpl.cpp-L0551)  ProcessName:python3.12(115438)     Description:[GetBoolValue]Property[SeqExpEnable], Ret[0x80000100]
Error   2026-08-19 14:23:36:817  DevID:MV-CU060-10GC(DA1691703)  Source-Line:libMvCameraControl.so(GenICamImpl.cpp-L1111)  ProcessName:python3.12(115438)     Description:[XML_GetNodeAccessMode]PropertyName[MultiLightControl], Ret[0x80000100]
Error   2026-08-19 14:23:36:817  DevID:MV-CU060-10GC(DA1691703)  Source-Line:libMvCameraControl.so(XmlParse.cpp-L2386)  ProcessName:python3.12(115438)     Description:[GetEnumValue]Get Node Value, Node does not exist, NodeName[MultiLightControl]
Error   2026-08-19 14:23:36:817  DevID:MV-CU060-10GC(DA1691703)  Source-Line:libMvCameraControl.so(GenICamImpl.cpp-L0364)  ProcessName:python3.12(115438)     Description:[GetEnumValue]Property[MultiLightControl], Ret[0x80000100]
Info    2026-08-19 14:23:36:817  DevID:MV-CU060-10GC(DA1691703)  Source-Line:libMvCameraControl.so(GigEStream.cpp-L0067)  ProcessName:python3.12(115438)     Description:[StartAcquisition][GEV]Width[3072], Height[2048], PixelFormat[0x1080009], PayloadSize[6291456], ChunkCount[100], CompressMode[0], DeviceUptime[22283]
Info    2026-08-19 14:23:36:822  DevID:MV-CU060-10GC(DA1691703)  Source-Line:libMvCameraControl.so(StreamGrab.cpp-L0869)  ProcessName:python3.12(115438)     Description:[StartGrabbing]StreamChannel[0], Start grabbing success, There is no registration callback.
Info    2026-08-19 14:23:37:263  DevID:MV-CU060-10GC(DA1691703)  Source-Line:libMvCameraControl.so(StreamGrab.cpp-L0934)  ProcessName:python3.12(115438)     Description:[StopGrabbing]Stop grabbing success! DeviceUptime[22283]
Info    2026-08-19 14:24:04:446  DevID:MV-CU060-10GC(DA1691703)  Source-Line:libMvCameraControl.so(GigEDevice.cpp-L1351)  ProcessName:python3.12(115438)     Description:[IsDeviceConnected]IsDeviceConnected success, Ret[true]
Error   2026-08-19 14:24:04:455  DevID:MV-CU060-10GC(DA1691703)  Source-Line:libMvCameraControl.so(GenICamImpl.cpp-L1111)  ProcessName:python3.12(115438)     Description:[XML_GetNodeAccessMode]PropertyName[PartialImageOutputMode], Ret[0x80000100]
Error   2026-08-19 14:24:04:457  DevID:MV-CU060-10GC(DA1691703)  Source-Line:libMvCameraControl.so(GenICamImpl.cpp-L1111)  ProcessName:python3.12(115438)     Description:[XML_GetNodeAccessMode]PropertyName[SeqExpEnable], Ret[0x80000100]
Error   2026-08-19 14:24:04:457  DevID:MV-CU060-10GC(DA1691703)  Source-Line:libMvCameraControl.so(XmlParse.cpp-L3037)  ProcessName:python3.12(115438)     Description:[GetBooleanValue]Get Node Value, Node does not exist, NodeName[SeqExpEnable]
Error   2026-08-19 14:24:04:457  DevID:MV-CU060-10GC(DA1691703)  Source-Line:libMvCameraControl.so(GenICamImpl.cpp-L0551)  ProcessName:python3.12(115438)     Description:[GetBoolValue]Property[SeqExpEnable], Ret[0x80000100]
Error   2026-08-19 14:24:04:457  DevID:MV-CU060-10GC(DA1691703)  Source-Line:libMvCameraControl.so(GenICamImpl.cpp-L1111)  ProcessName:python3.12(115438)     Description:[XML_GetNodeAccessMode]PropertyName[MultiLightControl], Ret[0x80000100]
Error   2026-08-19 14:24:04:457  DevID:MV-CU060-10GC(DA1691703)  Source-Line:libMvCameraControl.so(XmlParse.cpp-L2386)  ProcessName:python3.12(115438)     Description:[GetEnumValue]Get Node Value, Node does not exist, NodeName[MultiLightControl]
Error   2026-08-19 14:24:04:457  DevID:MV-CU060-10GC(DA1691703)  Source-Line:libMvCameraControl.so(GenICamImpl.cpp-L0364)  ProcessName:python3.12(115438)     Description:[GetEnumValue]Property[MultiLightControl], Ret[0x80000100]
Info    2026-08-19 14:24:04:457  DevID:MV-CU060-10GC(DA1691703)  Source-Line:libMvCameraControl.so(GigEStream.cpp-L0067)  ProcessName:python3.12(115438)     Description:[StartAcquisition][GEV]Width[3072], Height[2048], PixelFormat[0x1080009], PayloadSize[6291456], ChunkCount[100], CompressMode[0], DeviceUptime[22310]
Info    2026-08-19 14:24:04:462  DevID:MV-CU060-10GC(DA1691703)  Source-Line:libMvCameraControl.so(StreamGrab.cpp-L0869)  ProcessName:python3.12(115438)     Description:[StartGrabbing]StreamChannel[0], Start grabbing success, There is no registration callback.
Info    2026-08-19 14:24:04:918  DevID:MV-CU060-10GC(DA1691703)  Source-Line:libMvCameraControl.so(StreamGrab.cpp-L0934)  ProcessName:python3.12(115438)     Description:[StopGrabbing]Stop grabbing success! DeviceUptime[22311]
Info    2026-08-19 14:24:31:338  DevID:MV-CU060-10GC(DA1691703)  Source-Line:libMvCameraControl.so(GigEDevice.cpp-L1351)  ProcessName:python3.12(115438)     Description:[IsDeviceConnected]IsDeviceConnected success, Ret[true]
Error   2026-08-19 14:24:31:347  DevID:MV-CU060-10GC(DA1691703)  Source-Line:libMvCameraControl.so(GenICamImpl.cpp-L1111)  ProcessName:python3.12(115438)     Description:[XML_GetNodeAccessMode]PropertyName[PartialImageOutputMode], Ret[0x80000100]
Error   2026-08-19 14:24:31:349  DevID:MV-CU060-10GC(DA1691703)  Source-Line:libMvCameraControl.so(GenICamImpl.cpp-L1111)  ProcessName:python3.12(115438)     Description:[XML_GetNodeAccessMode]PropertyName[SeqExpEnable], Ret[0x80000100]
Error   2026-08-19 14:24:31:349  DevID:MV-CU060-10GC(DA1691703)  Source-Line:libMvCameraControl.so(XmlParse.cpp-L3037)  ProcessName:python3.12(115438)     Description:[GetBooleanValue]Get Node Value, Node does not exist, NodeName[SeqExpEnable]
Error   2026-08-19 14:24:31:349  DevID:MV-CU060-10GC(DA1691703)  Source-Line:libMvCameraControl.so(GenICamImpl.cpp-L0551)  ProcessName:python3.12(115438)     Description:[GetBoolValue]Property[SeqExpEnable], Ret[0x80000100]
Error   2026-08-19 14:24:31:349  DevID:MV-CU060-10GC(DA1691703)  Source-Line:libMvCameraControl.so(GenICamImpl.cpp-L1111)  ProcessName:python3.12(115438)     Description:[XML_GetNodeAccessMode]PropertyName[MultiLightControl], Ret[0x80000100]
Error   2026-08-19 14:24:31:349  DevID:MV-CU060-10GC(DA1691703)  Source-Line:libMvCameraControl.so(XmlParse.cpp-L2386)  ProcessName:python3.12(115438)     Description:[GetEnumValue]Get Node Value, Node does not exist, NodeName[MultiLightControl]
Error   2026-08-19 14:24:31:349  DevID:MV-CU060-10GC(DA1691703)  Source-Line:libMvCameraControl.so(GenICamImpl.cpp-L0364)  ProcessName:python3.12(115438)     Description:[GetEnumValue]Property[MultiLightControl], Ret[0x80000100]
Info    2026-08-19 14:24:31:349  DevID:MV-CU060-10GC(DA1691703)  Source-Line:libMvCameraControl.so(GigEStream.cpp-L0067)  ProcessName:python3.12(115438)     Description:[StartAcquisition][GEV]Width[3072], Height[2048], PixelFormat[0x1080009], PayloadSize[6291456], ChunkCount[100], CompressMode[0], DeviceUptime[22337]
Info    2026-08-19 14:24:31:354  DevID:MV-CU060-10GC(DA1691703)  Source-Line:libMvCameraControl.so(StreamGrab.cpp-L0869)  ProcessName:python3.12(115438)     Description:[StartGrabbing]StreamChannel[0], Start grabbing success, There is no registration callback.
Info    2026-08-19 14:24:31:826  DevID:MV-CU060-10GC(DA1691703)  Source-Line:libMvCameraControl.so(StreamGrab.cpp-L0934)  ProcessName:python3.12(115438)     Description:[StopGrabbing]Stop grabbing success! DeviceUptime[22338]
Info    2026-08-19 14:24:59:107  DevID:MV-CU060-10GC(DA1691703)  Source-Line:libMvCameraControl.so(GigEDevice.cpp-L1351)  ProcessName:python3.12(115438)     Description:[IsDeviceConnected]IsDeviceConnected success, Ret[true]
Error   2026-08-19 14:24:59:117  DevID:MV-CU060-10GC(DA1691703)  Source-Line:libMvCameraControl.so(GenICamImpl.cpp-L1111)  ProcessName:python3.12(115438)     Description:[XML_GetNodeAccessMode]PropertyName[PartialImageOutputMode], Ret[0x80000100]
Error   2026-08-19 14:24:59:119  DevID:MV-CU060-10GC(DA1691703)  Source-Line:libMvCameraControl.so(GenICamImpl.cpp-L1111)  ProcessName:python3.12(115438)     Description:[XML_GetNodeAccessMode]PropertyName[SeqExpEnable], Ret[0x80000100]
Error   2026-08-19 14:24:59:119  DevID:MV-CU060-10GC(DA1691703)  Source-Line:libMvCameraControl.so(XmlParse.cpp-L3037)  ProcessName:python3.12(115438)     Description:[GetBooleanValue]Get Node Value, Node does not exist, NodeName[SeqExpEnable]
Error   2026-08-19 14:24:59:119  DevID:MV-CU060-10GC(DA1691703)  Source-Line:libMvCameraControl.so(GenICamImpl.cpp-L0551)  ProcessName:python3.12(115438)     Description:[GetBoolValue]Property[SeqExpEnable], Ret[0x80000100]
Error   2026-08-19 14:24:59:119  DevID:MV-CU060-10GC(DA1691703)  Source-Line:libMvCameraControl.so(GenICamImpl.cpp-L1111)  ProcessName:python3.12(115438)     Description:[XML_GetNodeAccessMode]PropertyName[MultiLightControl], Ret[0x80000100]
Error   2026-08-19 14:24:59:119  DevID:MV-CU060-10GC(DA1691703)  Source-Line:libMvCameraControl.so(XmlParse.cpp-L2386)  ProcessName:python3.12(115438)     Description:[GetEnumValue]Get Node Value, Node does not exist, NodeName[MultiLightControl]
Error   2026-08-19 14:24:59:119  DevID:MV-CU060-10GC(DA1691703)  Source-Line:libMvCameraControl.so(GenICamImpl.cpp-L0364)  ProcessName:python3.12(115438)     Description:[GetEnumValue]Property[MultiLightControl], Ret[0x80000100]
Info    2026-08-19 14:24:59:119  DevID:MV-CU060-10GC(DA1691703)  Source-Line:libMvCameraControl.so(GigEStream.cpp-L0067)  ProcessName:python3.12(115438)     Description:[StartAcquisition][GEV]Width[3072], Height[2048], PixelFormat[0x1080009], PayloadSize[6291456], ChunkCount[100], CompressMode[0], DeviceUptime[22365]
Info    2026-08-19 14:24:59:124  DevID:MV-CU060-10GC(DA1691703)  Source-Line:libMvCameraControl.so(StreamGrab.cpp-L0869)  ProcessName:python3.12(115438)     Description:[StartGrabbing]StreamChannel[0], Start grabbing success, There is no registration callback.
Info    2026-08-19 14:24:59:627  DevID:MV-CU060-10GC(DA1691703)  Source-Line:libMvCameraControl.so(StreamGrab.cpp-L0934)  ProcessName:python3.12(115438)     Description:[StopGrabbing]Stop grabbing success! DeviceUptime[22366]
Info    2026-08-19 14:25:26:532  DevID:MV-CU060-10GC(DA1691703)  Source-Line:libMvCameraControl.so(GigEDevice.cpp-L1351)  ProcessName:python3.12(115438)     Description:[IsDeviceConnected]IsDeviceConnected success, Ret[true]
Error   2026-08-19 14:25:26:542  DevID:MV-CU060-10GC(DA1691703)  Source-Line:libMvCameraControl.so(GenICamImpl.cpp-L1111)  ProcessName:python3.12(115438)     Description:[XML_GetNodeAccessMode]PropertyName[PartialImageOutputMode], Ret[0x80000100]
Error   2026-08-19 14:25:26:544  DevID:MV-CU060-10GC(DA1691703)  Source-Line:libMvCameraControl.so(GenICamImpl.cpp-L1111)  ProcessName:python3.12(115438)     Description:[XML_GetNodeAccessMode]PropertyName[SeqExpEnable], Ret[0x80000100]
Error   2026-08-19 14:25:26:544  DevID:MV-CU060-10GC(DA1691703)  Source-Line:libMvCameraControl.so(XmlParse.cpp-L3037)  ProcessName:python3.12(115438)     Description:[GetBooleanValue]Get Node Value, Node does not exist, NodeName[SeqExpEnable]
Error   2026-08-19 14:25:26:544  DevID:MV-CU060-10GC(DA1691703)  Source-Line:libMvCameraControl.so(GenICamImpl.cpp-L0551)  ProcessName:python3.12(115438)     Description:[GetBoolValue]Property[SeqExpEnable], Ret[0x80000100]
Error   2026-08-19 14:25:26:544  DevID:MV-CU060-10GC(DA1691703)  Source-Line:libMvCameraControl.so(GenICamImpl.cpp-L1111)  ProcessName:python3.12(115438)     Description:[XML_GetNodeAccessMode]PropertyName[MultiLightControl], Ret[0x80000100]
Error   2026-08-19 14:25:26:544  DevID:MV-CU060-10GC(DA1691703)  Source-Line:libMvCameraControl.so(XmlParse.cpp-L2386)  ProcessName:python3.12(115438)     Description:[GetEnumValue]Get Node Value, Node does not exist, NodeName[MultiLightControl]
Error   2026-08-19 14:25:26:544  DevID:MV-CU060-10GC(DA1691703)  Source-Line:libMvCameraControl.so(GenICamImpl.cpp-L0364)  ProcessName:python3.12(115438)     Description:[GetEnumValue]Property[MultiLightControl], Ret[0x80000100]
Info    2026-08-19 14:25:26:544  DevID:MV-CU060-10GC(DA1691703)  Source-Line:libMvCameraControl.so(GigEStream.cpp-L0067)  ProcessName:python3.12(115438)     Description:[StartAcquisition][GEV]Width[3072], Height[2048], PixelFormat[0x1080009], PayloadSize[6291456], ChunkCount[100], CompressMode[0], DeviceUptime[22393]
Info    2026-08-19 14:25:26:549  DevID:MV-CU060-10GC(DA1691703)  Source-Line:libMvCameraControl.so(StreamGrab.cpp-L0869)  ProcessName:python3.12(115438)     Description:[StartGrabbing]StreamChannel[0], Start grabbing success, There is no registration callback.
Info    2026-08-19 14:25:26:001  DevID:MV-CU060-10GC(DA1691703)  Source-Line:libMvCameraControl.so(StreamGrab.cpp-L0934)  ProcessName:python3.12(115438)     Description:[StopGrabbing]Stop grabbing success! DeviceUptime[22393]
Info    2026-08-19 14:25:52:910  DevID:MV-CU060-10GC(DA1691703)  Source-Line:libMvCameraControl.so(GigEDevice.cpp-L1351)  ProcessName:python3.12(115438)     Description:[IsDeviceConnected]IsDeviceConnected success, Ret[true]
Error   2026-08-19 14:25:52:917  DevID:MV-CU060-10GC(DA1691703)  Source-Line:libMvCameraControl.so(GenICamImpl.cpp-L1111)  ProcessName:python3.12(115438)     Description:[XML_GetNodeAccessMode]PropertyName[PartialImageOutputMode], Ret[0x80000100]
Error   2026-08-19 14:25:52:919  DevID:MV-CU060-10GC(DA1691703)  Source-Line:libMvCameraControl.so(GenICamImpl.cpp-L1111)  ProcessName:python3.12(115438)     Description:[XML_GetNodeAccessMode]PropertyName[SeqExpEnable], Ret[0x80000100]
Error   2026-08-19 14:25:52:919  DevID:MV-CU060-10GC(DA1691703)  Source-Line:libMvCameraControl.so(XmlParse.cpp-L3037)  ProcessName:python3.12(115438)     Description:[GetBooleanValue]Get Node Value, Node does not exist, NodeName[SeqExpEnable]
Error   2026-08-19 14:25:52:919  DevID:MV-CU060-10GC(DA1691703)  Source-Line:libMvCameraControl.so(GenICamImpl.cpp-L0551)  ProcessName:python3.12(115438)     Description:[GetBoolValue]Property[SeqExpEnable], Ret[0x80000100]
Error   2026-08-19 14:25:52:919  DevID:MV-CU060-10GC(DA1691703)  Source-Line:libMvCameraControl.so(GenICamImpl.cpp-L1111)  ProcessName:python3.12(115438)     Description:[XML_GetNodeAccessMode]PropertyName[MultiLightControl], Ret[0x80000100]
Error   2026-08-19 14:25:52:919  DevID:MV-CU060-10GC(DA1691703)  Source-Line:libMvCameraControl.so(XmlParse.cpp-L2386)  ProcessName:python3.12(115438)     Description:[GetEnumValue]Get Node Value, Node does not exist, NodeName[MultiLightControl]
Error   2026-08-19 14:25:52:919  DevID:MV-CU060-10GC(DA1691703)  Source-Line:libMvCameraControl.so(GenICamImpl.cpp-L0364)  ProcessName:python3.12(115438)     Description:[GetEnumValue]Property[MultiLightControl], Ret[0x80000100]
Info    2026-08-19 14:25:52:919  DevID:MV-CU060-10GC(DA1691703)  Source-Line:libMvCameraControl.so(GigEStream.cpp-L0067)  ProcessName:python3.12(115438)     Description:[StartAcquisition][GEV]Width[3072], Height[2048], PixelFormat[0x1080009], PayloadSize[6291456], ChunkCount[100], CompressMode[0], DeviceUptime[22419]
Info    2026-08-19 14:25:52:924  DevID:MV-CU060-10GC(DA1691703)  Source-Line:libMvCameraControl.so(StreamGrab.cpp-L0869)  ProcessName:python3.12(115438)     Description:[StartGrabbing]StreamChannel[0], Start grabbing success, There is no registration callback.
Info    2026-08-19 14:25:53:384  DevID:MV-CU060-10GC(DA1691703)  Source-Line:libMvCameraControl.so(StreamGrab.cpp-L0934)  ProcessName:python3.12(115438)     Description:[StopGrabbing]Stop grabbing success! DeviceUptime[22419]
Info    2026-08-19 14:26:21:264  DevID:MV-CU060-10GC(DA1691703)  Source-Line:libMvCameraControl.so(GigEDevice.cpp-L1351)  ProcessName:python3.12(115438)     Description:[IsDeviceConnected]IsDeviceConnected success, Ret[true]
Error   2026-08-19 14:26:21:274  DevID:MV-CU060-10GC(DA1691703)  Source-Line:libMvCameraControl.so(GenICamImpl.cpp-L1111)  ProcessName:python3.12(115438)     Description:[XML_GetNodeAccessMode]PropertyName[PartialImageOutputMode], Ret[0x80000100]
Error   2026-08-19 14:26:21:276  DevID:MV-CU060-10GC(DA1691703)  Source-Line:libMvCameraControl.so(GenICamImpl.cpp-L1111)  ProcessName:python3.12(115438)     Description:[XML_GetNodeAccessMode]PropertyName[SeqExpEnable], Ret[0x80000100]
Error   2026-08-19 14:26:21:276  DevID:MV-CU060-10GC(DA1691703)  Source-Line:libMvCameraControl.so(XmlParse.cpp-L3037)  ProcessName:python3.12(115438)     Description:[GetBooleanValue]Get Node Value, Node does not exist, NodeName[SeqExpEnable]
Error   2026-08-19 14:26:21:276  DevID:MV-CU060-10GC(DA1691703)  Source-Line:libMvCameraControl.so(GenICamImpl.cpp-L0551)  ProcessName:python3.12(115438)     Description:[GetBoolValue]Property[SeqExpEnable], Ret[0x80000100]
Error   2026-08-19 14:26:21:276  DevID:MV-CU060-10GC(DA1691703)  Source-Line:libMvCameraControl.so(GenICamImpl.cpp-L1111)  ProcessName:python3.12(115438)     Description:[XML_GetNodeAccessMode]PropertyName[MultiLightControl], Ret[0x80000100]
Error   2026-08-19 14:26:21:276  DevID:MV-CU060-10GC(DA1691703)  Source-Line:libMvCameraControl.so(XmlParse.cpp-L2386)  ProcessName:python3.12(115438)     Description:[GetEnumValue]Get Node Value, Node does not exist, NodeName[MultiLightControl]
Error   2026-08-19 14:26:21:276  DevID:MV-CU060-10GC(DA1691703)  Source-Line:libMvCameraControl.so(GenICamImpl.cpp-L0364)  ProcessName:python3.12(115438)     Description:[GetEnumValue]Property[MultiLightControl], Ret[0x80000100]
Info    2026-08-19 14:26:21:276  DevID:MV-CU060-10GC(DA1691703)  Source-Line:libMvCameraControl.so(GigEStream.cpp-L0067)  ProcessName:python3.12(115438)     Description:[StartAcquisition][GEV]Width[3072], Height[2048], PixelFormat[0x1080009], PayloadSize[6291456], ChunkCount[100], CompressMode[0], DeviceUptime[22447]
Info    2026-08-19 14:26:21:281  DevID:MV-CU060-10GC(DA1691703)  Source-Line:libMvCameraControl.so(StreamGrab.cpp-L0869)  ProcessName:python3.12(115438)     Description:[StartGrabbing]StreamChannel[0], Start grabbing success, There is no registration callback.
Info    2026-08-19 14:26:21:732  DevID:MV-CU060-10GC(DA1691703)  Source-Line:libMvCameraControl.so(StreamGrab.cpp-L0934)  ProcessName:python3.12(115438)     Description:[StopGrabbing]Stop grabbing success! DeviceUptime[22448]
Info    2026-08-19 14:26:47:272  DevID:MV-CU060-10GC(DA1691703)  Source-Line:libMvCameraControl.so(GigEDevice.cpp-L1351)  ProcessName:python3.12(115438)     Description:[IsDeviceConnected]IsDeviceConnected success, Ret[true]
Error   2026-08-19 14:26:47:281  DevID:MV-CU060-10GC(DA1691703)  Source-Line:libMvCameraControl.so(GenICamImpl.cpp-L1111)  ProcessName:python3.12(115438)     Description:[XML_GetNodeAccessMode]PropertyName[PartialImageOutputMode], Ret[0x80000100]
Error   2026-08-19 14:26:47:283  DevID:MV-CU060-10GC(DA1691703)  Source-Line:libMvCameraControl.so(GenICamImpl.cpp-L1111)  ProcessName:python3.12(115438)     Description:[XML_GetNodeAccessMode]PropertyName[SeqExpEnable], Ret[0x80000100]
Error   2026-08-19 14:26:47:283  DevID:MV-CU060-10GC(DA1691703)  Source-Line:libMvCameraControl.so(XmlParse.cpp-L3037)  ProcessName:python3.12(115438)     Description:[GetBooleanValue]Get Node Value, Node does not exist, NodeName[SeqExpEnable]
Error   2026-08-19 14:26:47:283  DevID:MV-CU060-10GC(DA1691703)  Source-Line:libMvCameraControl.so(GenICamImpl.cpp-L0551)  ProcessName:python3.12(115438)     Description:[GetBoolValue]Property[SeqExpEnable], Ret[0x80000100]
Error   2026-08-19 14:26:47:283  DevID:MV-CU060-10GC(DA1691703)  Source-Line:libMvCameraControl.so(GenICamImpl.cpp-L1111)  ProcessName:python3.12(115438)     Description:[XML_GetNodeAccessMode]PropertyName[MultiLightControl], Ret[0x80000100]
Error   2026-08-19 14:26:47:283  DevID:MV-CU060-10GC(DA1691703)  Source-Line:libMvCameraControl.so(XmlParse.cpp-L2386)  ProcessName:python3.12(115438)     Description:[GetEnumValue]Get Node Value, Node does not exist, NodeName[MultiLightControl]
Error   2026-08-19 14:26:47:283  DevID:MV-CU060-10GC(DA1691703)  Source-Line:libMvCameraControl.so(GenICamImpl.cpp-L0364)  ProcessName:python3.12(115438)     Description:[GetEnumValue]Property[MultiLightControl], Ret[0x80000100]
Info    2026-08-19 14:26:47:283  DevID:MV-CU060-10GC(DA1691703)  Source-Line:libMvCameraControl.so(GigEStream.cpp-L0067)  ProcessName:python3.12(115438)     Description:[StartAcquisition][GEV]Width[3072], Height[2048], PixelFormat[0x1080009], PayloadSize[6291456], ChunkCount[100], CompressMode[0], DeviceUptime[22473]
Info    2026-08-19 14:26:47:288  DevID:MV-CU060-10GC(DA1691703)  Source-Line:libMvCameraControl.so(StreamGrab.cpp-L0869)  ProcessName:python3.12(115438)     Description:[StartGrabbing]StreamChannel[0], Start grabbing success, There is no registration callback.
Info    2026-08-19 14:26:47:839  DevID:MV-CU060-10GC(DA1691703)  Source-Line:libMvCameraControl.so(StreamGrab.cpp-L0934)  ProcessName:python3.12(115438)     Description:[StopGrabbing]Stop grabbing success! DeviceUptime[22474]
Info    2026-08-19 14:27:13:474  DevID:MV-CU060-10GC(DA1691703)  Source-Line:libMvCameraControl.so(GigEDevice.cpp-L1351)  ProcessName:python3.12(115438)     Description:[IsDeviceConnected]IsDeviceConnected success, Ret[true]
Error   2026-08-19 14:27:13:483  DevID:MV-CU060-10GC(DA1691703)  Source-Line:libMvCameraControl.so(GenICamImpl.cpp-L1111)  ProcessName:python3.12(115438)     Description:[XML_GetNodeAccessMode]PropertyName[PartialImageOutputMode], Ret[0x80000100]
Error   2026-08-19 14:27:13:485  DevID:MV-CU060-10GC(DA1691703)  Source-Line:libMvCameraControl.so(GenICamImpl.cpp-L1111)  ProcessName:python3.12(115438)     Description:[XML_GetNodeAccessMode]PropertyName[SeqExpEnable], Ret[0x80000100]
Error   2026-08-19 14:27:13:486  DevID:MV-CU060-10GC(DA1691703)  Source-Line:libMvCameraControl.so(XmlParse.cpp-L3037)  ProcessName:python3.12(115438)     Description:[GetBooleanValue]Get Node Value, Node does not exist, NodeName[SeqExpEnable]
Error   2026-08-19 14:27:13:486  DevID:MV-CU060-10GC(DA1691703)  Source-Line:libMvCameraControl.so(GenICamImpl.cpp-L0551)  ProcessName:python3.12(115438)     Description:[GetBoolValue]Property[SeqExpEnable], Ret[0x80000100]
Error   2026-08-19 14:27:13:486  DevID:MV-CU060-10GC(DA1691703)  Source-Line:libMvCameraControl.so(GenICamImpl.cpp-L1111)  ProcessName:python3.12(115438)     Description:[XML_GetNodeAccessMode]PropertyName[MultiLightControl], Ret[0x80000100]
Error   2026-08-19 14:27:13:486  DevID:MV-CU060-10GC(DA1691703)  Source-Line:libMvCameraControl.so(XmlParse.cpp-L2386)  ProcessName:python3.12(115438)     Description:[GetEnumValue]Get Node Value, Node does not exist, NodeName[MultiLightControl]
Error   2026-08-19 14:27:13:486  DevID:MV-CU060-10GC(DA1691703)  Source-Line:libMvCameraControl.so(GenICamImpl.cpp-L0364)  ProcessName:python3.12(115438)     Description:[GetEnumValue]Property[MultiLightControl], Ret[0x80000100]
Info    2026-08-19 14:27:13:486  DevID:MV-CU060-10GC(DA1691703)  Source-Line:libMvCameraControl.so(GigEStream.cpp-L0067)  ProcessName:python3.12(115438)     Description:[StartAcquisition][GEV]Width[3072], Height[2048], PixelFormat[0x1080009], PayloadSize[6291456], ChunkCount[100], CompressMode[0], DeviceUptime[22499]
Info    2026-08-19 14:27:13:492  DevID:MV-CU060-10GC(DA1691703)  Source-Line:libMvCameraControl.so(StreamGrab.cpp-L0869)  ProcessName:python3.12(115438)     Description:[StartGrabbing]StreamChannel[0], Start grabbing success, There is no registration callback.
Info    2026-08-19 14:27:13:943  DevID:MV-CU060-10GC(DA1691703)  Source-Line:libMvCameraControl.so(StreamGrab.cpp-L0934)  ProcessName:python3.12(115438)     Description:[StopGrabbing]Stop grabbing success! DeviceUptime[22500]
Info    2026-08-19 14:27:40:006  DevID:MV-CU060-10GC(DA1691703)  Source-Line:libMvCameraControl.so(GigEDevice.cpp-L1351)  ProcessName:python3.12(115438)     Description:[IsDeviceConnected]IsDeviceConnected success, Ret[true]
Error   2026-08-19 14:27:40:016  DevID:MV-CU060-10GC(DA1691703)  Source-Line:libMvCameraControl.so(GenICamImpl.cpp-L1111)  ProcessName:python3.12(115438)     Description:[XML_GetNodeAccessMode]PropertyName[PartialImageOutputMode], Ret[0x80000100]
Error   2026-08-19 14:27:40:018  DevID:MV-CU060-10GC(DA1691703)  Source-Line:libMvCameraControl.so(GenICamImpl.cpp-L1111)  ProcessName:python3.12(115438)     Description:[XML_GetNodeAccessMode]PropertyName[SeqExpEnable], Ret[0x80000100]
Error   2026-08-19 14:27:40:018  DevID:MV-CU060-10GC(DA1691703)  Source-Line:libMvCameraControl.so(XmlParse.cpp-L3037)  ProcessName:python3.12(115438)     Description:[GetBooleanValue]Get Node Value, Node does not exist, NodeName[SeqExpEnable]
Error   2026-08-19 14:27:40:018  DevID:MV-CU060-10GC(DA1691703)  Source-Line:libMvCameraControl.so(GenICamImpl.cpp-L0551)  ProcessName:python3.12(115438)     Description:[GetBoolValue]Property[SeqExpEnable], Ret[0x80000100]
Error   2026-08-19 14:27:40:018  DevID:MV-CU060-10GC(DA1691703)  Source-Line:libMvCameraControl.so(GenICamImpl.cpp-L1111)  ProcessName:python3.12(115438)     Description:[XML_GetNodeAccessMode]PropertyName[MultiLightControl], Ret[0x80000100]
Error   2026-08-19 14:27:40:018  DevID:MV-CU060-10GC(DA1691703)  Source-Line:libMvCameraControl.so(XmlParse.cpp-L2386)  ProcessName:python3.12(115438)     Description:[GetEnumValue]Get Node Value, Node does not exist, NodeName[MultiLightControl]
Error   2026-08-19 14:27:40:018  DevID:MV-CU060-10GC(DA1691703)  Source-Line:libMvCameraControl.so(GenICamImpl.cpp-L0364)  ProcessName:python3.12(115438)     Description:[GetEnumValue]Property[MultiLightControl], Ret[0x80000100]
Info    2026-08-19 14:27:40:018  DevID:MV-CU060-10GC(DA1691703)  Source-Line:libMvCameraControl.so(GigEStream.cpp-L0067)  ProcessName:python3.12(115438)     Description:[StartAcquisition][GEV]Width[3072], Height[2048], PixelFormat[0x1080009], PayloadSize[6291456], ChunkCount[100], CompressMode[0], DeviceUptime[22526]
Info    2026-08-19 14:27:40:023  DevID:MV-CU060-10GC(DA1691703)  Source-Line:libMvCameraControl.so(StreamGrab.cpp-L0869)  ProcessName:python3.12(115438)     Description:[StartGrabbing]StreamChannel[0], Start grabbing success, There is no registration callback.
Info    2026-08-19 14:27:40:477  DevID:MV-CU060-10GC(DA1691703)  Source-Line:libMvCameraControl.so(StreamGrab.cpp-L0934)  ProcessName:python3.12(115438)     Description:[StopGrabbing]Stop grabbing success! DeviceUptime[22526]
Info    2026-08-19 14:28:06:367  DevID:MV-CU060-10GC(DA1691703)  Source-Line:libMvCameraControl.so(GigEDevice.cpp-L1351)  ProcessName:python3.12(115438)     Description:[IsDeviceConnected]IsDeviceConnected success, Ret[true]
Error   2026-08-19 14:28:06:377  DevID:MV-CU060-10GC(DA1691703)  Source-Line:libMvCameraControl.so(GenICamImpl.cpp-L1111)  ProcessName:python3.12(115438)     Description:[XML_GetNodeAccessMode]PropertyName[PartialImageOutputMode], Ret[0x80000100]
Error   2026-08-19 14:28:06:379  DevID:MV-CU060-10GC(DA1691703)  Source-Line:libMvCameraControl.so(GenICamImpl.cpp-L1111)  ProcessName:python3.12(115438)     Description:[XML_GetNodeAccessMode]PropertyName[SeqExpEnable], Ret[0x80000100]
Error   2026-08-19 14:28:06:379  DevID:MV-CU060-10GC(DA1691703)  Source-Line:libMvCameraControl.so(XmlParse.cpp-L3037)  ProcessName:python3.12(115438)     Description:[GetBooleanValue]Get Node Value, Node does not exist, NodeName[SeqExpEnable]
Error   2026-08-19 14:28:06:379  DevID:MV-CU060-10GC(DA1691703)  Source-Line:libMvCameraControl.so(GenICamImpl.cpp-L0551)  ProcessName:python3.12(115438)     Description:[GetBoolValue]Property[SeqExpEnable], Ret[0x80000100]
Error   2026-08-19 14:28:06:379  DevID:MV-CU060-10GC(DA1691703)  Source-Line:libMvCameraControl.so(GenICamImpl.cpp-L1111)  ProcessName:python3.12(115438)     Description:[XML_GetNodeAccessMode]PropertyName[MultiLightControl], Ret[0x80000100]
Error   2026-08-19 14:28:06:379  DevID:MV-CU060-10GC(DA1691703)  Source-Line:libMvCameraControl.so(XmlParse.cpp-L2386)  ProcessName:python3.12(115438)     Description:[GetEnumValue]Get Node Value, Node does not exist, NodeName[MultiLightControl]
Error   2026-08-19 14:28:06:379  DevID:MV-CU060-10GC(DA1691703)  Source-Line:libMvCameraControl.so(GenICamImpl.cpp-L0364)  ProcessName:python3.12(115438)     Description:[GetEnumValue]Property[MultiLightControl], Ret[0x80000100]
Info    2026-08-19 14:28:06:379  DevID:MV-CU060-10GC(DA1691703)  Source-Line:libMvCameraControl.so(GigEStream.cpp-L0067)  ProcessName:python3.12(115438)     Description:[StartAcquisition][GEV]Width[3072], Height[2048], PixelFormat[0x1080009], PayloadSize[6291456], ChunkCount[100], CompressMode[0], DeviceUptime[22552]
Info    2026-08-19 14:28:06:384  DevID:MV-CU060-10GC(DA1691703)  Source-Line:libMvCameraControl.so(StreamGrab.cpp-L0869)  ProcessName:python3.12(115438)     Description:[StartGrabbing]StreamChannel[0], Start grabbing success, There is no registration callback.
Info    2026-08-19 14:28:06:880  DevID:MV-CU060-10GC(DA1691703)  Source-Line:libMvCameraControl.so(StreamGrab.cpp-L0934)  ProcessName:python3.12(115438)     Description:[StopGrabbing]Stop grabbing success! DeviceUptime[22553]
Info    2026-08-19 14:28:33:991  DevID:MV-CU060-10GC(DA1691703)  Source-Line:libMvCameraControl.so(GigEDevice.cpp-L1351)  ProcessName:python3.12(115438)     Description:[IsDeviceConnected]IsDeviceConnected success, Ret[true]
Error   2026-08-19 14:28:34:003  DevID:MV-CU060-10GC(DA1691703)  Source-Line:libMvCameraControl.so(GenICamImpl.cpp-L1111)  ProcessName:python3.12(115438)     Description:[XML_GetNodeAccessMode]PropertyName[PartialImageOutputMode], Ret[0x80000100]
Error   2026-08-19 14:28:34:005  DevID:MV-CU060-10GC(DA1691703)  Source-Line:libMvCameraControl.so(GenICamImpl.cpp-L1111)  ProcessName:python3.12(115438)     Description:[XML_GetNodeAccessMode]PropertyName[SeqExpEnable], Ret[0x80000100]
Error   2026-08-19 14:28:34:005  DevID:MV-CU060-10GC(DA1691703)  Source-Line:libMvCameraControl.so(XmlParse.cpp-L3037)  ProcessName:python3.12(115438)     Description:[GetBooleanValue]Get Node Value, Node does not exist, NodeName[SeqExpEnable]
Error   2026-08-19 14:28:34:005  DevID:MV-CU060-10GC(DA1691703)  Source-Line:libMvCameraControl.so(GenICamImpl.cpp-L0551)  ProcessName:python3.12(115438)     Description:[GetBoolValue]Property[SeqExpEnable], Ret[0x80000100]
Error   2026-08-19 14:28:34:005  DevID:MV-CU060-10GC(DA1691703)  Source-Line:libMvCameraControl.so(GenICamImpl.cpp-L1111)  ProcessName:python3.12(115438)     Description:[XML_GetNodeAccessMode]PropertyName[MultiLightControl], Ret[0x80000100]
Error   2026-08-19 14:28:34:005  DevID:MV-CU060-10GC(DA1691703)  Source-Line:libMvCameraControl.so(XmlParse.cpp-L2386)  ProcessName:python3.12(115438)     Description:[GetEnumValue]Get Node Value, Node does not exist, NodeName[MultiLightControl]
Error   2026-08-19 14:28:34:005  DevID:MV-CU060-10GC(DA1691703)  Source-Line:libMvCameraControl.so(GenICamImpl.cpp-L0364)  ProcessName:python3.12(115438)     Description:[GetEnumValue]Property[MultiLightControl], Ret[0x80000100]
Info    2026-08-19 14:28:34:005  DevID:MV-CU060-10GC(DA1691703)  Source-Line:libMvCameraControl.so(GigEStream.cpp-L0067)  ProcessName:python3.12(115438)     Description:[StartAcquisition][GEV]Width[3072], Height[2048], PixelFormat[0x1080009], PayloadSize[6291456], ChunkCount[100], CompressMode[0], DeviceUptime[22580]
Info    2026-08-19 14:28:34:011  DevID:MV-CU060-10GC(DA1691703)  Source-Line:libMvCameraControl.so(StreamGrab.cpp-L0869)  ProcessName:python3.12(115438)     Description:[StartGrabbing]StreamChannel[0], Start grabbing success, There is no registration callback.
Info    2026-08-19 14:28:34:660  DevID:MV-CU060-10GC(DA1691703)  Source-Line:libMvCameraControl.so(StreamGrab.cpp-L0934)  ProcessName:python3.12(115438)     Description:[StopGrabbing]Stop grabbing success! DeviceUptime[22581]
Info    2026-08-19 14:29:00:085  DevID:MV-CU060-10GC(DA1691703)  Source-Line:libMvCameraControl.so(GigEDevice.cpp-L1351)  ProcessName:python3.12(115438)     Description:[IsDeviceConnected]IsDeviceConnected success, Ret[true]
Error   2026-08-19 14:29:00:095  DevID:MV-CU060-10GC(DA1691703)  Source-Line:libMvCameraControl.so(GenICamImpl.cpp-L1111)  ProcessName:python3.12(115438)     Description:[XML_GetNodeAccessMode]PropertyName[PartialImageOutputMode], Ret[0x80000100]
Error   2026-08-19 14:29:00:097  DevID:MV-CU060-10GC(DA1691703)  Source-Line:libMvCameraControl.so(GenICamImpl.cpp-L1111)  ProcessName:python3.12(115438)     Description:[XML_GetNodeAccessMode]PropertyName[SeqExpEnable], Ret[0x80000100]
Error   2026-08-19 14:29:00:097  DevID:MV-CU060-10GC(DA1691703)  Source-Line:libMvCameraControl.so(XmlParse.cpp-L3037)  ProcessName:python3.12(115438)     Description:[GetBooleanValue]Get Node Value, Node does not exist, NodeName[SeqExpEnable]
Error   2026-08-19 14:29:00:097  DevID:MV-CU060-10GC(DA1691703)  Source-Line:libMvCameraControl.so(GenICamImpl.cpp-L0551)  ProcessName:python3.12(115438)     Description:[GetBoolValue]Property[SeqExpEnable], Ret[0x80000100]
Error   2026-08-19 14:29:00:097  DevID:MV-CU060-10GC(DA1691703)  Source-Line:libMvCameraControl.so(GenICamImpl.cpp-L1111)  ProcessName:python3.12(115438)     Description:[XML_GetNodeAccessMode]PropertyName[MultiLightControl], Ret[0x80000100]
Error   2026-08-19 14:29:00:097  DevID:MV-CU060-10GC(DA1691703)  Source-Line:libMvCameraControl.so(XmlParse.cpp-L2386)  ProcessName:python3.12(115438)     Description:[GetEnumValue]Get Node Value, Node does not exist, NodeName[MultiLightControl]
Error   2026-08-19 14:29:00:097  DevID:MV-CU060-10GC(DA1691703)  Source-Line:libMvCameraControl.so(GenICamImpl.cpp-L0364)  ProcessName:python3.12(115438)     Description:[GetEnumValue]Property[MultiLightControl], Ret[0x80000100]
Info    2026-08-19 14:29:00:097  DevID:MV-CU060-10GC(DA1691703)  Source-Line:libMvCameraControl.so(GigEStream.cpp-L0067)  ProcessName:python3.12(115438)     Description:[StartAcquisition][GEV]Width[3072], Height[2048], PixelFormat[0x1080009], PayloadSize[6291456], ChunkCount[100], CompressMode[0], DeviceUptime[22606]
Info    2026-08-19 14:29:00:102  DevID:MV-CU060-10GC(DA1691703)  Source-Line:libMvCameraControl.so(StreamGrab.cpp-L0869)  ProcessName:python3.12(115438)     Description:[StartGrabbing]StreamChannel[0], Start grabbing success, There is no registration callback.
Info    2026-08-19 14:29:00:551  DevID:MV-CU060-10GC(DA1691703)  Source-Line:libMvCameraControl.so(StreamGrab.cpp-L0934)  ProcessName:python3.12(115438)     Description:[StopGrabbing]Stop grabbing success! DeviceUptime[22607]
Info    2026-08-19 14:29:28:794  DevID:MV-CU060-10GC(DA1691703)  Source-Line:libMvCameraControl.so(GigEDevice.cpp-L1351)  ProcessName:python3.12(115438)     Description:[IsDeviceConnected]IsDeviceConnected success, Ret[true]
Error   2026-08-19 14:29:28:804  DevID:MV-CU060-10GC(DA1691703)  Source-Line:libMvCameraControl.so(GenICamImpl.cpp-L1111)  ProcessName:python3.12(115438)     Description:[XML_GetNodeAccessMode]PropertyName[PartialImageOutputMode], Ret[0x80000100]
Error   2026-08-19 14:29:28:806  DevID:MV-CU060-10GC(DA1691703)  Source-Line:libMvCameraControl.so(GenICamImpl.cpp-L1111)  ProcessName:python3.12(115438)     Description:[XML_GetNodeAccessMode]PropertyName[SeqExpEnable], Ret[0x80000100]
Error   2026-08-19 14:29:28:806  DevID:MV-CU060-10GC(DA1691703)  Source-Line:libMvCameraControl.so(XmlParse.cpp-L3037)  ProcessName:python3.12(115438)     Description:[GetBooleanValue]Get Node Value, Node does not exist, NodeName[SeqExpEnable]
Error   2026-08-19 14:29:28:806  DevID:MV-CU060-10GC(DA1691703)  Source-Line:libMvCameraControl.so(GenICamImpl.cpp-L0551)  ProcessName:python3.12(115438)     Description:[GetBoolValue]Property[SeqExpEnable], Ret[0x80000100]
Error   2026-08-19 14:29:28:806  DevID:MV-CU060-10GC(DA1691703)  Source-Line:libMvCameraControl.so(GenICamImpl.cpp-L1111)  ProcessName:python3.12(115438)     Description:[XML_GetNodeAccessMode]PropertyName[MultiLightControl], Ret[0x80000100]
Error   2026-08-19 14:29:28:806  DevID:MV-CU060-10GC(DA1691703)  Source-Line:libMvCameraControl.so(XmlParse.cpp-L2386)  ProcessName:python3.12(115438)     Description:[GetEnumValue]Get Node Value, Node does not exist, NodeName[MultiLightControl]
Error   2026-08-19 14:29:28:806  DevID:MV-CU060-10GC(DA1691703)  Source-Line:libMvCameraControl.so(GenICamImpl.cpp-L0364)  ProcessName:python3.12(115438)     Description:[GetEnumValue]Property[MultiLightControl], Ret[0x80000100]
Info    2026-08-19 14:29:28:806  DevID:MV-CU060-10GC(DA1691703)  Source-Line:libMvCameraControl.so(GigEStream.cpp-L0067)  ProcessName:python3.12(115438)     Description:[StartAcquisition][GEV]Width[3072], Height[2048], PixelFormat[0x1080009], PayloadSize[6291456], ChunkCount[100], CompressMode[0], DeviceUptime[22635]
Info    2026-08-19 14:29:28:811  DevID:MV-CU060-10GC(DA1691703)  Source-Line:libMvCameraControl.so(StreamGrab.cpp-L0869)  ProcessName:python3.12(115438)     Description:[StartGrabbing]StreamChannel[0], Start grabbing success, There is no registration callback.
Info    2026-08-19 14:29:29:264  DevID:MV-CU060-10GC(DA1691703)  Source-Line:libMvCameraControl.so(StreamGrab.cpp-L0934)  ProcessName:python3.12(115438)     Description:[StopGrabbing]Stop grabbing success! DeviceUptime[22635]
Info    2026-08-19 14:29:57:092  DevID:MV-CU060-10GC(DA1691703)  Source-Line:libMvCameraControl.so(GigEDevice.cpp-L1351)  ProcessName:python3.12(115438)     Description:[IsDeviceConnected]IsDeviceConnected success, Ret[true]
Error   2026-08-19 14:29:57:102  DevID:MV-CU060-10GC(DA1691703)  Source-Line:libMvCameraControl.so(GenICamImpl.cpp-L1111)  ProcessName:python3.12(115438)     Description:[XML_GetNodeAccessMode]PropertyName[PartialImageOutputMode], Ret[0x80000100]
Error   2026-08-19 14:29:57:104  DevID:MV-CU060-10GC(DA1691703)  Source-Line:libMvCameraControl.so(GenICamImpl.cpp-L1111)  ProcessName:python3.12(115438)     Description:[XML_GetNodeAccessMode]PropertyName[SeqExpEnable], Ret[0x80000100]
Error   2026-08-19 14:29:57:104  DevID:MV-CU060-10GC(DA1691703)  Source-Line:libMvCameraControl.so(XmlParse.cpp-L3037)  ProcessName:python3.12(115438)     Description:[GetBooleanValue]Get Node Value, Node does not exist, NodeName[SeqExpEnable]
Error   2026-08-19 14:29:57:104  DevID:MV-CU060-10GC(DA1691703)  Source-Line:libMvCameraControl.so(GenICamImpl.cpp-L0551)  ProcessName:python3.12(115438)     Description:[GetBoolValue]Property[SeqExpEnable], Ret[0x80000100]
Error   2026-08-19 14:29:57:104  DevID:MV-CU060-10GC(DA1691703)  Source-Line:libMvCameraControl.so(GenICamImpl.cpp-L1111)  ProcessName:python3.12(115438)     Description:[XML_GetNodeAccessMode]PropertyName[MultiLightControl], Ret[0x80000100]
Error   2026-08-19 14:29:57:104  DevID:MV-CU060-10GC(DA1691703)  Source-Line:libMvCameraControl.so(XmlParse.cpp-L2386)  ProcessName:python3.12(115438)     Description:[GetEnumValue]Get Node Value, Node does not exist, NodeName[MultiLightControl]
Error   2026-08-19 14:29:57:104  DevID:MV-CU060-10GC(DA1691703)  Source-Line:libMvCameraControl.so(GenICamImpl.cpp-L0364)  ProcessName:python3.12(115438)     Description:[GetEnumValue]Property[MultiLightControl], Ret[0x80000100]
Info    2026-08-19 14:29:57:104  DevID:MV-CU060-10GC(DA1691703)  Source-Line:libMvCameraControl.so(GigEStream.cpp-L0067)  ProcessName:python3.12(115438)     Description:[StartAcquisition][GEV]Width[3072], Height[2048], PixelFormat[0x1080009], PayloadSize[6291456], ChunkCount[100], CompressMode[0], DeviceUptime[22663]
Info    2026-08-19 14:29:57:110  DevID:MV-CU060-10GC(DA1691703)  Source-Line:libMvCameraControl.so(StreamGrab.cpp-L0869)  ProcessName:python3.12(115438)     Description:[StartGrabbing]StreamChannel[0], Start grabbing success, There is no registration callback.
Info    2026-08-19 14:29:57:554  DevID:MV-CU060-10GC(DA1691703)  Source-Line:libMvCameraControl.so(StreamGrab.cpp-L0934)  ProcessName:python3.12(115438)     Description:[StopGrabbing]Stop grabbing success! DeviceUptime[22664]
Info    2026-08-19 14:30:24:391  DevID:MV-CU060-10GC(DA1691703)  Source-Line:libMvCameraControl.so(GigEDevice.cpp-L1351)  ProcessName:python3.12(115438)     Description:[IsDeviceConnected]IsDeviceConnected success, Ret[true]
Error   2026-08-19 14:30:24:402  DevID:MV-CU060-10GC(DA1691703)  Source-Line:libMvCameraControl.so(GenICamImpl.cpp-L1111)  ProcessName:python3.12(115438)     Description:[XML_GetNodeAccessMode]PropertyName[PartialImageOutputMode], Ret[0x80000100]
Error   2026-08-19 14:30:24:403  DevID:MV-CU060-10GC(DA1691703)  Source-Line:libMvCameraControl.so(GenICamImpl.cpp-L1111)  ProcessName:python3.12(115438)     Description:[XML_GetNodeAccessMode]PropertyName[SeqExpEnable], Ret[0x80000100]
Error   2026-08-19 14:30:24:403  DevID:MV-CU060-10GC(DA1691703)  Source-Line:libMvCameraControl.so(XmlParse.cpp-L3037)  ProcessName:python3.12(115438)     Description:[GetBooleanValue]Get Node Value, Node does not exist, NodeName[SeqExpEnable]
Error   2026-08-19 14:30:24:404  DevID:MV-CU060-10GC(DA1691703)  Source-Line:libMvCameraControl.so(GenICamImpl.cpp-L0551)  ProcessName:python3.12(115438)     Description:[GetBoolValue]Property[SeqExpEnable], Ret[0x80000100]
Error   2026-08-19 14:30:24:404  DevID:MV-CU060-10GC(DA1691703)  Source-Line:libMvCameraControl.so(GenICamImpl.cpp-L1111)  ProcessName:python3.12(115438)     Description:[XML_GetNodeAccessMode]PropertyName[MultiLightControl], Ret[0x80000100]
Error   2026-08-19 14:30:24:404  DevID:MV-CU060-10GC(DA1691703)  Source-Line:libMvCameraControl.so(XmlParse.cpp-L2386)  ProcessName:python3.12(115438)     Description:[GetEnumValue]Get Node Value, Node does not exist, NodeName[MultiLightControl]
Error   2026-08-19 14:30:24:404  DevID:MV-CU060-10GC(DA1691703)  Source-Line:libMvCameraControl.so(GenICamImpl.cpp-L0364)  ProcessName:python3.12(115438)     Description:[GetEnumValue]Property[MultiLightControl], Ret[0x80000100]
Info    2026-08-19 14:30:24:404  DevID:MV-CU060-10GC(DA1691703)  Source-Line:libMvCameraControl.so(GigEStream.cpp-L0067)  ProcessName:python3.12(115438)     Description:[StartAcquisition][GEV]Width[3072], Height[2048], PixelFormat[0x1080009], PayloadSize[6291456], ChunkCount[100], CompressMode[0], DeviceUptime[22690]
Info    2026-08-19 14:30:24:409  DevID:MV-CU060-10GC(DA1691703)  Source-Line:libMvCameraControl.so(StreamGrab.cpp-L0869)  ProcessName:python3.12(115438)     Description:[StartGrabbing]StreamChannel[0], Start grabbing success, There is no registration callback.
Info    2026-08-19 14:30:24:873  DevID:MV-CU060-10GC(DA1691703)  Source-Line:libMvCameraControl.so(StreamGrab.cpp-L0934)  ProcessName:python3.12(115438)     Description:[StopGrabbing]Stop grabbing success! DeviceUptime[22691]
Info    2026-08-19 14:30:50:808  DevID:MV-CU060-10GC(DA1691703)  Source-Line:libMvCameraControl.so(GigEDevice.cpp-L1351)  ProcessName:python3.12(115438)     Description:[IsDeviceConnected]IsDeviceConnected success, Ret[true]
Error   2026-08-19 14:30:50:818  DevID:MV-CU060-10GC(DA1691703)  Source-Line:libMvCameraControl.so(GenICamImpl.cpp-L1111)  ProcessName:python3.12(115438)     Description:[XML_GetNodeAccessMode]PropertyName[PartialImageOutputMode], Ret[0x80000100]
Error   2026-08-19 14:30:50:820  DevID:MV-CU060-10GC(DA1691703)  Source-Line:libMvCameraControl.so(GenICamImpl.cpp-L1111)  ProcessName:python3.12(115438)     Description:[XML_GetNodeAccessMode]PropertyName[SeqExpEnable], Ret[0x80000100]
Error   2026-08-19 14:30:50:820  DevID:MV-CU060-10GC(DA1691703)  Source-Line:libMvCameraControl.so(XmlParse.cpp-L3037)  ProcessName:python3.12(115438)     Description:[GetBooleanValue]Get Node Value, Node does not exist, NodeName[SeqExpEnable]
Error   2026-08-19 14:30:50:820  DevID:MV-CU060-10GC(DA1691703)  Source-Line:libMvCameraControl.so(GenICamImpl.cpp-L0551)  ProcessName:python3.12(115438)     Description:[GetBoolValue]Property[SeqExpEnable], Ret[0x80000100]
Error   2026-08-19 14:30:50:820  DevID:MV-CU060-10GC(DA1691703)  Source-Line:libMvCameraControl.so(GenICamImpl.cpp-L1111)  ProcessName:python3.12(115438)     Description:[XML_GetNodeAccessMode]PropertyName[MultiLightControl], Ret[0x80000100]
Error   2026-08-19 14:30:50:820  DevID:MV-CU060-10GC(DA1691703)  Source-Line:libMvCameraControl.so(XmlParse.cpp-L2386)  ProcessName:python3.12(115438)     Description:[GetEnumValue]Get Node Value, Node does not exist, NodeName[MultiLightControl]
Error   2026-08-19 14:30:50:820  DevID:MV-CU060-10GC(DA1691703)  Source-Line:libMvCameraControl.so(GenICamImpl.cpp-L0364)  ProcessName:python3.12(115438)     Description:[GetEnumValue]Property[MultiLightControl], Ret[0x80000100]
Info    2026-08-19 14:30:50:820  DevID:MV-CU060-10GC(DA1691703)  Source-Line:libMvCameraControl.so(GigEStream.cpp-L0067)  ProcessName:python3.12(115438)     Description:[StartAcquisition][GEV]Width[3072], Height[2048], PixelFormat[0x1080009], PayloadSize[6291456], ChunkCount[100], CompressMode[0], DeviceUptime[22717]
Info    2026-08-19 14:30:50:825  DevID:MV-CU060-10GC(DA1691703)  Source-Line:libMvCameraControl.so(StreamGrab.cpp-L0869)  ProcessName:python3.12(115438)     Description:[StartGrabbing]StreamChannel[0], Start grabbing success, There is no registration callback.
Info    2026-08-19 14:30:51:328  DevID:MV-CU060-10GC(DA1691703)  Source-Line:libMvCameraControl.so(StreamGrab.cpp-L0934)  ProcessName:python3.12(115438)     Description:[StopGrabbing]Stop grabbing success! DeviceUptime[22717]
Info    2026-08-19 14:31:18:224  DevID:MV-CU060-10GC(DA1691703)  Source-Line:libMvCameraControl.so(GigEDevice.cpp-L1351)  ProcessName:python3.12(115438)     Description:[IsDeviceConnected]IsDeviceConnected success, Ret[true]
Error   2026-08-19 14:31:18:234  DevID:MV-CU060-10GC(DA1691703)  Source-Line:libMvCameraControl.so(GenICamImpl.cpp-L1111)  ProcessName:python3.12(115438)     Description:[XML_GetNodeAccessMode]PropertyName[PartialImageOutputMode], Ret[0x80000100]
Error   2026-08-19 14:31:18:236  DevID:MV-CU060-10GC(DA1691703)  Source-Line:libMvCameraControl.so(GenICamImpl.cpp-L1111)  ProcessName:python3.12(115438)     Description:[XML_GetNodeAccessMode]PropertyName[SeqExpEnable], Ret[0x80000100]
Error   2026-08-19 14:31:18:236  DevID:MV-CU060-10GC(DA1691703)  Source-Line:libMvCameraControl.so(XmlParse.cpp-L3037)  ProcessName:python3.12(115438)     Description:[GetBooleanValue]Get Node Value, Node does not exist, NodeName[SeqExpEnable]
Error   2026-08-19 14:31:18:236  DevID:MV-CU060-10GC(DA1691703)  Source-Line:libMvCameraControl.so(GenICamImpl.cpp-L0551)  ProcessName:python3.12(115438)     Description:[GetBoolValue]Property[SeqExpEnable], Ret[0x80000100]
Error   2026-08-19 14:31:18:236  DevID:MV-CU060-10GC(DA1691703)  Source-Line:libMvCameraControl.so(GenICamImpl.cpp-L1111)  ProcessName:python3.12(115438)     Description:[XML_GetNodeAccessMode]PropertyName[MultiLightControl], Ret[0x80000100]
Error   2026-08-19 14:31:18:236  DevID:MV-CU060-10GC(DA1691703)  Source-Line:libMvCameraControl.so(XmlParse.cpp-L2386)  ProcessName:python3.12(115438)     Description:[GetEnumValue]Get Node Value, Node does not exist, NodeName[MultiLightControl]
Error   2026-08-19 14:31:18:236  DevID:MV-CU060-10GC(DA1691703)  Source-Line:libMvCameraControl.so(GenICamImpl.cpp-L0364)  ProcessName:python3.12(115438)     Description:[GetEnumValue]Property[MultiLightControl], Ret[0x80000100]
Info    2026-08-19 14:31:18:236  DevID:MV-CU060-10GC(DA1691703)  Source-Line:libMvCameraControl.so(GigEStream.cpp-L0067)  ProcessName:python3.12(115438)     Description:[StartAcquisition][GEV]Width[3072], Height[2048], PixelFormat[0x1080009], PayloadSize[6291456], ChunkCount[100], CompressMode[0], DeviceUptime[22744]
Info    2026-08-19 14:31:18:241  DevID:MV-CU060-10GC(DA1691703)  Source-Line:libMvCameraControl.so(StreamGrab.cpp-L0869)  ProcessName:python3.12(115438)     Description:[StartGrabbing]StreamChannel[0], Start grabbing success, There is no registration callback.
Info    2026-08-19 14:31:18:685  DevID:MV-CU060-10GC(DA1691703)  Source-Line:libMvCameraControl.so(StreamGrab.cpp-L0934)  ProcessName:python3.12(115438)     Description:[StopGrabbing]Stop grabbing success! DeviceUptime[22745]
Info    2026-08-19 14:31:19:467  DevID:MV-CU060-10GC(DA1691703)  Source-Line:libMvCameraControl.so(GigEDevice.cpp-L1351)  ProcessName:python3.12(115438)     Description:[IsDeviceConnected]IsDeviceConnected success, Ret[true]
Error   2026-08-19 14:31:19:478  DevID:MV-CU060-10GC(DA1691703)  Source-Line:libMvCameraControl.so(GenICamImpl.cpp-L1111)  ProcessName:python3.12(115438)     Description:[XML_GetNodeAccessMode]PropertyName[PartialImageOutputMode], Ret[0x80000100]
Error   2026-08-19 14:31:19:480  DevID:MV-CU060-10GC(DA1691703)  Source-Line:libMvCameraControl.so(GenICamImpl.cpp-L1111)  ProcessName:python3.12(115438)     Description:[XML_GetNodeAccessMode]PropertyName[SeqExpEnable], Ret[0x80000100]
Error   2026-08-19 14:31:19:480  DevID:MV-CU060-10GC(DA1691703)  Source-Line:libMvCameraControl.so(XmlParse.cpp-L3037)  ProcessName:python3.12(115438)     Description:[GetBooleanValue]Get Node Value, Node does not exist, NodeName[SeqExpEnable]
Error   2026-08-19 14:31:19:480  DevID:MV-CU060-10GC(DA1691703)  Source-Line:libMvCameraControl.so(GenICamImpl.cpp-L0551)  ProcessName:python3.12(115438)     Description:[GetBoolValue]Property[SeqExpEnable], Ret[0x80000100]
Error   2026-08-19 14:31:19:480  DevID:MV-CU060-10GC(DA1691703)  Source-Line:libMvCameraControl.so(GenICamImpl.cpp-L1111)  ProcessName:python3.12(115438)     Description:[XML_GetNodeAccessMode]PropertyName[MultiLightControl], Ret[0x80000100]
Error   2026-08-19 14:31:19:480  DevID:MV-CU060-10GC(DA1691703)  Source-Line:libMvCameraControl.so(XmlParse.cpp-L2386)  ProcessName:python3.12(115438)     Description:[GetEnumValue]Get Node Value, Node does not exist, NodeName[MultiLightControl]
Error   2026-08-19 14:31:19:480  DevID:MV-CU060-10GC(DA1691703)  Source-Line:libMvCameraControl.so(GenICamImpl.cpp-L0364)  ProcessName:python3.12(115438)     Description:[GetEnumValue]Property[MultiLightControl], Ret[0x80000100]
Info    2026-08-19 14:31:19:480  DevID:MV-CU060-10GC(DA1691703)  Source-Line:libMvCameraControl.so(GigEStream.cpp-L0067)  ProcessName:python3.12(115438)     Description:[StartAcquisition][GEV]Width[3072], Height[2048], PixelFormat[0x1080009], PayloadSize[6291456], ChunkCount[100], CompressMode[0], DeviceUptime[22745]
Info    2026-08-19 14:31:19:485  DevID:MV-CU060-10GC(DA1691703)  Source-Line:libMvCameraControl.so(StreamGrab.cpp-L0869)  ProcessName:python3.12(115438)     Description:[StartGrabbing]StreamChannel[0], Start grabbing success, There is no registration callback.
Info    2026-08-19 14:31:19:946  DevID:MV-CU060-10GC(DA1691703)  Source-Line:libMvCameraControl.so(StreamGrab.cpp-L0934)  ProcessName:python3.12(115438)     Description:[StopGrabbing]Stop grabbing success! DeviceUptime[22746]
Info    2026-08-19 14:31:47:803  DevID:MV-CU060-10GC(DA1691703)  Source-Line:libMvCameraControl.so(GigEDevice.cpp-L1351)  ProcessName:python3.12(115438)     Description:[IsDeviceConnected]IsDeviceConnected success, Ret[true]
Error   2026-08-19 14:31:47:813  DevID:MV-CU060-10GC(DA1691703)  Source-Line:libMvCameraControl.so(GenICamImpl.cpp-L1111)  ProcessName:python3.12(115438)     Description:[XML_GetNodeAccessMode]PropertyName[PartialImageOutputMode], Ret[0x80000100]
Error   2026-08-19 14:31:47:815  DevID:MV-CU060-10GC(DA1691703)  Source-Line:libMvCameraControl.so(GenICamImpl.cpp-L1111)  ProcessName:python3.12(115438)     Description:[XML_GetNodeAccessMode]PropertyName[SeqExpEnable], Ret[0x80000100]
Error   2026-08-19 14:31:47:815  DevID:MV-CU060-10GC(DA1691703)  Source-Line:libMvCameraControl.so(XmlParse.cpp-L3037)  ProcessName:python3.12(115438)     Description:[GetBooleanValue]Get Node Value, Node does not exist, NodeName[SeqExpEnable]
Error   2026-08-19 14:31:47:815  DevID:MV-CU060-10GC(DA1691703)  Source-Line:libMvCameraControl.so(GenICamImpl.cpp-L0551)  ProcessName:python3.12(115438)     Description:[GetBoolValue]Property[SeqExpEnable], Ret[0x80000100]
Error   2026-08-19 14:31:47:815  DevID:MV-CU060-10GC(DA1691703)  Source-Line:libMvCameraControl.so(GenICamImpl.cpp-L1111)  ProcessName:python3.12(115438)     Description:[XML_GetNodeAccessMode]PropertyName[MultiLightControl], Ret[0x80000100]
Error   2026-08-19 14:31:47:815  DevID:MV-CU060-10GC(DA1691703)  Source-Line:libMvCameraControl.so(XmlParse.cpp-L2386)  ProcessName:python3.12(115438)     Description:[GetEnumValue]Get Node Value, Node does not exist, NodeName[MultiLightControl]
Error   2026-08-19 14:31:47:815  DevID:MV-CU060-10GC(DA1691703)  Source-Line:libMvCameraControl.so(GenICamImpl.cpp-L0364)  ProcessName:python3.12(115438)     Description:[GetEnumValue]Property[MultiLightControl], Ret[0x80000100]
Info    2026-08-19 14:31:47:815  DevID:MV-CU060-10GC(DA1691703)  Source-Line:libMvCameraControl.so(GigEStream.cpp-L0067)  ProcessName:python3.12(115438)     Description:[StartAcquisition][GEV]Width[3072], Height[2048], PixelFormat[0x1080009], PayloadSize[6291456], ChunkCount[100], CompressMode[0], DeviceUptime[22774]
Info    2026-08-19 14:31:47:820  DevID:MV-CU060-10GC(DA1691703)  Source-Line:libMvCameraControl.so(StreamGrab.cpp-L0869)  ProcessName:python3.12(115438)     Description:[StartGrabbing]StreamChannel[0], Start grabbing success, There is no registration callback.
Info    2026-08-19 14:31:48:573  DevID:MV-CU060-10GC(DA1691703)  Source-Line:libMvCameraControl.so(StreamGrab.cpp-L0934)  ProcessName:python3.12(115438)     Description:[StopGrabbing]Stop grabbing success! DeviceUptime[22775]
Info    2026-08-19 14:32:14:592  DevID:MV-CU060-10GC(DA1691703)  Source-Line:libMvCameraControl.so(GigEDevice.cpp-L1351)  ProcessName:python3.12(115438)     Description:[IsDeviceConnected]IsDeviceConnected success, Ret[true]
Error   2026-08-19 14:32:14:602  DevID:MV-CU060-10GC(DA1691703)  Source-Line:libMvCameraControl.so(GenICamImpl.cpp-L1111)  ProcessName:python3.12(115438)     Description:[XML_GetNodeAccessMode]PropertyName[PartialImageOutputMode], Ret[0x80000100]
Error   2026-08-19 14:32:14:604  DevID:MV-CU060-10GC(DA1691703)  Source-Line:libMvCameraControl.so(GenICamImpl.cpp-L1111)  ProcessName:python3.12(115438)     Description:[XML_GetNodeAccessMode]PropertyName[SeqExpEnable], Ret[0x80000100]
Error   2026-08-19 14:32:14:604  DevID:MV-CU060-10GC(DA1691703)  Source-Line:libMvCameraControl.so(XmlParse.cpp-L3037)  ProcessName:python3.12(115438)     Description:[GetBooleanValue]Get Node Value, Node does not exist, NodeName[SeqExpEnable]
Error   2026-08-19 14:32:14:604  DevID:MV-CU060-10GC(DA1691703)  Source-Line:libMvCameraControl.so(GenICamImpl.cpp-L0551)  ProcessName:python3.12(115438)     Description:[GetBoolValue]Property[SeqExpEnable], Ret[0x80000100]
Error   2026-08-19 14:32:14:604  DevID:MV-CU060-10GC(DA1691703)  Source-Line:libMvCameraControl.so(GenICamImpl.cpp-L1111)  ProcessName:python3.12(115438)     Description:[XML_GetNodeAccessMode]PropertyName[MultiLightControl], Ret[0x80000100]
Error   2026-08-19 14:32:14:604  DevID:MV-CU060-10GC(DA1691703)  Source-Line:libMvCameraControl.so(XmlParse.cpp-L2386)  ProcessName:python3.12(115438)     Description:[GetEnumValue]Get Node Value, Node does not exist, NodeName[MultiLightControl]
Error   2026-08-19 14:32:14:604  DevID:MV-CU060-10GC(DA1691703)  Source-Line:libMvCameraControl.so(GenICamImpl.cpp-L0364)  ProcessName:python3.12(115438)     Description:[GetEnumValue]Property[MultiLightControl], Ret[0x80000100]
Info    2026-08-19 14:32:14:604  DevID:MV-CU060-10GC(DA1691703)  Source-Line:libMvCameraControl.so(GigEStream.cpp-L0067)  ProcessName:python3.12(115438)     Description:[StartAcquisition][GEV]Width[3072], Height[2048], PixelFormat[0x1080009], PayloadSize[6291456], ChunkCount[100], CompressMode[0], DeviceUptime[22801]
Info    2026-08-19 14:32:14:637  DevID:MV-CU060-10GC(DA1691703)  Source-Line:libMvCameraControl.so(StreamGrab.cpp-L0869)  ProcessName:python3.12(115438)     Description:[StartGrabbing]StreamChannel[0], Start grabbing success, There is no registration callback.
Info    2026-08-19 14:32:15:180  DevID:MV-CU060-10GC(DA1691703)  Source-Line:libMvCameraControl.so(StreamGrab.cpp-L0934)  ProcessName:python3.12(115438)     Description:[StopGrabbing]Stop grabbing success! DeviceUptime[22801]
Info    2026-08-19 14:32:39:976  DevID:MV-CU060-10GC(DA1691703)  Source-Line:libMvCameraControl.so(GigEDevice.cpp-L1351)  ProcessName:python3.12(115438)     Description:[IsDeviceConnected]IsDeviceConnected success, Ret[true]
Error   2026-08-19 14:32:39:986  DevID:MV-CU060-10GC(DA1691703)  Source-Line:libMvCameraControl.so(GenICamImpl.cpp-L1111)  ProcessName:python3.12(115438)     Description:[XML_GetNodeAccessMode]PropertyName[PartialImageOutputMode], Ret[0x80000100]
Error   2026-08-19 14:32:39:989  DevID:MV-CU060-10GC(DA1691703)  Source-Line:libMvCameraControl.so(GenICamImpl.cpp-L1111)  ProcessName:python3.12(115438)     Description:[XML_GetNodeAccessMode]PropertyName[SeqExpEnable], Ret[0x80000100]
Error   2026-08-19 14:32:39:989  DevID:MV-CU060-10GC(DA1691703)  Source-Line:libMvCameraControl.so(XmlParse.cpp-L3037)  ProcessName:python3.12(115438)     Description:[GetBooleanValue]Get Node Value, Node does not exist, NodeName[SeqExpEnable]
Error   2026-08-19 14:32:39:989  DevID:MV-CU060-10GC(DA1691703)  Source-Line:libMvCameraControl.so(GenICamImpl.cpp-L0551)  ProcessName:python3.12(115438)     Description:[GetBoolValue]Property[SeqExpEnable], Ret[0x80000100]
Error   2026-08-19 14:32:39:989  DevID:MV-CU060-10GC(DA1691703)  Source-Line:libMvCameraControl.so(GenICamImpl.cpp-L1111)  ProcessName:python3.12(115438)     Description:[XML_GetNodeAccessMode]PropertyName[MultiLightControl], Ret[0x80000100]
Error   2026-08-19 14:32:39:989  DevID:MV-CU060-10GC(DA1691703)  Source-Line:libMvCameraControl.so(XmlParse.cpp-L2386)  ProcessName:python3.12(115438)     Description:[GetEnumValue]Get Node Value, Node does not exist, NodeName[MultiLightControl]
Error   2026-08-19 14:32:39:989  DevID:MV-CU060-10GC(DA1691703)  Source-Line:libMvCameraControl.so(GenICamImpl.cpp-L0364)  ProcessName:python3.12(115438)     Description:[GetEnumValue]Property[MultiLightControl], Ret[0x80000100]
Info    2026-08-19 14:32:39:989  DevID:MV-CU060-10GC(DA1691703)  Source-Line:libMvCameraControl.so(GigEStream.cpp-L0067)  ProcessName:python3.12(115438)     Description:[StartAcquisition][GEV]Width[3072], Height[2048], PixelFormat[0x1080009], PayloadSize[6291456], ChunkCount[100], CompressMode[0], DeviceUptime[22826]
Info    2026-08-19 14:32:39:994  DevID:MV-CU060-10GC(DA1691703)  Source-Line:libMvCameraControl.so(StreamGrab.cpp-L0869)  ProcessName:python3.12(115438)     Description:[StartGrabbing]StreamChannel[0], Start grabbing success, There is no registration callback.
Info    2026-08-19 14:32:40:460  DevID:MV-CU060-10GC(DA1691703)  Source-Line:libMvCameraControl.so(StreamGrab.cpp-L0934)  ProcessName:python3.12(115438)     Description:[StopGrabbing]Stop grabbing success! DeviceUptime[22826]
Info    2026-08-19 14:33:07:604  DevID:MV-CU060-10GC(DA1691703)  Source-Line:libMvCameraControl.so(GigEDevice.cpp-L1351)  ProcessName:python3.12(115438)     Description:[IsDeviceConnected]IsDeviceConnected success, Ret[true]
Error   2026-08-19 14:33:07:614  DevID:MV-CU060-10GC(DA1691703)  Source-Line:libMvCameraControl.so(GenICamImpl.cpp-L1111)  ProcessName:python3.12(115438)     Description:[XML_GetNodeAccessMode]PropertyName[PartialImageOutputMode], Ret[0x80000100]
Error   2026-08-19 14:33:07:616  DevID:MV-CU060-10GC(DA1691703)  Source-Line:libMvCameraControl.so(GenICamImpl.cpp-L1111)  ProcessName:python3.12(115438)     Description:[XML_GetNodeAccessMode]PropertyName[SeqExpEnable], Ret[0x80000100]
Error   2026-08-19 14:33:07:616  DevID:MV-CU060-10GC(DA1691703)  Source-Line:libMvCameraControl.so(XmlParse.cpp-L3037)  ProcessName:python3.12(115438)     Description:[GetBooleanValue]Get Node Value, Node does not exist, NodeName[SeqExpEnable]
Error   2026-08-19 14:33:07:616  DevID:MV-CU060-10GC(DA1691703)  Source-Line:libMvCameraControl.so(GenICamImpl.cpp-L0551)  ProcessName:python3.12(115438)     Description:[GetBoolValue]Property[SeqExpEnable], Ret[0x80000100]
Error   2026-08-19 14:33:07:616  DevID:MV-CU060-10GC(DA1691703)  Source-Line:libMvCameraControl.so(GenICamImpl.cpp-L1111)  ProcessName:python3.12(115438)     Description:[XML_GetNodeAccessMode]PropertyName[MultiLightControl], Ret[0x80000100]
Error   2026-08-19 14:33:07:616  DevID:MV-CU060-10GC(DA1691703)  Source-Line:libMvCameraControl.so(XmlParse.cpp-L2386)  ProcessName:python3.12(115438)     Description:[GetEnumValue]Get Node Value, Node does not exist, NodeName[MultiLightControl]
Error   2026-08-19 14:33:07:616  DevID:MV-CU060-10GC(DA1691703)  Source-Line:libMvCameraControl.so(GenICamImpl.cpp-L0364)  ProcessName:python3.12(115438)     Description:[GetEnumValue]Property[MultiLightControl], Ret[0x80000100]
Info    2026-08-19 14:33:07:616  DevID:MV-CU060-10GC(DA1691703)  Source-Line:libMvCameraControl.so(GigEStream.cpp-L0067)  ProcessName:python3.12(115438)     Description:[StartAcquisition][GEV]Width[3072], Height[2048], PixelFormat[0x1080009], PayloadSize[6291456], ChunkCount[100], CompressMode[0], DeviceUptime[22854]
Info    2026-08-19 14:33:07:621  DevID:MV-CU060-10GC(DA1691703)  Source-Line:libMvCameraControl.so(StreamGrab.cpp-L0869)  ProcessName:python3.12(115438)     Description:[StartGrabbing]StreamChannel[0], Start grabbing success, There is no registration callback.
Info    2026-08-19 14:33:08:077  DevID:MV-CU060-10GC(DA1691703)  Source-Line:libMvCameraControl.so(StreamGrab.cpp-L0934)  ProcessName:python3.12(115438)     Description:[StopGrabbing]Stop grabbing success! DeviceUptime[22854]
Info    2026-08-19 14:33:35:002  DevID:MV-CU060-10GC(DA1691703)  Source-Line:libMvCameraControl.so(GigEDevice.cpp-L1351)  ProcessName:python3.12(115438)     Description:[IsDeviceConnected]IsDeviceConnected success, Ret[true]
Error   2026-08-19 14:33:35:011  DevID:MV-CU060-10GC(DA1691703)  Source-Line:libMvCameraControl.so(GenICamImpl.cpp-L1111)  ProcessName:python3.12(115438)     Description:[XML_GetNodeAccessMode]PropertyName[PartialImageOutputMode], Ret[0x80000100]
Error   2026-08-19 14:33:35:013  DevID:MV-CU060-10GC(DA1691703)  Source-Line:libMvCameraControl.so(GenICamImpl.cpp-L1111)  ProcessName:python3.12(115438)     Description:[XML_GetNodeAccessMode]PropertyName[SeqExpEnable], Ret[0x80000100]
Error   2026-08-19 14:33:35:013  DevID:MV-CU060-10GC(DA1691703)  Source-Line:libMvCameraControl.so(XmlParse.cpp-L3037)  ProcessName:python3.12(115438)     Description:[GetBooleanValue]Get Node Value, Node does not exist, NodeName[SeqExpEnable]
Error   2026-08-19 14:33:35:013  DevID:MV-CU060-10GC(DA1691703)  Source-Line:libMvCameraControl.so(GenICamImpl.cpp-L0551)  ProcessName:python3.12(115438)     Description:[GetBoolValue]Property[SeqExpEnable], Ret[0x80000100]
Error   2026-08-19 14:33:35:014  DevID:MV-CU060-10GC(DA1691703)  Source-Line:libMvCameraControl.so(GenICamImpl.cpp-L1111)  ProcessName:python3.12(115438)     Description:[XML_GetNodeAccessMode]PropertyName[MultiLightControl], Ret[0x80000100]
Error   2026-08-19 14:33:35:014  DevID:MV-CU060-10GC(DA1691703)  Source-Line:libMvCameraControl.so(XmlParse.cpp-L2386)  ProcessName:python3.12(115438)     Description:[GetEnumValue]Get Node Value, Node does not exist, NodeName[MultiLightControl]
Error   2026-08-19 14:33:35:014  DevID:MV-CU060-10GC(DA1691703)  Source-Line:libMvCameraControl.so(GenICamImpl.cpp-L0364)  ProcessName:python3.12(115438)     Description:[GetEnumValue]Property[MultiLightControl], Ret[0x80000100]
Info    2026-08-19 14:33:35:014  DevID:MV-CU060-10GC(DA1691703)  Source-Line:libMvCameraControl.so(GigEStream.cpp-L0067)  ProcessName:python3.12(115438)     Description:[StartAcquisition][GEV]Width[3072], Height[2048], PixelFormat[0x1080009], PayloadSize[6291456], ChunkCount[100], CompressMode[0], DeviceUptime[22881]
Info    2026-08-19 14:33:35:019  DevID:MV-CU060-10GC(DA1691703)  Source-Line:libMvCameraControl.so(StreamGrab.cpp-L0869)  ProcessName:python3.12(115438)     Description:[StartGrabbing]StreamChannel[0], Start grabbing success, There is no registration callback.
Info    2026-08-19 14:33:35:474  DevID:MV-CU060-10GC(DA1691703)  Source-Line:libMvCameraControl.so(StreamGrab.cpp-L0934)  ProcessName:python3.12(115438)     Description:[StopGrabbing]Stop grabbing success! DeviceUptime[22881]
Info    2026-08-19 14:34:02:982  DevID:MV-CU060-10GC(DA1691703)  Source-Line:libMvCameraControl.so(GigEDevice.cpp-L1351)  ProcessName:python3.12(115438)     Description:[IsDeviceConnected]IsDeviceConnected success, Ret[true]
Error   2026-08-19 14:34:02:994  DevID:MV-CU060-10GC(DA1691703)  Source-Line:libMvCameraControl.so(GenICamImpl.cpp-L1111)  ProcessName:python3.12(115438)     Description:[XML_GetNodeAccessMode]PropertyName[PartialImageOutputMode], Ret[0x80000100]
Error   2026-08-19 14:34:02:996  DevID:MV-CU060-10GC(DA1691703)  Source-Line:libMvCameraControl.so(GenICamImpl.cpp-L1111)  ProcessName:python3.12(115438)     Description:[XML_GetNodeAccessMode]PropertyName[SeqExpEnable], Ret[0x80000100]
Error   2026-08-19 14:34:02:996  DevID:MV-CU060-10GC(DA1691703)  Source-Line:libMvCameraControl.so(XmlParse.cpp-L3037)  ProcessName:python3.12(115438)     Description:[GetBooleanValue]Get Node Value, Node does not exist, NodeName[SeqExpEnable]
Error   2026-08-19 14:34:02:996  DevID:MV-CU060-10GC(DA1691703)  Source-Line:libMvCameraControl.so(GenICamImpl.cpp-L0551)  ProcessName:python3.12(115438)     Description:[GetBoolValue]Property[SeqExpEnable], Ret[0x80000100]
Error   2026-08-19 14:34:02:997  DevID:MV-CU060-10GC(DA1691703)  Source-Line:libMvCameraControl.so(GenICamImpl.cpp-L1111)  ProcessName:python3.12(115438)     Description:[XML_GetNodeAccessMode]PropertyName[MultiLightControl], Ret[0x80000100]
Error   2026-08-19 14:34:02:997  DevID:MV-CU060-10GC(DA1691703)  Source-Line:libMvCameraControl.so(XmlParse.cpp-L2386)  ProcessName:python3.12(115438)     Description:[GetEnumValue]Get Node Value, Node does not exist, NodeName[MultiLightControl]
Error   2026-08-19 14:34:02:997  DevID:MV-CU060-10GC(DA1691703)  Source-Line:libMvCameraControl.so(GenICamImpl.cpp-L0364)  ProcessName:python3.12(115438)     Description:[GetEnumValue]Property[MultiLightControl], Ret[0x80000100]
Info    2026-08-19 14:34:02:997  DevID:MV-CU060-10GC(DA1691703)  Source-Line:libMvCameraControl.so(GigEStream.cpp-L0067)  ProcessName:python3.12(115438)     Description:[StartAcquisition][GEV]Width[3072], Height[2048], PixelFormat[0x1080009], PayloadSize[6291456], ChunkCount[100], CompressMode[0], DeviceUptime[22909]
Info    2026-08-19 14:34:03:002  DevID:MV-CU060-10GC(DA1691703)  Source-Line:libMvCameraControl.so(StreamGrab.cpp-L0869)  ProcessName:python3.12(115438)     Description:[StartGrabbing]StreamChannel[0], Start grabbing success, There is no registration callback.
Info    2026-08-19 14:34:03:751  DevID:MV-CU060-10GC(DA1691703)  Source-Line:libMvCameraControl.so(StreamGrab.cpp-L0934)  ProcessName:python3.12(115438)     Description:[StopGrabbing]Stop grabbing success! DeviceUptime[22910]
Info    2026-08-19 14:34:30:940  DevID:MV-CU060-10GC(DA1691703)  Source-Line:libMvCameraControl.so(GigEDevice.cpp-L1351)  ProcessName:python3.12(115438)     Description:[IsDeviceConnected]IsDeviceConnected success, Ret[true]
Error   2026-08-19 14:34:30:950  DevID:MV-CU060-10GC(DA1691703)  Source-Line:libMvCameraControl.so(GenICamImpl.cpp-L1111)  ProcessName:python3.12(115438)     Description:[XML_GetNodeAccessMode]PropertyName[PartialImageOutputMode], Ret[0x80000100]
Error   2026-08-19 14:34:30:952  DevID:MV-CU060-10GC(DA1691703)  Source-Line:libMvCameraControl.so(GenICamImpl.cpp-L1111)  ProcessName:python3.12(115438)     Description:[XML_GetNodeAccessMode]PropertyName[SeqExpEnable], Ret[0x80000100]
Error   2026-08-19 14:34:30:952  DevID:MV-CU060-10GC(DA1691703)  Source-Line:libMvCameraControl.so(XmlParse.cpp-L3037)  ProcessName:python3.12(115438)     Description:[GetBooleanValue]Get Node Value, Node does not exist, NodeName[SeqExpEnable]
Error   2026-08-19 14:34:30:952  DevID:MV-CU060-10GC(DA1691703)  Source-Line:libMvCameraControl.so(GenICamImpl.cpp-L0551)  ProcessName:python3.12(115438)     Description:[GetBoolValue]Property[SeqExpEnable], Ret[0x80000100]
Error   2026-08-19 14:34:30:952  DevID:MV-CU060-10GC(DA1691703)  Source-Line:libMvCameraControl.so(GenICamImpl.cpp-L1111)  ProcessName:python3.12(115438)     Description:[XML_GetNodeAccessMode]PropertyName[MultiLightControl], Ret[0x80000100]
Error   2026-08-19 14:34:30:952  DevID:MV-CU060-10GC(DA1691703)  Source-Line:libMvCameraControl.so(XmlParse.cpp-L2386)  ProcessName:python3.12(115438)     Description:[GetEnumValue]Get Node Value, Node does not exist, NodeName[MultiLightControl]
Error   2026-08-19 14:34:30:952  DevID:MV-CU060-10GC(DA1691703)  Source-Line:libMvCameraControl.so(GenICamImpl.cpp-L0364)  ProcessName:python3.12(115438)     Description:[GetEnumValue]Property[MultiLightControl], Ret[0x80000100]
Info    2026-08-19 14:34:30:952  DevID:MV-CU060-10GC(DA1691703)  Source-Line:libMvCameraControl.so(GigEStream.cpp-L0067)  ProcessName:python3.12(115438)     Description:[StartAcquisition][GEV]Width[3072], Height[2048], PixelFormat[0x1080009], PayloadSize[6291456], ChunkCount[100], CompressMode[0], DeviceUptime[22937]
Info    2026-08-19 14:34:30:957  DevID:MV-CU060-10GC(DA1691703)  Source-Line:libMvCameraControl.so(StreamGrab.cpp-L0869)  ProcessName:python3.12(115438)     Description:[StartGrabbing]StreamChannel[0], Start grabbing success, There is no registration callback.
Info    2026-08-19 14:34:31:454  DevID:MV-CU060-10GC(DA1691703)  Source-Line:libMvCameraControl.so(StreamGrab.cpp-L0934)  ProcessName:python3.12(115438)     Description:[StopGrabbing]Stop grabbing success! DeviceUptime[22937]
Info    2026-08-19 14:34:58:106  DevID:MV-CU060-10GC(DA1691703)  Source-Line:libMvCameraControl.so(GigEDevice.cpp-L1351)  ProcessName:python3.12(115438)     Description:[IsDeviceConnected]IsDeviceConnected success, Ret[true]
Error   2026-08-19 14:34:58:115  DevID:MV-CU060-10GC(DA1691703)  Source-Line:libMvCameraControl.so(GenICamImpl.cpp-L1111)  ProcessName:python3.12(115438)     Description:[XML_GetNodeAccessMode]PropertyName[PartialImageOutputMode], Ret[0x80000100]
Error   2026-08-19 14:34:58:117  DevID:MV-CU060-10GC(DA1691703)  Source-Line:libMvCameraControl.so(GenICamImpl.cpp-L1111)  ProcessName:python3.12(115438)     Description:[XML_GetNodeAccessMode]PropertyName[SeqExpEnable], Ret[0x80000100]
Error   2026-08-19 14:34:58:117  DevID:MV-CU060-10GC(DA1691703)  Source-Line:libMvCameraControl.so(XmlParse.cpp-L3037)  ProcessName:python3.12(115438)     Description:[GetBooleanValue]Get Node Value, Node does not exist, NodeName[SeqExpEnable]
Error   2026-08-19 14:34:58:117  DevID:MV-CU060-10GC(DA1691703)  Source-Line:libMvCameraControl.so(GenICamImpl.cpp-L0551)  ProcessName:python3.12(115438)     Description:[GetBoolValue]Property[SeqExpEnable], Ret[0x80000100]
Error   2026-08-19 14:34:58:117  DevID:MV-CU060-10GC(DA1691703)  Source-Line:libMvCameraControl.so(GenICamImpl.cpp-L1111)  ProcessName:python3.12(115438)     Description:[XML_GetNodeAccessMode]PropertyName[MultiLightControl], Ret[0x80000100]
Error   2026-08-19 14:34:58:117  DevID:MV-CU060-10GC(DA1691703)  Source-Line:libMvCameraControl.so(XmlParse.cpp-L2386)  ProcessName:python3.12(115438)     Description:[GetEnumValue]Get Node Value, Node does not exist, NodeName[MultiLightControl]
Error   2026-08-19 14:34:58:117  DevID:MV-CU060-10GC(DA1691703)  Source-Line:libMvCameraControl.so(GenICamImpl.cpp-L0364)  ProcessName:python3.12(115438)     Description:[GetEnumValue]Property[MultiLightControl], Ret[0x80000100]
Info    2026-08-19 14:34:58:117  DevID:MV-CU060-10GC(DA1691703)  Source-Line:libMvCameraControl.so(GigEStream.cpp-L0067)  ProcessName:python3.12(115438)     Description:[StartAcquisition][GEV]Width[3072], Height[2048], PixelFormat[0x1080009], PayloadSize[6291456], ChunkCount[100], CompressMode[0], DeviceUptime[22964]
Info    2026-08-19 14:34:58:122  DevID:MV-CU060-10GC(DA1691703)  Source-Line:libMvCameraControl.so(StreamGrab.cpp-L0869)  ProcessName:python3.12(115438)     Description:[StartGrabbing]StreamChannel[0], Start grabbing success, There is no registration callback.
Info    2026-08-19 14:34:58:589  DevID:MV-CU060-10GC(DA1691703)  Source-Line:libMvCameraControl.so(StreamGrab.cpp-L0934)  ProcessName:python3.12(115438)     Description:[StopGrabbing]Stop grabbing success! DeviceUptime[22965]
Info    2026-08-19 14:35:25:990  DevID:MV-CU060-10GC(DA1691703)  Source-Line:libMvCameraControl.so(GigEDevice.cpp-L1351)  ProcessName:python3.12(115438)     Description:[IsDeviceConnected]IsDeviceConnected success, Ret[true]
Error   2026-08-19 14:35:25:999  DevID:MV-CU060-10GC(DA1691703)  Source-Line:libMvCameraControl.so(GenICamImpl.cpp-L1111)  ProcessName:python3.12(115438)     Description:[XML_GetNodeAccessMode]PropertyName[PartialImageOutputMode], Ret[0x80000100]
Error   2026-08-19 14:35:26:001  DevID:MV-CU060-10GC(DA1691703)  Source-Line:libMvCameraControl.so(GenICamImpl.cpp-L1111)  ProcessName:python3.12(115438)     Description:[XML_GetNodeAccessMode]PropertyName[SeqExpEnable], Ret[0x80000100]
Error   2026-08-19 14:35:26:001  DevID:MV-CU060-10GC(DA1691703)  Source-Line:libMvCameraControl.so(XmlParse.cpp-L3037)  ProcessName:python3.12(115438)     Description:[GetBooleanValue]Get Node Value, Node does not exist, NodeName[SeqExpEnable]
Error   2026-08-19 14:35:26:001  DevID:MV-CU060-10GC(DA1691703)  Source-Line:libMvCameraControl.so(GenICamImpl.cpp-L0551)  ProcessName:python3.12(115438)     Description:[GetBoolValue]Property[SeqExpEnable], Ret[0x80000100]
Error   2026-08-19 14:35:26:001  DevID:MV-CU060-10GC(DA1691703)  Source-Line:libMvCameraControl.so(GenICamImpl.cpp-L1111)  ProcessName:python3.12(115438)     Description:[XML_GetNodeAccessMode]PropertyName[MultiLightControl], Ret[0x80000100]
Error   2026-08-19 14:35:26:001  DevID:MV-CU060-10GC(DA1691703)  Source-Line:libMvCameraControl.so(XmlParse.cpp-L2386)  ProcessName:python3.12(115438)     Description:[GetEnumValue]Get Node Value, Node does not exist, NodeName[MultiLightControl]
Error   2026-08-19 14:35:26:001  DevID:MV-CU060-10GC(DA1691703)  Source-Line:libMvCameraControl.so(GenICamImpl.cpp-L0364)  ProcessName:python3.12(115438)     Description:[GetEnumValue]Property[MultiLightControl], Ret[0x80000100]
Info    2026-08-19 14:35:26:001  DevID:MV-CU060-10GC(DA1691703)  Source-Line:libMvCameraControl.so(GigEStream.cpp-L0067)  ProcessName:python3.12(115438)     Description:[StartAcquisition][GEV]Width[3072], Height[2048], PixelFormat[0x1080009], PayloadSize[6291456], ChunkCount[100], CompressMode[0], DeviceUptime[22992]
Info    2026-08-19 14:35:26:006  DevID:MV-CU060-10GC(DA1691703)  Source-Line:libMvCameraControl.so(StreamGrab.cpp-L0869)  ProcessName:python3.12(115438)     Description:[StartGrabbing]StreamChannel[0], Start grabbing success, There is no registration callback.
Info    2026-08-19 14:35:26:476  DevID:MV-CU060-10GC(DA1691703)  Source-Line:libMvCameraControl.so(StreamGrab.cpp-L0934)  ProcessName:python3.12(115438)     Description:[StopGrabbing]Stop grabbing success! DeviceUptime[22992]
Info    2026-08-19 14:35:52:110  DevID:MV-CU060-10GC(DA1691703)  Source-Line:libMvCameraControl.so(GigEDevice.cpp-L1351)  ProcessName:python3.12(115438)     Description:[IsDeviceConnected]IsDeviceConnected success, Ret[true]
Error   2026-08-19 14:35:52:120  DevID:MV-CU060-10GC(DA1691703)  Source-Line:libMvCameraControl.so(GenICamImpl.cpp-L1111)  ProcessName:python3.12(115438)     Description:[XML_GetNodeAccessMode]PropertyName[PartialImageOutputMode], Ret[0x80000100]
Error   2026-08-19 14:35:52:122  DevID:MV-CU060-10GC(DA1691703)  Source-Line:libMvCameraControl.so(GenICamImpl.cpp-L1111)  ProcessName:python3.12(115438)     Description:[XML_GetNodeAccessMode]PropertyName[SeqExpEnable], Ret[0x80000100]
Error   2026-08-19 14:35:52:122  DevID:MV-CU060-10GC(DA1691703)  Source-Line:libMvCameraControl.so(XmlParse.cpp-L3037)  ProcessName:python3.12(115438)     Description:[GetBooleanValue]Get Node Value, Node does not exist, NodeName[SeqExpEnable]
Error   2026-08-19 14:35:52:122  DevID:MV-CU060-10GC(DA1691703)  Source-Line:libMvCameraControl.so(GenICamImpl.cpp-L0551)  ProcessName:python3.12(115438)     Description:[GetBoolValue]Property[SeqExpEnable], Ret[0x80000100]
Error   2026-08-19 14:35:52:122  DevID:MV-CU060-10GC(DA1691703)  Source-Line:libMvCameraControl.so(GenICamImpl.cpp-L1111)  ProcessName:python3.12(115438)     Description:[XML_GetNodeAccessMode]PropertyName[MultiLightControl], Ret[0x80000100]
Error   2026-08-19 14:35:52:122  DevID:MV-CU060-10GC(DA1691703)  Source-Line:libMvCameraControl.so(XmlParse.cpp-L2386)  ProcessName:python3.12(115438)     Description:[GetEnumValue]Get Node Value, Node does not exist, NodeName[MultiLightControl]
Error   2026-08-19 14:35:52:122  DevID:MV-CU060-10GC(DA1691703)  Source-Line:libMvCameraControl.so(GenICamImpl.cpp-L0364)  ProcessName:python3.12(115438)     Description:[GetEnumValue]Property[MultiLightControl], Ret[0x80000100]
Info    2026-08-19 14:35:52:122  DevID:MV-CU060-10GC(DA1691703)  Source-Line:libMvCameraControl.so(GigEStream.cpp-L0067)  ProcessName:python3.12(115438)     Description:[StartAcquisition][GEV]Width[3072], Height[2048], PixelFormat[0x1080009], PayloadSize[6291456], ChunkCount[100], CompressMode[0], DeviceUptime[23018]
Info    2026-08-19 14:35:52:127  DevID:MV-CU060-10GC(DA1691703)  Source-Line:libMvCameraControl.so(StreamGrab.cpp-L0869)  ProcessName:python3.12(115438)     Description:[StartGrabbing]StreamChannel[0], Start grabbing success, There is no registration callback.
Info    2026-08-19 14:35:52:596  DevID:MV-CU060-10GC(DA1691703)  Source-Line:libMvCameraControl.so(StreamGrab.cpp-L0934)  ProcessName:python3.12(115438)     Description:[StopGrabbing]Stop grabbing success! DeviceUptime[23019]
Info    2026-08-19 14:35:53:235  DevID:MV-CU060-10GC(DA1691703)  Source-Line:libMvCameraControl.so(GigEDevice.cpp-L1351)  ProcessName:python3.12(115438)     Description:[IsDeviceConnected]IsDeviceConnected success, Ret[true]
Error   2026-08-19 14:35:53:244  DevID:MV-CU060-10GC(DA1691703)  Source-Line:libMvCameraControl.so(GenICamImpl.cpp-L1111)  ProcessName:python3.12(115438)     Description:[XML_GetNodeAccessMode]PropertyName[PartialImageOutputMode], Ret[0x80000100]
Error   2026-08-19 14:35:53:246  DevID:MV-CU060-10GC(DA1691703)  Source-Line:libMvCameraControl.so(GenICamImpl.cpp-L1111)  ProcessName:python3.12(115438)     Description:[XML_GetNodeAccessMode]PropertyName[SeqExpEnable], Ret[0x80000100]
Error   2026-08-19 14:35:53:246  DevID:MV-CU060-10GC(DA1691703)  Source-Line:libMvCameraControl.so(XmlParse.cpp-L3037)  ProcessName:python3.12(115438)     Description:[GetBooleanValue]Get Node Value, Node does not exist, NodeName[SeqExpEnable]
Error   2026-08-19 14:35:53:246  DevID:MV-CU060-10GC(DA1691703)  Source-Line:libMvCameraControl.so(GenICamImpl.cpp-L0551)  ProcessName:python3.12(115438)     Description:[GetBoolValue]Property[SeqExpEnable], Ret[0x80000100]
Error   2026-08-19 14:35:53:246  DevID:MV-CU060-10GC(DA1691703)  Source-Line:libMvCameraControl.so(GenICamImpl.cpp-L1111)  ProcessName:python3.12(115438)     Description:[XML_GetNodeAccessMode]PropertyName[MultiLightControl], Ret[0x80000100]
Error   2026-08-19 14:35:53:246  DevID:MV-CU060-10GC(DA1691703)  Source-Line:libMvCameraControl.so(XmlParse.cpp-L2386)  ProcessName:python3.12(115438)     Description:[GetEnumValue]Get Node Value, Node does not exist, NodeName[MultiLightControl]
Error   2026-08-19 14:35:53:246  DevID:MV-CU060-10GC(DA1691703)  Source-Line:libMvCameraControl.so(GenICamImpl.cpp-L0364)  ProcessName:python3.12(115438)     Description:[GetEnumValue]Property[MultiLightControl], Ret[0x80000100]
Info    2026-08-19 14:35:53:246  DevID:MV-CU060-10GC(DA1691703)  Source-Line:libMvCameraControl.so(GigEStream.cpp-L0067)  ProcessName:python3.12(115438)     Description:[StartAcquisition][GEV]Width[3072], Height[2048], PixelFormat[0x1080009], PayloadSize[6291456], ChunkCount[100], CompressMode[0], DeviceUptime[23019]
Info    2026-08-19 14:35:53:251  DevID:MV-CU060-10GC(DA1691703)  Source-Line:libMvCameraControl.so(StreamGrab.cpp-L0869)  ProcessName:python3.12(115438)     Description:[StartGrabbing]StreamChannel[0], Start grabbing success, There is no registration callback.
Info    2026-08-19 14:35:53:707  DevID:MV-CU060-10GC(DA1691703)  Source-Line:libMvCameraControl.so(StreamGrab.cpp-L0934)  ProcessName:python3.12(115438)     Description:[StopGrabbing]Stop grabbing success! DeviceUptime[23020]
Info    2026-08-19 14:35:54:340  DevID:MV-CU060-10GC(DA1691703)  Source-Line:libMvCameraControl.so(GigEDevice.cpp-L1351)  ProcessName:python3.12(115438)     Description:[IsDeviceConnected]IsDeviceConnected success, Ret[true]
Error   2026-08-19 14:35:54:350  DevID:MV-CU060-10GC(DA1691703)  Source-Line:libMvCameraControl.so(GenICamImpl.cpp-L1111)  ProcessName:python3.12(115438)     Description:[XML_GetNodeAccessMode]PropertyName[PartialImageOutputMode], Ret[0x80000100]
Error   2026-08-19 14:35:54:352  DevID:MV-CU060-10GC(DA1691703)  Source-Line:libMvCameraControl.so(GenICamImpl.cpp-L1111)  ProcessName:python3.12(115438)     Description:[XML_GetNodeAccessMode]PropertyName[SeqExpEnable], Ret[0x80000100]
Error   2026-08-19 14:35:54:352  DevID:MV-CU060-10GC(DA1691703)  Source-Line:libMvCameraControl.so(XmlParse.cpp-L3037)  ProcessName:python3.12(115438)     Description:[GetBooleanValue]Get Node Value, Node does not exist, NodeName[SeqExpEnable]
Error   2026-08-19 14:35:54:352  DevID:MV-CU060-10GC(DA1691703)  Source-Line:libMvCameraControl.so(GenICamImpl.cpp-L0551)  ProcessName:python3.12(115438)     Description:[GetBoolValue]Property[SeqExpEnable], Ret[0x80000100]
Error   2026-08-19 14:35:54:352  DevID:MV-CU060-10GC(DA1691703)  Source-Line:libMvCameraControl.so(GenICamImpl.cpp-L1111)  ProcessName:python3.12(115438)     Description:[XML_GetNodeAccessMode]PropertyName[MultiLightControl], Ret[0x80000100]
Error   2026-08-19 14:35:54:352  DevID:MV-CU060-10GC(DA1691703)  Source-Line:libMvCameraControl.so(XmlParse.cpp-L2386)  ProcessName:python3.12(115438)     Description:[GetEnumValue]Get Node Value, Node does not exist, NodeName[MultiLightControl]
Error   2026-08-19 14:35:54:352  DevID:MV-CU060-10GC(DA1691703)  Source-Line:libMvCameraControl.so(GenICamImpl.cpp-L0364)  ProcessName:python3.12(115438)     Description:[GetEnumValue]Property[MultiLightControl], Ret[0x80000100]
Info    2026-08-19 14:35:54:352  DevID:MV-CU060-10GC(DA1691703)  Source-Line:libMvCameraControl.so(GigEStream.cpp-L0067)  ProcessName:python3.12(115438)     Description:[StartAcquisition][GEV]Width[3072], Height[2048], PixelFormat[0x1080009], PayloadSize[6291456], ChunkCount[100], CompressMode[0], DeviceUptime[23020]
Info    2026-08-19 14:35:54:358  DevID:MV-CU060-10GC(DA1691703)  Source-Line:libMvCameraControl.so(StreamGrab.cpp-L0869)  ProcessName:python3.12(115438)     Description:[StartGrabbing]StreamChannel[0], Start grabbing success, There is no registration callback.
Info    2026-08-19 14:35:54:816  DevID:MV-CU060-10GC(DA1691703)  Source-Line:libMvCameraControl.so(StreamGrab.cpp-L0934)  ProcessName:python3.12(115438)     Description:[StopGrabbing]Stop grabbing success! DeviceUptime[23021]
