Info    2026-08-19 09:46:10:684  DevID:MV-CU060-10GC(DA1691703)  Source-Line:libMVGigEVisionSDK.so(GigEVisionManager.cpp-L0271)  ProcessName:python3.12(16066)     Description:[Init]Current dynamic library path[/opt/MVS/lib/64/libMVGigEVisionSDK.so]
Warning 2026-08-19 09:46:10:684  DevID:MV-CU060-10GC(DA1691703)  Source-Line:libMVGigEVisionSDK.so(GigEVisionManager.cpp-L0369)  ProcessName:python3.12(16066)     Description:[Init]Driver  Version Match failed, Socket mode start! DriverInstalled[0x80000006], DriverVersion[0x0]
Info    2026-08-19 09:46:10:684  DevID:MV-CU060-10GC(DA1691703)  Source-Line:libMVGigEVisionSDK.so(GigEVisionManager.cpp-L1588)  ProcessName:python3.12(16066)     Description:[GiGEVision_SetNetModule]Connecting device, GvspDstIP[192.168.1.21], GvspDstPort[44400], DeviceIP[192.168.1.20]
Info    2026-08-19 09:46:10:687  DevID:MV-CU060-10GC(DA1691703)  Source-Line:libMVGigEVisionSDK.so(GigEVisionManager.cpp-L3997)  ProcessName:python3.12(16066)     Description:[InitStreamModule]Stream Channel Num: 1
Info    2026-08-19 09:46:10:688  DevID:MV-CU060-10GC(DA1691703)  Source-Line:libMVGigEVisionSDK.so(GigEVisionManager.cpp-L4021)  ProcessName:python3.12(16066)     Description:[InitStreamModule]Stream Moudle Get All Stream Capability.
Info    2026-08-19 09:46:10:688  DevID:MV-CU060-10GC(DA1691703)  Source-Line:libMVGigEVisionSDK.so(GigEVisionManager.cpp-L4024)  ProcessName:python3.12(16066)     Description:[InitStreamModule]Stream 0 Capability: 0x0
Info    2026-08-19 09:46:10:688  DevID:MV-CU060-10GC(DA1691703)  Source-Line:libMVGigEVisionSDK.so(StreamChannel.cpp-L3372)  ProcessName:python3.12(16066)     Description:[PrintfCurrentDevIpAndPort][0] TransmissionType[0], GvspSendIP[192.168.1.21], GvspSendPort[51265], GvspDstIP[192.168.1.21], GvspDstPort[51265]
Info    2026-08-19 09:46:10:697  DevID:MV-CU060-10GC(DA1691703)  Source-Line:libMVGigEVisionSDK.so(GigEVisionMsgChannel.cpp-L0281)  ProcessName:python3.12(16066)     Description:[EventThread]GigE EventThread Start, ThreadId[134693915711168]
Info    2026-08-19 09:46:10:697  DevID:MV-CU060-10GC(DA1691703)  Source-Line:libMVGigEVisionSDK.so(GigEVisionMsgChannel.cpp-L0321)  ProcessName:python3.12(16066)     Description:[EventThreadProc]GigEVision EventThreadProc Begin .
Info    2026-08-19 09:46:10:699  DevID:MV-CU060-10GC(DA1691703)  Source-Line:libMVGigEVisionSDK.so(GigEVisionGVCP.cpp-L0051)  ProcessName:python3.12(16066)     Description:[GVCP_KeepAliveProc]GVCP HeartBeatThread Start, ThreadId[134693779404480]
Info    2026-08-19 09:55:30:566  DevID:MV-CU060-10GC(DA1691703)  Source-Line:libMVGigEVisionSDK.so(StreamChannel.cpp-L1558)  ProcessName:python3.12(16066)     Description:[StartProxy]Set ImageNodeNum [1]  GrabStrategy [0] success!
Info    2026-08-19 09:55:30:566  DevID:MV-CU060-10GC(DA1691703)  Source-Line:libMVGigEVisionSDK.so(StreamChannel.cpp-L1581)  ProcessName:python3.12(16066)     Description:[StartProxy]Backup Node Size[6295104]
Info    2026-08-19 09:55:30:566  DevID:MV-CU060-10GC(DA1691703)  Source-Line:libMVGigEVisionSDK.so(GigEVisionBufferManager.cpp-L0382)  ProcessName:python3.12(16066)     Description:[GigEBufferManager_Init]Main Buffer List'Length is 2, Lock Buffer List's Length is 1
Info    2026-08-19 09:55:30:567  DevID:MV-CU060-10GC(DA1691703)  Source-Line:libMVGigEVisionSDK.so(GigEVisionGVSP.cpp-L0656)  ProcessName:python3.12(16066)     Description:[GVSPThread]GVSPThread Start, ThreadId[3596609216]
Info    2026-08-19 09:55:30:567  DevID:MV-CU060-10GC(DA1691703)  Source-Line:libMVGigEVisionSDK.so(GigEVisionGVSP.cpp-L0690)  ProcessName:python3.12(16066)     Description:[GVSPThreadProc]GvspTimeout[300], ResendEnable[1], ResendTimeInterval[10], ResendRetryTimes[20], ResendTimeout[50], MaxResendPktsNum[4276]
Info    2026-08-19 09:55:30:567  DevID:MV-CU060-10GC(DA1691703)  Source-Line:libMVGigEVisionSDK.so(GigEVisionGVSP.cpp-L0671)  ProcessName:python3.12(16066)     Description:[GVSPResendThread]GVSPResendThread Start, ThreadId[3588216512]
Info    2026-08-19 09:55:30:567  DevID:MV-CU060-10GC(DA1691703)  Source-Line:libMVGigEVisionSDK.so(StreamChannel.cpp-L1787)  ProcessName:python3.12(16066)     Description:[StartProxy][0]Stream proxy start, Socket mode, GvspDstPort[51265], bResendEnable[1], GvspTimeout[300], ResendTimeInterval[10], SCPS[1500], nPayloadSize[6295104], 3DSpecMode[0], CompressMode[0], bSupportAnnounceBuffer[0]
Info    2026-08-19 09:55:30:567  DevID:MV-CU060-10GC(DA1691703)  Source-Line:libMVGigEVisionSDK.so(GigEVisionManager.cpp-L2137)  ProcessName:python3.12(16066)     Description:[GiGEVision_StartAcquisition]m_nPrivilegeMode[1]
Info    2026-08-19 09:55:30:567  DevID:MV-CU060-10GC(DA1691703)  Source-Line:libMVGigEVisionSDK.so(StreamChannel.cpp-L0578)  ProcessName:python3.12(16066)     Description:[StreamInterEventThread]GigE StreamInterEventThread Start, ThreadId[3579823808]
Info    2026-08-19 09:55:30:568  DevID:MV-CU060-10GC(DA1691703)  Source-Line:libMVGigEVisionSDK.so(GigEVisionManager.cpp-L2164)  ProcessName:python3.12(16066)     Description:[GiGEVision_StartAcquisition][0] [GVCP]GvspSendIP[192.168.1.21], GvspSendPort[51265]
Info    2026-08-19 09:55:30:568  DevID:MV-CU060-10GC(DA1691703)  Source-Line:libMVGigEVisionSDK.so(GigEVisionManager.cpp-L2168)  ProcessName:python3.12(16066)     Description:[GiGEVision_StartAcquisition][0] Acquisition Start Success, use 4 ms
Info    2026-08-19 09:55:30:839  DevID:MV-CU060-10GC(DA1691703)  Source-Line:libMVGigEVisionSDK.so(GigEVisionGVSP.cpp-L0438)  ProcessName:python3.12(16066)     Description:[TrimOutputQueue]TrimOutputQueue ThrowInBufList[1]
Warning 2026-08-19 09:55:30:844  DevID:MV-CU060-10GC(DA1691703)  Source-Line:libMVGigEVisionSDK.so(StreamChannel.cpp-L3070)  ProcessName:python3.12(16066)     Description:[GetImageBuffer][GetImageBuffer]The frame number is not continuous, PreFrameNum[1], CurFrameNum[3]
Info    2026-08-19 09:55:31:179  DevID:MV-CU060-10GC(DA1691703)  Source-Line:libMVGigEVisionSDK.so(GigEVisionGVSP.cpp-L0673)  ProcessName:python3.12(16066)     Description:[GVSPResendThread]GVSPResendThread End, ThreadId[3588216512]
Info    2026-08-19 09:55:31:181  DevID:MV-CU060-10GC(DA1691703)  Source-Line:libMVGigEVisionSDK.so(GigEVisionGVSP.cpp-L0658)  ProcessName:python3.12(16066)     Description:[GVSPThread]GVSPThread End, ThreadId[3596609216]
Info    2026-08-19 09:55:31:181  DevID:MV-CU060-10GC(DA1691703)  Source-Line:libMVGigEVisionSDK.so(StreamChannel.cpp-L1069)  ProcessName:python3.12(16066)     Description:[Stop][0] [Socket Mode] GetCount[5], GetCountSucceed[5], NetReceive[7], ThrowAbnormalImage[0], NetLostFrame[0], ThrowInBufList[1], LostPackets[0]
Info    2026-08-19 09:55:31:181  DevID:MV-CU060-10GC(DA1691703)  Source-Line:libMVGigEVisionSDK.so(GigEVisionManager.cpp-L2238)  ProcessName:python3.12(16066)     Description:[GiGEVision_StopAcquisition][0] Acquisition Stop Success, use 7 ms
Info    2026-08-19 09:56:38:776  DevID:MV-CU060-10GC(DA1691703)  Source-Line:libMVGigEVisionSDK.so(GigEVisionBufferManager.cpp-L0382)  ProcessName:python3.12(16066)     Description:[GigEBufferManager_Init]Main Buffer List'Length is 2, Lock Buffer List's Length is 1
Info    2026-08-19 09:56:38:776  DevID:MV-CU060-10GC(DA1691703)  Source-Line:libMVGigEVisionSDK.so(GigEVisionGVSP.cpp-L0656)  ProcessName:python3.12(16066)     Description:[GVSPThread]GVSPThread Start, ThreadId[134693762619072]
Info    2026-08-19 09:56:38:776  DevID:MV-CU060-10GC(DA1691703)  Source-Line:libMVGigEVisionSDK.so(GigEVisionGVSP.cpp-L0690)  ProcessName:python3.12(16066)     Description:[GVSPThreadProc]GvspTimeout[300], ResendEnable[1], ResendTimeInterval[10], ResendRetryTimes[20], ResendTimeout[50], MaxResendPktsNum[4276]
Info    2026-08-19 09:56:38:776  DevID:MV-CU060-10GC(DA1691703)  Source-Line:libMVGigEVisionSDK.so(StreamChannel.cpp-L1787)  ProcessName:python3.12(16066)     Description:[StartProxy][0]Stream proxy start, Socket mode, GvspDstPort[51265], bResendEnable[1], GvspTimeout[300], ResendTimeInterval[10], SCPS[1500], nPayloadSize[6295104], 3DSpecMode[0], CompressMode[0], bSupportAnnounceBuffer[0]
Info    2026-08-19 09:56:38:776  DevID:MV-CU060-10GC(DA1691703)  Source-Line:libMVGigEVisionSDK.so(GigEVisionGVSP.cpp-L0671)  ProcessName:python3.12(16066)     Description:[GVSPResendThread]GVSPResendThread Start, ThreadId[134693771011776]
Info    2026-08-19 09:56:38:776  DevID:MV-CU060-10GC(DA1691703)  Source-Line:libMVGigEVisionSDK.so(GigEVisionManager.cpp-L2137)  ProcessName:python3.12(16066)     Description:[GiGEVision_StartAcquisition]m_nPrivilegeMode[1]
Info    2026-08-19 09:56:38:778  DevID:MV-CU060-10GC(DA1691703)  Source-Line:libMVGigEVisionSDK.so(GigEVisionManager.cpp-L2164)  ProcessName:python3.12(16066)     Description:[GiGEVision_StartAcquisition][0] [GVCP]GvspSendIP[192.168.1.21], GvspSendPort[51265]
Info    2026-08-19 09:56:38:778  DevID:MV-CU060-10GC(DA1691703)  Source-Line:libMVGigEVisionSDK.so(GigEVisionManager.cpp-L2168)  ProcessName:python3.12(16066)     Description:[GiGEVision_StartAcquisition][0] Acquisition Start Success, use 3 ms
Info    2026-08-19 09:56:39:116  DevID:MV-CU060-10GC(DA1691703)  Source-Line:libMVGigEVisionSDK.so(GigEVisionGVSP.cpp-L0438)  ProcessName:python3.12(16066)     Description:[TrimOutputQueue]TrimOutputQueue ThrowInBufList[1]
Warning 2026-08-19 09:56:39:129  DevID:MV-CU060-10GC(DA1691703)  Source-Line:libMVGigEVisionSDK.so(StreamChannel.cpp-L3070)  ProcessName:python3.12(16066)     Description:[GetImageBuffer][GetImageBuffer]The frame number is not continuous, PreFrameNum[2], CurFrameNum[140724603453444]
Info    2026-08-19 09:56:39:343  DevID:MV-CU060-10GC(DA1691703)  Source-Line:libMVGigEVisionSDK.so(GigEVisionGVSP.cpp-L0658)  ProcessName:python3.12(16066)     Description:[GVSPThread]GVSPThread End, ThreadId[134693762619072]
Warning 2026-08-19 09:56:39:343  DevID:MV-CU060-10GC(DA1691703)  Source-Line:libMVGigEVisionSDK.so(GigEVisionGVSP.cpp-L0775)  ProcessName:python3.12(16066)     Description:[GVSPResendThreadProc]WaitForSingleEvent(Timer) failed: 0x6e
Info    2026-08-19 09:56:39:343  DevID:MV-CU060-10GC(DA1691703)  Source-Line:libMVGigEVisionSDK.so(GigEVisionGVSP.cpp-L0673)  ProcessName:python3.12(16066)     Description:[GVSPResendThread]GVSPResendThread End, ThreadId[134693771011776]
Info    2026-08-19 09:56:39:343  DevID:MV-CU060-10GC(DA1691703)  Source-Line:libMVGigEVisionSDK.so(StreamChannel.cpp-L1069)  ProcessName:python3.12(16066)     Description:[Stop][0] [Socket Mode] GetCount[5], GetCountSucceed[5], NetReceive[7], ThrowAbnormalImage[0], NetLostFrame[0], ThrowInBufList[1], LostPackets[0]
Info    2026-08-19 09:56:39:343  DevID:MV-CU060-10GC(DA1691703)  Source-Line:libMVGigEVisionSDK.so(GigEVisionManager.cpp-L2238)  ProcessName:python3.12(16066)     Description:[GiGEVision_StopAcquisition][0] Acquisition Stop Success, use 6 ms
Info    2026-08-19 10:01:18:188  DevID:MV-CU060-10GC(DA1691703)  Source-Line:libMVGigEVisionSDK.so(GigEVisionBufferManager.cpp-L0382)  ProcessName:python3.12(16066)     Description:[GigEBufferManager_Init]Main Buffer List'Length is 2, Lock Buffer List's Length is 1
Info    2026-08-19 10:01:18:188  DevID:MV-CU060-10GC(DA1691703)  Source-Line:libMVGigEVisionSDK.so(GigEVisionGVSP.cpp-L0656)  ProcessName:python3.12(16066)     Description:[GVSPThread]GVSPThread Start, ThreadId[134693771011776]
Info    2026-08-19 10:01:18:188  DevID:MV-CU060-10GC(DA1691703)  Source-Line:libMVGigEVisionSDK.so(GigEVisionGVSP.cpp-L0690)  ProcessName:python3.12(16066)     Description:[GVSPThreadProc]GvspTimeout[300], ResendEnable[1], ResendTimeInterval[10], ResendRetryTimes[20], ResendTimeout[50], MaxResendPktsNum[4276]
Info    2026-08-19 10:01:18:188  DevID:MV-CU060-10GC(DA1691703)  Source-Line:libMVGigEVisionSDK.so(StreamChannel.cpp-L1787)  ProcessName:python3.12(16066)     Description:[StartProxy][0]Stream proxy start, Socket mode, GvspDstPort[51265], bResendEnable[1], GvspTimeout[300], ResendTimeInterval[10], SCPS[1500], nPayloadSize[6295104], 3DSpecMode[0], CompressMode[0], bSupportAnnounceBuffer[0]
Info    2026-08-19 10:01:18:188  DevID:MV-CU060-10GC(DA1691703)  Source-Line:libMVGigEVisionSDK.so(GigEVisionGVSP.cpp-L0671)  ProcessName:python3.12(16066)     Description:[GVSPResendThread]GVSPResendThread Start, ThreadId[134693762619072]
Info    2026-08-19 10:01:18:188  DevID:MV-CU060-10GC(DA1691703)  Source-Line:libMVGigEVisionSDK.so(GigEVisionManager.cpp-L2137)  ProcessName:python3.12(16066)     Description:[GiGEVision_StartAcquisition]m_nPrivilegeMode[1]
Info    2026-08-19 10:01:18:190  DevID:MV-CU060-10GC(DA1691703)  Source-Line:libMVGigEVisionSDK.so(GigEVisionManager.cpp-L2164)  ProcessName:python3.12(16066)     Description:[GiGEVision_StartAcquisition][0] [GVCP]GvspSendIP[192.168.1.21], GvspSendPort[51265]
Info    2026-08-19 10:01:18:190  DevID:MV-CU060-10GC(DA1691703)  Source-Line:libMVGigEVisionSDK.so(GigEVisionManager.cpp-L2168)  ProcessName:python3.12(16066)     Description:[GiGEVision_StartAcquisition][0] Acquisition Start Success, use 4 ms
Info    2026-08-19 10:01:18:528  DevID:MV-CU060-10GC(DA1691703)  Source-Line:libMVGigEVisionSDK.so(GigEVisionGVSP.cpp-L0438)  ProcessName:python3.12(16066)     Description:[TrimOutputQueue]TrimOutputQueue ThrowInBufList[1]
Warning 2026-08-19 10:01:18:554  DevID:MV-CU060-10GC(DA1691703)  Source-Line:libMVGigEVisionSDK.so(StreamChannel.cpp-L3070)  ProcessName:python3.12(16066)     Description:[GetImageBuffer][GetImageBuffer]The frame number is not continuous, PreFrameNum[2], CurFrameNum[140724603453444]
Info    2026-08-19 10:01:18:779  DevID:MV-CU060-10GC(DA1691703)  Source-Line:libMVGigEVisionSDK.so(GigEVisionGVSP.cpp-L0658)  ProcessName:python3.12(16066)     Description:[GVSPThread]GVSPThread End, ThreadId[134693771011776]
Warning 2026-08-19 10:01:18:779  DevID:MV-CU060-10GC(DA1691703)  Source-Line:libMVGigEVisionSDK.so(GigEVisionGVSP.cpp-L0775)  ProcessName:python3.12(16066)     Description:[GVSPResendThreadProc]WaitForSingleEvent(Timer) failed: 0x6e
Info    2026-08-19 10:01:18:779  DevID:MV-CU060-10GC(DA1691703)  Source-Line:libMVGigEVisionSDK.so(GigEVisionGVSP.cpp-L0673)  ProcessName:python3.12(16066)     Description:[GVSPResendThread]GVSPResendThread End, ThreadId[134693762619072]
Info    2026-08-19 10:01:18:779  DevID:MV-CU060-10GC(DA1691703)  Source-Line:libMVGigEVisionSDK.so(StreamChannel.cpp-L1069)  ProcessName:python3.12(16066)     Description:[Stop][0] [Socket Mode] GetCount[5], GetCountSucceed[5], NetReceive[7], ThrowAbnormalImage[0], NetLostFrame[0], ThrowInBufList[1], LostPackets[0]
Info    2026-08-19 10:01:18:779  DevID:MV-CU060-10GC(DA1691703)  Source-Line:libMVGigEVisionSDK.so(GigEVisionManager.cpp-L2238)  ProcessName:python3.12(16066)     Description:[GiGEVision_StopAcquisition][0] Acquisition Stop Success, use 5 ms
Info    2026-08-19 10:01:44:201  DevID:MV-CU060-10GC(DA1691703)  Source-Line:libMVGigEVisionSDK.so(GigEVisionBufferManager.cpp-L0382)  ProcessName:python3.12(16066)     Description:[GigEBufferManager_Init]Main Buffer List'Length is 2, Lock Buffer List's Length is 1
Info    2026-08-19 10:01:44:202  DevID:MV-CU060-10GC(DA1691703)  Source-Line:libMVGigEVisionSDK.so(GigEVisionGVSP.cpp-L0656)  ProcessName:python3.12(16066)     Description:[GVSPThread]GVSPThread Start, ThreadId[134693762619072]
Info    2026-08-19 10:01:44:202  DevID:MV-CU060-10GC(DA1691703)  Source-Line:libMVGigEVisionSDK.so(GigEVisionGVSP.cpp-L0690)  ProcessName:python3.12(16066)     Description:[GVSPThreadProc]GvspTimeout[300], ResendEnable[1], ResendTimeInterval[10], ResendRetryTimes[20], ResendTimeout[50], MaxResendPktsNum[4276]
Info    2026-08-19 10:01:44:202  DevID:MV-CU060-10GC(DA1691703)  Source-Line:libMVGigEVisionSDK.so(StreamChannel.cpp-L1787)  ProcessName:python3.12(16066)     Description:[StartProxy][0]Stream proxy start, Socket mode, GvspDstPort[51265], bResendEnable[1], GvspTimeout[300], ResendTimeInterval[10], SCPS[1500], nPayloadSize[6295104], 3DSpecMode[0], CompressMode[0], bSupportAnnounceBuffer[0]
Info    2026-08-19 10:01:44:202  DevID:MV-CU060-10GC(DA1691703)  Source-Line:libMVGigEVisionSDK.so(GigEVisionGVSP.cpp-L0671)  ProcessName:python3.12(16066)     Description:[GVSPResendThread]GVSPResendThread Start, ThreadId[134693771011776]
Info    2026-08-19 10:01:44:202  DevID:MV-CU060-10GC(DA1691703)  Source-Line:libMVGigEVisionSDK.so(GigEVisionManager.cpp-L2137)  ProcessName:python3.12(16066)     Description:[GiGEVision_StartAcquisition]m_nPrivilegeMode[1]
Info    2026-08-19 10:01:44:204  DevID:MV-CU060-10GC(DA1691703)  Source-Line:libMVGigEVisionSDK.so(GigEVisionManager.cpp-L2164)  ProcessName:python3.12(16066)     Description:[GiGEVision_StartAcquisition][0] [GVCP]GvspSendIP[192.168.1.21], GvspSendPort[51265]
Info    2026-08-19 10:01:44:204  DevID:MV-CU060-10GC(DA1691703)  Source-Line:libMVGigEVisionSDK.so(GigEVisionManager.cpp-L2168)  ProcessName:python3.12(16066)     Description:[GiGEVision_StartAcquisition][0] Acquisition Start Success, use 3 ms
Info    2026-08-19 10:01:44:676  DevID:MV-CU060-10GC(DA1691703)  Source-Line:libMVGigEVisionSDK.so(GigEVisionGVSP.cpp-L0438)  ProcessName:python3.12(16066)     Description:[TrimOutputQueue]TrimOutputQueue ThrowInBufList[1]
Warning 2026-08-19 10:01:44:676  DevID:MV-CU060-10GC(DA1691703)  Source-Line:libMVGigEVisionSDK.so(StreamChannel.cpp-L3070)  ProcessName:python3.12(16066)     Description:[GetImageBuffer][GetImageBuffer]The frame number is not continuous, PreFrameNum[4], CurFrameNum[140724603453446]
Info    2026-08-19 10:01:44:771  DevID:MV-CU060-10GC(DA1691703)  Source-Line:libMVGigEVisionSDK.so(GigEVisionGVSP.cpp-L0673)  ProcessName:python3.12(16066)     Description:[GVSPResendThread]GVSPResendThread End, ThreadId[134693771011776]
Info    2026-08-19 10:01:44:772  DevID:MV-CU060-10GC(DA1691703)  Source-Line:libMVGigEVisionSDK.so(GigEVisionGVSP.cpp-L0658)  ProcessName:python3.12(16066)     Description:[GVSPThread]GVSPThread End, ThreadId[134693762619072]
Info    2026-08-19 10:01:44:772  DevID:MV-CU060-10GC(DA1691703)  Source-Line:libMVGigEVisionSDK.so(StreamChannel.cpp-L1069)  ProcessName:python3.12(16066)     Description:[Stop][0] [Socket Mode] GetCount[5], GetCountSucceed[5], NetReceive[7], ThrowAbnormalImage[0], NetLostFrame[0], ThrowInBufList[1], LostPackets[0]
Info    2026-08-19 10:01:44:772  DevID:MV-CU060-10GC(DA1691703)  Source-Line:libMVGigEVisionSDK.so(GigEVisionManager.cpp-L2238)  ProcessName:python3.12(16066)     Description:[GiGEVision_StopAcquisition][0] Acquisition Stop Success, use 9 ms
Info    2026-08-19 10:02:09:296  DevID:MV-CU060-10GC(DA1691703)  Source-Line:libMVGigEVisionSDK.so(GigEVisionBufferManager.cpp-L0382)  ProcessName:python3.12(16066)     Description:[GigEBufferManager_Init]Main Buffer List'Length is 2, Lock Buffer List's Length is 1
Info    2026-08-19 10:02:09:296  DevID:MV-CU060-10GC(DA1691703)  Source-Line:libMVGigEVisionSDK.so(GigEVisionGVSP.cpp-L0656)  ProcessName:python3.12(16066)     Description:[GVSPThread]GVSPThread Start, ThreadId[134693771011776]
Info    2026-08-19 10:02:09:296  DevID:MV-CU060-10GC(DA1691703)  Source-Line:libMVGigEVisionSDK.so(StreamChannel.cpp-L1787)  ProcessName:python3.12(16066)     Description:[StartProxy][0]Stream proxy start, Socket mode, GvspDstPort[51265], bResendEnable[1], GvspTimeout[300], ResendTimeInterval[10], SCPS[1500], nPayloadSize[6295104], 3DSpecMode[0], CompressMode[0], bSupportAnnounceBuffer[0]
Info    2026-08-19 10:02:09:296  DevID:MV-CU060-10GC(DA1691703)  Source-Line:libMVGigEVisionSDK.so(GigEVisionGVSP.cpp-L0671)  ProcessName:python3.12(16066)     Description:[GVSPResendThread]GVSPResendThread Start, ThreadId[134693762619072]
Info    2026-08-19 10:02:09:296  DevID:MV-CU060-10GC(DA1691703)  Source-Line:libMVGigEVisionSDK.so(GigEVisionGVSP.cpp-L0690)  ProcessName:python3.12(16066)     Description:[GVSPThreadProc]GvspTimeout[300], ResendEnable[1], ResendTimeInterval[10], ResendRetryTimes[20], ResendTimeout[50], MaxResendPktsNum[4276]
Info    2026-08-19 10:02:09:296  DevID:MV-CU060-10GC(DA1691703)  Source-Line:libMVGigEVisionSDK.so(GigEVisionManager.cpp-L2137)  ProcessName:python3.12(16066)     Description:[GiGEVision_StartAcquisition]m_nPrivilegeMode[1]
Info    2026-08-19 10:02:09:298  DevID:MV-CU060-10GC(DA1691703)  Source-Line:libMVGigEVisionSDK.so(GigEVisionManager.cpp-L2164)  ProcessName:python3.12(16066)     Description:[GiGEVision_StartAcquisition][0] [GVCP]GvspSendIP[192.168.1.21], GvspSendPort[51265]
Info    2026-08-19 10:02:09:298  DevID:MV-CU060-10GC(DA1691703)  Source-Line:libMVGigEVisionSDK.so(GigEVisionManager.cpp-L2168)  ProcessName:python3.12(16066)     Description:[GiGEVision_StartAcquisition][0] Acquisition Start Success, use 3 ms
Info    2026-08-19 10:02:09:850  DevID:MV-CU060-10GC(DA1691703)  Source-Line:libMVGigEVisionSDK.so(GigEVisionGVSP.cpp-L0673)  ProcessName:python3.12(16066)     Description:[GVSPResendThread]GVSPResendThread End, ThreadId[134693762619072]
Info    2026-08-19 10:02:09:854  DevID:MV-CU060-10GC(DA1691703)  Source-Line:libMVGigEVisionSDK.so(GigEVisionGVSP.cpp-L0658)  ProcessName:python3.12(16066)     Description:[GVSPThread]GVSPThread End, ThreadId[134693771011776]
Info    2026-08-19 10:02:09:854  DevID:MV-CU060-10GC(DA1691703)  Source-Line:libMVGigEVisionSDK.so(StreamChannel.cpp-L1069)  ProcessName:python3.12(16066)     Description:[Stop][0] [Socket Mode] GetCount[5], GetCountSucceed[5], NetReceive[6], ThrowAbnormalImage[0], NetLostFrame[0], ThrowInBufList[0], LostPackets[0]
Info    2026-08-19 10:02:09:855  DevID:MV-CU060-10GC(DA1691703)  Source-Line:libMVGigEVisionSDK.so(GigEVisionManager.cpp-L2238)  ProcessName:python3.12(16066)     Description:[GiGEVision_StopAcquisition][0] Acquisition Stop Success, use 10 ms
Info    2026-08-19 10:04:06:203  DevID:MV-CU060-10GC(DA1691703)  Source-Line:libMVGigEVisionSDK.so(GigEVisionBufferManager.cpp-L0382)  ProcessName:python3.12(16066)     Description:[GigEBufferManager_Init]Main Buffer List'Length is 2, Lock Buffer List's Length is 1
Info    2026-08-19 10:04:06:203  DevID:MV-CU060-10GC(DA1691703)  Source-Line:libMVGigEVisionSDK.so(GigEVisionGVSP.cpp-L0656)  ProcessName:python3.12(16066)     Description:[GVSPThread]GVSPThread Start, ThreadId[134693762619072]
Info    2026-08-19 10:04:06:203  DevID:MV-CU060-10GC(DA1691703)  Source-Line:libMVGigEVisionSDK.so(GigEVisionGVSP.cpp-L0690)  ProcessName:python3.12(16066)     Description:[GVSPThreadProc]GvspTimeout[300], ResendEnable[1], ResendTimeInterval[10], ResendRetryTimes[20], ResendTimeout[50], MaxResendPktsNum[4276]
Info    2026-08-19 10:04:06:203  DevID:MV-CU060-10GC(DA1691703)  Source-Line:libMVGigEVisionSDK.so(StreamChannel.cpp-L1787)  ProcessName:python3.12(16066)     Description:[StartProxy][0]Stream proxy start, Socket mode, GvspDstPort[51265], bResendEnable[1], GvspTimeout[300], ResendTimeInterval[10], SCPS[1500], nPayloadSize[6295104], 3DSpecMode[0], CompressMode[0], bSupportAnnounceBuffer[0]
Info    2026-08-19 10:04:06:203  DevID:MV-CU060-10GC(DA1691703)  Source-Line:libMVGigEVisionSDK.so(GigEVisionManager.cpp-L2137)  ProcessName:python3.12(16066)     Description:[GiGEVision_StartAcquisition]m_nPrivilegeMode[1]
Info    2026-08-19 10:04:06:203  DevID:MV-CU060-10GC(DA1691703)  Source-Line:libMVGigEVisionSDK.so(GigEVisionGVSP.cpp-L0671)  ProcessName:python3.12(16066)     Description:[GVSPResendThread]GVSPResendThread Start, ThreadId[134693771011776]
Info    2026-08-19 10:04:06:205  DevID:MV-CU060-10GC(DA1691703)  Source-Line:libMVGigEVisionSDK.so(GigEVisionManager.cpp-L2164)  ProcessName:python3.12(16066)     Description:[GiGEVision_StartAcquisition][0] [GVCP]GvspSendIP[192.168.1.21], GvspSendPort[51265]
Info    2026-08-19 10:04:06:205  DevID:MV-CU060-10GC(DA1691703)  Source-Line:libMVGigEVisionSDK.so(GigEVisionManager.cpp-L2168)  ProcessName:python3.12(16066)     Description:[GiGEVision_StartAcquisition][0] Acquisition Start Success, use 4 ms
Info    2026-08-19 10:04:06:475  DevID:MV-CU060-10GC(DA1691703)  Source-Line:libMVGigEVisionSDK.so(GigEVisionGVSP.cpp-L0438)  ProcessName:python3.12(16066)     Description:[TrimOutputQueue]TrimOutputQueue ThrowInBufList[1]
Warning 2026-08-19 10:04:06:501  DevID:MV-CU060-10GC(DA1691703)  Source-Line:libMVGigEVisionSDK.so(StreamChannel.cpp-L3070)  ProcessName:python3.12(16066)     Description:[GetImageBuffer][GetImageBuffer]The frame number is not continuous, PreFrameNum[1], CurFrameNum[140724603453443]
Info    2026-08-19 10:04:06:612  DevID:MV-CU060-10GC(DA1691703)  Source-Line:libMVGigEVisionSDK.so(GigEVisionGVSP.cpp-L0438)  ProcessName:python3.12(16066)     Description:[TrimOutputQueue]TrimOutputQueue ThrowInBufList[2]
Warning 2026-08-19 10:04:06:659  DevID:MV-CU060-10GC(DA1691703)  Source-Line:libMVGigEVisionSDK.so(StreamChannel.cpp-L3070)  ProcessName:python3.12(16066)     Description:[GetImageBuffer][GetImageBuffer]The frame number is not continuous, PreFrameNum[3], CurFrameNum[140724603453445]
Info    2026-08-19 10:04:06:745  DevID:MV-CU060-10GC(DA1691703)  Source-Line:libMVGigEVisionSDK.so(GigEVisionGVSP.cpp-L0438)  ProcessName:python3.12(16066)     Description:[TrimOutputQueue]TrimOutputQueue ThrowInBufList[3]
Warning 2026-08-19 10:04:06:759  DevID:MV-CU060-10GC(DA1691703)  Source-Line:libMVGigEVisionSDK.so(StreamChannel.cpp-L3070)  ProcessName:python3.12(16066)     Description:[GetImageBuffer][GetImageBuffer]The frame number is not continuous, PreFrameNum[5], CurFrameNum[140724603453447]
Info    2026-08-19 10:04:06:880  DevID:MV-CU060-10GC(DA1691703)  Source-Line:libMVGigEVisionSDK.so(GigEVisionGVSP.cpp-L0438)  ProcessName:python3.12(16066)     Description:[TrimOutputQueue]TrimOutputQueue ThrowInBufList[4]
Warning 2026-08-19 10:04:06:908  DevID:MV-CU060-10GC(DA1691703)  Source-Line:libMVGigEVisionSDK.so(StreamChannel.cpp-L3070)  ProcessName:python3.12(16066)     Description:[GetImageBuffer][GetImageBuffer]The frame number is not continuous, PreFrameNum[7], CurFrameNum[140724603453449]
Info    2026-08-19 10:04:07:003  DevID:MV-CU060-10GC(DA1691703)  Source-Line:libMVGigEVisionSDK.so(GigEVisionGVSP.cpp-L0673)  ProcessName:python3.12(16066)     Description:[GVSPResendThread]GVSPResendThread End, ThreadId[134693771011776]
Info    2026-08-19 10:04:07:007  DevID:MV-CU060-10GC(DA1691703)  Source-Line:libMVGigEVisionSDK.so(GigEVisionGVSP.cpp-L0658)  ProcessName:python3.12(16066)     Description:[GVSPThread]GVSPThread End, ThreadId[134693762619072]
Info    2026-08-19 10:04:07:007  DevID:MV-CU060-10GC(DA1691703)  Source-Line:libMVGigEVisionSDK.so(StreamChannel.cpp-L1069)  ProcessName:python3.12(16066)     Description:[Stop][0] [Socket Mode] GetCount[5], GetCountSucceed[5], NetReceive[10], ThrowAbnormalImage[0], NetLostFrame[0], ThrowInBufList[4], LostPackets[0]
Info    2026-08-19 10:04:07:007  DevID:MV-CU060-10GC(DA1691703)  Source-Line:libMVGigEVisionSDK.so(GigEVisionManager.cpp-L2238)  ProcessName:python3.12(16066)     Description:[GiGEVision_StopAcquisition][0] Acquisition Stop Success, use 4 ms
Info    2026-08-19 10:04:33:217  DevID:MV-CU060-10GC(DA1691703)  Source-Line:libMVGigEVisionSDK.so(GigEVisionBufferManager.cpp-L0382)  ProcessName:python3.12(16066)     Description:[GigEBufferManager_Init]Main Buffer List'Length is 2, Lock Buffer List's Length is 1
Info    2026-08-19 10:04:33:217  DevID:MV-CU060-10GC(DA1691703)  Source-Line:libMVGigEVisionSDK.so(GigEVisionGVSP.cpp-L0656)  ProcessName:python3.12(16066)     Description:[GVSPThread]GVSPThread Start, ThreadId[134693771011776]
Info    2026-08-19 10:04:33:217  DevID:MV-CU060-10GC(DA1691703)  Source-Line:libMVGigEVisionSDK.so(GigEVisionGVSP.cpp-L0671)  ProcessName:python3.12(16066)     Description:[GVSPResendThread]GVSPResendThread Start, ThreadId[134693762619072]
Info    2026-08-19 10:04:33:217  DevID:MV-CU060-10GC(DA1691703)  Source-Line:libMVGigEVisionSDK.so(StreamChannel.cpp-L1787)  ProcessName:python3.12(16066)     Description:[StartProxy][0]Stream proxy start, Socket mode, GvspDstPort[51265], bResendEnable[1], GvspTimeout[300], ResendTimeInterval[10], SCPS[1500], nPayloadSize[6295104], 3DSpecMode[0], CompressMode[0], bSupportAnnounceBuffer[0]
Info    2026-08-19 10:04:33:217  DevID:MV-CU060-10GC(DA1691703)  Source-Line:libMVGigEVisionSDK.so(GigEVisionGVSP.cpp-L0690)  ProcessName:python3.12(16066)     Description:[GVSPThreadProc]GvspTimeout[300], ResendEnable[1], ResendTimeInterval[10], ResendRetryTimes[20], ResendTimeout[50], MaxResendPktsNum[4276]
Info    2026-08-19 10:04:33:217  DevID:MV-CU060-10GC(DA1691703)  Source-Line:libMVGigEVisionSDK.so(GigEVisionManager.cpp-L2137)  ProcessName:python3.12(16066)     Description:[GiGEVision_StartAcquisition]m_nPrivilegeMode[1]
Info    2026-08-19 10:04:33:219  DevID:MV-CU060-10GC(DA1691703)  Source-Line:libMVGigEVisionSDK.so(GigEVisionManager.cpp-L2164)  ProcessName:python3.12(16066)     Description:[GiGEVision_StartAcquisition][0] [GVCP]GvspSendIP[192.168.1.21], GvspSendPort[51265]
Info    2026-08-19 10:04:33:219  DevID:MV-CU060-10GC(DA1691703)  Source-Line:libMVGigEVisionSDK.so(GigEVisionManager.cpp-L2168)  ProcessName:python3.12(16066)     Description:[GiGEVision_StartAcquisition][0] Acquisition Start Success, use 3 ms
Info    2026-08-19 10:04:33:728  DevID:MV-CU060-10GC(DA1691703)  Source-Line:libMVGigEVisionSDK.so(GigEVisionGVSP.cpp-L0673)  ProcessName:python3.12(16066)     Description:[GVSPResendThread]GVSPResendThread End, ThreadId[134693762619072]
Info    2026-08-19 10:04:33:729  DevID:MV-CU060-10GC(DA1691703)  Source-Line:libMVGigEVisionSDK.so(GigEVisionGVSP.cpp-L0658)  ProcessName:python3.12(16066)     Description:[GVSPThread]GVSPThread End, ThreadId[134693771011776]
Info    2026-08-19 10:04:33:729  DevID:MV-CU060-10GC(DA1691703)  Source-Line:libMVGigEVisionSDK.so(StreamChannel.cpp-L1069)  ProcessName:python3.12(16066)     Description:[Stop][0] [Socket Mode] GetCount[5], GetCountSucceed[5], NetReceive[6], ThrowAbnormalImage[0], NetLostFrame[0], ThrowInBufList[0], LostPackets[0]
Info    2026-08-19 10:04:33:729  DevID:MV-CU060-10GC(DA1691703)  Source-Line:libMVGigEVisionSDK.so(GigEVisionManager.cpp-L2238)  ProcessName:python3.12(16066)     Description:[GiGEVision_StopAcquisition][0] Acquisition Stop Success, use 7 ms
Info    2026-08-19 10:04:58:841  DevID:MV-CU060-10GC(DA1691703)  Source-Line:libMVGigEVisionSDK.so(GigEVisionBufferManager.cpp-L0382)  ProcessName:python3.12(16066)     Description:[GigEBufferManager_Init]Main Buffer List'Length is 2, Lock Buffer List's Length is 1
Info    2026-08-19 10:04:58:841  DevID:MV-CU060-10GC(DA1691703)  Source-Line:libMVGigEVisionSDK.so(GigEVisionGVSP.cpp-L0656)  ProcessName:python3.12(16066)     Description:[GVSPThread]GVSPThread Start, ThreadId[134693762619072]
Info    2026-08-19 10:04:58:841  DevID:MV-CU060-10GC(DA1691703)  Source-Line:libMVGigEVisionSDK.so(GigEVisionGVSP.cpp-L0690)  ProcessName:python3.12(16066)     Description:[GVSPThreadProc]GvspTimeout[300], ResendEnable[1], ResendTimeInterval[10], ResendRetryTimes[20], ResendTimeout[50], MaxResendPktsNum[4276]
Info    2026-08-19 10:04:58:842  DevID:MV-CU060-10GC(DA1691703)  Source-Line:libMVGigEVisionSDK.so(GigEVisionGVSP.cpp-L0671)  ProcessName:python3.12(16066)     Description:[GVSPResendThread]GVSPResendThread Start, ThreadId[134693771011776]
Info    2026-08-19 10:04:58:842  DevID:MV-CU060-10GC(DA1691703)  Source-Line:libMVGigEVisionSDK.so(StreamChannel.cpp-L1787)  ProcessName:python3.12(16066)     Description:[StartProxy][0]Stream proxy start, Socket mode, GvspDstPort[51265], bResendEnable[1], GvspTimeout[300], ResendTimeInterval[10], SCPS[1500], nPayloadSize[6295104], 3DSpecMode[0], CompressMode[0], bSupportAnnounceBuffer[0]
Info    2026-08-19 10:04:58:842  DevID:MV-CU060-10GC(DA1691703)  Source-Line:libMVGigEVisionSDK.so(GigEVisionManager.cpp-L2137)  ProcessName:python3.12(16066)     Description:[GiGEVision_StartAcquisition]m_nPrivilegeMode[1]
Info    2026-08-19 10:04:58:843  DevID:MV-CU060-10GC(DA1691703)  Source-Line:libMVGigEVisionSDK.so(GigEVisionManager.cpp-L2164)  ProcessName:python3.12(16066)     Description:[GiGEVision_StartAcquisition][0] [GVCP]GvspSendIP[192.168.1.21], GvspSendPort[51265]
Info    2026-08-19 10:04:58:844  DevID:MV-CU060-10GC(DA1691703)  Source-Line:libMVGigEVisionSDK.so(GigEVisionManager.cpp-L2168)  ProcessName:python3.12(16066)     Description:[GiGEVision_StartAcquisition][0] Acquisition Start Success, use 4 ms
Info    2026-08-19 10:04:59:338  DevID:MV-CU060-10GC(DA1691703)  Source-Line:libMVGigEVisionSDK.so(GigEVisionGVSP.cpp-L0673)  ProcessName:python3.12(16066)     Description:[GVSPResendThread]GVSPResendThread End, ThreadId[134693771011776]
Info    2026-08-19 10:04:59:338  DevID:MV-CU060-10GC(DA1691703)  Source-Line:libMVGigEVisionSDK.so(GigEVisionGVSP.cpp-L0658)  ProcessName:python3.12(16066)     Description:[GVSPThread]GVSPThread End, ThreadId[134693762619072]
Info    2026-08-19 10:04:59:339  DevID:MV-CU060-10GC(DA1691703)  Source-Line:libMVGigEVisionSDK.so(StreamChannel.cpp-L1069)  ProcessName:python3.12(16066)     Description:[Stop][0] [Socket Mode] GetCount[5], GetCountSucceed[5], NetReceive[6], ThrowAbnormalImage[0], NetLostFrame[0], ThrowInBufList[0], LostPackets[0]
Info    2026-08-19 10:04:59:339  DevID:MV-CU060-10GC(DA1691703)  Source-Line:libMVGigEVisionSDK.so(GigEVisionManager.cpp-L2238)  ProcessName:python3.12(16066)     Description:[GiGEVision_StopAcquisition][0] Acquisition Stop Success, use 6 ms
Info    2026-08-19 10:05:24:629  DevID:MV-CU060-10GC(DA1691703)  Source-Line:libMVGigEVisionSDK.so(GigEVisionBufferManager.cpp-L0382)  ProcessName:python3.12(16066)     Description:[GigEBufferManager_Init]Main Buffer List'Length is 2, Lock Buffer List's Length is 1
Info    2026-08-19 10:05:24:629  DevID:MV-CU060-10GC(DA1691703)  Source-Line:libMVGigEVisionSDK.so(GigEVisionGVSP.cpp-L0656)  ProcessName:python3.12(16066)     Description:[GVSPThread]GVSPThread Start, ThreadId[134693771011776]
Info    2026-08-19 10:05:24:629  DevID:MV-CU060-10GC(DA1691703)  Source-Line:libMVGigEVisionSDK.so(StreamChannel.cpp-L1787)  ProcessName:python3.12(16066)     Description:[StartProxy][0]Stream proxy start, Socket mode, GvspDstPort[51265], bResendEnable[1], GvspTimeout[300], ResendTimeInterval[10], SCPS[1500], nPayloadSize[6295104], 3DSpecMode[0], CompressMode[0], bSupportAnnounceBuffer[0]
Info    2026-08-19 10:05:24:629  DevID:MV-CU060-10GC(DA1691703)  Source-Line:libMVGigEVisionSDK.so(GigEVisionGVSP.cpp-L0671)  ProcessName:python3.12(16066)     Description:[GVSPResendThread]GVSPResendThread Start, ThreadId[134693762619072]
Info    2026-08-19 10:05:24:629  DevID:MV-CU060-10GC(DA1691703)  Source-Line:libMVGigEVisionSDK.so(GigEVisionGVSP.cpp-L0690)  ProcessName:python3.12(16066)     Description:[GVSPThreadProc]GvspTimeout[300], ResendEnable[1], ResendTimeInterval[10], ResendRetryTimes[20], ResendTimeout[50], MaxResendPktsNum[4276]
Info    2026-08-19 10:05:24:629  DevID:MV-CU060-10GC(DA1691703)  Source-Line:libMVGigEVisionSDK.so(GigEVisionManager.cpp-L2137)  ProcessName:python3.12(16066)     Description:[GiGEVision_StartAcquisition]m_nPrivilegeMode[1]
Info    2026-08-19 10:05:24:631  DevID:MV-CU060-10GC(DA1691703)  Source-Line:libMVGigEVisionSDK.so(GigEVisionManager.cpp-L2164)  ProcessName:python3.12(16066)     Description:[GiGEVision_StartAcquisition][0] [GVCP]GvspSendIP[192.168.1.21], GvspSendPort[51265]
Info    2026-08-19 10:05:24:631  DevID:MV-CU060-10GC(DA1691703)  Source-Line:libMVGigEVisionSDK.so(GigEVisionManager.cpp-L2168)  ProcessName:python3.12(16066)     Description:[GiGEVision_StartAcquisition][0] Acquisition Start Success, use 3 ms
Info    2026-08-19 10:05:25:037  DevID:MV-CU060-10GC(DA1691703)  Source-Line:libMVGigEVisionSDK.so(GigEVisionGVSP.cpp-L0438)  ProcessName:python3.12(16066)     Description:[TrimOutputQueue]TrimOutputQueue ThrowInBufList[1]
Warning 2026-08-19 10:05:25:053  DevID:MV-CU060-10GC(DA1691703)  Source-Line:libMVGigEVisionSDK.so(StreamChannel.cpp-L3070)  ProcessName:python3.12(16066)     Description:[GetImageBuffer][GetImageBuffer]The frame number is not continuous, PreFrameNum[3], CurFrameNum[140724603453445]
Info    2026-08-19 10:05:25:237  DevID:MV-CU060-10GC(DA1691703)  Source-Line:libMVGigEVisionSDK.so(GigEVisionGVSP.cpp-L0438)  ProcessName:python3.12(16066)     Description:[TrimOutputQueue]TrimOutputQueue ThrowInBufList[2]
Info    2026-08-19 10:05:25:269  DevID:MV-CU060-10GC(DA1691703)  Source-Line:libMVGigEVisionSDK.so(GigEVisionGVSP.cpp-L0673)  ProcessName:python3.12(16066)     Description:[GVSPResendThread]GVSPResendThread End, ThreadId[134693762619072]
Info    2026-08-19 10:05:25:274  DevID:MV-CU060-10GC(DA1691703)  Source-Line:libMVGigEVisionSDK.so(GigEVisionGVSP.cpp-L0658)  ProcessName:python3.12(16066)     Description:[GVSPThread]GVSPThread End, ThreadId[134693771011776]
Info    2026-08-19 10:05:25:274  DevID:MV-CU060-10GC(DA1691703)  Source-Line:libMVGigEVisionSDK.so(StreamChannel.cpp-L1069)  ProcessName:python3.12(16066)     Description:[Stop][0] [Socket Mode] GetCount[5], GetCountSucceed[5], NetReceive[8], ThrowAbnormalImage[0], NetLostFrame[0], ThrowInBufList[2], LostPackets[0]
Info    2026-08-19 10:05:25:274  DevID:MV-CU060-10GC(DA1691703)  Source-Line:libMVGigEVisionSDK.so(GigEVisionManager.cpp-L2238)  ProcessName:python3.12(16066)     Description:[GiGEVision_StopAcquisition][0] Acquisition Stop Success, use 12 ms
Info    2026-08-19 10:05:51:160  DevID:MV-CU060-10GC(DA1691703)  Source-Line:libMVGigEVisionSDK.so(GigEVisionBufferManager.cpp-L0382)  ProcessName:python3.12(16066)     Description:[GigEBufferManager_Init]Main Buffer List'Length is 2, Lock Buffer List's Length is 1
Info    2026-08-19 10:05:51:160  DevID:MV-CU060-10GC(DA1691703)  Source-Line:libMVGigEVisionSDK.so(GigEVisionGVSP.cpp-L0656)  ProcessName:python3.12(16066)     Description:[GVSPThread]GVSPThread Start, ThreadId[134693762619072]
Info    2026-08-19 10:05:51:160  DevID:MV-CU060-10GC(DA1691703)  Source-Line:libMVGigEVisionSDK.so(StreamChannel.cpp-L1787)  ProcessName:python3.12(16066)     Description:[StartProxy][0]Stream proxy start, Socket mode, GvspDstPort[51265], bResendEnable[1], GvspTimeout[300], ResendTimeInterval[10], SCPS[1500], nPayloadSize[6295104], 3DSpecMode[0], CompressMode[0], bSupportAnnounceBuffer[0]
Info    2026-08-19 10:05:51:160  DevID:MV-CU060-10GC(DA1691703)  Source-Line:libMVGigEVisionSDK.so(GigEVisionGVSP.cpp-L0671)  ProcessName:python3.12(16066)     Description:[GVSPResendThread]GVSPResendThread Start, ThreadId[134693771011776]
Info    2026-08-19 10:05:51:160  DevID:MV-CU060-10GC(DA1691703)  Source-Line:libMVGigEVisionSDK.so(GigEVisionGVSP.cpp-L0690)  ProcessName:python3.12(16066)     Description:[GVSPThreadProc]GvspTimeout[300], ResendEnable[1], ResendTimeInterval[10], ResendRetryTimes[20], ResendTimeout[50], MaxResendPktsNum[4276]
Info    2026-08-19 10:05:51:160  DevID:MV-CU060-10GC(DA1691703)  Source-Line:libMVGigEVisionSDK.so(GigEVisionManager.cpp-L2137)  ProcessName:python3.12(16066)     Description:[GiGEVision_StartAcquisition]m_nPrivilegeMode[1]
Info    2026-08-19 10:05:51:161  DevID:MV-CU060-10GC(DA1691703)  Source-Line:libMVGigEVisionSDK.so(GigEVisionManager.cpp-L2164)  ProcessName:python3.12(16066)     Description:[GiGEVision_StartAcquisition][0] [GVCP]GvspSendIP[192.168.1.21], GvspSendPort[51265]
Info    2026-08-19 10:05:51:161  DevID:MV-CU060-10GC(DA1691703)  Source-Line:libMVGigEVisionSDK.so(GigEVisionManager.cpp-L2168)  ProcessName:python3.12(16066)     Description:[GiGEVision_StartAcquisition][0] Acquisition Start Success, use 3 ms
Info    2026-08-19 10:05:51:633  DevID:MV-CU060-10GC(DA1691703)  Source-Line:libMVGigEVisionSDK.so(GigEVisionGVSP.cpp-L0438)  ProcessName:python3.12(16066)     Description:[TrimOutputQueue]TrimOutputQueue ThrowInBufList[1]
Warning 2026-08-19 10:05:51:689  DevID:MV-CU060-10GC(DA1691703)  Source-Line:libMVGigEVisionSDK.so(StreamChannel.cpp-L3070)  ProcessName:python3.12(16066)     Description:[GetImageBuffer][GetImageBuffer]The frame number is not continuous, PreFrameNum[4], CurFrameNum[140724603453446]
Info    2026-08-19 10:05:51:768  DevID:MV-CU060-10GC(DA1691703)  Source-Line:libMVGigEVisionSDK.so(GigEVisionGVSP.cpp-L0438)  ProcessName:python3.12(16066)     Description:[TrimOutputQueue]TrimOutputQueue ThrowInBufList[2]
Info    2026-08-19 10:05:51:786  DevID:MV-CU060-10GC(DA1691703)  Source-Line:libMVGigEVisionSDK.so(GigEVisionGVSP.cpp-L0658)  ProcessName:python3.12(16066)     Description:[GVSPThread]GVSPThread End, ThreadId[134693762619072]
Warning 2026-08-19 10:05:51:787  DevID:MV-CU060-10GC(DA1691703)  Source-Line:libMVGigEVisionSDK.so(GigEVisionGVSP.cpp-L0775)  ProcessName:python3.12(16066)     Description:[GVSPResendThreadProc]WaitForSingleEvent(Timer) failed: 0x6e
Info    2026-08-19 10:05:51:787  DevID:MV-CU060-10GC(DA1691703)  Source-Line:libMVGigEVisionSDK.so(GigEVisionGVSP.cpp-L0673)  ProcessName:python3.12(16066)     Description:[GVSPResendThread]GVSPResendThread End, ThreadId[134693771011776]
Info    2026-08-19 10:05:51:787  DevID:MV-CU060-10GC(DA1691703)  Source-Line:libMVGigEVisionSDK.so(StreamChannel.cpp-L1069)  ProcessName:python3.12(16066)     Description:[Stop][0] [Socket Mode] GetCount[5], GetCountSucceed[5], NetReceive[8], ThrowAbnormalImage[0], NetLostFrame[0], ThrowInBufList[2], LostPackets[0]
Info    2026-08-19 10:05:51:787  DevID:MV-CU060-10GC(DA1691703)  Source-Line:libMVGigEVisionSDK.so(GigEVisionManager.cpp-L2238)  ProcessName:python3.12(16066)     Description:[GiGEVision_StopAcquisition][0] Acquisition Stop Success, use 5 ms
Info    2026-08-19 10:06:17:494  DevID:MV-CU060-10GC(DA1691703)  Source-Line:libMVGigEVisionSDK.so(GigEVisionBufferManager.cpp-L0382)  ProcessName:python3.12(16066)     Description:[GigEBufferManager_Init]Main Buffer List'Length is 2, Lock Buffer List's Length is 1
Info    2026-08-19 10:06:17:494  DevID:MV-CU060-10GC(DA1691703)  Source-Line:libMVGigEVisionSDK.so(GigEVisionGVSP.cpp-L0656)  ProcessName:python3.12(16066)     Description:[GVSPThread]GVSPThread Start, ThreadId[134693771011776]
Info    2026-08-19 10:06:17:494  DevID:MV-CU060-10GC(DA1691703)  Source-Line:libMVGigEVisionSDK.so(GigEVisionGVSP.cpp-L0671)  ProcessName:python3.12(16066)     Description:[GVSPResendThread]GVSPResendThread Start, ThreadId[134693762619072]
Info    2026-08-19 10:06:17:494  DevID:MV-CU060-10GC(DA1691703)  Source-Line:libMVGigEVisionSDK.so(StreamChannel.cpp-L1787)  ProcessName:python3.12(16066)     Description:[StartProxy][0]Stream proxy start, Socket mode, GvspDstPort[51265], bResendEnable[1], GvspTimeout[300], ResendTimeInterval[10], SCPS[1500], nPayloadSize[6295104], 3DSpecMode[0], CompressMode[0], bSupportAnnounceBuffer[0]
Info    2026-08-19 10:06:17:494  DevID:MV-CU060-10GC(DA1691703)  Source-Line:libMVGigEVisionSDK.so(GigEVisionGVSP.cpp-L0690)  ProcessName:python3.12(16066)     Description:[GVSPThreadProc]GvspTimeout[300], ResendEnable[1], ResendTimeInterval[10], ResendRetryTimes[20], ResendTimeout[50], MaxResendPktsNum[4276]
Info    2026-08-19 10:06:17:494  DevID:MV-CU060-10GC(DA1691703)  Source-Line:libMVGigEVisionSDK.so(GigEVisionManager.cpp-L2137)  ProcessName:python3.12(16066)     Description:[GiGEVision_StartAcquisition]m_nPrivilegeMode[1]
Info    2026-08-19 10:06:17:496  DevID:MV-CU060-10GC(DA1691703)  Source-Line:libMVGigEVisionSDK.so(GigEVisionManager.cpp-L2164)  ProcessName:python3.12(16066)     Description:[GiGEVision_StartAcquisition][0] [GVCP]GvspSendIP[192.168.1.21], GvspSendPort[51265]
Info    2026-08-19 10:06:17:496  DevID:MV-CU060-10GC(DA1691703)  Source-Line:libMVGigEVisionSDK.so(GigEVisionManager.cpp-L2168)  ProcessName:python3.12(16066)     Description:[GiGEVision_StartAcquisition][0] Acquisition Start Success, use 3 ms
Info    2026-08-19 10:06:17:902  DevID:MV-CU060-10GC(DA1691703)  Source-Line:libMVGigEVisionSDK.so(GigEVisionGVSP.cpp-L0438)  ProcessName:python3.12(16066)     Description:[TrimOutputQueue]TrimOutputQueue ThrowInBufList[1]
Warning 2026-08-19 10:06:17:927  DevID:MV-CU060-10GC(DA1691703)  Source-Line:libMVGigEVisionSDK.so(StreamChannel.cpp-L3070)  ProcessName:python3.12(16066)     Description:[GetImageBuffer][GetImageBuffer]The frame number is not continuous, PreFrameNum[3], CurFrameNum[140724603453445]
Info    2026-08-19 10:06:18:103  DevID:MV-CU060-10GC(DA1691703)  Source-Line:libMVGigEVisionSDK.so(GigEVisionGVSP.cpp-L0438)  ProcessName:python3.12(16066)     Description:[TrimOutputQueue]TrimOutputQueue ThrowInBufList[2]
Info    2026-08-19 10:06:18:140  DevID:MV-CU060-10GC(DA1691703)  Source-Line:libMVGigEVisionSDK.so(GigEVisionGVSP.cpp-L0658)  ProcessName:python3.12(16066)     Description:[GVSPThread]GVSPThread End, ThreadId[134693771011776]
Warning 2026-08-19 10:06:18:141  DevID:MV-CU060-10GC(DA1691703)  Source-Line:libMVGigEVisionSDK.so(GigEVisionGVSP.cpp-L0775)  ProcessName:python3.12(16066)     Description:[GVSPResendThreadProc]WaitForSingleEvent(Timer) failed: 0x6e
Info    2026-08-19 10:06:18:141  DevID:MV-CU060-10GC(DA1691703)  Source-Line:libMVGigEVisionSDK.so(GigEVisionGVSP.cpp-L0673)  ProcessName:python3.12(16066)     Description:[GVSPResendThread]GVSPResendThread End, ThreadId[134693762619072]
Info    2026-08-19 10:06:18:141  DevID:MV-CU060-10GC(DA1691703)  Source-Line:libMVGigEVisionSDK.so(StreamChannel.cpp-L1069)  ProcessName:python3.12(16066)     Description:[Stop][0] [Socket Mode] GetCount[5], GetCountSucceed[5], NetReceive[8], ThrowAbnormalImage[0], NetLostFrame[0], ThrowInBufList[2], LostPackets[0]
Info    2026-08-19 10:06:18:141  DevID:MV-CU060-10GC(DA1691703)  Source-Line:libMVGigEVisionSDK.so(GigEVisionManager.cpp-L2238)  ProcessName:python3.12(16066)     Description:[GiGEVision_StopAcquisition][0] Acquisition Stop Success, use 9 ms
Info    2026-08-19 10:06:42:368  DevID:MV-CU060-10GC(DA1691703)  Source-Line:libMVGigEVisionSDK.so(GigEVisionBufferManager.cpp-L0382)  ProcessName:python3.12(16066)     Description:[GigEBufferManager_Init]Main Buffer List'Length is 2, Lock Buffer List's Length is 1
Info    2026-08-19 10:06:42:368  DevID:MV-CU060-10GC(DA1691703)  Source-Line:libMVGigEVisionSDK.so(GigEVisionGVSP.cpp-L0656)  ProcessName:python3.12(16066)     Description:[GVSPThread]GVSPThread Start, ThreadId[134693762619072]
Info    2026-08-19 10:06:42:368  DevID:MV-CU060-10GC(DA1691703)  Source-Line:libMVGigEVisionSDK.so(GigEVisionGVSP.cpp-L0671)  ProcessName:python3.12(16066)     Description:[GVSPResendThread]GVSPResendThread Start, ThreadId[134693771011776]
Info    2026-08-19 10:06:42:368  DevID:MV-CU060-10GC(DA1691703)  Source-Line:libMVGigEVisionSDK.so(StreamChannel.cpp-L1787)  ProcessName:python3.12(16066)     Description:[StartProxy][0]Stream proxy start, Socket mode, GvspDstPort[51265], bResendEnable[1], GvspTimeout[300], ResendTimeInterval[10], SCPS[1500], nPayloadSize[6295104], 3DSpecMode[0], CompressMode[0], bSupportAnnounceBuffer[0]
Info    2026-08-19 10:06:42:368  DevID:MV-CU060-10GC(DA1691703)  Source-Line:libMVGigEVisionSDK.so(GigEVisionGVSP.cpp-L0690)  ProcessName:python3.12(16066)     Description:[GVSPThreadProc]GvspTimeout[300], ResendEnable[1], ResendTimeInterval[10], ResendRetryTimes[20], ResendTimeout[50], MaxResendPktsNum[4276]
Info    2026-08-19 10:06:42:368  DevID:MV-CU060-10GC(DA1691703)  Source-Line:libMVGigEVisionSDK.so(GigEVisionManager.cpp-L2137)  ProcessName:python3.12(16066)     Description:[GiGEVision_StartAcquisition]m_nPrivilegeMode[1]
Info    2026-08-19 10:06:42:370  DevID:MV-CU060-10GC(DA1691703)  Source-Line:libMVGigEVisionSDK.so(GigEVisionManager.cpp-L2164)  ProcessName:python3.12(16066)     Description:[GiGEVision_StartAcquisition][0] [GVCP]GvspSendIP[192.168.1.21], GvspSendPort[51265]
Info    2026-08-19 10:06:42:370  DevID:MV-CU060-10GC(DA1691703)  Source-Line:libMVGigEVisionSDK.so(GigEVisionManager.cpp-L2168)  ProcessName:python3.12(16066)     Description:[GiGEVision_StartAcquisition][0] Acquisition Start Success, use 3 ms
Info    2026-08-19 10:06:42:775  DevID:MV-CU060-10GC(DA1691703)  Source-Line:libMVGigEVisionSDK.so(GigEVisionGVSP.cpp-L0438)  ProcessName:python3.12(16066)     Description:[TrimOutputQueue]TrimOutputQueue ThrowInBufList[1]
Warning 2026-08-19 10:06:42:799  DevID:MV-CU060-10GC(DA1691703)  Source-Line:libMVGigEVisionSDK.so(StreamChannel.cpp-L3070)  ProcessName:python3.12(16066)     Description:[GetImageBuffer][GetImageBuffer]The frame number is not continuous, PreFrameNum[3], CurFrameNum[140724603453445]
Info    2026-08-19 10:06:42:977  DevID:MV-CU060-10GC(DA1691703)  Source-Line:libMVGigEVisionSDK.so(GigEVisionGVSP.cpp-L0438)  ProcessName:python3.12(16066)     Description:[TrimOutputQueue]TrimOutputQueue ThrowInBufList[2]
Info    2026-08-19 10:06:43:004  DevID:MV-CU060-10GC(DA1691703)  Source-Line:libMVGigEVisionSDK.so(GigEVisionGVSP.cpp-L0673)  ProcessName:python3.12(16066)     Description:[GVSPResendThread]GVSPResendThread End, ThreadId[134693771011776]
Info    2026-08-19 10:06:43:004  DevID:MV-CU060-10GC(DA1691703)  Source-Line:libMVGigEVisionSDK.so(GigEVisionGVSP.cpp-L0658)  ProcessName:python3.12(16066)     Description:[GVSPThread]GVSPThread End, ThreadId[134693762619072]
Info    2026-08-19 10:06:43:007  DevID:MV-CU060-10GC(DA1691703)  Source-Line:libMVGigEVisionSDK.so(StreamChannel.cpp-L1069)  ProcessName:python3.12(16066)     Description:[Stop][0] [Socket Mode] GetCount[5], GetCountSucceed[5], NetReceive[8], ThrowAbnormalImage[0], NetLostFrame[0], ThrowInBufList[2], LostPackets[0]
Info    2026-08-19 10:06:43:007  DevID:MV-CU060-10GC(DA1691703)  Source-Line:libMVGigEVisionSDK.so(GigEVisionManager.cpp-L2238)  ProcessName:python3.12(16066)     Description:[GiGEVision_StopAcquisition][0] Acquisition Stop Success, use 5 ms
Info    2026-08-19 10:07:07:744  DevID:MV-CU060-10GC(DA1691703)  Source-Line:libMVGigEVisionSDK.so(GigEVisionBufferManager.cpp-L0382)  ProcessName:python3.12(16066)     Description:[GigEBufferManager_Init]Main Buffer List'Length is 2, Lock Buffer List's Length is 1
Info    2026-08-19 10:07:07:744  DevID:MV-CU060-10GC(DA1691703)  Source-Line:libMVGigEVisionSDK.so(GigEVisionGVSP.cpp-L0656)  ProcessName:python3.12(16066)     Description:[GVSPThread]GVSPThread Start, ThreadId[134693771011776]
Info    2026-08-19 10:07:07:744  DevID:MV-CU060-10GC(DA1691703)  Source-Line:libMVGigEVisionSDK.so(GigEVisionGVSP.cpp-L0671)  ProcessName:python3.12(16066)     Description:[GVSPResendThread]GVSPResendThread Start, ThreadId[134693762619072]
Info    2026-08-19 10:07:07:744  DevID:MV-CU060-10GC(DA1691703)  Source-Line:libMVGigEVisionSDK.so(StreamChannel.cpp-L1787)  ProcessName:python3.12(16066)     Description:[StartProxy][0]Stream proxy start, Socket mode, GvspDstPort[51265], bResendEnable[1], GvspTimeout[300], ResendTimeInterval[10], SCPS[1500], nPayloadSize[6295104], 3DSpecMode[0], CompressMode[0], bSupportAnnounceBuffer[0]
Info    2026-08-19 10:07:07:744  DevID:MV-CU060-10GC(DA1691703)  Source-Line:libMVGigEVisionSDK.so(GigEVisionGVSP.cpp-L0690)  ProcessName:python3.12(16066)     Description:[GVSPThreadProc]GvspTimeout[300], ResendEnable[1], ResendTimeInterval[10], ResendRetryTimes[20], ResendTimeout[50], MaxResendPktsNum[4276]
Info    2026-08-19 10:07:07:744  DevID:MV-CU060-10GC(DA1691703)  Source-Line:libMVGigEVisionSDK.so(GigEVisionManager.cpp-L2137)  ProcessName:python3.12(16066)     Description:[GiGEVision_StartAcquisition]m_nPrivilegeMode[1]
Info    2026-08-19 10:07:07:746  DevID:MV-CU060-10GC(DA1691703)  Source-Line:libMVGigEVisionSDK.so(GigEVisionManager.cpp-L2164)  ProcessName:python3.12(16066)     Description:[GiGEVision_StartAcquisition][0] [GVCP]GvspSendIP[192.168.1.21], GvspSendPort[51265]
Info    2026-08-19 10:07:07:746  DevID:MV-CU060-10GC(DA1691703)  Source-Line:libMVGigEVisionSDK.so(GigEVisionManager.cpp-L2168)  ProcessName:python3.12(16066)     Description:[GiGEVision_StartAcquisition][0] Acquisition Start Success, use 3 ms
Info    2026-08-19 10:07:08:150  DevID:MV-CU060-10GC(DA1691703)  Source-Line:libMVGigEVisionSDK.so(GigEVisionGVSP.cpp-L0438)  ProcessName:python3.12(16066)     Description:[TrimOutputQueue]TrimOutputQueue ThrowInBufList[1]
Warning 2026-08-19 10:07:08:171  DevID:MV-CU060-10GC(DA1691703)  Source-Line:libMVGigEVisionSDK.so(StreamChannel.cpp-L3070)  ProcessName:python3.12(16066)     Description:[GetImageBuffer][GetImageBuffer]The frame number is not continuous, PreFrameNum[3], CurFrameNum[140724603453445]
Info    2026-08-19 10:07:08:352  DevID:MV-CU060-10GC(DA1691703)  Source-Line:libMVGigEVisionSDK.so(GigEVisionGVSP.cpp-L0438)  ProcessName:python3.12(16066)     Description:[TrimOutputQueue]TrimOutputQueue ThrowInBufList[2]
Info    2026-08-19 10:07:08:373  DevID:MV-CU060-10GC(DA1691703)  Source-Line:libMVGigEVisionSDK.so(GigEVisionGVSP.cpp-L0673)  ProcessName:python3.12(16066)     Description:[GVSPResendThread]GVSPResendThread End, ThreadId[134693762619072]
Info    2026-08-19 10:07:08:382  DevID:MV-CU060-10GC(DA1691703)  Source-Line:libMVGigEVisionSDK.so(GigEVisionGVSP.cpp-L0658)  ProcessName:python3.12(16066)     Description:[GVSPThread]GVSPThread End, ThreadId[134693771011776]
Info    2026-08-19 10:07:08:382  DevID:MV-CU060-10GC(DA1691703)  Source-Line:libMVGigEVisionSDK.so(StreamChannel.cpp-L1069)  ProcessName:python3.12(16066)     Description:[Stop][0] [Socket Mode] GetCount[5], GetCountSucceed[5], NetReceive[8], ThrowAbnormalImage[0], NetLostFrame[0], ThrowInBufList[2], LostPackets[0]
Info    2026-08-19 10:07:08:382  DevID:MV-CU060-10GC(DA1691703)  Source-Line:libMVGigEVisionSDK.so(GigEVisionManager.cpp-L2238)  ProcessName:python3.12(16066)     Description:[GiGEVision_StopAcquisition][0] Acquisition Stop Success, use 10 ms
Info    2026-08-19 10:07:33:752  DevID:MV-CU060-10GC(DA1691703)  Source-Line:libMVGigEVisionSDK.so(GigEVisionBufferManager.cpp-L0382)  ProcessName:python3.12(16066)     Description:[GigEBufferManager_Init]Main Buffer List'Length is 2, Lock Buffer List's Length is 1
Info    2026-08-19 10:07:33:752  DevID:MV-CU060-10GC(DA1691703)  Source-Line:libMVGigEVisionSDK.so(GigEVisionGVSP.cpp-L0656)  ProcessName:python3.12(16066)     Description:[GVSPThread]GVSPThread Start, ThreadId[134693762619072]
Info    2026-08-19 10:07:33:752  DevID:MV-CU060-10GC(DA1691703)  Source-Line:libMVGigEVisionSDK.so(GigEVisionGVSP.cpp-L0690)  ProcessName:python3.12(16066)     Description:[GVSPThreadProc]GvspTimeout[300], ResendEnable[1], ResendTimeInterval[10], ResendRetryTimes[20], ResendTimeout[50], MaxResendPktsNum[4276]
Info    2026-08-19 10:07:33:752  DevID:MV-CU060-10GC(DA1691703)  Source-Line:libMVGigEVisionSDK.so(StreamChannel.cpp-L1787)  ProcessName:python3.12(16066)     Description:[StartProxy][0]Stream proxy start, Socket mode, GvspDstPort[51265], bResendEnable[1], GvspTimeout[300], ResendTimeInterval[10], SCPS[1500], nPayloadSize[6295104], 3DSpecMode[0], CompressMode[0], bSupportAnnounceBuffer[0]
Info    2026-08-19 10:07:33:752  DevID:MV-CU060-10GC(DA1691703)  Source-Line:libMVGigEVisionSDK.so(GigEVisionGVSP.cpp-L0671)  ProcessName:python3.12(16066)     Description:[GVSPResendThread]GVSPResendThread Start, ThreadId[134693771011776]
Info    2026-08-19 10:07:33:752  DevID:MV-CU060-10GC(DA1691703)  Source-Line:libMVGigEVisionSDK.so(GigEVisionManager.cpp-L2137)  ProcessName:python3.12(16066)     Description:[GiGEVision_StartAcquisition]m_nPrivilegeMode[1]
Info    2026-08-19 10:07:33:754  DevID:MV-CU060-10GC(DA1691703)  Source-Line:libMVGigEVisionSDK.so(GigEVisionManager.cpp-L2164)  ProcessName:python3.12(16066)     Description:[GiGEVision_StartAcquisition][0] [GVCP]GvspSendIP[192.168.1.21], GvspSendPort[51265]
Info    2026-08-19 10:07:33:754  DevID:MV-CU060-10GC(DA1691703)  Source-Line:libMVGigEVisionSDK.so(GigEVisionManager.cpp-L2168)  ProcessName:python3.12(16066)     Description:[GiGEVision_StartAcquisition][0] Acquisition Start Success, use 3 ms
Info    2026-08-19 10:07:34:159  DevID:MV-CU060-10GC(DA1691703)  Source-Line:libMVGigEVisionSDK.so(GigEVisionGVSP.cpp-L0438)  ProcessName:python3.12(16066)     Description:[TrimOutputQueue]TrimOutputQueue ThrowInBufList[1]
Warning 2026-08-19 10:07:34:172  DevID:MV-CU060-10GC(DA1691703)  Source-Line:libMVGigEVisionSDK.so(StreamChannel.cpp-L3070)  ProcessName:python3.12(16066)     Description:[GetImageBuffer][GetImageBuffer]The frame number is not continuous, PreFrameNum[3], CurFrameNum[140724603453445]
Info    2026-08-19 10:07:34:360  DevID:MV-CU060-10GC(DA1691703)  Source-Line:libMVGigEVisionSDK.so(GigEVisionGVSP.cpp-L0438)  ProcessName:python3.12(16066)     Description:[TrimOutputQueue]TrimOutputQueue ThrowInBufList[2]
Info    2026-08-19 10:07:34:377  DevID:MV-CU060-10GC(DA1691703)  Source-Line:libMVGigEVisionSDK.so(GigEVisionGVSP.cpp-L0658)  ProcessName:python3.12(16066)     Description:[GVSPThread]GVSPThread End, ThreadId[134693762619072]
Warning 2026-08-19 10:07:34:377  DevID:MV-CU060-10GC(DA1691703)  Source-Line:libMVGigEVisionSDK.so(GigEVisionGVSP.cpp-L0775)  ProcessName:python3.12(16066)     Description:[GVSPResendThreadProc]WaitForSingleEvent(Timer) failed: 0x6e
Info    2026-08-19 10:07:34:377  DevID:MV-CU060-10GC(DA1691703)  Source-Line:libMVGigEVisionSDK.so(GigEVisionGVSP.cpp-L0673)  ProcessName:python3.12(16066)     Description:[GVSPResendThread]GVSPResendThread End, ThreadId[134693771011776]
Info    2026-08-19 10:07:34:377  DevID:MV-CU060-10GC(DA1691703)  Source-Line:libMVGigEVisionSDK.so(StreamChannel.cpp-L1069)  ProcessName:python3.12(16066)     Description:[Stop][0] [Socket Mode] GetCount[5], GetCountSucceed[5], NetReceive[8], ThrowAbnormalImage[0], NetLostFrame[0], ThrowInBufList[2], LostPackets[0]
Info    2026-08-19 10:07:34:377  DevID:MV-CU060-10GC(DA1691703)  Source-Line:libMVGigEVisionSDK.so(GigEVisionManager.cpp-L2238)  ProcessName:python3.12(16066)     Description:[GiGEVision_StopAcquisition][0] Acquisition Stop Success, use 5 ms
Info    2026-08-19 10:07:59:264  DevID:MV-CU060-10GC(DA1691703)  Source-Line:libMVGigEVisionSDK.so(GigEVisionBufferManager.cpp-L0382)  ProcessName:python3.12(16066)     Description:[GigEBufferManager_Init]Main Buffer List'Length is 2, Lock Buffer List's Length is 1
Info    2026-08-19 10:07:59:264  DevID:MV-CU060-10GC(DA1691703)  Source-Line:libMVGigEVisionSDK.so(GigEVisionGVSP.cpp-L0656)  ProcessName:python3.12(16066)     Description:[GVSPThread]GVSPThread Start, ThreadId[134693771011776]
Info    2026-08-19 10:07:59:264  DevID:MV-CU060-10GC(DA1691703)  Source-Line:libMVGigEVisionSDK.so(GigEVisionGVSP.cpp-L0690)  ProcessName:python3.12(16066)     Description:[GVSPThreadProc]GvspTimeout[300], ResendEnable[1], ResendTimeInterval[10], ResendRetryTimes[20], ResendTimeout[50], MaxResendPktsNum[4276]
Info    2026-08-19 10:07:59:264  DevID:MV-CU060-10GC(DA1691703)  Source-Line:libMVGigEVisionSDK.so(StreamChannel.cpp-L1787)  ProcessName:python3.12(16066)     Description:[StartProxy][0]Stream proxy start, Socket mode, GvspDstPort[51265], bResendEnable[1], GvspTimeout[300], ResendTimeInterval[10], SCPS[1500], nPayloadSize[6295104], 3DSpecMode[0], CompressMode[0], bSupportAnnounceBuffer[0]
Info    2026-08-19 10:07:59:264  DevID:MV-CU060-10GC(DA1691703)  Source-Line:libMVGigEVisionSDK.so(GigEVisionGVSP.cpp-L0671)  ProcessName:python3.12(16066)     Description:[GVSPResendThread]GVSPResendThread Start, ThreadId[134693762619072]
Info    2026-08-19 10:07:59:264  DevID:MV-CU060-10GC(DA1691703)  Source-Line:libMVGigEVisionSDK.so(GigEVisionManager.cpp-L2137)  ProcessName:python3.12(16066)     Description:[GiGEVision_StartAcquisition]m_nPrivilegeMode[1]
Info    2026-08-19 10:07:59:266  DevID:MV-CU060-10GC(DA1691703)  Source-Line:libMVGigEVisionSDK.so(GigEVisionManager.cpp-L2164)  ProcessName:python3.12(16066)     Description:[GiGEVision_StartAcquisition][0] [GVCP]GvspSendIP[192.168.1.21], GvspSendPort[51265]
Info    2026-08-19 10:07:59:266  DevID:MV-CU060-10GC(DA1691703)  Source-Line:libMVGigEVisionSDK.so(GigEVisionManager.cpp-L2168)  ProcessName:python3.12(16066)     Description:[GiGEVision_StartAcquisition][0] Acquisition Start Success, use 3 ms
Info    2026-08-19 10:07:59:700  DevID:MV-CU060-10GC(DA1691703)  Source-Line:libMVGigEVisionSDK.so(GigEVisionGVSP.cpp-L0438)  ProcessName:python3.12(16066)     Description:[TrimOutputQueue]TrimOutputQueue ThrowInBufList[1]
Info    2026-08-19 10:07:59:738  DevID:MV-CU060-10GC(DA1691703)  Source-Line:libMVGigEVisionSDK.so(GigEVisionGVSP.cpp-L0438)  ProcessName:python3.12(16066)     Description:[TrimOutputQueue]TrimOutputQueue ThrowInBufList[2]
Warning 2026-08-19 10:07:59:740  DevID:MV-CU060-10GC(DA1691703)  Source-Line:libMVGigEVisionSDK.so(StreamChannel.cpp-L3070)  ProcessName:python3.12(16066)     Description:[GetImageBuffer][GetImageBuffer]The frame number is not continuous, PreFrameNum[3], CurFrameNum[140724603453446]
Info    2026-08-19 10:07:59:935  DevID:MV-CU060-10GC(DA1691703)  Source-Line:libMVGigEVisionSDK.so(GigEVisionGVSP.cpp-L0673)  ProcessName:python3.12(16066)     Description:[GVSPResendThread]GVSPResendThread End, ThreadId[134693762619072]
Info    2026-08-19 10:07:59:936  DevID:MV-CU060-10GC(DA1691703)  Source-Line:libMVGigEVisionSDK.so(GigEVisionGVSP.cpp-L0658)  ProcessName:python3.12(16066)     Description:[GVSPThread]GVSPThread End, ThreadId[134693771011776]
Info    2026-08-19 10:07:59:936  DevID:MV-CU060-10GC(DA1691703)  Source-Line:libMVGigEVisionSDK.so(StreamChannel.cpp-L1069)  ProcessName:python3.12(16066)     Description:[Stop][0] [Socket Mode] GetCount[5], GetCountSucceed[5], NetReceive[8], ThrowAbnormalImage[0], NetLostFrame[0], ThrowInBufList[2], LostPackets[0]
Info    2026-08-19 10:07:59:936  DevID:MV-CU060-10GC(DA1691703)  Source-Line:libMVGigEVisionSDK.so(GigEVisionManager.cpp-L2238)  ProcessName:python3.12(16066)     Description:[GiGEVision_StopAcquisition][0] Acquisition Stop Success, use 3 ms
Info    2026-08-19 10:08:25:263  DevID:MV-CU060-10GC(DA1691703)  Source-Line:libMVGigEVisionSDK.so(GigEVisionBufferManager.cpp-L0382)  ProcessName:python3.12(16066)     Description:[GigEBufferManager_Init]Main Buffer List'Length is 2, Lock Buffer List's Length is 1
Info    2026-08-19 10:08:25:263  DevID:MV-CU060-10GC(DA1691703)  Source-Line:libMVGigEVisionSDK.so(GigEVisionGVSP.cpp-L0656)  ProcessName:python3.12(16066)     Description:[GVSPThread]GVSPThread Start, ThreadId[134693762619072]
Info    2026-08-19 10:08:25:263  DevID:MV-CU060-10GC(DA1691703)  Source-Line:libMVGigEVisionSDK.so(StreamChannel.cpp-L1787)  ProcessName:python3.12(16066)     Description:[StartProxy][0]Stream proxy start, Socket mode, GvspDstPort[51265], bResendEnable[1], GvspTimeout[300], ResendTimeInterval[10], SCPS[1500], nPayloadSize[6295104], 3DSpecMode[0], CompressMode[0], bSupportAnnounceBuffer[0]
Info    2026-08-19 10:08:25:263  DevID:MV-CU060-10GC(DA1691703)  Source-Line:libMVGigEVisionSDK.so(GigEVisionGVSP.cpp-L0690)  ProcessName:python3.12(16066)     Description:[GVSPThreadProc]GvspTimeout[300], ResendEnable[1], ResendTimeInterval[10], ResendRetryTimes[20], ResendTimeout[50], MaxResendPktsNum[4276]
Info    2026-08-19 10:08:25:263  DevID:MV-CU060-10GC(DA1691703)  Source-Line:libMVGigEVisionSDK.so(GigEVisionManager.cpp-L2137)  ProcessName:python3.12(16066)     Description:[GiGEVision_StartAcquisition]m_nPrivilegeMode[1]
Info    2026-08-19 10:08:25:263  DevID:MV-CU060-10GC(DA1691703)  Source-Line:libMVGigEVisionSDK.so(GigEVisionGVSP.cpp-L0671)  ProcessName:python3.12(16066)     Description:[GVSPResendThread]GVSPResendThread Start, ThreadId[134693771011776]
Info    2026-08-19 10:08:25:265  DevID:MV-CU060-10GC(DA1691703)  Source-Line:libMVGigEVisionSDK.so(GigEVisionManager.cpp-L2164)  ProcessName:python3.12(16066)     Description:[GiGEVision_StartAcquisition][0] [GVCP]GvspSendIP[192.168.1.21], GvspSendPort[51265]
Info    2026-08-19 10:08:25:265  DevID:MV-CU060-10GC(DA1691703)  Source-Line:libMVGigEVisionSDK.so(GigEVisionManager.cpp-L2168)  ProcessName:python3.12(16066)     Description:[GiGEVision_StartAcquisition][0] Acquisition Start Success, use 4 ms
Info    2026-08-19 10:08:25:670  DevID:MV-CU060-10GC(DA1691703)  Source-Line:libMVGigEVisionSDK.so(GigEVisionGVSP.cpp-L0438)  ProcessName:python3.12(16066)     Description:[TrimOutputQueue]TrimOutputQueue ThrowInBufList[1]
Warning 2026-08-19 10:08:25:691  DevID:MV-CU060-10GC(DA1691703)  Source-Line:libMVGigEVisionSDK.so(StreamChannel.cpp-L3070)  ProcessName:python3.12(16066)     Description:[GetImageBuffer][GetImageBuffer]The frame number is not continuous, PreFrameNum[3], CurFrameNum[140724603453445]
Info    2026-08-19 10:08:25:873  DevID:MV-CU060-10GC(DA1691703)  Source-Line:libMVGigEVisionSDK.so(GigEVisionGVSP.cpp-L0438)  ProcessName:python3.12(16066)     Description:[TrimOutputQueue]TrimOutputQueue ThrowInBufList[2]
Info    2026-08-19 10:08:25:895  DevID:MV-CU060-10GC(DA1691703)  Source-Line:libMVGigEVisionSDK.so(GigEVisionGVSP.cpp-L0673)  ProcessName:python3.12(16066)     Description:[GVSPResendThread]GVSPResendThread End, ThreadId[134693771011776]
Info    2026-08-19 10:08:25:902  DevID:MV-CU060-10GC(DA1691703)  Source-Line:libMVGigEVisionSDK.so(GigEVisionGVSP.cpp-L0658)  ProcessName:python3.12(16066)     Description:[GVSPThread]GVSPThread End, ThreadId[134693762619072]
Info    2026-08-19 10:08:25:902  DevID:MV-CU060-10GC(DA1691703)  Source-Line:libMVGigEVisionSDK.so(StreamChannel.cpp-L1069)  ProcessName:python3.12(16066)     Description:[Stop][0] [Socket Mode] GetCount[5], GetCountSucceed[5], NetReceive[8], ThrowAbnormalImage[0], NetLostFrame[0], ThrowInBufList[2], LostPackets[0]
Info    2026-08-19 10:08:25:902  DevID:MV-CU060-10GC(DA1691703)  Source-Line:libMVGigEVisionSDK.so(GigEVisionManager.cpp-L2238)  ProcessName:python3.12(16066)     Description:[GiGEVision_StopAcquisition][0] Acquisition Stop Success, use 9 ms
Info    2026-08-19 10:08:51:153  DevID:MV-CU060-10GC(DA1691703)  Source-Line:libMVGigEVisionSDK.so(GigEVisionBufferManager.cpp-L0382)  ProcessName:python3.12(16066)     Description:[GigEBufferManager_Init]Main Buffer List'Length is 2, Lock Buffer List's Length is 1
Info    2026-08-19 10:08:51:153  DevID:MV-CU060-10GC(DA1691703)  Source-Line:libMVGigEVisionSDK.so(GigEVisionGVSP.cpp-L0656)  ProcessName:python3.12(16066)     Description:[GVSPThread]GVSPThread Start, ThreadId[134693771011776]
Info    2026-08-19 10:08:51:153  DevID:MV-CU060-10GC(DA1691703)  Source-Line:libMVGigEVisionSDK.so(StreamChannel.cpp-L1787)  ProcessName:python3.12(16066)     Description:[StartProxy][0]Stream proxy start, Socket mode, GvspDstPort[51265], bResendEnable[1], GvspTimeout[300], ResendTimeInterval[10], SCPS[1500], nPayloadSize[6295104], 3DSpecMode[0], CompressMode[0], bSupportAnnounceBuffer[0]
Info    2026-08-19 10:08:51:153  DevID:MV-CU060-10GC(DA1691703)  Source-Line:libMVGigEVisionSDK.so(GigEVisionGVSP.cpp-L0690)  ProcessName:python3.12(16066)     Description:[GVSPThreadProc]GvspTimeout[300], ResendEnable[1], ResendTimeInterval[10], ResendRetryTimes[20], ResendTimeout[50], MaxResendPktsNum[4276]
Info    2026-08-19 10:08:51:153  DevID:MV-CU060-10GC(DA1691703)  Source-Line:libMVGigEVisionSDK.so(GigEVisionGVSP.cpp-L0671)  ProcessName:python3.12(16066)     Description:[GVSPResendThread]GVSPResendThread Start, ThreadId[134693762619072]
Info    2026-08-19 10:08:51:153  DevID:MV-CU060-10GC(DA1691703)  Source-Line:libMVGigEVisionSDK.so(GigEVisionManager.cpp-L2137)  ProcessName:python3.12(16066)     Description:[GiGEVision_StartAcquisition]m_nPrivilegeMode[1]
Info    2026-08-19 10:08:51:155  DevID:MV-CU060-10GC(DA1691703)  Source-Line:libMVGigEVisionSDK.so(GigEVisionManager.cpp-L2164)  ProcessName:python3.12(16066)     Description:[GiGEVision_StartAcquisition][0] [GVCP]GvspSendIP[192.168.1.21], GvspSendPort[51265]
Info    2026-08-19 10:08:51:155  DevID:MV-CU060-10GC(DA1691703)  Source-Line:libMVGigEVisionSDK.so(GigEVisionManager.cpp-L2168)  ProcessName:python3.12(16066)     Description:[GiGEVision_StartAcquisition][0] Acquisition Start Success, use 3 ms
Info    2026-08-19 10:08:51:560  DevID:MV-CU060-10GC(DA1691703)  Source-Line:libMVGigEVisionSDK.so(GigEVisionGVSP.cpp-L0438)  ProcessName:python3.12(16066)     Description:[TrimOutputQueue]TrimOutputQueue ThrowInBufList[1]
Warning 2026-08-19 10:08:51:566  DevID:MV-CU060-10GC(DA1691703)  Source-Line:libMVGigEVisionSDK.so(StreamChannel.cpp-L3070)  ProcessName:python3.12(16066)     Description:[GetImageBuffer][GetImageBuffer]The frame number is not continuous, PreFrameNum[3], CurFrameNum[140724603453445]
Info    2026-08-19 10:08:51:762  DevID:MV-CU060-10GC(DA1691703)  Source-Line:libMVGigEVisionSDK.so(GigEVisionGVSP.cpp-L0438)  ProcessName:python3.12(16066)     Description:[TrimOutputQueue]TrimOutputQueue ThrowInBufList[2]
Info    2026-08-19 10:08:51:796  DevID:MV-CU060-10GC(DA1691703)  Source-Line:libMVGigEVisionSDK.so(GigEVisionGVSP.cpp-L0673)  ProcessName:python3.12(16066)     Description:[GVSPResendThread]GVSPResendThread End, ThreadId[134693762619072]
Info    2026-08-19 10:08:51:796  DevID:MV-CU060-10GC(DA1691703)  Source-Line:libMVGigEVisionSDK.so(GigEVisionGVSP.cpp-L0658)  ProcessName:python3.12(16066)     Description:[GVSPThread]GVSPThread End, ThreadId[134693771011776]
Info    2026-08-19 10:08:51:796  DevID:MV-CU060-10GC(DA1691703)  Source-Line:libMVGigEVisionSDK.so(StreamChannel.cpp-L1069)  ProcessName:python3.12(16066)     Description:[Stop][0] [Socket Mode] GetCount[5], GetCountSucceed[5], NetReceive[8], ThrowAbnormalImage[0], NetLostFrame[0], ThrowInBufList[2], LostPackets[0]
Info    2026-08-19 10:08:51:797  DevID:MV-CU060-10GC(DA1691703)  Source-Line:libMVGigEVisionSDK.so(GigEVisionManager.cpp-L2238)  ProcessName:python3.12(16066)     Description:[GiGEVision_StopAcquisition][0] Acquisition Stop Success, use 3 ms
Info    2026-08-19 10:09:16:535  DevID:MV-CU060-10GC(DA1691703)  Source-Line:libMVGigEVisionSDK.so(GigEVisionBufferManager.cpp-L0382)  ProcessName:python3.12(16066)     Description:[GigEBufferManager_Init]Main Buffer List'Length is 2, Lock Buffer List's Length is 1
Info    2026-08-19 10:09:16:535  DevID:MV-CU060-10GC(DA1691703)  Source-Line:libMVGigEVisionSDK.so(GigEVisionGVSP.cpp-L0656)  ProcessName:python3.12(16066)     Description:[GVSPThread]GVSPThread Start, ThreadId[134693762619072]
Info    2026-08-19 10:09:16:535  DevID:MV-CU060-10GC(DA1691703)  Source-Line:libMVGigEVisionSDK.so(GigEVisionGVSP.cpp-L0690)  ProcessName:python3.12(16066)     Description:[GVSPThreadProc]GvspTimeout[300], ResendEnable[1], ResendTimeInterval[10], ResendRetryTimes[20], ResendTimeout[50], MaxResendPktsNum[4276]
Info    2026-08-19 10:09:16:535  DevID:MV-CU060-10GC(DA1691703)  Source-Line:libMVGigEVisionSDK.so(StreamChannel.cpp-L1787)  ProcessName:python3.12(16066)     Description:[StartProxy][0]Stream proxy start, Socket mode, GvspDstPort[51265], bResendEnable[1], GvspTimeout[300], ResendTimeInterval[10], SCPS[1500], nPayloadSize[6295104], 3DSpecMode[0], CompressMode[0], bSupportAnnounceBuffer[0]
Info    2026-08-19 10:09:16:535  DevID:MV-CU060-10GC(DA1691703)  Source-Line:libMVGigEVisionSDK.so(GigEVisionGVSP.cpp-L0671)  ProcessName:python3.12(16066)     Description:[GVSPResendThread]GVSPResendThread Start, ThreadId[134693771011776]
Info    2026-08-19 10:09:16:535  DevID:MV-CU060-10GC(DA1691703)  Source-Line:libMVGigEVisionSDK.so(GigEVisionManager.cpp-L2137)  ProcessName:python3.12(16066)     Description:[GiGEVision_StartAcquisition]m_nPrivilegeMode[1]
Info    2026-08-19 10:09:16:537  DevID:MV-CU060-10GC(DA1691703)  Source-Line:libMVGigEVisionSDK.so(GigEVisionManager.cpp-L2164)  ProcessName:python3.12(16066)     Description:[GiGEVision_StartAcquisition][0] [GVCP]GvspSendIP[192.168.1.21], GvspSendPort[51265]
Info    2026-08-19 10:09:16:537  DevID:MV-CU060-10GC(DA1691703)  Source-Line:libMVGigEVisionSDK.so(GigEVisionManager.cpp-L2168)  ProcessName:python3.12(16066)     Description:[GiGEVision_StartAcquisition][0] Acquisition Start Success, use 3 ms
Info    2026-08-19 10:09:16:942  DevID:MV-CU060-10GC(DA1691703)  Source-Line:libMVGigEVisionSDK.so(GigEVisionGVSP.cpp-L0438)  ProcessName:python3.12(16066)     Description:[TrimOutputQueue]TrimOutputQueue ThrowInBufList[1]
Warning 2026-08-19 10:09:16:944  DevID:MV-CU060-10GC(DA1691703)  Source-Line:libMVGigEVisionSDK.so(StreamChannel.cpp-L3070)  ProcessName:python3.12(16066)     Description:[GetImageBuffer][GetImageBuffer]The frame number is not continuous, PreFrameNum[3], CurFrameNum[140724603453445]
Info    2026-08-19 10:09:17:076  DevID:MV-CU060-10GC(DA1691703)  Source-Line:libMVGigEVisionSDK.so(GigEVisionGVSP.cpp-L0438)  ProcessName:python3.12(16066)     Description:[TrimOutputQueue]TrimOutputQueue ThrowInBufList[2]
Warning 2026-08-19 10:09:17:081  DevID:MV-CU060-10GC(DA1691703)  Source-Line:libMVGigEVisionSDK.so(StreamChannel.cpp-L3070)  ProcessName:python3.12(16066)     Description:[GetImageBuffer][GetImageBuffer]The frame number is not continuous, PreFrameNum[5], CurFrameNum[140724603453447]
Info    2026-08-19 10:09:17:177  DevID:MV-CU060-10GC(DA1691703)  Source-Line:libMVGigEVisionSDK.so(GigEVisionGVSP.cpp-L0673)  ProcessName:python3.12(16066)     Description:[GVSPResendThread]GVSPResendThread End, ThreadId[134693771011776]
Info    2026-08-19 10:09:17:182  DevID:MV-CU060-10GC(DA1691703)  Source-Line:libMVGigEVisionSDK.so(GigEVisionGVSP.cpp-L0658)  ProcessName:python3.12(16066)     Description:[GVSPThread]GVSPThread End, ThreadId[134693762619072]
Info    2026-08-19 10:09:17:183  DevID:MV-CU060-10GC(DA1691703)  Source-Line:libMVGigEVisionSDK.so(StreamChannel.cpp-L1069)  ProcessName:python3.12(16066)     Description:[Stop][0] [Socket Mode] GetCount[5], GetCountSucceed[5], NetReceive[8], ThrowAbnormalImage[0], NetLostFrame[0], ThrowInBufList[2], LostPackets[0]
Info    2026-08-19 10:09:17:183  DevID:MV-CU060-10GC(DA1691703)  Source-Line:libMVGigEVisionSDK.so(GigEVisionManager.cpp-L2238)  ProcessName:python3.12(16066)     Description:[GiGEVision_StopAcquisition][0] Acquisition Stop Success, use 10 ms
Info    2026-08-19 10:09:41:734  DevID:MV-CU060-10GC(DA1691703)  Source-Line:libMVGigEVisionSDK.so(GigEVisionBufferManager.cpp-L0382)  ProcessName:python3.12(16066)     Description:[GigEBufferManager_Init]Main Buffer List'Length is 2, Lock Buffer List's Length is 1
Info    2026-08-19 10:09:41:734  DevID:MV-CU060-10GC(DA1691703)  Source-Line:libMVGigEVisionSDK.so(GigEVisionGVSP.cpp-L0656)  ProcessName:python3.12(16066)     Description:[GVSPThread]GVSPThread Start, ThreadId[134693771011776]
Info    2026-08-19 10:09:41:734  DevID:MV-CU060-10GC(DA1691703)  Source-Line:libMVGigEVisionSDK.so(StreamChannel.cpp-L1787)  ProcessName:python3.12(16066)     Description:[StartProxy][0]Stream proxy start, Socket mode, GvspDstPort[51265], bResendEnable[1], GvspTimeout[300], ResendTimeInterval[10], SCPS[1500], nPayloadSize[6295104], 3DSpecMode[0], CompressMode[0], bSupportAnnounceBuffer[0]
Info    2026-08-19 10:09:41:734  DevID:MV-CU060-10GC(DA1691703)  Source-Line:libMVGigEVisionSDK.so(GigEVisionGVSP.cpp-L0690)  ProcessName:python3.12(16066)     Description:[GVSPThreadProc]GvspTimeout[300], ResendEnable[1], ResendTimeInterval[10], ResendRetryTimes[20], ResendTimeout[50], MaxResendPktsNum[4276]
Info    2026-08-19 10:09:41:734  DevID:MV-CU060-10GC(DA1691703)  Source-Line:libMVGigEVisionSDK.so(GigEVisionGVSP.cpp-L0671)  ProcessName:python3.12(16066)     Description:[GVSPResendThread]GVSPResendThread Start, ThreadId[134693762619072]
Info    2026-08-19 10:09:41:734  DevID:MV-CU060-10GC(DA1691703)  Source-Line:libMVGigEVisionSDK.so(GigEVisionManager.cpp-L2137)  ProcessName:python3.12(16066)     Description:[GiGEVision_StartAcquisition]m_nPrivilegeMode[1]
Info    2026-08-19 10:09:41:736  DevID:MV-CU060-10GC(DA1691703)  Source-Line:libMVGigEVisionSDK.so(GigEVisionManager.cpp-L2164)  ProcessName:python3.12(16066)     Description:[GiGEVision_StartAcquisition][0] [GVCP]GvspSendIP[192.168.1.21], GvspSendPort[51265]
Info    2026-08-19 10:09:41:736  DevID:MV-CU060-10GC(DA1691703)  Source-Line:libMVGigEVisionSDK.so(GigEVisionManager.cpp-L2168)  ProcessName:python3.12(16066)     Description:[GiGEVision_StartAcquisition][0] Acquisition Start Success, use 3 ms
Info    2026-08-19 10:09:42:209  DevID:MV-CU060-10GC(DA1691703)  Source-Line:libMVGigEVisionSDK.so(GigEVisionGVSP.cpp-L0438)  ProcessName:python3.12(16066)     Description:[TrimOutputQueue]TrimOutputQueue ThrowInBufList[1]
Warning 2026-08-19 10:09:42:261  DevID:MV-CU060-10GC(DA1691703)  Source-Line:libMVGigEVisionSDK.so(StreamChannel.cpp-L3070)  ProcessName:python3.12(16066)     Description:[GetImageBuffer][GetImageBuffer]The frame number is not continuous, PreFrameNum[4], CurFrameNum[140724603453446]
Info    2026-08-19 10:09:42:350  DevID:MV-CU060-10GC(DA1691703)  Source-Line:libMVGigEVisionSDK.so(GigEVisionGVSP.cpp-L0673)  ProcessName:python3.12(16066)     Description:[GVSPResendThread]GVSPResendThread End, ThreadId[134693762619072]
Info    2026-08-19 10:09:42:351  DevID:MV-CU060-10GC(DA1691703)  Source-Line:libMVGigEVisionSDK.so(GigEVisionGVSP.cpp-L0658)  ProcessName:python3.12(16066)     Description:[GVSPThread]GVSPThread End, ThreadId[134693771011776]
Info    2026-08-19 10:09:42:351  DevID:MV-CU060-10GC(DA1691703)  Source-Line:libMVGigEVisionSDK.so(StreamChannel.cpp-L1069)  ProcessName:python3.12(16066)     Description:[Stop][0] [Socket Mode] GetCount[5], GetCountSucceed[5], NetReceive[7], ThrowAbnormalImage[0], NetLostFrame[0], ThrowInBufList[1], LostPackets[0]
Info    2026-08-19 10:09:42:351  DevID:MV-CU060-10GC(DA1691703)  Source-Line:libMVGigEVisionSDK.so(GigEVisionManager.cpp-L2238)  ProcessName:python3.12(16066)     Description:[GiGEVision_StopAcquisition][0] Acquisition Stop Success, use 7 ms
Info    2026-08-19 10:10:07:176  DevID:MV-CU060-10GC(DA1691703)  Source-Line:libMVGigEVisionSDK.so(GigEVisionBufferManager.cpp-L0382)  ProcessName:python3.12(16066)     Description:[GigEBufferManager_Init]Main Buffer List'Length is 2, Lock Buffer List's Length is 1
Info    2026-08-19 10:10:07:176  DevID:MV-CU060-10GC(DA1691703)  Source-Line:libMVGigEVisionSDK.so(GigEVisionGVSP.cpp-L0656)  ProcessName:python3.12(16066)     Description:[GVSPThread]GVSPThread Start, ThreadId[134693762619072]
Info    2026-08-19 10:10:07:176  DevID:MV-CU060-10GC(DA1691703)  Source-Line:libMVGigEVisionSDK.so(StreamChannel.cpp-L1787)  ProcessName:python3.12(16066)     Description:[StartProxy][0]Stream proxy start, Socket mode, GvspDstPort[51265], bResendEnable[1], GvspTimeout[300], ResendTimeInterval[10], SCPS[1500], nPayloadSize[6295104], 3DSpecMode[0], CompressMode[0], bSupportAnnounceBuffer[0]
Info    2026-08-19 10:10:07:176  DevID:MV-CU060-10GC(DA1691703)  Source-Line:libMVGigEVisionSDK.so(GigEVisionGVSP.cpp-L0690)  ProcessName:python3.12(16066)     Description:[GVSPThreadProc]GvspTimeout[300], ResendEnable[1], ResendTimeInterval[10], ResendRetryTimes[20], ResendTimeout[50], MaxResendPktsNum[4276]
Info    2026-08-19 10:10:07:176  DevID:MV-CU060-10GC(DA1691703)  Source-Line:libMVGigEVisionSDK.so(GigEVisionGVSP.cpp-L0671)  ProcessName:python3.12(16066)     Description:[GVSPResendThread]GVSPResendThread Start, ThreadId[134693771011776]
Info    2026-08-19 10:10:07:176  DevID:MV-CU060-10GC(DA1691703)  Source-Line:libMVGigEVisionSDK.so(GigEVisionManager.cpp-L2137)  ProcessName:python3.12(16066)     Description:[GiGEVision_StartAcquisition]m_nPrivilegeMode[1]
Info    2026-08-19 10:10:07:178  DevID:MV-CU060-10GC(DA1691703)  Source-Line:libMVGigEVisionSDK.so(GigEVisionManager.cpp-L2164)  ProcessName:python3.12(16066)     Description:[GiGEVision_StartAcquisition][0] [GVCP]GvspSendIP[192.168.1.21], GvspSendPort[51265]
Info    2026-08-19 10:10:07:178  DevID:MV-CU060-10GC(DA1691703)  Source-Line:libMVGigEVisionSDK.so(GigEVisionManager.cpp-L2168)  ProcessName:python3.12(16066)     Description:[GiGEVision_StartAcquisition][0] Acquisition Start Success, use 3 ms
Info    2026-08-19 10:10:07:650  DevID:MV-CU060-10GC(DA1691703)  Source-Line:libMVGigEVisionSDK.so(GigEVisionGVSP.cpp-L0438)  ProcessName:python3.12(16066)     Description:[TrimOutputQueue]TrimOutputQueue ThrowInBufList[1]
Warning 2026-08-19 10:10:07:705  DevID:MV-CU060-10GC(DA1691703)  Source-Line:libMVGigEVisionSDK.so(StreamChannel.cpp-L3070)  ProcessName:python3.12(16066)     Description:[GetImageBuffer][GetImageBuffer]The frame number is not continuous, PreFrameNum[4], CurFrameNum[140724603453446]
Info    2026-08-19 10:10:07:785  DevID:MV-CU060-10GC(DA1691703)  Source-Line:libMVGigEVisionSDK.so(GigEVisionGVSP.cpp-L0438)  ProcessName:python3.12(16066)     Description:[TrimOutputQueue]TrimOutputQueue ThrowInBufList[2]
Info    2026-08-19 10:10:07:799  DevID:MV-CU060-10GC(DA1691703)  Source-Line:libMVGigEVisionSDK.so(GigEVisionGVSP.cpp-L0658)  ProcessName:python3.12(16066)     Description:[GVSPThread]GVSPThread End, ThreadId[134693762619072]
Warning 2026-08-19 10:10:07:799  DevID:MV-CU060-10GC(DA1691703)  Source-Line:libMVGigEVisionSDK.so(GigEVisionGVSP.cpp-L0775)  ProcessName:python3.12(16066)     Description:[GVSPResendThreadProc]WaitForSingleEvent(Timer) failed: 0x6e
Info    2026-08-19 10:10:07:799  DevID:MV-CU060-10GC(DA1691703)  Source-Line:libMVGigEVisionSDK.so(GigEVisionGVSP.cpp-L0673)  ProcessName:python3.12(16066)     Description:[GVSPResendThread]GVSPResendThread End, ThreadId[134693771011776]
Info    2026-08-19 10:10:07:799  DevID:MV-CU060-10GC(DA1691703)  Source-Line:libMVGigEVisionSDK.so(StreamChannel.cpp-L1069)  ProcessName:python3.12(16066)     Description:[Stop][0] [Socket Mode] GetCount[5], GetCountSucceed[5], NetReceive[8], ThrowAbnormalImage[0], NetLostFrame[0], ThrowInBufList[2], LostPackets[0]
Info    2026-08-19 10:10:07:799  DevID:MV-CU060-10GC(DA1691703)  Source-Line:libMVGigEVisionSDK.so(GigEVisionManager.cpp-L2238)  ProcessName:python3.12(16066)     Description:[GiGEVision_StopAcquisition][0] Acquisition Stop Success, use 5 ms
Info    2026-08-19 10:10:32:367  DevID:MV-CU060-10GC(DA1691703)  Source-Line:libMVGigEVisionSDK.so(GigEVisionBufferManager.cpp-L0382)  ProcessName:python3.12(16066)     Description:[GigEBufferManager_Init]Main Buffer List'Length is 2, Lock Buffer List's Length is 1
Info    2026-08-19 10:10:32:367  DevID:MV-CU060-10GC(DA1691703)  Source-Line:libMVGigEVisionSDK.so(GigEVisionGVSP.cpp-L0656)  ProcessName:python3.12(16066)     Description:[GVSPThread]GVSPThread Start, ThreadId[134693771011776]
Info    2026-08-19 10:10:32:367  DevID:MV-CU060-10GC(DA1691703)  Source-Line:libMVGigEVisionSDK.so(GigEVisionGVSP.cpp-L0690)  ProcessName:python3.12(16066)     Description:[GVSPThreadProc]GvspTimeout[300], ResendEnable[1], ResendTimeInterval[10], ResendRetryTimes[20], ResendTimeout[50], MaxResendPktsNum[4276]
Info    2026-08-19 10:10:32:367  DevID:MV-CU060-10GC(DA1691703)  Source-Line:libMVGigEVisionSDK.so(StreamChannel.cpp-L1787)  ProcessName:python3.12(16066)     Description:[StartProxy][0]Stream proxy start, Socket mode, GvspDstPort[51265], bResendEnable[1], GvspTimeout[300], ResendTimeInterval[10], SCPS[1500], nPayloadSize[6295104], 3DSpecMode[0], CompressMode[0], bSupportAnnounceBuffer[0]
Info    2026-08-19 10:10:32:367  DevID:MV-CU060-10GC(DA1691703)  Source-Line:libMVGigEVisionSDK.so(GigEVisionGVSP.cpp-L0671)  ProcessName:python3.12(16066)     Description:[GVSPResendThread]GVSPResendThread Start, ThreadId[134693762619072]
Info    2026-08-19 10:10:32:367  DevID:MV-CU060-10GC(DA1691703)  Source-Line:libMVGigEVisionSDK.so(GigEVisionManager.cpp-L2137)  ProcessName:python3.12(16066)     Description:[GiGEVision_StartAcquisition]m_nPrivilegeMode[1]
Info    2026-08-19 10:10:32:369  DevID:MV-CU060-10GC(DA1691703)  Source-Line:libMVGigEVisionSDK.so(GigEVisionManager.cpp-L2164)  ProcessName:python3.12(16066)     Description:[GiGEVision_StartAcquisition][0] [GVCP]GvspSendIP[192.168.1.21], GvspSendPort[51265]
Info    2026-08-19 10:10:32:369  DevID:MV-CU060-10GC(DA1691703)  Source-Line:libMVGigEVisionSDK.so(GigEVisionManager.cpp-L2168)  ProcessName:python3.12(16066)     Description:[GiGEVision_StartAcquisition][0] Acquisition Start Success, use 3 ms
Info    2026-08-19 10:10:32:923  DevID:MV-CU060-10GC(DA1691703)  Source-Line:libMVGigEVisionSDK.so(GigEVisionGVSP.cpp-L0673)  ProcessName:python3.12(16066)     Description:[GVSPResendThread]GVSPResendThread End, ThreadId[134693762619072]
Info    2026-08-19 10:10:32:924  DevID:MV-CU060-10GC(DA1691703)  Source-Line:libMVGigEVisionSDK.so(GigEVisionGVSP.cpp-L0658)  ProcessName:python3.12(16066)     Description:[GVSPThread]GVSPThread End, ThreadId[134693771011776]
Info    2026-08-19 10:10:32:924  DevID:MV-CU060-10GC(DA1691703)  Source-Line:libMVGigEVisionSDK.so(StreamChannel.cpp-L1069)  ProcessName:python3.12(16066)     Description:[Stop][0] [Socket Mode] GetCount[5], GetCountSucceed[5], NetReceive[6], ThrowAbnormalImage[0], NetLostFrame[0], ThrowInBufList[0], LostPackets[0]
Info    2026-08-19 10:10:32:924  DevID:MV-CU060-10GC(DA1691703)  Source-Line:libMVGigEVisionSDK.so(GigEVisionManager.cpp-L2238)  ProcessName:python3.12(16066)     Description:[GiGEVision_StopAcquisition][0] Acquisition Stop Success, use 10 ms
Info    2026-08-19 10:10:57:244  DevID:MV-CU060-10GC(DA1691703)  Source-Line:libMVGigEVisionSDK.so(GigEVisionBufferManager.cpp-L0382)  ProcessName:python3.12(16066)     Description:[GigEBufferManager_Init]Main Buffer List'Length is 2, Lock Buffer List's Length is 1
Info    2026-08-19 10:10:57:244  DevID:MV-CU060-10GC(DA1691703)  Source-Line:libMVGigEVisionSDK.so(GigEVisionGVSP.cpp-L0656)  ProcessName:python3.12(16066)     Description:[GVSPThread]GVSPThread Start, ThreadId[134693762619072]
Info    2026-08-19 10:10:57:244  DevID:MV-CU060-10GC(DA1691703)  Source-Line:libMVGigEVisionSDK.so(GigEVisionGVSP.cpp-L0690)  ProcessName:python3.12(16066)     Description:[GVSPThreadProc]GvspTimeout[300], ResendEnable[1], ResendTimeInterval[10], ResendRetryTimes[20], ResendTimeout[50], MaxResendPktsNum[4276]
Info    2026-08-19 10:10:57:244  DevID:MV-CU060-10GC(DA1691703)  Source-Line:libMVGigEVisionSDK.so(StreamChannel.cpp-L1787)  ProcessName:python3.12(16066)     Description:[StartProxy][0]Stream proxy start, Socket mode, GvspDstPort[51265], bResendEnable[1], GvspTimeout[300], ResendTimeInterval[10], SCPS[1500], nPayloadSize[6295104], 3DSpecMode[0], CompressMode[0], bSupportAnnounceBuffer[0]
Info    2026-08-19 10:10:57:244  DevID:MV-CU060-10GC(DA1691703)  Source-Line:libMVGigEVisionSDK.so(GigEVisionGVSP.cpp-L0671)  ProcessName:python3.12(16066)     Description:[GVSPResendThread]GVSPResendThread Start, ThreadId[134693771011776]
Info    2026-08-19 10:10:57:244  DevID:MV-CU060-10GC(DA1691703)  Source-Line:libMVGigEVisionSDK.so(GigEVisionManager.cpp-L2137)  ProcessName:python3.12(16066)     Description:[GiGEVision_StartAcquisition]m_nPrivilegeMode[1]
Info    2026-08-19 10:10:57:246  DevID:MV-CU060-10GC(DA1691703)  Source-Line:libMVGigEVisionSDK.so(GigEVisionManager.cpp-L2164)  ProcessName:python3.12(16066)     Description:[GiGEVision_StartAcquisition][0] [GVCP]GvspSendIP[192.168.1.21], GvspSendPort[51265]
Info    2026-08-19 10:10:57:246  DevID:MV-CU060-10GC(DA1691703)  Source-Line:libMVGigEVisionSDK.so(GigEVisionManager.cpp-L2168)  ProcessName:python3.12(16066)     Description:[GiGEVision_StartAcquisition][0] Acquisition Start Success, use 3 ms
Info    2026-08-19 10:10:57:788  DevID:MV-CU060-10GC(DA1691703)  Source-Line:libMVGigEVisionSDK.so(GigEVisionGVSP.cpp-L0658)  ProcessName:python3.12(16066)     Description:[GVSPThread]GVSPThread End, ThreadId[134693762619072]
Warning 2026-08-19 10:10:57:788  DevID:MV-CU060-10GC(DA1691703)  Source-Line:libMVGigEVisionSDK.so(GigEVisionGVSP.cpp-L0775)  ProcessName:python3.12(16066)     Description:[GVSPResendThreadProc]WaitForSingleEvent(Timer) failed: 0x6e
Info    2026-08-19 10:10:57:788  DevID:MV-CU060-10GC(DA1691703)  Source-Line:libMVGigEVisionSDK.so(GigEVisionGVSP.cpp-L0673)  ProcessName:python3.12(16066)     Description:[GVSPResendThread]GVSPResendThread End, ThreadId[134693771011776]
Info    2026-08-19 10:10:57:788  DevID:MV-CU060-10GC(DA1691703)  Source-Line:libMVGigEVisionSDK.so(StreamChannel.cpp-L1069)  ProcessName:python3.12(16066)     Description:[Stop][0] [Socket Mode] GetCount[5], GetCountSucceed[5], NetReceive[6], ThrowAbnormalImage[0], NetLostFrame[0], ThrowInBufList[0], LostPackets[0]
Info    2026-08-19 10:10:57:788  DevID:MV-CU060-10GC(DA1691703)  Source-Line:libMVGigEVisionSDK.so(GigEVisionManager.cpp-L2238)  ProcessName:python3.12(16066)     Description:[GiGEVision_StopAcquisition][0] Acquisition Stop Success, use 3 ms
Info    2026-08-19 10:11:22:534  DevID:MV-CU060-10GC(DA1691703)  Source-Line:libMVGigEVisionSDK.so(GigEVisionBufferManager.cpp-L0382)  ProcessName:python3.12(16066)     Description:[GigEBufferManager_Init]Main Buffer List'Length is 2, Lock Buffer List's Length is 1
Info    2026-08-19 10:11:22:534  DevID:MV-CU060-10GC(DA1691703)  Source-Line:libMVGigEVisionSDK.so(GigEVisionGVSP.cpp-L0656)  ProcessName:python3.12(16066)     Description:[GVSPThread]GVSPThread Start, ThreadId[134693771011776]
Info    2026-08-19 10:11:22:534  DevID:MV-CU060-10GC(DA1691703)  Source-Line:libMVGigEVisionSDK.so(StreamChannel.cpp-L1787)  ProcessName:python3.12(16066)     Description:[StartProxy][0]Stream proxy start, Socket mode, GvspDstPort[51265], bResendEnable[1], GvspTimeout[300], ResendTimeInterval[10], SCPS[1500], nPayloadSize[6295104], 3DSpecMode[0], CompressMode[0], bSupportAnnounceBuffer[0]
Info    2026-08-19 10:11:22:534  DevID:MV-CU060-10GC(DA1691703)  Source-Line:libMVGigEVisionSDK.so(GigEVisionGVSP.cpp-L0690)  ProcessName:python3.12(16066)     Description:[GVSPThreadProc]GvspTimeout[300], ResendEnable[1], ResendTimeInterval[10], ResendRetryTimes[20], ResendTimeout[50], MaxResendPktsNum[4276]
Info    2026-08-19 10:11:22:534  DevID:MV-CU060-10GC(DA1691703)  Source-Line:libMVGigEVisionSDK.so(GigEVisionManager.cpp-L2137)  ProcessName:python3.12(16066)     Description:[GiGEVision_StartAcquisition]m_nPrivilegeMode[1]
Info    2026-08-19 10:11:22:534  DevID:MV-CU060-10GC(DA1691703)  Source-Line:libMVGigEVisionSDK.so(GigEVisionGVSP.cpp-L0671)  ProcessName:python3.12(16066)     Description:[GVSPResendThread]GVSPResendThread Start, ThreadId[134693762619072]
Info    2026-08-19 10:11:22:536  DevID:MV-CU060-10GC(DA1691703)  Source-Line:libMVGigEVisionSDK.so(GigEVisionManager.cpp-L2164)  ProcessName:python3.12(16066)     Description:[GiGEVision_StartAcquisition][0] [GVCP]GvspSendIP[192.168.1.21], GvspSendPort[51265]
Info    2026-08-19 10:11:22:536  DevID:MV-CU060-10GC(DA1691703)  Source-Line:libMVGigEVisionSDK.so(GigEVisionManager.cpp-L2168)  ProcessName:python3.12(16066)     Description:[GiGEVision_StartAcquisition][0] Acquisition Start Success, use 3 ms
Info    2026-08-19 10:11:23:077  DevID:MV-CU060-10GC(DA1691703)  Source-Line:libMVGigEVisionSDK.so(GigEVisionGVSP.cpp-L0658)  ProcessName:python3.12(16066)     Description:[GVSPThread]GVSPThread End, ThreadId[134693771011776]
Warning 2026-08-19 10:11:23:077  DevID:MV-CU060-10GC(DA1691703)  Source-Line:libMVGigEVisionSDK.so(GigEVisionGVSP.cpp-L0775)  ProcessName:python3.12(16066)     Description:[GVSPResendThreadProc]WaitForSingleEvent(Timer) failed: 0x6e
Info    2026-08-19 10:11:23:077  DevID:MV-CU060-10GC(DA1691703)  Source-Line:libMVGigEVisionSDK.so(GigEVisionGVSP.cpp-L0673)  ProcessName:python3.12(16066)     Description:[GVSPResendThread]GVSPResendThread End, ThreadId[134693762619072]
Info    2026-08-19 10:11:23:078  DevID:MV-CU060-10GC(DA1691703)  Source-Line:libMVGigEVisionSDK.so(StreamChannel.cpp-L1069)  ProcessName:python3.12(16066)     Description:[Stop][0] [Socket Mode] GetCount[5], GetCountSucceed[5], NetReceive[6], ThrowAbnormalImage[0], NetLostFrame[0], ThrowInBufList[0], LostPackets[0]
Info    2026-08-19 10:11:23:078  DevID:MV-CU060-10GC(DA1691703)  Source-Line:libMVGigEVisionSDK.so(GigEVisionManager.cpp-L2238)  ProcessName:python3.12(16066)     Description:[GiGEVision_StopAcquisition][0] Acquisition Stop Success, use 3 ms
Info    2026-08-19 10:11:48:661  DevID:MV-CU060-10GC(DA1691703)  Source-Line:libMVGigEVisionSDK.so(GigEVisionBufferManager.cpp-L0382)  ProcessName:python3.12(16066)     Description:[GigEBufferManager_Init]Main Buffer List'Length is 2, Lock Buffer List's Length is 1
Info    2026-08-19 10:11:48:661  DevID:MV-CU060-10GC(DA1691703)  Source-Line:libMVGigEVisionSDK.so(GigEVisionGVSP.cpp-L0656)  ProcessName:python3.12(16066)     Description:[GVSPThread]GVSPThread Start, ThreadId[134693762619072]
Info    2026-08-19 10:11:48:661  DevID:MV-CU060-10GC(DA1691703)  Source-Line:libMVGigEVisionSDK.so(StreamChannel.cpp-L1787)  ProcessName:python3.12(16066)     Description:[StartProxy][0]Stream proxy start, Socket mode, GvspDstPort[51265], bResendEnable[1], GvspTimeout[300], ResendTimeInterval[10], SCPS[1500], nPayloadSize[6295104], 3DSpecMode[0], CompressMode[0], bSupportAnnounceBuffer[0]
Info    2026-08-19 10:11:48:661  DevID:MV-CU060-10GC(DA1691703)  Source-Line:libMVGigEVisionSDK.so(GigEVisionGVSP.cpp-L0690)  ProcessName:python3.12(16066)     Description:[GVSPThreadProc]GvspTimeout[300], ResendEnable[1], ResendTimeInterval[10], ResendRetryTimes[20], ResendTimeout[50], MaxResendPktsNum[4276]
Info    2026-08-19 10:11:48:661  DevID:MV-CU060-10GC(DA1691703)  Source-Line:libMVGigEVisionSDK.so(GigEVisionGVSP.cpp-L0671)  ProcessName:python3.12(16066)     Description:[GVSPResendThread]GVSPResendThread Start, ThreadId[134693771011776]
Info    2026-08-19 10:11:48:661  DevID:MV-CU060-10GC(DA1691703)  Source-Line:libMVGigEVisionSDK.so(GigEVisionManager.cpp-L2137)  ProcessName:python3.12(16066)     Description:[GiGEVision_StartAcquisition]m_nPrivilegeMode[1]
Info    2026-08-19 10:11:48:663  DevID:MV-CU060-10GC(DA1691703)  Source-Line:libMVGigEVisionSDK.so(GigEVisionManager.cpp-L2164)  ProcessName:python3.12(16066)     Description:[GiGEVision_StartAcquisition][0] [GVCP]GvspSendIP[192.168.1.21], GvspSendPort[51265]
Info    2026-08-19 10:11:48:663  DevID:MV-CU060-10GC(DA1691703)  Source-Line:libMVGigEVisionSDK.so(GigEVisionManager.cpp-L2168)  ProcessName:python3.12(16066)     Description:[GiGEVision_StartAcquisition][0] Acquisition Start Success, use 3 ms
Info    2026-08-19 10:11:49:208  DevID:MV-CU060-10GC(DA1691703)  Source-Line:libMVGigEVisionSDK.so(GigEVisionGVSP.cpp-L0658)  ProcessName:python3.12(16066)     Description:[GVSPThread]GVSPThread End, ThreadId[134693762619072]
Warning 2026-08-19 10:11:49:208  DevID:MV-CU060-10GC(DA1691703)  Source-Line:libMVGigEVisionSDK.so(GigEVisionGVSP.cpp-L0775)  ProcessName:python3.12(16066)     Description:[GVSPResendThreadProc]WaitForSingleEvent(Timer) failed: 0x6e
Info    2026-08-19 10:11:49:208  DevID:MV-CU060-10GC(DA1691703)  Source-Line:libMVGigEVisionSDK.so(GigEVisionGVSP.cpp-L0673)  ProcessName:python3.12(16066)     Description:[GVSPResendThread]GVSPResendThread End, ThreadId[134693771011776]
Info    2026-08-19 10:11:49:209  DevID:MV-CU060-10GC(DA1691703)  Source-Line:libMVGigEVisionSDK.so(StreamChannel.cpp-L1069)  ProcessName:python3.12(16066)     Description:[Stop][0] [Socket Mode] GetCount[5], GetCountSucceed[5], NetReceive[6], ThrowAbnormalImage[0], NetLostFrame[0], ThrowInBufList[0], LostPackets[0]
Info    2026-08-19 10:11:49:209  DevID:MV-CU060-10GC(DA1691703)  Source-Line:libMVGigEVisionSDK.so(GigEVisionManager.cpp-L2238)  ProcessName:python3.12(16066)     Description:[GiGEVision_StopAcquisition][0] Acquisition Stop Success, use 2 ms
Info    2026-08-19 10:12:14:529  DevID:MV-CU060-10GC(DA1691703)  Source-Line:libMVGigEVisionSDK.so(GigEVisionBufferManager.cpp-L0382)  ProcessName:python3.12(16066)     Description:[GigEBufferManager_Init]Main Buffer List'Length is 2, Lock Buffer List's Length is 1
Info    2026-08-19 10:12:14:530  DevID:MV-CU060-10GC(DA1691703)  Source-Line:libMVGigEVisionSDK.so(GigEVisionGVSP.cpp-L0656)  ProcessName:python3.12(16066)     Description:[GVSPThread]GVSPThread Start, ThreadId[134693771011776]
Info    2026-08-19 10:12:14:530  DevID:MV-CU060-10GC(DA1691703)  Source-Line:libMVGigEVisionSDK.so(StreamChannel.cpp-L1787)  ProcessName:python3.12(16066)     Description:[StartProxy][0]Stream proxy start, Socket mode, GvspDstPort[51265], bResendEnable[1], GvspTimeout[300], ResendTimeInterval[10], SCPS[1500], nPayloadSize[6295104], 3DSpecMode[0], CompressMode[0], bSupportAnnounceBuffer[0]
Info    2026-08-19 10:12:14:530  DevID:MV-CU060-10GC(DA1691703)  Source-Line:libMVGigEVisionSDK.so(GigEVisionGVSP.cpp-L0690)  ProcessName:python3.12(16066)     Description:[GVSPThreadProc]GvspTimeout[300], ResendEnable[1], ResendTimeInterval[10], ResendRetryTimes[20], ResendTimeout[50], MaxResendPktsNum[4276]
Info    2026-08-19 10:12:14:530  DevID:MV-CU060-10GC(DA1691703)  Source-Line:libMVGigEVisionSDK.so(GigEVisionManager.cpp-L2137)  ProcessName:python3.12(16066)     Description:[GiGEVision_StartAcquisition]m_nPrivilegeMode[1]
Info    2026-08-19 10:12:14:530  DevID:MV-CU060-10GC(DA1691703)  Source-Line:libMVGigEVisionSDK.so(GigEVisionGVSP.cpp-L0671)  ProcessName:python3.12(16066)     Description:[GVSPResendThread]GVSPResendThread Start, ThreadId[134693762619072]
Info    2026-08-19 10:12:14:531  DevID:MV-CU060-10GC(DA1691703)  Source-Line:libMVGigEVisionSDK.so(GigEVisionManager.cpp-L2164)  ProcessName:python3.12(16066)     Description:[GiGEVision_StartAcquisition][0] [GVCP]GvspSendIP[192.168.1.21], GvspSendPort[51265]
Info    2026-08-19 10:12:14:531  DevID:MV-CU060-10GC(DA1691703)  Source-Line:libMVGigEVisionSDK.so(GigEVisionManager.cpp-L2168)  ProcessName:python3.12(16066)     Description:[GiGEVision_StartAcquisition][0] Acquisition Start Success, use 3 ms
Info    2026-08-19 10:12:15:068  DevID:MV-CU060-10GC(DA1691703)  Source-Line:libMVGigEVisionSDK.so(GigEVisionGVSP.cpp-L0673)  ProcessName:python3.12(16066)     Description:[GVSPResendThread]GVSPResendThread End, ThreadId[134693762619072]
Info    2026-08-19 10:12:15:073  DevID:MV-CU060-10GC(DA1691703)  Source-Line:libMVGigEVisionSDK.so(GigEVisionGVSP.cpp-L0658)  ProcessName:python3.12(16066)     Description:[GVSPThread]GVSPThread End, ThreadId[134693771011776]
Info    2026-08-19 10:12:15:073  DevID:MV-CU060-10GC(DA1691703)  Source-Line:libMVGigEVisionSDK.so(StreamChannel.cpp-L1069)  ProcessName:python3.12(16066)     Description:[Stop][0] [Socket Mode] GetCount[5], GetCountSucceed[5], NetReceive[6], ThrowAbnormalImage[0], NetLostFrame[0], ThrowInBufList[0], LostPackets[0]
Info    2026-08-19 10:12:15:073  DevID:MV-CU060-10GC(DA1691703)  Source-Line:libMVGigEVisionSDK.so(GigEVisionManager.cpp-L2238)  ProcessName:python3.12(16066)     Description:[GiGEVision_StopAcquisition][0] Acquisition Stop Success, use 7 ms
Info    2026-08-19 10:12:40:228  DevID:MV-CU060-10GC(DA1691703)  Source-Line:libMVGigEVisionSDK.so(GigEVisionBufferManager.cpp-L0382)  ProcessName:python3.12(16066)     Description:[GigEBufferManager_Init]Main Buffer List'Length is 2, Lock Buffer List's Length is 1
Info    2026-08-19 10:12:40:228  DevID:MV-CU060-10GC(DA1691703)  Source-Line:libMVGigEVisionSDK.so(GigEVisionGVSP.cpp-L0656)  ProcessName:python3.12(16066)     Description:[GVSPThread]GVSPThread Start, ThreadId[134693762619072]
Info    2026-08-19 10:12:40:228  DevID:MV-CU060-10GC(DA1691703)  Source-Line:libMVGigEVisionSDK.so(GigEVisionGVSP.cpp-L0690)  ProcessName:python3.12(16066)     Description:[GVSPThreadProc]GvspTimeout[300], ResendEnable[1], ResendTimeInterval[10], ResendRetryTimes[20], ResendTimeout[50], MaxResendPktsNum[4276]
Info    2026-08-19 10:12:40:228  DevID:MV-CU060-10GC(DA1691703)  Source-Line:libMVGigEVisionSDK.so(GigEVisionGVSP.cpp-L0671)  ProcessName:python3.12(16066)     Description:[GVSPResendThread]GVSPResendThread Start, ThreadId[134693771011776]
Info    2026-08-19 10:12:40:228  DevID:MV-CU060-10GC(DA1691703)  Source-Line:libMVGigEVisionSDK.so(StreamChannel.cpp-L1787)  ProcessName:python3.12(16066)     Description:[StartProxy][0]Stream proxy start, Socket mode, GvspDstPort[51265], bResendEnable[1], GvspTimeout[300], ResendTimeInterval[10], SCPS[1500], nPayloadSize[6295104], 3DSpecMode[0], CompressMode[0], bSupportAnnounceBuffer[0]
Info    2026-08-19 10:12:40:228  DevID:MV-CU060-10GC(DA1691703)  Source-Line:libMVGigEVisionSDK.so(GigEVisionManager.cpp-L2137)  ProcessName:python3.12(16066)     Description:[GiGEVision_StartAcquisition]m_nPrivilegeMode[1]
Info    2026-08-19 10:12:40:230  DevID:MV-CU060-10GC(DA1691703)  Source-Line:libMVGigEVisionSDK.so(GigEVisionManager.cpp-L2164)  ProcessName:python3.12(16066)     Description:[GiGEVision_StartAcquisition][0] [GVCP]GvspSendIP[192.168.1.21], GvspSendPort[51265]
Info    2026-08-19 10:12:40:230  DevID:MV-CU060-10GC(DA1691703)  Source-Line:libMVGigEVisionSDK.so(GigEVisionManager.cpp-L2168)  ProcessName:python3.12(16066)     Description:[GiGEVision_StartAcquisition][0] Acquisition Start Success, use 3 ms
Info    2026-08-19 10:12:40:769  DevID:MV-CU060-10GC(DA1691703)  Source-Line:libMVGigEVisionSDK.so(GigEVisionGVSP.cpp-L0438)  ProcessName:python3.12(16066)     Description:[TrimOutputQueue]TrimOutputQueue ThrowInBufList[1]
Info    2026-08-19 10:12:40:772  DevID:MV-CU060-10GC(DA1691703)  Source-Line:libMVGigEVisionSDK.so(GigEVisionGVSP.cpp-L0673)  ProcessName:python3.12(16066)     Description:[GVSPResendThread]GVSPResendThread End, ThreadId[134693771011776]
Info    2026-08-19 10:12:40:779  DevID:MV-CU060-10GC(DA1691703)  Source-Line:libMVGigEVisionSDK.so(GigEVisionGVSP.cpp-L0658)  ProcessName:python3.12(16066)     Description:[GVSPThread]GVSPThread End, ThreadId[134693762619072]
Info    2026-08-19 10:12:40:779  DevID:MV-CU060-10GC(DA1691703)  Source-Line:libMVGigEVisionSDK.so(StreamChannel.cpp-L1069)  ProcessName:python3.12(16066)     Description:[Stop][0] [Socket Mode] GetCount[5], GetCountSucceed[5], NetReceive[7], ThrowAbnormalImage[0], NetLostFrame[0], ThrowInBufList[1], LostPackets[0]
Info    2026-08-19 10:12:40:779  DevID:MV-CU060-10GC(DA1691703)  Source-Line:libMVGigEVisionSDK.so(GigEVisionManager.cpp-L2238)  ProcessName:python3.12(16066)     Description:[GiGEVision_StopAcquisition][0] Acquisition Stop Success, use 9 ms
Info    2026-08-19 10:13:06:325  DevID:MV-CU060-10GC(DA1691703)  Source-Line:libMVGigEVisionSDK.so(GigEVisionBufferManager.cpp-L0382)  ProcessName:python3.12(16066)     Description:[GigEBufferManager_Init]Main Buffer List'Length is 2, Lock Buffer List's Length is 1
Info    2026-08-19 10:13:06:325  DevID:MV-CU060-10GC(DA1691703)  Source-Line:libMVGigEVisionSDK.so(GigEVisionGVSP.cpp-L0656)  ProcessName:python3.12(16066)     Description:[GVSPThread]GVSPThread Start, ThreadId[134693771011776]
Info    2026-08-19 10:13:06:325  DevID:MV-CU060-10GC(DA1691703)  Source-Line:libMVGigEVisionSDK.so(StreamChannel.cpp-L1787)  ProcessName:python3.12(16066)     Description:[StartProxy][0]Stream proxy start, Socket mode, GvspDstPort[51265], bResendEnable[1], GvspTimeout[300], ResendTimeInterval[10], SCPS[1500], nPayloadSize[6295104], 3DSpecMode[0], CompressMode[0], bSupportAnnounceBuffer[0]
Info    2026-08-19 10:13:06:325  DevID:MV-CU060-10GC(DA1691703)  Source-Line:libMVGigEVisionSDK.so(GigEVisionGVSP.cpp-L0690)  ProcessName:python3.12(16066)     Description:[GVSPThreadProc]GvspTimeout[300], ResendEnable[1], ResendTimeInterval[10], ResendRetryTimes[20], ResendTimeout[50], MaxResendPktsNum[4276]
Info    2026-08-19 10:13:06:325  DevID:MV-CU060-10GC(DA1691703)  Source-Line:libMVGigEVisionSDK.so(GigEVisionManager.cpp-L2137)  ProcessName:python3.12(16066)     Description:[GiGEVision_StartAcquisition]m_nPrivilegeMode[1]
Info    2026-08-19 10:13:06:325  DevID:MV-CU060-10GC(DA1691703)  Source-Line:libMVGigEVisionSDK.so(GigEVisionGVSP.cpp-L0671)  ProcessName:python3.12(16066)     Description:[GVSPResendThread]GVSPResendThread Start, ThreadId[134693762619072]
Info    2026-08-19 10:13:06:327  DevID:MV-CU060-10GC(DA1691703)  Source-Line:libMVGigEVisionSDK.so(GigEVisionManager.cpp-L2164)  ProcessName:python3.12(16066)     Description:[GiGEVision_StartAcquisition][0] [GVCP]GvspSendIP[192.168.1.21], GvspSendPort[51265]
Info    2026-08-19 10:13:06:327  DevID:MV-CU060-10GC(DA1691703)  Source-Line:libMVGigEVisionSDK.so(GigEVisionManager.cpp-L2168)  ProcessName:python3.12(16066)     Description:[GiGEVision_StartAcquisition][0] Acquisition Start Success, use 3 ms
Info    2026-08-19 10:13:06:731  DevID:MV-CU060-10GC(DA1691703)  Source-Line:libMVGigEVisionSDK.so(GigEVisionGVSP.cpp-L0438)  ProcessName:python3.12(16066)     Description:[TrimOutputQueue]TrimOutputQueue ThrowInBufList[1]
Warning 2026-08-19 10:13:06:736  DevID:MV-CU060-10GC(DA1691703)  Source-Line:libMVGigEVisionSDK.so(StreamChannel.cpp-L3070)  ProcessName:python3.12(16066)     Description:[GetImageBuffer][GetImageBuffer]The frame number is not continuous, PreFrameNum[3], CurFrameNum[140724603453445]
Info    2026-08-19 10:13:06:899  DevID:MV-CU060-10GC(DA1691703)  Source-Line:libMVGigEVisionSDK.so(GigEVisionGVSP.cpp-L0673)  ProcessName:python3.12(16066)     Description:[GVSPResendThread]GVSPResendThread End, ThreadId[134693762619072]
Info    2026-08-19 10:13:06:906  DevID:MV-CU060-10GC(DA1691703)  Source-Line:libMVGigEVisionSDK.so(GigEVisionGVSP.cpp-L0658)  ProcessName:python3.12(16066)     Description:[GVSPThread]GVSPThread End, ThreadId[134693771011776]
Info    2026-08-19 10:13:06:906  DevID:MV-CU060-10GC(DA1691703)  Source-Line:libMVGigEVisionSDK.so(StreamChannel.cpp-L1069)  ProcessName:python3.12(16066)     Description:[Stop][0] [Socket Mode] GetCount[5], GetCountSucceed[5], NetReceive[7], ThrowAbnormalImage[0], NetLostFrame[0], ThrowInBufList[1], LostPackets[0]
Info    2026-08-19 10:13:06:906  DevID:MV-CU060-10GC(DA1691703)  Source-Line:libMVGigEVisionSDK.so(GigEVisionManager.cpp-L2238)  ProcessName:python3.12(16066)     Description:[GiGEVision_StopAcquisition][0] Acquisition Stop Success, use 9 ms
Info    2026-08-19 10:13:32:381  DevID:MV-CU060-10GC(DA1691703)  Source-Line:libMVGigEVisionSDK.so(GigEVisionBufferManager.cpp-L0382)  ProcessName:python3.12(16066)     Description:[GigEBufferManager_Init]Main Buffer List'Length is 2, Lock Buffer List's Length is 1
Info    2026-08-19 10:13:32:381  DevID:MV-CU060-10GC(DA1691703)  Source-Line:libMVGigEVisionSDK.so(GigEVisionGVSP.cpp-L0656)  ProcessName:python3.12(16066)     Description:[GVSPThread]GVSPThread Start, ThreadId[134693762619072]
Info    2026-08-19 10:13:32:381  DevID:MV-CU060-10GC(DA1691703)  Source-Line:libMVGigEVisionSDK.so(GigEVisionGVSP.cpp-L0671)  ProcessName:python3.12(16066)     Description:[GVSPResendThread]GVSPResendThread Start, ThreadId[134693771011776]
Info    2026-08-19 10:13:32:381  DevID:MV-CU060-10GC(DA1691703)  Source-Line:libMVGigEVisionSDK.so(StreamChannel.cpp-L1787)  ProcessName:python3.12(16066)     Description:[StartProxy][0]Stream proxy start, Socket mode, GvspDstPort[51265], bResendEnable[1], GvspTimeout[300], ResendTimeInterval[10], SCPS[1500], nPayloadSize[6295104], 3DSpecMode[0], CompressMode[0], bSupportAnnounceBuffer[0]
Info    2026-08-19 10:13:32:381  DevID:MV-CU060-10GC(DA1691703)  Source-Line:libMVGigEVisionSDK.so(GigEVisionGVSP.cpp-L0690)  ProcessName:python3.12(16066)     Description:[GVSPThreadProc]GvspTimeout[300], ResendEnable[1], ResendTimeInterval[10], ResendRetryTimes[20], ResendTimeout[50], MaxResendPktsNum[4276]
Info    2026-08-19 10:13:32:382  DevID:MV-CU060-10GC(DA1691703)  Source-Line:libMVGigEVisionSDK.so(GigEVisionManager.cpp-L2137)  ProcessName:python3.12(16066)     Description:[GiGEVision_StartAcquisition]m_nPrivilegeMode[1]
Info    2026-08-19 10:13:32:384  DevID:MV-CU060-10GC(DA1691703)  Source-Line:libMVGigEVisionSDK.so(GigEVisionManager.cpp-L2164)  ProcessName:python3.12(16066)     Description:[GiGEVision_StartAcquisition][0] [GVCP]GvspSendIP[192.168.1.21], GvspSendPort[51265]
Info    2026-08-19 10:13:32:384  DevID:MV-CU060-10GC(DA1691703)  Source-Line:libMVGigEVisionSDK.so(GigEVisionManager.cpp-L2168)  ProcessName:python3.12(16066)     Description:[GiGEVision_StartAcquisition][0] Acquisition Start Success, use 3 ms
Info    2026-08-19 10:13:32:860  DevID:MV-CU060-10GC(DA1691703)  Source-Line:libMVGigEVisionSDK.so(GigEVisionGVSP.cpp-L0658)  ProcessName:python3.12(16066)     Description:[GVSPThread]GVSPThread End, ThreadId[134693762619072]
Warning 2026-08-19 10:13:32:861  DevID:MV-CU060-10GC(DA1691703)  Source-Line:libMVGigEVisionSDK.so(GigEVisionGVSP.cpp-L0775)  ProcessName:python3.12(16066)     Description:[GVSPResendThreadProc]WaitForSingleEvent(Timer) failed: 0x6e
Info    2026-08-19 10:13:32:861  DevID:MV-CU060-10GC(DA1691703)  Source-Line:libMVGigEVisionSDK.so(GigEVisionGVSP.cpp-L0673)  ProcessName:python3.12(16066)     Description:[GVSPResendThread]GVSPResendThread End, ThreadId[134693771011776]
Info    2026-08-19 10:13:32:861  DevID:MV-CU060-10GC(DA1691703)  Source-Line:libMVGigEVisionSDK.so(StreamChannel.cpp-L1069)  ProcessName:python3.12(16066)     Description:[Stop][0] [Socket Mode] GetCount[5], GetCountSucceed[5], NetReceive[5], ThrowAbnormalImage[0], NetLostFrame[0], ThrowInBufList[0], LostPackets[0]
Info    2026-08-19 10:13:32:861  DevID:MV-CU060-10GC(DA1691703)  Source-Line:libMVGigEVisionSDK.so(GigEVisionManager.cpp-L2238)  ProcessName:python3.12(16066)     Description:[GiGEVision_StopAcquisition][0] Acquisition Stop Success, use 4 ms
Info    2026-08-19 10:13:59:995  DevID:MV-CU060-10GC(DA1691703)  Source-Line:libMVGigEVisionSDK.so(GigEVisionBufferManager.cpp-L0382)  ProcessName:python3.12(16066)     Description:[GigEBufferManager_Init]Main Buffer List'Length is 2, Lock Buffer List's Length is 1
Info    2026-08-19 10:13:59:995  DevID:MV-CU060-10GC(DA1691703)  Source-Line:libMVGigEVisionSDK.so(GigEVisionGVSP.cpp-L0656)  ProcessName:python3.12(16066)     Description:[GVSPThread]GVSPThread Start, ThreadId[134693771011776]
Info    2026-08-19 10:13:59:995  DevID:MV-CU060-10GC(DA1691703)  Source-Line:libMVGigEVisionSDK.so(StreamChannel.cpp-L1787)  ProcessName:python3.12(16066)     Description:[StartProxy][0]Stream proxy start, Socket mode, GvspDstPort[51265], bResendEnable[1], GvspTimeout[300], ResendTimeInterval[10], SCPS[1500], nPayloadSize[6295104], 3DSpecMode[0], CompressMode[0], bSupportAnnounceBuffer[0]
Info    2026-08-19 10:13:59:995  DevID:MV-CU060-10GC(DA1691703)  Source-Line:libMVGigEVisionSDK.so(GigEVisionGVSP.cpp-L0671)  ProcessName:python3.12(16066)     Description:[GVSPResendThread]GVSPResendThread Start, ThreadId[134693762619072]
Info    2026-08-19 10:13:59:995  DevID:MV-CU060-10GC(DA1691703)  Source-Line:libMVGigEVisionSDK.so(GigEVisionGVSP.cpp-L0690)  ProcessName:python3.12(16066)     Description:[GVSPThreadProc]GvspTimeout[300], ResendEnable[1], ResendTimeInterval[10], ResendRetryTimes[20], ResendTimeout[50], MaxResendPktsNum[4276]
Info    2026-08-19 10:13:59:995  DevID:MV-CU060-10GC(DA1691703)  Source-Line:libMVGigEVisionSDK.so(GigEVisionManager.cpp-L2137)  ProcessName:python3.12(16066)     Description:[GiGEVision_StartAcquisition]m_nPrivilegeMode[1]
Info    2026-08-19 10:13:59:997  DevID:MV-CU060-10GC(DA1691703)  Source-Line:libMVGigEVisionSDK.so(GigEVisionManager.cpp-L2164)  ProcessName:python3.12(16066)     Description:[GiGEVision_StartAcquisition][0] [GVCP]GvspSendIP[192.168.1.21], GvspSendPort[51265]
Info    2026-08-19 10:13:59:997  DevID:MV-CU060-10GC(DA1691703)  Source-Line:libMVGigEVisionSDK.so(GigEVisionManager.cpp-L2168)  ProcessName:python3.12(16066)     Description:[GiGEVision_StartAcquisition][0] Acquisition Start Success, use 3 ms
Info    2026-08-19 10:14:00:477  DevID:MV-CU060-10GC(DA1691703)  Source-Line:libMVGigEVisionSDK.so(GigEVisionGVSP.cpp-L0673)  ProcessName:python3.12(16066)     Description:[GVSPResendThread]GVSPResendThread End, ThreadId[134693762619072]
Info    2026-08-19 10:14:00:477  DevID:MV-CU060-10GC(DA1691703)  Source-Line:libMVGigEVisionSDK.so(GigEVisionGVSP.cpp-L0658)  ProcessName:python3.12(16066)     Description:[GVSPThread]GVSPThread End, ThreadId[134693771011776]
Info    2026-08-19 10:14:00:477  DevID:MV-CU060-10GC(DA1691703)  Source-Line:libMVGigEVisionSDK.so(StreamChannel.cpp-L1069)  ProcessName:python3.12(16066)     Description:[Stop][0] [Socket Mode] GetCount[5], GetCountSucceed[5], NetReceive[5], ThrowAbnormalImage[0], NetLostFrame[0], ThrowInBufList[0], LostPackets[0]
Info    2026-08-19 10:14:00:477  DevID:MV-CU060-10GC(DA1691703)  Source-Line:libMVGigEVisionSDK.so(GigEVisionManager.cpp-L2238)  ProcessName:python3.12(16066)     Description:[GiGEVision_StopAcquisition][0] Acquisition Stop Success, use 9 ms
Info    2026-08-19 10:14:28:819  DevID:MV-CU060-10GC(DA1691703)  Source-Line:libMVGigEVisionSDK.so(GigEVisionBufferManager.cpp-L0382)  ProcessName:python3.12(16066)     Description:[GigEBufferManager_Init]Main Buffer List'Length is 2, Lock Buffer List's Length is 1
Info    2026-08-19 10:14:28:819  DevID:MV-CU060-10GC(DA1691703)  Source-Line:libMVGigEVisionSDK.so(GigEVisionGVSP.cpp-L0656)  ProcessName:python3.12(16066)     Description:[GVSPThread]GVSPThread Start, ThreadId[134693762619072]
Info    2026-08-19 10:14:28:819  DevID:MV-CU060-10GC(DA1691703)  Source-Line:libMVGigEVisionSDK.so(GigEVisionGVSP.cpp-L0690)  ProcessName:python3.12(16066)     Description:[GVSPThreadProc]GvspTimeout[300], ResendEnable[1], ResendTimeInterval[10], ResendRetryTimes[20], ResendTimeout[50], MaxResendPktsNum[4276]
Info    2026-08-19 10:14:28:819  DevID:MV-CU060-10GC(DA1691703)  Source-Line:libMVGigEVisionSDK.so(StreamChannel.cpp-L1787)  ProcessName:python3.12(16066)     Description:[StartProxy][0]Stream proxy start, Socket mode, GvspDstPort[51265], bResendEnable[1], GvspTimeout[300], ResendTimeInterval[10], SCPS[1500], nPayloadSize[6295104], 3DSpecMode[0], CompressMode[0], bSupportAnnounceBuffer[0]
Info    2026-08-19 10:14:28:819  DevID:MV-CU060-10GC(DA1691703)  Source-Line:libMVGigEVisionSDK.so(GigEVisionGVSP.cpp-L0671)  ProcessName:python3.12(16066)     Description:[GVSPResendThread]GVSPResendThread Start, ThreadId[134693771011776]
Info    2026-08-19 10:14:28:819  DevID:MV-CU060-10GC(DA1691703)  Source-Line:libMVGigEVisionSDK.so(GigEVisionManager.cpp-L2137)  ProcessName:python3.12(16066)     Description:[GiGEVision_StartAcquisition]m_nPrivilegeMode[1]
Info    2026-08-19 10:14:28:821  DevID:MV-CU060-10GC(DA1691703)  Source-Line:libMVGigEVisionSDK.so(GigEVisionManager.cpp-L2164)  ProcessName:python3.12(16066)     Description:[GiGEVision_StartAcquisition][0] [GVCP]GvspSendIP[192.168.1.21], GvspSendPort[51265]
Info    2026-08-19 10:14:28:821  DevID:MV-CU060-10GC(DA1691703)  Source-Line:libMVGigEVisionSDK.so(GigEVisionManager.cpp-L2168)  ProcessName:python3.12(16066)     Description:[GiGEVision_StartAcquisition][0] Acquisition Start Success, use 3 ms
Info    2026-08-19 10:14:29:300  DevID:MV-CU060-10GC(DA1691703)  Source-Line:libMVGigEVisionSDK.so(GigEVisionGVSP.cpp-L0658)  ProcessName:python3.12(16066)     Description:[GVSPThread]GVSPThread End, ThreadId[134693762619072]
Warning 2026-08-19 10:14:29:300  DevID:MV-CU060-10GC(DA1691703)  Source-Line:libMVGigEVisionSDK.so(GigEVisionGVSP.cpp-L0775)  ProcessName:python3.12(16066)     Description:[GVSPResendThreadProc]WaitForSingleEvent(Timer) failed: 0x6e
Info    2026-08-19 10:14:29:300  DevID:MV-CU060-10GC(DA1691703)  Source-Line:libMVGigEVisionSDK.so(GigEVisionGVSP.cpp-L0673)  ProcessName:python3.12(16066)     Description:[GVSPResendThread]GVSPResendThread End, ThreadId[134693771011776]
Info    2026-08-19 10:14:29:300  DevID:MV-CU060-10GC(DA1691703)  Source-Line:libMVGigEVisionSDK.so(StreamChannel.cpp-L1069)  ProcessName:python3.12(16066)     Description:[Stop][0] [Socket Mode] GetCount[5], GetCountSucceed[5], NetReceive[5], ThrowAbnormalImage[0], NetLostFrame[0], ThrowInBufList[0], LostPackets[0]
Info    2026-08-19 10:14:29:300  DevID:MV-CU060-10GC(DA1691703)  Source-Line:libMVGigEVisionSDK.so(GigEVisionManager.cpp-L2238)  ProcessName:python3.12(16066)     Description:[GiGEVision_StopAcquisition][0] Acquisition Stop Success, use 2 ms
Info    2026-08-19 10:14:57:678  DevID:MV-CU060-10GC(DA1691703)  Source-Line:libMVGigEVisionSDK.so(GigEVisionBufferManager.cpp-L0382)  ProcessName:python3.12(16066)     Description:[GigEBufferManager_Init]Main Buffer List'Length is 2, Lock Buffer List's Length is 1
Info    2026-08-19 10:14:57:678  DevID:MV-CU060-10GC(DA1691703)  Source-Line:libMVGigEVisionSDK.so(GigEVisionGVSP.cpp-L0656)  ProcessName:python3.12(16066)     Description:[GVSPThread]GVSPThread Start, ThreadId[134693771011776]
Info    2026-08-19 10:14:57:678  DevID:MV-CU060-10GC(DA1691703)  Source-Line:libMVGigEVisionSDK.so(StreamChannel.cpp-L1787)  ProcessName:python3.12(16066)     Description:[StartProxy][0]Stream proxy start, Socket mode, GvspDstPort[51265], bResendEnable[1], GvspTimeout[300], ResendTimeInterval[10], SCPS[1500], nPayloadSize[6295104], 3DSpecMode[0], CompressMode[0], bSupportAnnounceBuffer[0]
Info    2026-08-19 10:14:57:678  DevID:MV-CU060-10GC(DA1691703)  Source-Line:libMVGigEVisionSDK.so(GigEVisionGVSP.cpp-L0671)  ProcessName:python3.12(16066)     Description:[GVSPResendThread]GVSPResendThread Start, ThreadId[134693762619072]
Info    2026-08-19 10:14:57:678  DevID:MV-CU060-10GC(DA1691703)  Source-Line:libMVGigEVisionSDK.so(GigEVisionGVSP.cpp-L0690)  ProcessName:python3.12(16066)     Description:[GVSPThreadProc]GvspTimeout[300], ResendEnable[1], ResendTimeInterval[10], ResendRetryTimes[20], ResendTimeout[50], MaxResendPktsNum[4276]
Info    2026-08-19 10:14:57:678  DevID:MV-CU060-10GC(DA1691703)  Source-Line:libMVGigEVisionSDK.so(GigEVisionManager.cpp-L2137)  ProcessName:python3.12(16066)     Description:[GiGEVision_StartAcquisition]m_nPrivilegeMode[1]
Info    2026-08-19 10:14:57:680  DevID:MV-CU060-10GC(DA1691703)  Source-Line:libMVGigEVisionSDK.so(GigEVisionManager.cpp-L2164)  ProcessName:python3.12(16066)     Description:[GiGEVision_StartAcquisition][0] [GVCP]GvspSendIP[192.168.1.21], GvspSendPort[51265]
Info    2026-08-19 10:14:57:680  DevID:MV-CU060-10GC(DA1691703)  Source-Line:libMVGigEVisionSDK.so(GigEVisionManager.cpp-L2168)  ProcessName:python3.12(16066)     Description:[GiGEVision_StartAcquisition][0] Acquisition Start Success, use 3 ms
Info    2026-08-19 10:14:58:207  DevID:MV-CU060-10GC(DA1691703)  Source-Line:libMVGigEVisionSDK.so(GigEVisionGVSP.cpp-L0673)  ProcessName:python3.12(16066)     Description:[GVSPResendThread]GVSPResendThread End, ThreadId[134693762619072]
Info    2026-08-19 10:14:58:208  DevID:MV-CU060-10GC(DA1691703)  Source-Line:libMVGigEVisionSDK.so(GigEVisionGVSP.cpp-L0658)  ProcessName:python3.12(16066)     Description:[GVSPThread]GVSPThread End, ThreadId[134693771011776]
Info    2026-08-19 10:14:58:208  DevID:MV-CU060-10GC(DA1691703)  Source-Line:libMVGigEVisionSDK.so(StreamChannel.cpp-L1069)  ProcessName:python3.12(16066)     Description:[Stop][0] [Socket Mode] GetCount[5], GetCountSucceed[5], NetReceive[6], ThrowAbnormalImage[0], NetLostFrame[0], ThrowInBufList[0], LostPackets[0]
Info    2026-08-19 10:14:58:208  DevID:MV-CU060-10GC(DA1691703)  Source-Line:libMVGigEVisionSDK.so(GigEVisionManager.cpp-L2238)  ProcessName:python3.12(16066)     Description:[GiGEVision_StopAcquisition][0] Acquisition Stop Success, use 9 ms
Info    2026-08-19 10:15:26:220  DevID:MV-CU060-10GC(DA1691703)  Source-Line:libMVGigEVisionSDK.so(GigEVisionBufferManager.cpp-L0382)  ProcessName:python3.12(16066)     Description:[GigEBufferManager_Init]Main Buffer List'Length is 2, Lock Buffer List's Length is 1
Info    2026-08-19 10:15:26:220  DevID:MV-CU060-10GC(DA1691703)  Source-Line:libMVGigEVisionSDK.so(GigEVisionGVSP.cpp-L0656)  ProcessName:python3.12(16066)     Description:[GVSPThread]GVSPThread Start, ThreadId[134693762619072]
Info    2026-08-19 10:15:26:220  DevID:MV-CU060-10GC(DA1691703)  Source-Line:libMVGigEVisionSDK.so(StreamChannel.cpp-L1787)  ProcessName:python3.12(16066)     Description:[StartProxy][0]Stream proxy start, Socket mode, GvspDstPort[51265], bResendEnable[1], GvspTimeout[300], ResendTimeInterval[10], SCPS[1500], nPayloadSize[6295104], 3DSpecMode[0], CompressMode[0], bSupportAnnounceBuffer[0]
Info    2026-08-19 10:15:26:220  DevID:MV-CU060-10GC(DA1691703)  Source-Line:libMVGigEVisionSDK.so(GigEVisionGVSP.cpp-L0671)  ProcessName:python3.12(16066)     Description:[GVSPResendThread]GVSPResendThread Start, ThreadId[134693771011776]
Info    2026-08-19 10:15:26:220  DevID:MV-CU060-10GC(DA1691703)  Source-Line:libMVGigEVisionSDK.so(GigEVisionGVSP.cpp-L0690)  ProcessName:python3.12(16066)     Description:[GVSPThreadProc]GvspTimeout[300], ResendEnable[1], ResendTimeInterval[10], ResendRetryTimes[20], ResendTimeout[50], MaxResendPktsNum[4276]
Info    2026-08-19 10:15:26:220  DevID:MV-CU060-10GC(DA1691703)  Source-Line:libMVGigEVisionSDK.so(GigEVisionManager.cpp-L2137)  ProcessName:python3.12(16066)     Description:[GiGEVision_StartAcquisition]m_nPrivilegeMode[1]
Info    2026-08-19 10:15:26:222  DevID:MV-CU060-10GC(DA1691703)  Source-Line:libMVGigEVisionSDK.so(GigEVisionManager.cpp-L2164)  ProcessName:python3.12(16066)     Description:[GiGEVision_StartAcquisition][0] [GVCP]GvspSendIP[192.168.1.21], GvspSendPort[51265]
Info    2026-08-19 10:15:26:222  DevID:MV-CU060-10GC(DA1691703)  Source-Line:libMVGigEVisionSDK.so(GigEVisionManager.cpp-L2168)  ProcessName:python3.12(16066)     Description:[GiGEVision_StartAcquisition][0] Acquisition Start Success, use 3 ms
Info    2026-08-19 10:15:26:771  DevID:MV-CU060-10GC(DA1691703)  Source-Line:libMVGigEVisionSDK.so(GigEVisionGVSP.cpp-L0658)  ProcessName:python3.12(16066)     Description:[GVSPThread]GVSPThread End, ThreadId[134693762619072]
Info    2026-08-19 10:15:26:771  DevID:MV-CU060-10GC(DA1691703)  Source-Line:libMVGigEVisionSDK.so(GigEVisionGVSP.cpp-L0673)  ProcessName:python3.12(16066)     Description:[GVSPResendThread]GVSPResendThread End, ThreadId[134693771011776]
Info    2026-08-19 10:15:26:772  DevID:MV-CU060-10GC(DA1691703)  Source-Line:libMVGigEVisionSDK.so(StreamChannel.cpp-L1069)  ProcessName:python3.12(16066)     Description:[Stop][0] [Socket Mode] GetCount[5], GetCountSucceed[5], NetReceive[6], ThrowAbnormalImage[0], NetLostFrame[0], ThrowInBufList[0], LostPackets[0]
Info    2026-08-19 10:15:26:772  DevID:MV-CU060-10GC(DA1691703)  Source-Line:libMVGigEVisionSDK.so(GigEVisionManager.cpp-L2238)  ProcessName:python3.12(16066)     Description:[GiGEVision_StopAcquisition][0] Acquisition Stop Success, use 12 ms
Info    2026-08-19 10:15:41:323  DevID:MV-CU060-10GC(DA1691703)  Source-Line:libMVGigEVisionSDK.so(StreamChannel.cpp-L3372)  ProcessName:python3.12(16066)     Description:[PrintfCurrentDevIpAndPort][0] TransmissionType[0], GvspSendIP[192.168.1.21], GvspSendPort[51265], GvspDstIP[192.168.1.21], GvspDstPort[51265]
Info    2026-08-19 10:15:41:325  DevID:MV-CU060-10GC(DA1691703)  Source-Line:libMVGigEVisionSDK.so(GigEVisionManager.cpp-L1602)  ProcessName:python3.12(16066)     Description:[GiGEVision_DisConnectDevice]Disconnect device
Info    2026-08-19 10:15:41:325  DevID:MV-CU060-10GC(DA1691703)  Source-Line:libMVGigEVisionSDK.so(StreamChannel.cpp-L3372)  ProcessName:python3.12(16066)     Description:[PrintfCurrentDevIpAndPort][0] TransmissionType[0], GvspSendIP[192.168.1.21], GvspSendPort[51265], GvspDstIP[192.168.1.21], GvspDstPort[51265]
Info    2026-08-19 10:15:41:325  DevID:MV-CU060-10GC(DA1691703)  Source-Line:libMVGigEVisionSDK.so(StreamChannel.cpp-L0580)  ProcessName:python3.12(16066)     Description:[StreamInterEventThread]GigE StreamInterEventThread End, ThreadId[3579823808]
Info    2026-08-19 10:15:41:327  DevID:MV-CU060-10GC(DA1691703)  Source-Line:libMVGigEVisionSDK.so(GigEVisionMsgChannel.cpp-L0592)  ProcessName:python3.12(16066)     Description:[EventThreadProc]GigEVision EventThreadProc End get  nAllEventNumber [0]
Info    2026-08-19 10:15:41:327  DevID:MV-CU060-10GC(DA1691703)  Source-Line:libMVGigEVisionSDK.so(GigEVisionMsgChannel.cpp-L0283)  ProcessName:python3.12(16066)     Description:[EventThread]GigE EventThread End, ThreadId[134693915711168]
Info    2026-08-19 10:15:41:328  DevID:MV-CU060-10GC(DA1691703)  Source-Line:libMVGigEVisionSDK.so(GigEVisionGVCP.cpp-L0053)  ProcessName:python3.12(16066)     Description:[GVCP_KeepAliveProc]GVCP HeartBeatThread End, ThreadId[134693779404480]
Info    2026-08-19 11:45:33:731  DevID:MV-CU060-10GC(DA1691703)  Source-Line:libMVGigEVisionSDK.so(GigEVisionManager.cpp-L0271)  ProcessName:python3.12(46317)     Description:[Init]Current dynamic library path[/opt/MVS/lib/64/libMVGigEVisionSDK.so]
Warning 2026-08-19 11:45:33:731  DevID:MV-CU060-10GC(DA1691703)  Source-Line:libMVGigEVisionSDK.so(GigEVisionManager.cpp-L0369)  ProcessName:python3.12(46317)     Description:[Init]Driver  Version Match failed, Socket mode start! DriverInstalled[0x80000006], DriverVersion[0x0]
Info    2026-08-19 11:45:33:731  DevID:MV-CU060-10GC(DA1691703)  Source-Line:libMVGigEVisionSDK.so(GigEVisionManager.cpp-L1588)  ProcessName:python3.12(46317)     Description:[GiGEVision_SetNetModule]Connecting device, GvspDstIP[192.168.1.21], GvspDstPort[52213], DeviceIP[192.168.1.20]
Info    2026-08-19 11:45:33:733  DevID:MV-CU060-10GC(DA1691703)  Source-Line:libMVGigEVisionSDK.so(GigEVisionManager.cpp-L3997)  ProcessName:python3.12(46317)     Description:[InitStreamModule]Stream Channel Num: 1
Info    2026-08-19 11:45:33:734  DevID:MV-CU060-10GC(DA1691703)  Source-Line:libMVGigEVisionSDK.so(GigEVisionManager.cpp-L4021)  ProcessName:python3.12(46317)     Description:[InitStreamModule]Stream Moudle Get All Stream Capability.
Info    2026-08-19 11:45:33:734  DevID:MV-CU060-10GC(DA1691703)  Source-Line:libMVGigEVisionSDK.so(GigEVisionManager.cpp-L4024)  ProcessName:python3.12(46317)     Description:[InitStreamModule]Stream 0 Capability: 0x0
Info    2026-08-19 11:45:33:734  DevID:MV-CU060-10GC(DA1691703)  Source-Line:libMVGigEVisionSDK.so(StreamChannel.cpp-L3372)  ProcessName:python3.12(46317)     Description:[PrintfCurrentDevIpAndPort][0] TransmissionType[0], GvspSendIP[192.168.1.21], GvspSendPort[46971], GvspDstIP[192.168.1.21], GvspDstPort[46971]
Info    2026-08-19 11:45:33:743  DevID:MV-CU060-10GC(DA1691703)  Source-Line:libMVGigEVisionSDK.so(GigEVisionMsgChannel.cpp-L0281)  ProcessName:python3.12(46317)     Description:[EventThread]GigE EventThread Start, ThreadId[128300638783168]
Info    2026-08-19 11:45:33:743  DevID:MV-CU060-10GC(DA1691703)  Source-Line:libMVGigEVisionSDK.so(GigEVisionMsgChannel.cpp-L0321)  ProcessName:python3.12(46317)     Description:[EventThreadProc]GigEVision EventThreadProc Begin .
Info    2026-08-19 11:45:33:744  DevID:MV-CU060-10GC(DA1691703)  Source-Line:libMVGigEVisionSDK.so(GigEVisionGVCP.cpp-L0051)  ProcessName:python3.12(46317)     Description:[GVCP_KeepAliveProc]GVCP HeartBeatThread Start, ThreadId[128300647175872]
Info    2026-08-19 11:46:12:570  DevID:MV-CU060-10GC(DA1691703)  Source-Line:libMVGigEVisionSDK.so(StreamChannel.cpp-L1558)  ProcessName:python3.12(46317)     Description:[StartProxy]Set ImageNodeNum [1]  GrabStrategy [0] success!
Info    2026-08-19 11:46:12:570  DevID:MV-CU060-10GC(DA1691703)  Source-Line:libMVGigEVisionSDK.so(StreamChannel.cpp-L1581)  ProcessName:python3.12(46317)     Description:[StartProxy]Backup Node Size[6295104]
Info    2026-08-19 11:46:12:570  DevID:MV-CU060-10GC(DA1691703)  Source-Line:libMVGigEVisionSDK.so(GigEVisionBufferManager.cpp-L0382)  ProcessName:python3.12(46317)     Description:[GigEBufferManager_Init]Main Buffer List'Length is 2, Lock Buffer List's Length is 1
Info    2026-08-19 11:46:12:570  DevID:MV-CU060-10GC(DA1691703)  Source-Line:libMVGigEVisionSDK.so(GigEVisionGVSP.cpp-L0656)  ProcessName:python3.12(46317)     Description:[GVSPThread]GVSPThread Start, ThreadId[1044371136]
Info    2026-08-19 11:46:12:570  DevID:MV-CU060-10GC(DA1691703)  Source-Line:libMVGigEVisionSDK.so(StreamChannel.cpp-L1787)  ProcessName:python3.12(46317)     Description:[StartProxy][0]Stream proxy start, Socket mode, GvspDstPort[46971], bResendEnable[1], GvspTimeout[300], ResendTimeInterval[10], SCPS[1500], nPayloadSize[6295104], 3DSpecMode[0], CompressMode[0], bSupportAnnounceBuffer[0]
Info    2026-08-19 11:46:12:570  DevID:MV-CU060-10GC(DA1691703)  Source-Line:libMVGigEVisionSDK.so(GigEVisionGVSP.cpp-L0671)  ProcessName:python3.12(46317)     Description:[GVSPResendThread]GVSPResendThread Start, ThreadId[1035978432]
Info    2026-08-19 11:46:12:570  DevID:MV-CU060-10GC(DA1691703)  Source-Line:libMVGigEVisionSDK.so(GigEVisionGVSP.cpp-L0690)  ProcessName:python3.12(46317)     Description:[GVSPThreadProc]GvspTimeout[300], ResendEnable[1], ResendTimeInterval[10], ResendRetryTimes[20], ResendTimeout[50], MaxResendPktsNum[4276]
Info    2026-08-19 11:46:12:570  DevID:MV-CU060-10GC(DA1691703)  Source-Line:libMVGigEVisionSDK.so(GigEVisionManager.cpp-L2137)  ProcessName:python3.12(46317)     Description:[GiGEVision_StartAcquisition]m_nPrivilegeMode[1]
Info    2026-08-19 11:46:12:570  DevID:MV-CU060-10GC(DA1691703)  Source-Line:libMVGigEVisionSDK.so(StreamChannel.cpp-L0578)  ProcessName:python3.12(46317)     Description:[StreamInterEventThread]GigE StreamInterEventThread Start, ThreadId[1027585728]
Info    2026-08-19 11:46:12:572  DevID:MV-CU060-10GC(DA1691703)  Source-Line:libMVGigEVisionSDK.so(GigEVisionManager.cpp-L2164)  ProcessName:python3.12(46317)     Description:[GiGEVision_StartAcquisition][0] [GVCP]GvspSendIP[192.168.1.21], GvspSendPort[46971]
Info    2026-08-19 11:46:12:572  DevID:MV-CU060-10GC(DA1691703)  Source-Line:libMVGigEVisionSDK.so(GigEVisionManager.cpp-L2168)  ProcessName:python3.12(46317)     Description:[GiGEVision_StartAcquisition][0] Acquisition Start Success, use 6 ms
Info    2026-08-19 11:46:13:027  DevID:MV-CU060-10GC(DA1691703)  Source-Line:libMVGigEVisionSDK.so(GigEVisionGVSP.cpp-L0658)  ProcessName:python3.12(46317)     Description:[GVSPThread]GVSPThread End, ThreadId[1044371136]
Warning 2026-08-19 11:46:13:027  DevID:MV-CU060-10GC(DA1691703)  Source-Line:libMVGigEVisionSDK.so(GigEVisionGVSP.cpp-L0775)  ProcessName:python3.12(46317)     Description:[GVSPResendThreadProc]WaitForSingleEvent(Timer) failed: 0x6e
Info    2026-08-19 11:46:13:027  DevID:MV-CU060-10GC(DA1691703)  Source-Line:libMVGigEVisionSDK.so(GigEVisionGVSP.cpp-L0673)  ProcessName:python3.12(46317)     Description:[GVSPResendThread]GVSPResendThread End, ThreadId[1035978432]
Info    2026-08-19 11:46:13:027  DevID:MV-CU060-10GC(DA1691703)  Source-Line:libMVGigEVisionSDK.so(StreamChannel.cpp-L1069)  ProcessName:python3.12(46317)     Description:[Stop][0] [Socket Mode] GetCount[5], GetCountSucceed[5], NetReceive[5], ThrowAbnormalImage[0], NetLostFrame[0], ThrowInBufList[0], LostPackets[0]
Info    2026-08-19 11:46:13:027  DevID:MV-CU060-10GC(DA1691703)  Source-Line:libMVGigEVisionSDK.so(GigEVisionManager.cpp-L2238)  ProcessName:python3.12(46317)     Description:[GiGEVision_StopAcquisition][0] Acquisition Stop Success, use 2 ms
Info    2026-08-19 11:46:14:384  DevID:MV-CU060-10GC(DA1691703)  Source-Line:libMVGigEVisionSDK.so(GigEVisionBufferManager.cpp-L0382)  ProcessName:python3.12(46317)     Description:[GigEBufferManager_Init]Main Buffer List'Length is 2, Lock Buffer List's Length is 1
Info    2026-08-19 11:46:14:384  DevID:MV-CU060-10GC(DA1691703)  Source-Line:libMVGigEVisionSDK.so(GigEVisionGVSP.cpp-L0656)  ProcessName:python3.12(46317)     Description:[GVSPThread]GVSPThread Start, ThreadId[128300299044544]
Info    2026-08-19 11:46:14:384  DevID:MV-CU060-10GC(DA1691703)  Source-Line:libMVGigEVisionSDK.so(StreamChannel.cpp-L1787)  ProcessName:python3.12(46317)     Description:[StartProxy][0]Stream proxy start, Socket mode, GvspDstPort[46971], bResendEnable[1], GvspTimeout[300], ResendTimeInterval[10], SCPS[1500], nPayloadSize[6295104], 3DSpecMode[0], CompressMode[0], bSupportAnnounceBuffer[0]
Info    2026-08-19 11:46:14:384  DevID:MV-CU060-10GC(DA1691703)  Source-Line:libMVGigEVisionSDK.so(GigEVisionGVSP.cpp-L0671)  ProcessName:python3.12(46317)     Description:[GVSPResendThread]GVSPResendThread Start, ThreadId[128300307437248]
Info    2026-08-19 11:46:14:384  DevID:MV-CU060-10GC(DA1691703)  Source-Line:libMVGigEVisionSDK.so(GigEVisionGVSP.cpp-L0690)  ProcessName:python3.12(46317)     Description:[GVSPThreadProc]GvspTimeout[300], ResendEnable[1], ResendTimeInterval[10], ResendRetryTimes[20], ResendTimeout[50], MaxResendPktsNum[4276]
Info    2026-08-19 11:46:14:384  DevID:MV-CU060-10GC(DA1691703)  Source-Line:libMVGigEVisionSDK.so(GigEVisionManager.cpp-L2137)  ProcessName:python3.12(46317)     Description:[GiGEVision_StartAcquisition]m_nPrivilegeMode[1]
Info    2026-08-19 11:46:14:386  DevID:MV-CU060-10GC(DA1691703)  Source-Line:libMVGigEVisionSDK.so(GigEVisionManager.cpp-L2164)  ProcessName:python3.12(46317)     Description:[GiGEVision_StartAcquisition][0] [GVCP]GvspSendIP[192.168.1.21], GvspSendPort[46971]
Info    2026-08-19 11:46:14:386  DevID:MV-CU060-10GC(DA1691703)  Source-Line:libMVGigEVisionSDK.so(GigEVisionManager.cpp-L2168)  ProcessName:python3.12(46317)     Description:[GiGEVision_StartAcquisition][0] Acquisition Start Success, use 3 ms
Info    2026-08-19 11:46:14:837  DevID:MV-CU060-10GC(DA1691703)  Source-Line:libMVGigEVisionSDK.so(GigEVisionGVSP.cpp-L0658)  ProcessName:python3.12(46317)     Description:[GVSPThread]GVSPThread End, ThreadId[128300299044544]
Warning 2026-08-19 11:46:14:837  DevID:MV-CU060-10GC(DA1691703)  Source-Line:libMVGigEVisionSDK.so(GigEVisionGVSP.cpp-L0775)  ProcessName:python3.12(46317)     Description:[GVSPResendThreadProc]WaitForSingleEvent(Timer) failed: 0x6e
Info    2026-08-19 11:46:14:837  DevID:MV-CU060-10GC(DA1691703)  Source-Line:libMVGigEVisionSDK.so(GigEVisionGVSP.cpp-L0673)  ProcessName:python3.12(46317)     Description:[GVSPResendThread]GVSPResendThread End, ThreadId[128300307437248]
Info    2026-08-19 11:46:14:837  DevID:MV-CU060-10GC(DA1691703)  Source-Line:libMVGigEVisionSDK.so(StreamChannel.cpp-L1069)  ProcessName:python3.12(46317)     Description:[Stop][0] [Socket Mode] GetCount[5], GetCountSucceed[5], NetReceive[5], ThrowAbnormalImage[0], NetLostFrame[0], ThrowInBufList[0], LostPackets[0]
Info    2026-08-19 11:46:14:837  DevID:MV-CU060-10GC(DA1691703)  Source-Line:libMVGigEVisionSDK.so(GigEVisionManager.cpp-L2238)  ProcessName:python3.12(46317)     Description:[GiGEVision_StopAcquisition][0] Acquisition Stop Success, use 1 ms
Info    2026-08-19 11:46:24:888  DevID:MV-CU060-10GC(DA1691703)  Source-Line:libMVGigEVisionSDK.so(GigEVisionBufferManager.cpp-L0382)  ProcessName:python3.12(46317)     Description:[GigEBufferManager_Init]Main Buffer List'Length is 2, Lock Buffer List's Length is 1
Info    2026-08-19 11:46:24:888  DevID:MV-CU060-10GC(DA1691703)  Source-Line:libMVGigEVisionSDK.so(GigEVisionGVSP.cpp-L0656)  ProcessName:python3.12(46317)     Description:[GVSPThread]GVSPThread Start, ThreadId[128300307437248]
Info    2026-08-19 11:46:24:888  DevID:MV-CU060-10GC(DA1691703)  Source-Line:libMVGigEVisionSDK.so(StreamChannel.cpp-L1787)  ProcessName:python3.12(46317)     Description:[StartProxy][0]Stream proxy start, Socket mode, GvspDstPort[46971], bResendEnable[1], GvspTimeout[300], ResendTimeInterval[10], SCPS[1500], nPayloadSize[6295104], 3DSpecMode[0], CompressMode[0], bSupportAnnounceBuffer[0]
Info    2026-08-19 11:46:24:888  DevID:MV-CU060-10GC(DA1691703)  Source-Line:libMVGigEVisionSDK.so(GigEVisionManager.cpp-L2137)  ProcessName:python3.12(46317)     Description:[GiGEVision_StartAcquisition]m_nPrivilegeMode[1]
Info    2026-08-19 11:46:24:888  DevID:MV-CU060-10GC(DA1691703)  Source-Line:libMVGigEVisionSDK.so(GigEVisionGVSP.cpp-L0690)  ProcessName:python3.12(46317)     Description:[GVSPThreadProc]GvspTimeout[300], ResendEnable[1], ResendTimeInterval[10], ResendRetryTimes[20], ResendTimeout[50], MaxResendPktsNum[4276]
Info    2026-08-19 11:46:24:888  DevID:MV-CU060-10GC(DA1691703)  Source-Line:libMVGigEVisionSDK.so(GigEVisionGVSP.cpp-L0671)  ProcessName:python3.12(46317)     Description:[GVSPResendThread]GVSPResendThread Start, ThreadId[128300299044544]
Info    2026-08-19 11:46:24:890  DevID:MV-CU060-10GC(DA1691703)  Source-Line:libMVGigEVisionSDK.so(GigEVisionManager.cpp-L2164)  ProcessName:python3.12(46317)     Description:[GiGEVision_StartAcquisition][0] [GVCP]GvspSendIP[192.168.1.21], GvspSendPort[46971]
Info    2026-08-19 11:46:24:890  DevID:MV-CU060-10GC(DA1691703)  Source-Line:libMVGigEVisionSDK.so(GigEVisionManager.cpp-L2168)  ProcessName:python3.12(46317)     Description:[GiGEVision_StartAcquisition][0] Acquisition Start Success, use 4 ms
Info    2026-08-19 11:46:25:331  DevID:MV-CU060-10GC(DA1691703)  Source-Line:libMVGigEVisionSDK.so(GigEVisionGVSP.cpp-L0658)  ProcessName:python3.12(46317)     Description:[GVSPThread]GVSPThread End, ThreadId[128300307437248]
Warning 2026-08-19 11:46:25:331  DevID:MV-CU060-10GC(DA1691703)  Source-Line:libMVGigEVisionSDK.so(GigEVisionGVSP.cpp-L0775)  ProcessName:python3.12(46317)     Description:[GVSPResendThreadProc]WaitForSingleEvent(Timer) failed: 0x6e
Info    2026-08-19 11:46:25:332  DevID:MV-CU060-10GC(DA1691703)  Source-Line:libMVGigEVisionSDK.so(GigEVisionGVSP.cpp-L0673)  ProcessName:python3.12(46317)     Description:[GVSPResendThread]GVSPResendThread End, ThreadId[128300299044544]
Info    2026-08-19 11:46:25:332  DevID:MV-CU060-10GC(DA1691703)  Source-Line:libMVGigEVisionSDK.so(StreamChannel.cpp-L1069)  ProcessName:python3.12(46317)     Description:[Stop][0] [Socket Mode] GetCount[5], GetCountSucceed[5], NetReceive[5], ThrowAbnormalImage[0], NetLostFrame[0], ThrowInBufList[0], LostPackets[0]
Info    2026-08-19 11:46:25:332  DevID:MV-CU060-10GC(DA1691703)  Source-Line:libMVGigEVisionSDK.so(GigEVisionManager.cpp-L2238)  ProcessName:python3.12(46317)     Description:[GiGEVision_StopAcquisition][0] Acquisition Stop Success, use 6 ms
Info    2026-08-19 11:46:47:010  DevID:MV-CU060-10GC(DA1691703)  Source-Line:libMVGigEVisionSDK.so(GigEVisionBufferManager.cpp-L0382)  ProcessName:python3.12(46317)     Description:[GigEBufferManager_Init]Main Buffer List'Length is 2, Lock Buffer List's Length is 1
Info    2026-08-19 11:46:47:011  DevID:MV-CU060-10GC(DA1691703)  Source-Line:libMVGigEVisionSDK.so(GigEVisionGVSP.cpp-L0656)  ProcessName:python3.12(46317)     Description:[GVSPThread]GVSPThread Start, ThreadId[128300299044544]
Info    2026-08-19 11:46:47:011  DevID:MV-CU060-10GC(DA1691703)  Source-Line:libMVGigEVisionSDK.so(StreamChannel.cpp-L1787)  ProcessName:python3.12(46317)     Description:[StartProxy][0]Stream proxy start, Socket mode, GvspDstPort[46971], bResendEnable[1], GvspTimeout[300], ResendTimeInterval[10], SCPS[1500], nPayloadSize[6295104], 3DSpecMode[0], CompressMode[0], bSupportAnnounceBuffer[0]
Info    2026-08-19 11:46:47:011  DevID:MV-CU060-10GC(DA1691703)  Source-Line:libMVGigEVisionSDK.so(GigEVisionGVSP.cpp-L0690)  ProcessName:python3.12(46317)     Description:[GVSPThreadProc]GvspTimeout[300], ResendEnable[1], ResendTimeInterval[10], ResendRetryTimes[20], ResendTimeout[50], MaxResendPktsNum[4276]
Info    2026-08-19 11:46:47:011  DevID:MV-CU060-10GC(DA1691703)  Source-Line:libMVGigEVisionSDK.so(GigEVisionManager.cpp-L2137)  ProcessName:python3.12(46317)     Description:[GiGEVision_StartAcquisition]m_nPrivilegeMode[1]
Info    2026-08-19 11:46:47:011  DevID:MV-CU060-10GC(DA1691703)  Source-Line:libMVGigEVisionSDK.so(GigEVisionGVSP.cpp-L0671)  ProcessName:python3.12(46317)     Description:[GVSPResendThread]GVSPResendThread Start, ThreadId[128300307437248]
Info    2026-08-19 11:46:47:013  DevID:MV-CU060-10GC(DA1691703)  Source-Line:libMVGigEVisionSDK.so(GigEVisionManager.cpp-L2164)  ProcessName:python3.12(46317)     Description:[GiGEVision_StartAcquisition][0] [GVCP]GvspSendIP[192.168.1.21], GvspSendPort[46971]
Info    2026-08-19 11:46:47:013  DevID:MV-CU060-10GC(DA1691703)  Source-Line:libMVGigEVisionSDK.so(GigEVisionManager.cpp-L2168)  ProcessName:python3.12(46317)     Description:[GiGEVision_StartAcquisition][0] Acquisition Start Success, use 4 ms
Info    2026-08-19 11:46:47:451  DevID:MV-CU060-10GC(DA1691703)  Source-Line:libMVGigEVisionSDK.so(GigEVisionGVSP.cpp-L0658)  ProcessName:python3.12(46317)     Description:[GVSPThread]GVSPThread End, ThreadId[128300299044544]
Warning 2026-08-19 11:46:47:451  DevID:MV-CU060-10GC(DA1691703)  Source-Line:libMVGigEVisionSDK.so(GigEVisionGVSP.cpp-L0775)  ProcessName:python3.12(46317)     Description:[GVSPResendThreadProc]WaitForSingleEvent(Timer) failed: 0x6e
Info    2026-08-19 11:46:47:451  DevID:MV-CU060-10GC(DA1691703)  Source-Line:libMVGigEVisionSDK.so(GigEVisionGVSP.cpp-L0673)  ProcessName:python3.12(46317)     Description:[GVSPResendThread]GVSPResendThread End, ThreadId[128300307437248]
Info    2026-08-19 11:46:47:451  DevID:MV-CU060-10GC(DA1691703)  Source-Line:libMVGigEVisionSDK.so(StreamChannel.cpp-L1069)  ProcessName:python3.12(46317)     Description:[Stop][0] [Socket Mode] GetCount[5], GetCountSucceed[5], NetReceive[5], ThrowAbnormalImage[0], NetLostFrame[0], ThrowInBufList[0], LostPackets[0]
Info    2026-08-19 11:46:47:451  DevID:MV-CU060-10GC(DA1691703)  Source-Line:libMVGigEVisionSDK.so(GigEVisionManager.cpp-L2238)  ProcessName:python3.12(46317)     Description:[GiGEVision_StopAcquisition][0] Acquisition Stop Success, use 6 ms
Info    2026-08-19 11:46:57:509  DevID:MV-CU060-10GC(DA1691703)  Source-Line:libMVGigEVisionSDK.so(GigEVisionBufferManager.cpp-L0382)  ProcessName:python3.12(46317)     Description:[GigEBufferManager_Init]Main Buffer List'Length is 2, Lock Buffer List's Length is 1
Info    2026-08-19 11:46:57:510  DevID:MV-CU060-10GC(DA1691703)  Source-Line:libMVGigEVisionSDK.so(GigEVisionGVSP.cpp-L0656)  ProcessName:python3.12(46317)     Description:[GVSPThread]GVSPThread Start, ThreadId[128300307437248]
Info    2026-08-19 11:46:57:510  DevID:MV-CU060-10GC(DA1691703)  Source-Line:libMVGigEVisionSDK.so(GigEVisionGVSP.cpp-L0690)  ProcessName:python3.12(46317)     Description:[GVSPThreadProc]GvspTimeout[300], ResendEnable[1], ResendTimeInterval[10], ResendRetryTimes[20], ResendTimeout[50], MaxResendPktsNum[4276]
Info    2026-08-19 11:46:57:510  DevID:MV-CU060-10GC(DA1691703)  Source-Line:libMVGigEVisionSDK.so(StreamChannel.cpp-L1787)  ProcessName:python3.12(46317)     Description:[StartProxy][0]Stream proxy start, Socket mode, GvspDstPort[46971], bResendEnable[1], GvspTimeout[300], ResendTimeInterval[10], SCPS[1500], nPayloadSize[6295104], 3DSpecMode[0], CompressMode[0], bSupportAnnounceBuffer[0]
Info    2026-08-19 11:46:57:510  DevID:MV-CU060-10GC(DA1691703)  Source-Line:libMVGigEVisionSDK.so(GigEVisionGVSP.cpp-L0671)  ProcessName:python3.12(46317)     Description:[GVSPResendThread]GVSPResendThread Start, ThreadId[128300299044544]
Info    2026-08-19 11:46:57:510  DevID:MV-CU060-10GC(DA1691703)  Source-Line:libMVGigEVisionSDK.so(GigEVisionManager.cpp-L2137)  ProcessName:python3.12(46317)     Description:[GiGEVision_StartAcquisition]m_nPrivilegeMode[1]
Info    2026-08-19 11:46:57:512  DevID:MV-CU060-10GC(DA1691703)  Source-Line:libMVGigEVisionSDK.so(GigEVisionManager.cpp-L2164)  ProcessName:python3.12(46317)     Description:[GiGEVision_StartAcquisition][0] [GVCP]GvspSendIP[192.168.1.21], GvspSendPort[46971]
Info    2026-08-19 11:46:57:512  DevID:MV-CU060-10GC(DA1691703)  Source-Line:libMVGigEVisionSDK.so(GigEVisionManager.cpp-L2168)  ProcessName:python3.12(46317)     Description:[GiGEVision_StartAcquisition][0] Acquisition Start Success, use 4 ms
Info    2026-08-19 11:46:58:029  DevID:MV-CU060-10GC(DA1691703)  Source-Line:libMVGigEVisionSDK.so(GigEVisionGVSP.cpp-L0673)  ProcessName:python3.12(46317)     Description:[GVSPResendThread]GVSPResendThread End, ThreadId[128300299044544]
Info    2026-08-19 11:46:58:034  DevID:MV-CU060-10GC(DA1691703)  Source-Line:libMVGigEVisionSDK.so(GigEVisionGVSP.cpp-L0658)  ProcessName:python3.12(46317)     Description:[GVSPThread]GVSPThread End, ThreadId[128300307437248]
Info    2026-08-19 11:46:58:034  DevID:MV-CU060-10GC(DA1691703)  Source-Line:libMVGigEVisionSDK.so(StreamChannel.cpp-L1069)  ProcessName:python3.12(46317)     Description:[Stop][0] [Socket Mode] GetCount[5], GetCountSucceed[5], NetReceive[6], ThrowAbnormalImage[0], NetLostFrame[0], ThrowInBufList[0], LostPackets[0]
Info    2026-08-19 11:46:58:034  DevID:MV-CU060-10GC(DA1691703)  Source-Line:libMVGigEVisionSDK.so(GigEVisionManager.cpp-L2238)  ProcessName:python3.12(46317)     Description:[GiGEVision_StopAcquisition][0] Acquisition Stop Success, use 8 ms
Info    2026-08-19 11:47:08:009  DevID:MV-CU060-10GC(DA1691703)  Source-Line:libMVGigEVisionSDK.so(GigEVisionBufferManager.cpp-L0382)  ProcessName:python3.12(46317)     Description:[GigEBufferManager_Init]Main Buffer List'Length is 2, Lock Buffer List's Length is 1
Info    2026-08-19 11:47:08:010  DevID:MV-CU060-10GC(DA1691703)  Source-Line:libMVGigEVisionSDK.so(GigEVisionGVSP.cpp-L0656)  ProcessName:python3.12(46317)     Description:[GVSPThread]GVSPThread Start, ThreadId[128300299044544]
Info    2026-08-19 11:47:08:010  DevID:MV-CU060-10GC(DA1691703)  Source-Line:libMVGigEVisionSDK.so(StreamChannel.cpp-L1787)  ProcessName:python3.12(46317)     Description:[StartProxy][0]Stream proxy start, Socket mode, GvspDstPort[46971], bResendEnable[1], GvspTimeout[300], ResendTimeInterval[10], SCPS[1500], nPayloadSize[6295104], 3DSpecMode[0], CompressMode[0], bSupportAnnounceBuffer[0]
Info    2026-08-19 11:47:08:010  DevID:MV-CU060-10GC(DA1691703)  Source-Line:libMVGigEVisionSDK.so(GigEVisionGVSP.cpp-L0690)  ProcessName:python3.12(46317)     Description:[GVSPThreadProc]GvspTimeout[300], ResendEnable[1], ResendTimeInterval[10], ResendRetryTimes[20], ResendTimeout[50], MaxResendPktsNum[4276]
Info    2026-08-19 11:47:08:010  DevID:MV-CU060-10GC(DA1691703)  Source-Line:libMVGigEVisionSDK.so(GigEVisionManager.cpp-L2137)  ProcessName:python3.12(46317)     Description:[GiGEVision_StartAcquisition]m_nPrivilegeMode[1]
Info    2026-08-19 11:47:08:010  DevID:MV-CU060-10GC(DA1691703)  Source-Line:libMVGigEVisionSDK.so(GigEVisionGVSP.cpp-L0671)  ProcessName:python3.12(46317)     Description:[GVSPResendThread]GVSPResendThread Start, ThreadId[128300307437248]
Info    2026-08-19 11:47:08:011  DevID:MV-CU060-10GC(DA1691703)  Source-Line:libMVGigEVisionSDK.so(GigEVisionManager.cpp-L2164)  ProcessName:python3.12(46317)     Description:[GiGEVision_StartAcquisition][0] [GVCP]GvspSendIP[192.168.1.21], GvspSendPort[46971]
Info    2026-08-19 11:47:08:011  DevID:MV-CU060-10GC(DA1691703)  Source-Line:libMVGigEVisionSDK.so(GigEVisionManager.cpp-L2168)  ProcessName:python3.12(46317)     Description:[GiGEVision_StartAcquisition][0] Acquisition Start Success, use 3 ms
Info    2026-08-19 11:47:08:477  DevID:MV-CU060-10GC(DA1691703)  Source-Line:libMVGigEVisionSDK.so(GigEVisionGVSP.cpp-L0673)  ProcessName:python3.12(46317)     Description:[GVSPResendThread]GVSPResendThread End, ThreadId[128300307437248]
Info    2026-08-19 11:47:08:482  DevID:MV-CU060-10GC(DA1691703)  Source-Line:libMVGigEVisionSDK.so(GigEVisionGVSP.cpp-L0658)  ProcessName:python3.12(46317)     Description:[GVSPThread]GVSPThread End, ThreadId[128300299044544]
Info    2026-08-19 11:47:08:482  DevID:MV-CU060-10GC(DA1691703)  Source-Line:libMVGigEVisionSDK.so(StreamChannel.cpp-L1069)  ProcessName:python3.12(46317)     Description:[Stop][0] [Socket Mode] GetCount[5], GetCountSucceed[5], NetReceive[5], ThrowAbnormalImage[0], NetLostFrame[0], ThrowInBufList[0], LostPackets[0]
Info    2026-08-19 11:47:08:482  DevID:MV-CU060-10GC(DA1691703)  Source-Line:libMVGigEVisionSDK.so(GigEVisionManager.cpp-L2238)  ProcessName:python3.12(46317)     Description:[GiGEVision_StopAcquisition][0] Acquisition Stop Success, use 7 ms
Info    2026-08-19 11:48:15:743  DevID:MV-CU060-10GC(DA1691703)  Source-Line:libMVGigEVisionSDK.so(GigEVisionBufferManager.cpp-L0382)  ProcessName:python3.12(46317)     Description:[GigEBufferManager_Init]Main Buffer List'Length is 2, Lock Buffer List's Length is 1
Info    2026-08-19 11:48:15:743  DevID:MV-CU060-10GC(DA1691703)  Source-Line:libMVGigEVisionSDK.so(GigEVisionGVSP.cpp-L0656)  ProcessName:python3.12(46317)     Description:[GVSPThread]GVSPThread Start, ThreadId[128300307437248]
Info    2026-08-19 11:48:15:743  DevID:MV-CU060-10GC(DA1691703)  Source-Line:libMVGigEVisionSDK.so(GigEVisionGVSP.cpp-L0690)  ProcessName:python3.12(46317)     Description:[GVSPThreadProc]GvspTimeout[300], ResendEnable[1], ResendTimeInterval[10], ResendRetryTimes[20], ResendTimeout[50], MaxResendPktsNum[4276]
Info    2026-08-19 11:48:15:743  DevID:MV-CU060-10GC(DA1691703)  Source-Line:libMVGigEVisionSDK.so(StreamChannel.cpp-L1787)  ProcessName:python3.12(46317)     Description:[StartProxy][0]Stream proxy start, Socket mode, GvspDstPort[46971], bResendEnable[1], GvspTimeout[300], ResendTimeInterval[10], SCPS[1500], nPayloadSize[6295104], 3DSpecMode[0], CompressMode[0], bSupportAnnounceBuffer[0]
Info    2026-08-19 11:48:15:743  DevID:MV-CU060-10GC(DA1691703)  Source-Line:libMVGigEVisionSDK.so(GigEVisionGVSP.cpp-L0671)  ProcessName:python3.12(46317)     Description:[GVSPResendThread]GVSPResendThread Start, ThreadId[128300299044544]
Info    2026-08-19 11:48:15:743  DevID:MV-CU060-10GC(DA1691703)  Source-Line:libMVGigEVisionSDK.so(GigEVisionManager.cpp-L2137)  ProcessName:python3.12(46317)     Description:[GiGEVision_StartAcquisition]m_nPrivilegeMode[1]
Info    2026-08-19 11:48:15:745  DevID:MV-CU060-10GC(DA1691703)  Source-Line:libMVGigEVisionSDK.so(GigEVisionManager.cpp-L2164)  ProcessName:python3.12(46317)     Description:[GiGEVision_StartAcquisition][0] [GVCP]GvspSendIP[192.168.1.21], GvspSendPort[46971]
Info    2026-08-19 11:48:15:745  DevID:MV-CU060-10GC(DA1691703)  Source-Line:libMVGigEVisionSDK.so(GigEVisionManager.cpp-L2168)  ProcessName:python3.12(46317)     Description:[GiGEVision_StartAcquisition][0] Acquisition Start Success, use 4 ms
Info    2026-08-19 11:48:16:220  DevID:MV-CU060-10GC(DA1691703)  Source-Line:libMVGigEVisionSDK.so(GigEVisionGVSP.cpp-L0658)  ProcessName:python3.12(46317)     Description:[GVSPThread]GVSPThread End, ThreadId[128300307437248]
Warning 2026-08-19 11:48:16:220  DevID:MV-CU060-10GC(DA1691703)  Source-Line:libMVGigEVisionSDK.so(GigEVisionGVSP.cpp-L0775)  ProcessName:python3.12(46317)     Description:[GVSPResendThreadProc]WaitForSingleEvent(Timer) failed: 0x6e
Info    2026-08-19 11:48:16:220  DevID:MV-CU060-10GC(DA1691703)  Source-Line:libMVGigEVisionSDK.so(GigEVisionGVSP.cpp-L0673)  ProcessName:python3.12(46317)     Description:[GVSPResendThread]GVSPResendThread End, ThreadId[128300299044544]
Info    2026-08-19 11:48:16:221  DevID:MV-CU060-10GC(DA1691703)  Source-Line:libMVGigEVisionSDK.so(StreamChannel.cpp-L1069)  ProcessName:python3.12(46317)     Description:[Stop][0] [Socket Mode] GetCount[5], GetCountSucceed[5], NetReceive[5], ThrowAbnormalImage[0], NetLostFrame[0], ThrowInBufList[0], LostPackets[0]
Info    2026-08-19 11:48:16:221  DevID:MV-CU060-10GC(DA1691703)  Source-Line:libMVGigEVisionSDK.so(GigEVisionManager.cpp-L2238)  ProcessName:python3.12(46317)     Description:[GiGEVision_StopAcquisition][0] Acquisition Stop Success, use 5 ms
Info    2026-08-19 11:48:26:247  DevID:MV-CU060-10GC(DA1691703)  Source-Line:libMVGigEVisionSDK.so(GigEVisionBufferManager.cpp-L0382)  ProcessName:python3.12(46317)     Description:[GigEBufferManager_Init]Main Buffer List'Length is 2, Lock Buffer List's Length is 1
Info    2026-08-19 11:48:26:247  DevID:MV-CU060-10GC(DA1691703)  Source-Line:libMVGigEVisionSDK.so(GigEVisionGVSP.cpp-L0656)  ProcessName:python3.12(46317)     Description:[GVSPThread]GVSPThread Start, ThreadId[128300299044544]
Info    2026-08-19 11:48:26:247  DevID:MV-CU060-10GC(DA1691703)  Source-Line:libMVGigEVisionSDK.so(GigEVisionGVSP.cpp-L0690)  ProcessName:python3.12(46317)     Description:[GVSPThreadProc]GvspTimeout[300], ResendEnable[1], ResendTimeInterval[10], ResendRetryTimes[20], ResendTimeout[50], MaxResendPktsNum[4276]
Info    2026-08-19 11:48:26:247  DevID:MV-CU060-10GC(DA1691703)  Source-Line:libMVGigEVisionSDK.so(StreamChannel.cpp-L1787)  ProcessName:python3.12(46317)     Description:[StartProxy][0]Stream proxy start, Socket mode, GvspDstPort[46971], bResendEnable[1], GvspTimeout[300], ResendTimeInterval[10], SCPS[1500], nPayloadSize[6295104], 3DSpecMode[0], CompressMode[0], bSupportAnnounceBuffer[0]
Info    2026-08-19 11:48:26:247  DevID:MV-CU060-10GC(DA1691703)  Source-Line:libMVGigEVisionSDK.so(GigEVisionGVSP.cpp-L0671)  ProcessName:python3.12(46317)     Description:[GVSPResendThread]GVSPResendThread Start, ThreadId[128300307437248]
Info    2026-08-19 11:48:26:247  DevID:MV-CU060-10GC(DA1691703)  Source-Line:libMVGigEVisionSDK.so(GigEVisionManager.cpp-L2137)  ProcessName:python3.12(46317)     Description:[GiGEVision_StartAcquisition]m_nPrivilegeMode[1]
Info    2026-08-19 11:48:26:249  DevID:MV-CU060-10GC(DA1691703)  Source-Line:libMVGigEVisionSDK.so(GigEVisionManager.cpp-L2164)  ProcessName:python3.12(46317)     Description:[GiGEVision_StartAcquisition][0] [GVCP]GvspSendIP[192.168.1.21], GvspSendPort[46971]
Info    2026-08-19 11:48:26:250  DevID:MV-CU060-10GC(DA1691703)  Source-Line:libMVGigEVisionSDK.so(GigEVisionManager.cpp-L2168)  ProcessName:python3.12(46317)     Description:[GiGEVision_StartAcquisition][0] Acquisition Start Success, use 4 ms
Info    2026-08-19 11:48:26:742  DevID:MV-CU060-10GC(DA1691703)  Source-Line:libMVGigEVisionSDK.so(GigEVisionGVSP.cpp-L0658)  ProcessName:python3.12(46317)     Description:[GVSPThread]GVSPThread End, ThreadId[128300299044544]
Warning 2026-08-19 11:48:26:742  DevID:MV-CU060-10GC(DA1691703)  Source-Line:libMVGigEVisionSDK.so(GigEVisionGVSP.cpp-L0775)  ProcessName:python3.12(46317)     Description:[GVSPResendThreadProc]WaitForSingleEvent(Timer) failed: 0x6e
Info    2026-08-19 11:48:26:742  DevID:MV-CU060-10GC(DA1691703)  Source-Line:libMVGigEVisionSDK.so(GigEVisionGVSP.cpp-L0673)  ProcessName:python3.12(46317)     Description:[GVSPResendThread]GVSPResendThread End, ThreadId[128300307437248]
Info    2026-08-19 11:48:26:742  DevID:MV-CU060-10GC(DA1691703)  Source-Line:libMVGigEVisionSDK.so(StreamChannel.cpp-L1069)  ProcessName:python3.12(46317)     Description:[Stop][0] [Socket Mode] GetCount[5], GetCountSucceed[5], NetReceive[6], ThrowAbnormalImage[0], NetLostFrame[0], ThrowInBufList[0], LostPackets[0]
Info    2026-08-19 11:48:26:742  DevID:MV-CU060-10GC(DA1691703)  Source-Line:libMVGigEVisionSDK.so(GigEVisionManager.cpp-L2238)  ProcessName:python3.12(46317)     Description:[GiGEVision_StopAcquisition][0] Acquisition Stop Success, use 7 ms
Info    2026-08-19 11:48:36:745  DevID:MV-CU060-10GC(DA1691703)  Source-Line:libMVGigEVisionSDK.so(GigEVisionBufferManager.cpp-L0382)  ProcessName:python3.12(46317)     Description:[GigEBufferManager_Init]Main Buffer List'Length is 2, Lock Buffer List's Length is 1
Info    2026-08-19 11:48:36:745  DevID:MV-CU060-10GC(DA1691703)  Source-Line:libMVGigEVisionSDK.so(GigEVisionGVSP.cpp-L0656)  ProcessName:python3.12(46317)     Description:[GVSPThread]GVSPThread Start, ThreadId[128300307437248]
Info    2026-08-19 11:48:36:745  DevID:MV-CU060-10GC(DA1691703)  Source-Line:libMVGigEVisionSDK.so(GigEVisionGVSP.cpp-L0671)  ProcessName:python3.12(46317)     Description:[GVSPResendThread]GVSPResendThread Start, ThreadId[128300299044544]
Info    2026-08-19 11:48:36:745  DevID:MV-CU060-10GC(DA1691703)  Source-Line:libMVGigEVisionSDK.so(StreamChannel.cpp-L1787)  ProcessName:python3.12(46317)     Description:[StartProxy][0]Stream proxy start, Socket mode, GvspDstPort[46971], bResendEnable[1], GvspTimeout[300], ResendTimeInterval[10], SCPS[1500], nPayloadSize[6295104], 3DSpecMode[0], CompressMode[0], bSupportAnnounceBuffer[0]
Info    2026-08-19 11:48:36:745  DevID:MV-CU060-10GC(DA1691703)  Source-Line:libMVGigEVisionSDK.so(GigEVisionGVSP.cpp-L0690)  ProcessName:python3.12(46317)     Description:[GVSPThreadProc]GvspTimeout[300], ResendEnable[1], ResendTimeInterval[10], ResendRetryTimes[20], ResendTimeout[50], MaxResendPktsNum[4276]
Info    2026-08-19 11:48:36:745  DevID:MV-CU060-10GC(DA1691703)  Source-Line:libMVGigEVisionSDK.so(GigEVisionManager.cpp-L2137)  ProcessName:python3.12(46317)     Description:[GiGEVision_StartAcquisition]m_nPrivilegeMode[1]
Info    2026-08-19 11:48:36:747  DevID:MV-CU060-10GC(DA1691703)  Source-Line:libMVGigEVisionSDK.so(GigEVisionManager.cpp-L2164)  ProcessName:python3.12(46317)     Description:[GiGEVision_StartAcquisition][0] [GVCP]GvspSendIP[192.168.1.21], GvspSendPort[46971]
Info    2026-08-19 11:48:36:747  DevID:MV-CU060-10GC(DA1691703)  Source-Line:libMVGigEVisionSDK.so(GigEVisionManager.cpp-L2168)  ProcessName:python3.12(46317)     Description:[GiGEVision_StartAcquisition][0] Acquisition Start Success, use 3 ms
Info    2026-08-19 11:48:37:254  DevID:MV-CU060-10GC(DA1691703)  Source-Line:libMVGigEVisionSDK.so(GigEVisionGVSP.cpp-L0673)  ProcessName:python3.12(46317)     Description:[GVSPResendThread]GVSPResendThread End, ThreadId[128300299044544]
Info    2026-08-19 11:48:37:258  DevID:MV-CU060-10GC(DA1691703)  Source-Line:libMVGigEVisionSDK.so(GigEVisionGVSP.cpp-L0658)  ProcessName:python3.12(46317)     Description:[GVSPThread]GVSPThread End, ThreadId[128300307437248]
Info    2026-08-19 11:48:37:258  DevID:MV-CU060-10GC(DA1691703)  Source-Line:libMVGigEVisionSDK.so(StreamChannel.cpp-L1069)  ProcessName:python3.12(46317)     Description:[Stop][0] [Socket Mode] GetCount[5], GetCountSucceed[5], NetReceive[6], ThrowAbnormalImage[0], NetLostFrame[0], ThrowInBufList[0], LostPackets[0]
Info    2026-08-19 11:48:37:258  DevID:MV-CU060-10GC(DA1691703)  Source-Line:libMVGigEVisionSDK.so(GigEVisionManager.cpp-L2238)  ProcessName:python3.12(46317)     Description:[GiGEVision_StopAcquisition][0] Acquisition Stop Success, use 11 ms
Info    2026-08-19 11:50:04:531  DevID:MV-CU060-10GC(DA1691703)  Source-Line:libMVGigEVisionSDK.so(StreamChannel.cpp-L3372)  ProcessName:python3.12(46317)     Description:[PrintfCurrentDevIpAndPort][0] TransmissionType[0], GvspSendIP[192.168.1.21], GvspSendPort[46971], GvspDstIP[192.168.1.21], GvspDstPort[46971]
Info    2026-08-19 11:50:04:533  DevID:MV-CU060-10GC(DA1691703)  Source-Line:libMVGigEVisionSDK.so(GigEVisionManager.cpp-L1602)  ProcessName:python3.12(46317)     Description:[GiGEVision_DisConnectDevice]Disconnect device
Info    2026-08-19 11:50:04:533  DevID:MV-CU060-10GC(DA1691703)  Source-Line:libMVGigEVisionSDK.so(StreamChannel.cpp-L3372)  ProcessName:python3.12(46317)     Description:[PrintfCurrentDevIpAndPort][0] TransmissionType[0], GvspSendIP[192.168.1.21], GvspSendPort[46971], GvspDstIP[192.168.1.21], GvspDstPort[46971]
Info    2026-08-19 11:50:04:533  DevID:MV-CU060-10GC(DA1691703)  Source-Line:libMVGigEVisionSDK.so(StreamChannel.cpp-L0580)  ProcessName:python3.12(46317)     Description:[StreamInterEventThread]GigE StreamInterEventThread End, ThreadId[1027585728]
Info    2026-08-19 11:50:04:637  DevID:MV-CU060-10GC(DA1691703)  Source-Line:libMVGigEVisionSDK.so(GigEVisionMsgChannel.cpp-L0592)  ProcessName:python3.12(46317)     Description:[EventThreadProc]GigEVision EventThreadProc End get  nAllEventNumber [0]
Info    2026-08-19 11:50:04:637  DevID:MV-CU060-10GC(DA1691703)  Source-Line:libMVGigEVisionSDK.so(GigEVisionMsgChannel.cpp-L0283)  ProcessName:python3.12(46317)     Description:[EventThread]GigE EventThread End, ThreadId[128300638783168]
Info    2026-08-19 11:50:04:638  DevID:MV-CU060-10GC(DA1691703)  Source-Line:libMVGigEVisionSDK.so(GigEVisionGVCP.cpp-L0053)  ProcessName:python3.12(46317)     Description:[GVCP_KeepAliveProc]GVCP HeartBeatThread End, ThreadId[128300647175872]
Info    2026-08-19 12:01:48:780  DevID:MV-CU060-10GC(DA1691703)  Source-Line:libMVGigEVisionSDK.so(GigEVisionManager.cpp-L0271)  ProcessName:python3.12(50054)     Description:[Init]Current dynamic library path[/opt/MVS/lib/64/libMVGigEVisionSDK.so]
Warning 2026-08-19 12:01:48:781  DevID:MV-CU060-10GC(DA1691703)  Source-Line:libMVGigEVisionSDK.so(GigEVisionManager.cpp-L0369)  ProcessName:python3.12(50054)     Description:[Init]Driver  Version Match failed, Socket mode start! DriverInstalled[0x80000006], DriverVersion[0x0]
Info    2026-08-19 12:01:48:781  DevID:MV-CU060-10GC(DA1691703)  Source-Line:libMVGigEVisionSDK.so(GigEVisionManager.cpp-L1588)  ProcessName:python3.12(50054)     Description:[GiGEVision_SetNetModule]Connecting device, GvspDstIP[192.168.1.21], GvspDstPort[51443], DeviceIP[192.168.1.20]
Info    2026-08-19 12:01:48:783  DevID:MV-CU060-10GC(DA1691703)  Source-Line:libMVGigEVisionSDK.so(GigEVisionManager.cpp-L3997)  ProcessName:python3.12(50054)     Description:[InitStreamModule]Stream Channel Num: 1
Info    2026-08-19 12:01:48:784  DevID:MV-CU060-10GC(DA1691703)  Source-Line:libMVGigEVisionSDK.so(GigEVisionManager.cpp-L4021)  ProcessName:python3.12(50054)     Description:[InitStreamModule]Stream Moudle Get All Stream Capability.
Info    2026-08-19 12:01:48:784  DevID:MV-CU060-10GC(DA1691703)  Source-Line:libMVGigEVisionSDK.so(GigEVisionManager.cpp-L4024)  ProcessName:python3.12(50054)     Description:[InitStreamModule]Stream 0 Capability: 0x0
Info    2026-08-19 12:01:48:784  DevID:MV-CU060-10GC(DA1691703)  Source-Line:libMVGigEVisionSDK.so(StreamChannel.cpp-L3372)  ProcessName:python3.12(50054)     Description:[PrintfCurrentDevIpAndPort][0] TransmissionType[0], GvspSendIP[192.168.1.21], GvspSendPort[55232], GvspDstIP[192.168.1.21], GvspDstPort[55232]
Info    2026-08-19 12:01:48:793  DevID:MV-CU060-10GC(DA1691703)  Source-Line:libMVGigEVisionSDK.so(GigEVisionMsgChannel.cpp-L0281)  ProcessName:python3.12(50054)     Description:[EventThread]GigE EventThread Start, ThreadId[138961271899840]
Info    2026-08-19 12:01:48:793  DevID:MV-CU060-10GC(DA1691703)  Source-Line:libMVGigEVisionSDK.so(GigEVisionMsgChannel.cpp-L0321)  ProcessName:python3.12(50054)     Description:[EventThreadProc]GigEVision EventThreadProc Begin .
Info    2026-08-19 12:01:48:795  DevID:MV-CU060-10GC(DA1691703)  Source-Line:libMVGigEVisionSDK.so(GigEVisionGVCP.cpp-L0051)  ProcessName:python3.12(50054)     Description:[GVCP_KeepAliveProc]GVCP HeartBeatThread Start, ThreadId[138961280292544]
Info    2026-08-19 12:01:49:736  DevID:MV-CU060-10GC(DA1691703)  Source-Line:libMVGigEVisionSDK.so(StreamChannel.cpp-L3372)  ProcessName:python3.12(50054)     Description:[PrintfCurrentDevIpAndPort][0] TransmissionType[0], GvspSendIP[192.168.1.21], GvspSendPort[55232], GvspDstIP[192.168.1.21], GvspDstPort[55232]
Info    2026-08-19 12:01:49:738  DevID:MV-CU060-10GC(DA1691703)  Source-Line:libMVGigEVisionSDK.so(GigEVisionManager.cpp-L1602)  ProcessName:python3.12(50054)     Description:[GiGEVision_DisConnectDevice]Disconnect device
Info    2026-08-19 12:01:49:738  DevID:MV-CU060-10GC(DA1691703)  Source-Line:libMVGigEVisionSDK.so(StreamChannel.cpp-L3372)  ProcessName:python3.12(50054)     Description:[PrintfCurrentDevIpAndPort][0] TransmissionType[0], GvspSendIP[192.168.1.21], GvspSendPort[55232], GvspDstIP[192.168.1.21], GvspDstPort[55232]
Info    2026-08-19 12:01:49:838  DevID:MV-CU060-10GC(DA1691703)  Source-Line:libMVGigEVisionSDK.so(GigEVisionMsgChannel.cpp-L0592)  ProcessName:python3.12(50054)     Description:[EventThreadProc]GigEVision EventThreadProc End get  nAllEventNumber [0]
Info    2026-08-19 12:01:49:838  DevID:MV-CU060-10GC(DA1691703)  Source-Line:libMVGigEVisionSDK.so(GigEVisionMsgChannel.cpp-L0283)  ProcessName:python3.12(50054)     Description:[EventThread]GigE EventThread End, ThreadId[138961271899840]
Info    2026-08-19 12:01:49:839  DevID:MV-CU060-10GC(DA1691703)  Source-Line:libMVGigEVisionSDK.so(GigEVisionGVCP.cpp-L0053)  ProcessName:python3.12(50054)     Description:[GVCP_KeepAliveProc]GVCP HeartBeatThread End, ThreadId[138961280292544]
Info    2026-08-19 12:02:09:843  DevID:MV-CU060-10GC(DA1691703)  Source-Line:libMVGigEVisionSDK.so(GigEVisionManager.cpp-L0271)  ProcessName:python3.12(50306)     Description:[Init]Current dynamic library path[/opt/MVS/lib/64/libMVGigEVisionSDK.so]
Warning 2026-08-19 12:02:09:843  DevID:MV-CU060-10GC(DA1691703)  Source-Line:libMVGigEVisionSDK.so(GigEVisionManager.cpp-L0369)  ProcessName:python3.12(50306)     Description:[Init]Driver  Version Match failed, Socket mode start! DriverInstalled[0x80000006], DriverVersion[0x0]
Info    2026-08-19 12:02:09:843  DevID:MV-CU060-10GC(DA1691703)  Source-Line:libMVGigEVisionSDK.so(GigEVisionManager.cpp-L1588)  ProcessName:python3.12(50306)     Description:[GiGEVision_SetNetModule]Connecting device, GvspDstIP[192.168.1.21], GvspDstPort[49134], DeviceIP[192.168.1.20]
Info    2026-08-19 12:02:09:845  DevID:MV-CU060-10GC(DA1691703)  Source-Line:libMVGigEVisionSDK.so(GigEVisionManager.cpp-L3997)  ProcessName:python3.12(50306)     Description:[InitStreamModule]Stream Channel Num: 1
Info    2026-08-19 12:02:09:846  DevID:MV-CU060-10GC(DA1691703)  Source-Line:libMVGigEVisionSDK.so(GigEVisionManager.cpp-L4021)  ProcessName:python3.12(50306)     Description:[InitStreamModule]Stream Moudle Get All Stream Capability.
Info    2026-08-19 12:02:09:846  DevID:MV-CU060-10GC(DA1691703)  Source-Line:libMVGigEVisionSDK.so(GigEVisionManager.cpp-L4024)  ProcessName:python3.12(50306)     Description:[InitStreamModule]Stream 0 Capability: 0x0
Info    2026-08-19 12:02:09:847  DevID:MV-CU060-10GC(DA1691703)  Source-Line:libMVGigEVisionSDK.so(StreamChannel.cpp-L3372)  ProcessName:python3.12(50306)     Description:[PrintfCurrentDevIpAndPort][0] TransmissionType[0], GvspSendIP[192.168.1.21], GvspSendPort[52631], GvspDstIP[192.168.1.21], GvspDstPort[52631]
Info    2026-08-19 12:02:09:856  DevID:MV-CU060-10GC(DA1691703)  Source-Line:libMVGigEVisionSDK.so(GigEVisionMsgChannel.cpp-L0281)  ProcessName:python3.12(50306)     Description:[EventThread]GigE EventThread Start, ThreadId[136923720963776]
Info    2026-08-19 12:02:09:856  DevID:MV-CU060-10GC(DA1691703)  Source-Line:libMVGigEVisionSDK.so(GigEVisionMsgChannel.cpp-L0321)  ProcessName:python3.12(50306)     Description:[EventThreadProc]GigEVision EventThreadProc Begin .
Info    2026-08-19 12:02:09:857  DevID:MV-CU060-10GC(DA1691703)  Source-Line:libMVGigEVisionSDK.so(GigEVisionGVCP.cpp-L0051)  ProcessName:python3.12(50306)     Description:[GVCP_KeepAliveProc]GVCP HeartBeatThread Start, ThreadId[136923729356480]
Info    2026-08-19 12:02:27:660  DevID:MV-CU060-10GC(DA1691703)  Source-Line:libMVGigEVisionSDK.so(StreamChannel.cpp-L1558)  ProcessName:python3.12(50306)     Description:[StartProxy]Set ImageNodeNum [1]  GrabStrategy [0] success!
Info    2026-08-19 12:02:27:660  DevID:MV-CU060-10GC(DA1691703)  Source-Line:libMVGigEVisionSDK.so(StreamChannel.cpp-L1581)  ProcessName:python3.12(50306)     Description:[StartProxy]Backup Node Size[6295104]
Info    2026-08-19 12:02:27:660  DevID:MV-CU060-10GC(DA1691703)  Source-Line:libMVGigEVisionSDK.so(GigEVisionBufferManager.cpp-L0382)  ProcessName:python3.12(50306)     Description:[GigEBufferManager_Init]Main Buffer List'Length is 2, Lock Buffer List's Length is 1
Info    2026-08-19 12:02:27:661  DevID:MV-CU060-10GC(DA1691703)  Source-Line:libMVGigEVisionSDK.so(GigEVisionGVSP.cpp-L0656)  ProcessName:python3.12(50306)     Description:[GVSPThread]GVSPThread Start, ThreadId[4127184576]
Info    2026-08-19 12:02:27:661  DevID:MV-CU060-10GC(DA1691703)  Source-Line:libMVGigEVisionSDK.so(GigEVisionGVSP.cpp-L0690)  ProcessName:python3.12(50306)     Description:[GVSPThreadProc]GvspTimeout[300], ResendEnable[1], ResendTimeInterval[10], ResendRetryTimes[20], ResendTimeout[50], MaxResendPktsNum[4276]
Info    2026-08-19 12:02:27:661  DevID:MV-CU060-10GC(DA1691703)  Source-Line:libMVGigEVisionSDK.so(StreamChannel.cpp-L1787)  ProcessName:python3.12(50306)     Description:[StartProxy][0]Stream proxy start, Socket mode, GvspDstPort[52631], bResendEnable[1], GvspTimeout[300], ResendTimeInterval[10], SCPS[1500], nPayloadSize[6295104], 3DSpecMode[0], CompressMode[0], bSupportAnnounceBuffer[0]
Info    2026-08-19 12:02:27:661  DevID:MV-CU060-10GC(DA1691703)  Source-Line:libMVGigEVisionSDK.so(GigEVisionManager.cpp-L2137)  ProcessName:python3.12(50306)     Description:[GiGEVision_StartAcquisition]m_nPrivilegeMode[1]
Info    2026-08-19 12:02:27:661  DevID:MV-CU060-10GC(DA1691703)  Source-Line:libMVGigEVisionSDK.so(GigEVisionGVSP.cpp-L0671)  ProcessName:python3.12(50306)     Description:[GVSPResendThread]GVSPResendThread Start, ThreadId[4118791872]
Info    2026-08-19 12:02:27:661  DevID:MV-CU060-10GC(DA1691703)  Source-Line:libMVGigEVisionSDK.so(StreamChannel.cpp-L0578)  ProcessName:python3.12(50306)     Description:[StreamInterEventThread]GigE StreamInterEventThread Start, ThreadId[4110399168]
Info    2026-08-19 12:02:27:663  DevID:MV-CU060-10GC(DA1691703)  Source-Line:libMVGigEVisionSDK.so(GigEVisionManager.cpp-L2164)  ProcessName:python3.12(50306)     Description:[GiGEVision_StartAcquisition][0] [GVCP]GvspSendIP[192.168.1.21], GvspSendPort[52631]
Info    2026-08-19 12:02:27:663  DevID:MV-CU060-10GC(DA1691703)  Source-Line:libMVGigEVisionSDK.so(GigEVisionManager.cpp-L2168)  ProcessName:python3.12(50306)     Description:[GiGEVision_StartAcquisition][0] Acquisition Start Success, use 6 ms
Info    2026-08-19 12:02:28:171  DevID:MV-CU060-10GC(DA1691703)  Source-Line:libMVGigEVisionSDK.so(GigEVisionGVSP.cpp-L0673)  ProcessName:python3.12(50306)     Description:[GVSPResendThread]GVSPResendThread End, ThreadId[4118791872]
Info    2026-08-19 12:02:28:177  DevID:MV-CU060-10GC(DA1691703)  Source-Line:libMVGigEVisionSDK.so(GigEVisionGVSP.cpp-L0658)  ProcessName:python3.12(50306)     Description:[GVSPThread]GVSPThread End, ThreadId[4127184576]
Info    2026-08-19 12:02:28:178  DevID:MV-CU060-10GC(DA1691703)  Source-Line:libMVGigEVisionSDK.so(StreamChannel.cpp-L1069)  ProcessName:python3.12(50306)     Description:[Stop][0] [Socket Mode] GetCount[5], GetCountSucceed[5], NetReceive[6], ThrowAbnormalImage[0], NetLostFrame[0], ThrowInBufList[0], LostPackets[0]
Info    2026-08-19 12:02:28:178  DevID:MV-CU060-10GC(DA1691703)  Source-Line:libMVGigEVisionSDK.so(GigEVisionManager.cpp-L2238)  ProcessName:python3.12(50306)     Description:[GiGEVision_StopAcquisition][0] Acquisition Stop Success, use 9 ms
Info    2026-08-19 12:02:56:587  DevID:MV-CU060-10GC(DA1691703)  Source-Line:libMVGigEVisionSDK.so(GigEVisionBufferManager.cpp-L0382)  ProcessName:python3.12(50306)     Description:[GigEBufferManager_Init]Main Buffer List'Length is 2, Lock Buffer List's Length is 1
Info    2026-08-19 12:02:56:587  DevID:MV-CU060-10GC(DA1691703)  Source-Line:libMVGigEVisionSDK.so(GigEVisionGVSP.cpp-L0656)  ProcessName:python3.12(50306)     Description:[GVSPThread]GVSPThread Start, ThreadId[136923381221056]
Info    2026-08-19 12:02:56:587  DevID:MV-CU060-10GC(DA1691703)  Source-Line:libMVGigEVisionSDK.so(StreamChannel.cpp-L1787)  ProcessName:python3.12(50306)     Description:[StartProxy][0]Stream proxy start, Socket mode, GvspDstPort[52631], bResendEnable[1], GvspTimeout[300], ResendTimeInterval[10], SCPS[1500], nPayloadSize[6295104], 3DSpecMode[0], CompressMode[0], bSupportAnnounceBuffer[0]
Info    2026-08-19 12:02:56:587  DevID:MV-CU060-10GC(DA1691703)  Source-Line:libMVGigEVisionSDK.so(GigEVisionGVSP.cpp-L0690)  ProcessName:python3.12(50306)     Description:[GVSPThreadProc]GvspTimeout[300], ResendEnable[1], ResendTimeInterval[10], ResendRetryTimes[20], ResendTimeout[50], MaxResendPktsNum[4276]
Info    2026-08-19 12:02:56:587  DevID:MV-CU060-10GC(DA1691703)  Source-Line:libMVGigEVisionSDK.so(GigEVisionManager.cpp-L2137)  ProcessName:python3.12(50306)     Description:[GiGEVision_StartAcquisition]m_nPrivilegeMode[1]
Info    2026-08-19 12:02:56:587  DevID:MV-CU060-10GC(DA1691703)  Source-Line:libMVGigEVisionSDK.so(GigEVisionGVSP.cpp-L0671)  ProcessName:python3.12(50306)     Description:[GVSPResendThread]GVSPResendThread Start, ThreadId[136923389613760]
Info    2026-08-19 12:02:56:589  DevID:MV-CU060-10GC(DA1691703)  Source-Line:libMVGigEVisionSDK.so(GigEVisionManager.cpp-L2164)  ProcessName:python3.12(50306)     Description:[GiGEVision_StartAcquisition][0] [GVCP]GvspSendIP[192.168.1.21], GvspSendPort[52631]
Info    2026-08-19 12:02:56:589  DevID:MV-CU060-10GC(DA1691703)  Source-Line:libMVGigEVisionSDK.so(GigEVisionManager.cpp-L2168)  ProcessName:python3.12(50306)     Description:[GiGEVision_StartAcquisition][0] Acquisition Start Success, use 3 ms
Info    2026-08-19 12:02:57:064  DevID:MV-CU060-10GC(DA1691703)  Source-Line:libMVGigEVisionSDK.so(GigEVisionGVSP.cpp-L0438)  ProcessName:python3.12(50306)     Description:[TrimOutputQueue]TrimOutputQueue ThrowInBufList[1]
Warning 2026-08-19 12:02:57:097  DevID:MV-CU060-10GC(DA1691703)  Source-Line:libMVGigEVisionSDK.so(StreamChannel.cpp-L3070)  ProcessName:python3.12(50306)     Description:[GetImageBuffer][GetImageBuffer]The frame number is not continuous, PreFrameNum[4], CurFrameNum[140733193388038]
Info    2026-08-19 12:02:57:170  DevID:MV-CU060-10GC(DA1691703)  Source-Line:libMVGigEVisionSDK.so(GigEVisionGVSP.cpp-L0658)  ProcessName:python3.12(50306)     Description:[GVSPThread]GVSPThread End, ThreadId[136923381221056]
Warning 2026-08-19 12:02:57:170  DevID:MV-CU060-10GC(DA1691703)  Source-Line:libMVGigEVisionSDK.so(GigEVisionGVSP.cpp-L0775)  ProcessName:python3.12(50306)     Description:[GVSPResendThreadProc]WaitForSingleEvent(Timer) failed: 0x6e
Info    2026-08-19 12:02:57:170  DevID:MV-CU060-10GC(DA1691703)  Source-Line:libMVGigEVisionSDK.so(GigEVisionGVSP.cpp-L0673)  ProcessName:python3.12(50306)     Description:[GVSPResendThread]GVSPResendThread End, ThreadId[136923389613760]
Info    2026-08-19 12:02:57:170  DevID:MV-CU060-10GC(DA1691703)  Source-Line:libMVGigEVisionSDK.so(StreamChannel.cpp-L1069)  ProcessName:python3.12(50306)     Description:[Stop][0] [Socket Mode] GetCount[5], GetCountSucceed[5], NetReceive[7], ThrowAbnormalImage[0], NetLostFrame[0], ThrowInBufList[1], LostPackets[0]
Info    2026-08-19 12:02:57:170  DevID:MV-CU060-10GC(DA1691703)  Source-Line:libMVGigEVisionSDK.so(GigEVisionManager.cpp-L2238)  ProcessName:python3.12(50306)     Description:[GiGEVision_StopAcquisition][0] Acquisition Stop Success, use 2 ms
Info    2026-08-19 12:09:07:396  DevID:MV-CU060-10GC(DA1691703)  Source-Line:libMVGigEVisionSDK.so(StreamChannel.cpp-L3372)  ProcessName:python3.12(50306)     Description:[PrintfCurrentDevIpAndPort][0] TransmissionType[0], GvspSendIP[192.168.1.21], GvspSendPort[52631], GvspDstIP[192.168.1.21], GvspDstPort[52631]
Info    2026-08-19 12:09:07:398  DevID:MV-CU060-10GC(DA1691703)  Source-Line:libMVGigEVisionSDK.so(GigEVisionManager.cpp-L1602)  ProcessName:python3.12(50306)     Description:[GiGEVision_DisConnectDevice]Disconnect device
Info    2026-08-19 12:09:07:398  DevID:MV-CU060-10GC(DA1691703)  Source-Line:libMVGigEVisionSDK.so(StreamChannel.cpp-L3372)  ProcessName:python3.12(50306)     Description:[PrintfCurrentDevIpAndPort][0] TransmissionType[0], GvspSendIP[192.168.1.21], GvspSendPort[52631], GvspDstIP[192.168.1.21], GvspDstPort[52631]
Info    2026-08-19 12:09:07:398  DevID:MV-CU060-10GC(DA1691703)  Source-Line:libMVGigEVisionSDK.so(StreamChannel.cpp-L0580)  ProcessName:python3.12(50306)     Description:[StreamInterEventThread]GigE StreamInterEventThread End, ThreadId[4110399168]
Info    2026-08-19 12:09:07:502  DevID:MV-CU060-10GC(DA1691703)  Source-Line:libMVGigEVisionSDK.so(GigEVisionMsgChannel.cpp-L0592)  ProcessName:python3.12(50306)     Description:[EventThreadProc]GigEVision EventThreadProc End get  nAllEventNumber [0]
Info    2026-08-19 12:09:07:502  DevID:MV-CU060-10GC(DA1691703)  Source-Line:libMVGigEVisionSDK.so(GigEVisionMsgChannel.cpp-L0283)  ProcessName:python3.12(50306)     Description:[EventThread]GigE EventThread End, ThreadId[136923720963776]
Info    2026-08-19 12:09:07:503  DevID:MV-CU060-10GC(DA1691703)  Source-Line:libMVGigEVisionSDK.so(GigEVisionGVCP.cpp-L0053)  ProcessName:python3.12(50306)     Description:[GVCP_KeepAliveProc]GVCP HeartBeatThread End, ThreadId[136923729356480]
Info    2026-08-19 12:09:16:509  DevID:MV-CU060-10GC(DA1691703)  Source-Line:libMVGigEVisionSDK.so(GigEVisionManager.cpp-L0271)  ProcessName:python3.12(53724)     Description:[Init]Current dynamic library path[/opt/MVS/lib/64/libMVGigEVisionSDK.so]
Warning 2026-08-19 12:09:16:509  DevID:MV-CU060-10GC(DA1691703)  Source-Line:libMVGigEVisionSDK.so(GigEVisionManager.cpp-L0369)  ProcessName:python3.12(53724)     Description:[Init]Driver  Version Match failed, Socket mode start! DriverInstalled[0x80000006], DriverVersion[0x0]
Info    2026-08-19 12:09:16:509  DevID:MV-CU060-10GC(DA1691703)  Source-Line:libMVGigEVisionSDK.so(GigEVisionManager.cpp-L1588)  ProcessName:python3.12(53724)     Description:[GiGEVision_SetNetModule]Connecting device, GvspDstIP[192.168.1.21], GvspDstPort[34999], DeviceIP[192.168.1.20]
Info    2026-08-19 12:09:16:512  DevID:MV-CU060-10GC(DA1691703)  Source-Line:libMVGigEVisionSDK.so(GigEVisionManager.cpp-L3997)  ProcessName:python3.12(53724)     Description:[InitStreamModule]Stream Channel Num: 1
Info    2026-08-19 12:09:16:513  DevID:MV-CU060-10GC(DA1691703)  Source-Line:libMVGigEVisionSDK.so(GigEVisionManager.cpp-L4021)  ProcessName:python3.12(53724)     Description:[InitStreamModule]Stream Moudle Get All Stream Capability.
Info    2026-08-19 12:09:16:513  DevID:MV-CU060-10GC(DA1691703)  Source-Line:libMVGigEVisionSDK.so(GigEVisionManager.cpp-L4024)  ProcessName:python3.12(53724)     Description:[InitStreamModule]Stream 0 Capability: 0x0
Info    2026-08-19 12:09:16:513  DevID:MV-CU060-10GC(DA1691703)  Source-Line:libMVGigEVisionSDK.so(StreamChannel.cpp-L3372)  ProcessName:python3.12(53724)     Description:[PrintfCurrentDevIpAndPort][0] TransmissionType[0], GvspSendIP[192.168.1.21], GvspSendPort[38228], GvspDstIP[192.168.1.21], GvspDstPort[38228]
Info    2026-08-19 12:09:16:522  DevID:MV-CU060-10GC(DA1691703)  Source-Line:libMVGigEVisionSDK.so(GigEVisionMsgChannel.cpp-L0281)  ProcessName:python3.12(53724)     Description:[EventThread]GigE EventThread Start, ThreadId[132264348350144]
Info    2026-08-19 12:09:16:522  DevID:MV-CU060-10GC(DA1691703)  Source-Line:libMVGigEVisionSDK.so(GigEVisionMsgChannel.cpp-L0321)  ProcessName:python3.12(53724)     Description:[EventThreadProc]GigEVision EventThreadProc Begin .
Info    2026-08-19 12:09:16:523  DevID:MV-CU060-10GC(DA1691703)  Source-Line:libMVGigEVisionSDK.so(GigEVisionGVCP.cpp-L0051)  ProcessName:python3.12(53724)     Description:[GVCP_KeepAliveProc]GVCP HeartBeatThread Start, ThreadId[132264360928960]
Info    2026-08-19 12:09:31:123  DevID:MV-CU060-10GC(DA1691703)  Source-Line:libMVGigEVisionSDK.so(StreamChannel.cpp-L1558)  ProcessName:python3.12(53724)     Description:[StartProxy]Set ImageNodeNum [1]  GrabStrategy [0] success!
Info    2026-08-19 12:09:31:123  DevID:MV-CU060-10GC(DA1691703)  Source-Line:libMVGigEVisionSDK.so(StreamChannel.cpp-L1581)  ProcessName:python3.12(53724)     Description:[StartProxy]Backup Node Size[6295104]
Info    2026-08-19 12:09:31:123  DevID:MV-CU060-10GC(DA1691703)  Source-Line:libMVGigEVisionSDK.so(GigEVisionBufferManager.cpp-L0382)  ProcessName:python3.12(53724)     Description:[GigEBufferManager_Init]Main Buffer List'Length is 2, Lock Buffer List's Length is 1
Info    2026-08-19 12:09:31:124  DevID:MV-CU060-10GC(DA1691703)  Source-Line:libMVGigEVisionSDK.so(GigEVisionGVSP.cpp-L0656)  ProcessName:python3.12(53724)     Description:[GVSPThread]GVSPThread Start, ThreadId[637523648]
Info    2026-08-19 12:09:31:124  DevID:MV-CU060-10GC(DA1691703)  Source-Line:libMVGigEVisionSDK.so(GigEVisionGVSP.cpp-L0690)  ProcessName:python3.12(53724)     Description:[GVSPThreadProc]GvspTimeout[300], ResendEnable[1], ResendTimeInterval[10], ResendRetryTimes[20], ResendTimeout[50], MaxResendPktsNum[4276]
Info    2026-08-19 12:09:31:124  DevID:MV-CU060-10GC(DA1691703)  Source-Line:libMVGigEVisionSDK.so(GigEVisionGVSP.cpp-L0671)  ProcessName:python3.12(53724)     Description:[GVSPResendThread]GVSPResendThread Start, ThreadId[629130944]
Info    2026-08-19 12:09:31:124  DevID:MV-CU060-10GC(DA1691703)  Source-Line:libMVGigEVisionSDK.so(StreamChannel.cpp-L1787)  ProcessName:python3.12(53724)     Description:[StartProxy][0]Stream proxy start, Socket mode, GvspDstPort[38228], bResendEnable[1], GvspTimeout[300], ResendTimeInterval[10], SCPS[1500], nPayloadSize[6295104], 3DSpecMode[0], CompressMode[0], bSupportAnnounceBuffer[0]
Info    2026-08-19 12:09:31:124  DevID:MV-CU060-10GC(DA1691703)  Source-Line:libMVGigEVisionSDK.so(GigEVisionManager.cpp-L2137)  ProcessName:python3.12(53724)     Description:[GiGEVision_StartAcquisition]m_nPrivilegeMode[1]
Info    2026-08-19 12:09:31:124  DevID:MV-CU060-10GC(DA1691703)  Source-Line:libMVGigEVisionSDK.so(StreamChannel.cpp-L0578)  ProcessName:python3.12(53724)     Description:[StreamInterEventThread]GigE StreamInterEventThread Start, ThreadId[620738240]
Info    2026-08-19 12:09:31:126  DevID:MV-CU060-10GC(DA1691703)  Source-Line:libMVGigEVisionSDK.so(GigEVisionManager.cpp-L2164)  ProcessName:python3.12(53724)     Description:[GiGEVision_StartAcquisition][0] [GVCP]GvspSendIP[192.168.1.21], GvspSendPort[38228]
Info    2026-08-19 12:09:31:126  DevID:MV-CU060-10GC(DA1691703)  Source-Line:libMVGigEVisionSDK.so(GigEVisionManager.cpp-L2168)  ProcessName:python3.12(53724)     Description:[GiGEVision_StartAcquisition][0] Acquisition Start Success, use 7 ms
Info    2026-08-19 12:09:31:666  DevID:MV-CU060-10GC(DA1691703)  Source-Line:libMVGigEVisionSDK.so(GigEVisionGVSP.cpp-L0438)  ProcessName:python3.12(53724)     Description:[TrimOutputQueue]TrimOutputQueue ThrowInBufList[1]
Info    2026-08-19 12:09:31:702  DevID:MV-CU060-10GC(DA1691703)  Source-Line:libMVGigEVisionSDK.so(GigEVisionGVSP.cpp-L0673)  ProcessName:python3.12(53724)     Description:[GVSPResendThread]GVSPResendThread End, ThreadId[629130944]
Info    2026-08-19 12:09:31:702  DevID:MV-CU060-10GC(DA1691703)  Source-Line:libMVGigEVisionSDK.so(GigEVisionGVSP.cpp-L0658)  ProcessName:python3.12(53724)     Description:[GVSPThread]GVSPThread End, ThreadId[637523648]
Info    2026-08-19 12:09:31:703  DevID:MV-CU060-10GC(DA1691703)  Source-Line:libMVGigEVisionSDK.so(StreamChannel.cpp-L1069)  ProcessName:python3.12(53724)     Description:[Stop][0] [Socket Mode] GetCount[5], GetCountSucceed[5], NetReceive[7], ThrowAbnormalImage[0], NetLostFrame[0], ThrowInBufList[1], LostPackets[0]
Info    2026-08-19 12:09:31:703  DevID:MV-CU060-10GC(DA1691703)  Source-Line:libMVGigEVisionSDK.so(GigEVisionManager.cpp-L2238)  ProcessName:python3.12(53724)     Description:[GiGEVision_StopAcquisition][0] Acquisition Stop Success, use 2 ms
Info    2026-08-19 12:09:45:538  DevID:MV-CU060-10GC(DA1691703)  Source-Line:libMVGigEVisionSDK.so(GigEVisionBufferManager.cpp-L0382)  ProcessName:python3.12(53724)     Description:[GigEBufferManager_Init]Main Buffer List'Length is 2, Lock Buffer List's Length is 1
Info    2026-08-19 12:09:45:539  DevID:MV-CU060-10GC(DA1691703)  Source-Line:libMVGigEVisionSDK.so(StreamChannel.cpp-L1787)  ProcessName:python3.12(53724)     Description:[StartProxy][0]Stream proxy start, Socket mode, GvspDstPort[38228], bResendEnable[1], GvspTimeout[300], ResendTimeInterval[10], SCPS[1500], nPayloadSize[6295104], 3DSpecMode[0], CompressMode[0], bSupportAnnounceBuffer[0]
Info    2026-08-19 12:09:45:539  DevID:MV-CU060-10GC(DA1691703)  Source-Line:libMVGigEVisionSDK.so(GigEVisionGVSP.cpp-L0671)  ProcessName:python3.12(53724)     Description:[GVSPResendThread]GVSPResendThread Start, ThreadId[132264155403968]
Info    2026-08-19 12:09:45:539  DevID:MV-CU060-10GC(DA1691703)  Source-Line:libMVGigEVisionSDK.so(GigEVisionManager.cpp-L2137)  ProcessName:python3.12(53724)     Description:[GiGEVision_StartAcquisition]m_nPrivilegeMode[1]
Info    2026-08-19 12:09:45:540  DevID:MV-CU060-10GC(DA1691703)  Source-Line:libMVGigEVisionSDK.so(GigEVisionGVSP.cpp-L0656)  ProcessName:python3.12(53724)     Description:[GVSPThread]GVSPThread Start, ThreadId[132264147011264]
Info    2026-08-19 12:09:45:540  DevID:MV-CU060-10GC(DA1691703)  Source-Line:libMVGigEVisionSDK.so(GigEVisionGVSP.cpp-L0690)  ProcessName:python3.12(53724)     Description:[GVSPThreadProc]GvspTimeout[300], ResendEnable[1], ResendTimeInterval[10], ResendRetryTimes[20], ResendTimeout[50], MaxResendPktsNum[4276]
Info    2026-08-19 12:09:45:540  DevID:MV-CU060-10GC(DA1691703)  Source-Line:libMVGigEVisionSDK.so(GigEVisionManager.cpp-L2164)  ProcessName:python3.12(53724)     Description:[GiGEVision_StartAcquisition][0] [GVCP]GvspSendIP[192.168.1.21], GvspSendPort[38228]
Info    2026-08-19 12:09:45:540  DevID:MV-CU060-10GC(DA1691703)  Source-Line:libMVGigEVisionSDK.so(GigEVisionManager.cpp-L2168)  ProcessName:python3.12(53724)     Description:[GiGEVision_StartAcquisition][0] Acquisition Start Success, use 3 ms
Info    2026-08-19 12:09:46:012  DevID:MV-CU060-10GC(DA1691703)  Source-Line:libMVGigEVisionSDK.so(GigEVisionGVSP.cpp-L0438)  ProcessName:python3.12(53724)     Description:[TrimOutputQueue]TrimOutputQueue ThrowInBufList[1]
Warning 2026-08-19 12:09:46:047  DevID:MV-CU060-10GC(DA1691703)  Source-Line:libMVGigEVisionSDK.so(StreamChannel.cpp-L3070)  ProcessName:python3.12(53724)     Description:[GetImageBuffer][GetImageBuffer]The frame number is not continuous, PreFrameNum[4], CurFrameNum[140720308486150]
Info    2026-08-19 12:09:46:132  DevID:MV-CU060-10GC(DA1691703)  Source-Line:libMVGigEVisionSDK.so(GigEVisionGVSP.cpp-L0658)  ProcessName:python3.12(53724)     Description:[GVSPThread]GVSPThread End, ThreadId[132264147011264]
Warning 2026-08-19 12:09:46:132  DevID:MV-CU060-10GC(DA1691703)  Source-Line:libMVGigEVisionSDK.so(GigEVisionGVSP.cpp-L0775)  ProcessName:python3.12(53724)     Description:[GVSPResendThreadProc]WaitForSingleEvent(Timer) failed: 0x6e
Info    2026-08-19 12:09:46:132  DevID:MV-CU060-10GC(DA1691703)  Source-Line:libMVGigEVisionSDK.so(GigEVisionGVSP.cpp-L0673)  ProcessName:python3.12(53724)     Description:[GVSPResendThread]GVSPResendThread End, ThreadId[132264155403968]
Info    2026-08-19 12:09:46:132  DevID:MV-CU060-10GC(DA1691703)  Source-Line:libMVGigEVisionSDK.so(StreamChannel.cpp-L1069)  ProcessName:python3.12(53724)     Description:[Stop][0] [Socket Mode] GetCount[5], GetCountSucceed[5], NetReceive[7], ThrowAbnormalImage[0], NetLostFrame[0], ThrowInBufList[1], LostPackets[0]
Info    2026-08-19 12:09:46:132  DevID:MV-CU060-10GC(DA1691703)  Source-Line:libMVGigEVisionSDK.so(GigEVisionManager.cpp-L2238)  ProcessName:python3.12(53724)     Description:[GiGEVision_StopAcquisition][0] Acquisition Stop Success, use 2 ms
Info    2026-08-19 13:12:41:291  DevID:MV-CU060-10GC(DA1691703)  Source-Line:libMVGigEVisionSDK.so(GigEVisionBufferManager.cpp-L0382)  ProcessName:python3.12(53724)     Description:[GigEBufferManager_Init]Main Buffer List'Length is 2, Lock Buffer List's Length is 1
Info    2026-08-19 13:12:41:292  DevID:MV-CU060-10GC(DA1691703)  Source-Line:libMVGigEVisionSDK.so(GigEVisionGVSP.cpp-L0656)  ProcessName:python3.12(53724)     Description:[GVSPThread]GVSPThread Start, ThreadId[132264155403968]
Info    2026-08-19 13:12:41:292  DevID:MV-CU060-10GC(DA1691703)  Source-Line:libMVGigEVisionSDK.so(StreamChannel.cpp-L1787)  ProcessName:python3.12(53724)     Description:[StartProxy][0]Stream proxy start, Socket mode, GvspDstPort[38228], bResendEnable[1], GvspTimeout[300], ResendTimeInterval[10], SCPS[1500], nPayloadSize[6295104], 3DSpecMode[0], CompressMode[0], bSupportAnnounceBuffer[0]
Info    2026-08-19 13:12:41:292  DevID:MV-CU060-10GC(DA1691703)  Source-Line:libMVGigEVisionSDK.so(GigEVisionGVSP.cpp-L0690)  ProcessName:python3.12(53724)     Description:[GVSPThreadProc]GvspTimeout[300], ResendEnable[1], ResendTimeInterval[10], ResendRetryTimes[20], ResendTimeout[50], MaxResendPktsNum[4276]
Info    2026-08-19 13:12:41:292  DevID:MV-CU060-10GC(DA1691703)  Source-Line:libMVGigEVisionSDK.so(GigEVisionGVSP.cpp-L0671)  ProcessName:python3.12(53724)     Description:[GVSPResendThread]GVSPResendThread Start, ThreadId[132264147011264]
Info    2026-08-19 13:12:41:292  DevID:MV-CU060-10GC(DA1691703)  Source-Line:libMVGigEVisionSDK.so(GigEVisionManager.cpp-L2137)  ProcessName:python3.12(53724)     Description:[GiGEVision_StartAcquisition]m_nPrivilegeMode[1]
Info    2026-08-19 13:12:41:293  DevID:MV-CU060-10GC(DA1691703)  Source-Line:libMVGigEVisionSDK.so(GigEVisionManager.cpp-L2164)  ProcessName:python3.12(53724)     Description:[GiGEVision_StartAcquisition][0] [GVCP]GvspSendIP[192.168.1.21], GvspSendPort[38228]
Info    2026-08-19 13:12:41:293  DevID:MV-CU060-10GC(DA1691703)  Source-Line:libMVGigEVisionSDK.so(GigEVisionManager.cpp-L2168)  ProcessName:python3.12(53724)     Description:[GiGEVision_StartAcquisition][0] Acquisition Start Success, use 3 ms
Info    2026-08-19 13:12:41:776  DevID:MV-CU060-10GC(DA1691703)  Source-Line:libMVGigEVisionSDK.so(GigEVisionGVSP.cpp-L0673)  ProcessName:python3.12(53724)     Description:[GVSPResendThread]GVSPResendThread End, ThreadId[132264147011264]
Info    2026-08-19 13:12:41:783  DevID:MV-CU060-10GC(DA1691703)  Source-Line:libMVGigEVisionSDK.so(GigEVisionGVSP.cpp-L0658)  ProcessName:python3.12(53724)     Description:[GVSPThread]GVSPThread End, ThreadId[132264155403968]
Info    2026-08-19 13:12:41:783  DevID:MV-CU060-10GC(DA1691703)  Source-Line:libMVGigEVisionSDK.so(StreamChannel.cpp-L1069)  ProcessName:python3.12(53724)     Description:[Stop][0] [Socket Mode] GetCount[5], GetCountSucceed[5], NetReceive[6], ThrowAbnormalImage[0], NetLostFrame[0], ThrowInBufList[0], LostPackets[0]
Info    2026-08-19 13:12:41:783  DevID:MV-CU060-10GC(DA1691703)  Source-Line:libMVGigEVisionSDK.so(GigEVisionManager.cpp-L2238)  ProcessName:python3.12(53724)     Description:[GiGEVision_StopAcquisition][0] Acquisition Stop Success, use 9 ms
Info    2026-08-19 13:12:42:583  DevID:MV-CU060-10GC(DA1691703)  Source-Line:libMVGigEVisionSDK.so(GigEVisionBufferManager.cpp-L0382)  ProcessName:python3.12(53724)     Description:[GigEBufferManager_Init]Main Buffer List'Length is 2, Lock Buffer List's Length is 1
Info    2026-08-19 13:12:42:583  DevID:MV-CU060-10GC(DA1691703)  Source-Line:libMVGigEVisionSDK.so(GigEVisionGVSP.cpp-L0656)  ProcessName:python3.12(53724)     Description:[GVSPThread]GVSPThread Start, ThreadId[132264147011264]
Info    2026-08-19 13:12:42:583  DevID:MV-CU060-10GC(DA1691703)  Source-Line:libMVGigEVisionSDK.so(GigEVisionGVSP.cpp-L0671)  ProcessName:python3.12(53724)     Description:[GVSPResendThread]GVSPResendThread Start, ThreadId[132264155403968]
Info    2026-08-19 13:12:42:583  DevID:MV-CU060-10GC(DA1691703)  Source-Line:libMVGigEVisionSDK.so(StreamChannel.cpp-L1787)  ProcessName:python3.12(53724)     Description:[StartProxy][0]Stream proxy start, Socket mode, GvspDstPort[38228], bResendEnable[1], GvspTimeout[300], ResendTimeInterval[10], SCPS[1500], nPayloadSize[6295104], 3DSpecMode[0], CompressMode[0], bSupportAnnounceBuffer[0]
Info    2026-08-19 13:12:42:583  DevID:MV-CU060-10GC(DA1691703)  Source-Line:libMVGigEVisionSDK.so(GigEVisionGVSP.cpp-L0690)  ProcessName:python3.12(53724)     Description:[GVSPThreadProc]GvspTimeout[300], ResendEnable[1], ResendTimeInterval[10], ResendRetryTimes[20], ResendTimeout[50], MaxResendPktsNum[4276]
Info    2026-08-19 13:12:42:583  DevID:MV-CU060-10GC(DA1691703)  Source-Line:libMVGigEVisionSDK.so(GigEVisionManager.cpp-L2137)  ProcessName:python3.12(53724)     Description:[GiGEVision_StartAcquisition]m_nPrivilegeMode[1]
Info    2026-08-19 13:12:42:585  DevID:MV-CU060-10GC(DA1691703)  Source-Line:libMVGigEVisionSDK.so(GigEVisionManager.cpp-L2164)  ProcessName:python3.12(53724)     Description:[GiGEVision_StartAcquisition][0] [GVCP]GvspSendIP[192.168.1.21], GvspSendPort[38228]
Info    2026-08-19 13:12:42:585  DevID:MV-CU060-10GC(DA1691703)  Source-Line:libMVGigEVisionSDK.so(GigEVisionManager.cpp-L2168)  ProcessName:python3.12(53724)     Description:[GiGEVision_StartAcquisition][0] Acquisition Start Success, use 4 ms
Info    2026-08-19 13:12:43:055  DevID:MV-CU060-10GC(DA1691703)  Source-Line:libMVGigEVisionSDK.so(GigEVisionGVSP.cpp-L0658)  ProcessName:python3.12(53724)     Description:[GVSPThread]GVSPThread End, ThreadId[132264147011264]
Warning 2026-08-19 13:12:43:055  DevID:MV-CU060-10GC(DA1691703)  Source-Line:libMVGigEVisionSDK.so(GigEVisionGVSP.cpp-L0775)  ProcessName:python3.12(53724)     Description:[GVSPResendThreadProc]WaitForSingleEvent(Timer) failed: 0x6e
Info    2026-08-19 13:12:43:055  DevID:MV-CU060-10GC(DA1691703)  Source-Line:libMVGigEVisionSDK.so(GigEVisionGVSP.cpp-L0673)  ProcessName:python3.12(53724)     Description:[GVSPResendThread]GVSPResendThread End, ThreadId[132264155403968]
Info    2026-08-19 13:12:43:055  DevID:MV-CU060-10GC(DA1691703)  Source-Line:libMVGigEVisionSDK.so(StreamChannel.cpp-L1069)  ProcessName:python3.12(53724)     Description:[Stop][0] [Socket Mode] GetCount[5], GetCountSucceed[5], NetReceive[5], ThrowAbnormalImage[0], NetLostFrame[0], ThrowInBufList[0], LostPackets[0]
Info    2026-08-19 13:12:43:055  DevID:MV-CU060-10GC(DA1691703)  Source-Line:libMVGigEVisionSDK.so(GigEVisionManager.cpp-L2238)  ProcessName:python3.12(53724)     Description:[GiGEVision_StopAcquisition][0] Acquisition Stop Success, use 1 ms
Info    2026-08-19 13:14:58:771  DevID:MV-CU060-10GC(DA1691703)  Source-Line:libMVGigEVisionSDK.so(GigEVisionBufferManager.cpp-L0382)  ProcessName:python3.12(53724)     Description:[GigEBufferManager_Init]Main Buffer List'Length is 2, Lock Buffer List's Length is 1
Info    2026-08-19 13:14:58:772  DevID:MV-CU060-10GC(DA1691703)  Source-Line:libMVGigEVisionSDK.so(GigEVisionGVSP.cpp-L0656)  ProcessName:python3.12(53724)     Description:[GVSPThread]GVSPThread Start, ThreadId[132264155403968]
Info    2026-08-19 13:14:58:772  DevID:MV-CU060-10GC(DA1691703)  Source-Line:libMVGigEVisionSDK.so(StreamChannel.cpp-L1787)  ProcessName:python3.12(53724)     Description:[StartProxy][0]Stream proxy start, Socket mode, GvspDstPort[38228], bResendEnable[1], GvspTimeout[300], ResendTimeInterval[10], SCPS[1500], nPayloadSize[6295104], 3DSpecMode[0], CompressMode[0], bSupportAnnounceBuffer[0]
Info    2026-08-19 13:14:58:772  DevID:MV-CU060-10GC(DA1691703)  Source-Line:libMVGigEVisionSDK.so(GigEVisionGVSP.cpp-L0671)  ProcessName:python3.12(53724)     Description:[GVSPResendThread]GVSPResendThread Start, ThreadId[132264147011264]
Info    2026-08-19 13:14:58:772  DevID:MV-CU060-10GC(DA1691703)  Source-Line:libMVGigEVisionSDK.so(GigEVisionManager.cpp-L2137)  ProcessName:python3.12(53724)     Description:[GiGEVision_StartAcquisition]m_nPrivilegeMode[1]
Info    2026-08-19 13:14:58:772  DevID:MV-CU060-10GC(DA1691703)  Source-Line:libMVGigEVisionSDK.so(GigEVisionGVSP.cpp-L0690)  ProcessName:python3.12(53724)     Description:[GVSPThreadProc]GvspTimeout[300], ResendEnable[1], ResendTimeInterval[10], ResendRetryTimes[20], ResendTimeout[50], MaxResendPktsNum[4276]
Info    2026-08-19 13:14:58:774  DevID:MV-CU060-10GC(DA1691703)  Source-Line:libMVGigEVisionSDK.so(GigEVisionManager.cpp-L2164)  ProcessName:python3.12(53724)     Description:[GiGEVision_StartAcquisition][0] [GVCP]GvspSendIP[192.168.1.21], GvspSendPort[38228]
Info    2026-08-19 13:14:58:774  DevID:MV-CU060-10GC(DA1691703)  Source-Line:libMVGigEVisionSDK.so(GigEVisionManager.cpp-L2168)  ProcessName:python3.12(53724)     Description:[GiGEVision_StartAcquisition][0] Acquisition Start Success, use 3 ms
Info    2026-08-19 13:14:59:243  DevID:MV-CU060-10GC(DA1691703)  Source-Line:libMVGigEVisionSDK.so(GigEVisionGVSP.cpp-L0673)  ProcessName:python3.12(53724)     Description:[GVSPResendThread]GVSPResendThread End, ThreadId[132264147011264]
Info    2026-08-19 13:14:59:245  DevID:MV-CU060-10GC(DA1691703)  Source-Line:libMVGigEVisionSDK.so(GigEVisionGVSP.cpp-L0658)  ProcessName:python3.12(53724)     Description:[GVSPThread]GVSPThread End, ThreadId[132264155403968]
Info    2026-08-19 13:14:59:245  DevID:MV-CU060-10GC(DA1691703)  Source-Line:libMVGigEVisionSDK.so(StreamChannel.cpp-L1069)  ProcessName:python3.12(53724)     Description:[Stop][0] [Socket Mode] GetCount[5], GetCountSucceed[5], NetReceive[5], ThrowAbnormalImage[0], NetLostFrame[0], ThrowInBufList[0], LostPackets[0]
Info    2026-08-19 13:14:59:245  DevID:MV-CU060-10GC(DA1691703)  Source-Line:libMVGigEVisionSDK.so(GigEVisionManager.cpp-L2238)  ProcessName:python3.12(53724)     Description:[GiGEVision_StopAcquisition][0] Acquisition Stop Success, use 10 ms
Info    2026-08-19 13:15:30:667  DevID:MV-CU060-10GC(DA1691703)  Source-Line:libMVGigEVisionSDK.so(GigEVisionBufferManager.cpp-L0382)  ProcessName:python3.12(53724)     Description:[GigEBufferManager_Init]Main Buffer List'Length is 2, Lock Buffer List's Length is 1
Info    2026-08-19 13:15:30:668  DevID:MV-CU060-10GC(DA1691703)  Source-Line:libMVGigEVisionSDK.so(GigEVisionGVSP.cpp-L0656)  ProcessName:python3.12(53724)     Description:[GVSPThread]GVSPThread Start, ThreadId[132264147011264]
Info    2026-08-19 13:15:30:668  DevID:MV-CU060-10GC(DA1691703)  Source-Line:libMVGigEVisionSDK.so(StreamChannel.cpp-L1787)  ProcessName:python3.12(53724)     Description:[StartProxy][0]Stream proxy start, Socket mode, GvspDstPort[38228], bResendEnable[1], GvspTimeout[300], ResendTimeInterval[10], SCPS[1500], nPayloadSize[6295104], 3DSpecMode[0], CompressMode[0], bSupportAnnounceBuffer[0]
Info    2026-08-19 13:15:30:668  DevID:MV-CU060-10GC(DA1691703)  Source-Line:libMVGigEVisionSDK.so(GigEVisionGVSP.cpp-L0671)  ProcessName:python3.12(53724)     Description:[GVSPResendThread]GVSPResendThread Start, ThreadId[132264155403968]
Info    2026-08-19 13:15:30:668  DevID:MV-CU060-10GC(DA1691703)  Source-Line:libMVGigEVisionSDK.so(GigEVisionManager.cpp-L2137)  ProcessName:python3.12(53724)     Description:[GiGEVision_StartAcquisition]m_nPrivilegeMode[1]
Info    2026-08-19 13:15:30:668  DevID:MV-CU060-10GC(DA1691703)  Source-Line:libMVGigEVisionSDK.so(GigEVisionGVSP.cpp-L0690)  ProcessName:python3.12(53724)     Description:[GVSPThreadProc]GvspTimeout[300], ResendEnable[1], ResendTimeInterval[10], ResendRetryTimes[20], ResendTimeout[50], MaxResendPktsNum[4276]
Info    2026-08-19 13:15:30:670  DevID:MV-CU060-10GC(DA1691703)  Source-Line:libMVGigEVisionSDK.so(GigEVisionManager.cpp-L2164)  ProcessName:python3.12(53724)     Description:[GiGEVision_StartAcquisition][0] [GVCP]GvspSendIP[192.168.1.21], GvspSendPort[38228]
Info    2026-08-19 13:15:30:670  DevID:MV-CU060-10GC(DA1691703)  Source-Line:libMVGigEVisionSDK.so(GigEVisionManager.cpp-L2168)  ProcessName:python3.12(53724)     Description:[GiGEVision_StartAcquisition][0] Acquisition Start Success, use 3 ms
Info    2026-08-19 13:15:31:136  DevID:MV-CU060-10GC(DA1691703)  Source-Line:libMVGigEVisionSDK.so(GigEVisionGVSP.cpp-L0658)  ProcessName:python3.12(53724)     Description:[GVSPThread]GVSPThread End, ThreadId[132264147011264]
Warning 2026-08-19 13:15:31:136  DevID:MV-CU060-10GC(DA1691703)  Source-Line:libMVGigEVisionSDK.so(GigEVisionGVSP.cpp-L0775)  ProcessName:python3.12(53724)     Description:[GVSPResendThreadProc]WaitForSingleEvent(Timer) failed: 0x6e
Info    2026-08-19 13:15:31:136  DevID:MV-CU060-10GC(DA1691703)  Source-Line:libMVGigEVisionSDK.so(GigEVisionGVSP.cpp-L0673)  ProcessName:python3.12(53724)     Description:[GVSPResendThread]GVSPResendThread End, ThreadId[132264155403968]
Info    2026-08-19 13:15:31:136  DevID:MV-CU060-10GC(DA1691703)  Source-Line:libMVGigEVisionSDK.so(StreamChannel.cpp-L1069)  ProcessName:python3.12(53724)     Description:[Stop][0] [Socket Mode] GetCount[5], GetCountSucceed[5], NetReceive[5], ThrowAbnormalImage[0], NetLostFrame[0], ThrowInBufList[0], LostPackets[0]
Info    2026-08-19 13:15:31:136  DevID:MV-CU060-10GC(DA1691703)  Source-Line:libMVGigEVisionSDK.so(GigEVisionManager.cpp-L2238)  ProcessName:python3.12(53724)     Description:[GiGEVision_StopAcquisition][0] Acquisition Stop Success, use 1 ms
Info    2026-08-19 13:16:04:762  DevID:MV-CU060-10GC(DA1691703)  Source-Line:libMVGigEVisionSDK.so(GigEVisionBufferManager.cpp-L0382)  ProcessName:python3.12(53724)     Description:[GigEBufferManager_Init]Main Buffer List'Length is 2, Lock Buffer List's Length is 1
Info    2026-08-19 13:16:04:762  DevID:MV-CU060-10GC(DA1691703)  Source-Line:libMVGigEVisionSDK.so(GigEVisionGVSP.cpp-L0656)  ProcessName:python3.12(53724)     Description:[GVSPThread]GVSPThread Start, ThreadId[132264155403968]
Info    2026-08-19 13:16:04:762  DevID:MV-CU060-10GC(DA1691703)  Source-Line:libMVGigEVisionSDK.so(GigEVisionGVSP.cpp-L0690)  ProcessName:python3.12(53724)     Description:[GVSPThreadProc]GvspTimeout[300], ResendEnable[1], ResendTimeInterval[10], ResendRetryTimes[20], ResendTimeout[50], MaxResendPktsNum[4276]
Info    2026-08-19 13:16:04:762  DevID:MV-CU060-10GC(DA1691703)  Source-Line:libMVGigEVisionSDK.so(GigEVisionGVSP.cpp-L0671)  ProcessName:python3.12(53724)     Description:[GVSPResendThread]GVSPResendThread Start, ThreadId[132264147011264]
Info    2026-08-19 13:16:04:762  DevID:MV-CU060-10GC(DA1691703)  Source-Line:libMVGigEVisionSDK.so(StreamChannel.cpp-L1787)  ProcessName:python3.12(53724)     Description:[StartProxy][0]Stream proxy start, Socket mode, GvspDstPort[38228], bResendEnable[1], GvspTimeout[300], ResendTimeInterval[10], SCPS[1500], nPayloadSize[6295104], 3DSpecMode[0], CompressMode[0], bSupportAnnounceBuffer[0]
Info    2026-08-19 13:16:04:762  DevID:MV-CU060-10GC(DA1691703)  Source-Line:libMVGigEVisionSDK.so(GigEVisionManager.cpp-L2137)  ProcessName:python3.12(53724)     Description:[GiGEVision_StartAcquisition]m_nPrivilegeMode[1]
Info    2026-08-19 13:16:04:764  DevID:MV-CU060-10GC(DA1691703)  Source-Line:libMVGigEVisionSDK.so(GigEVisionManager.cpp-L2164)  ProcessName:python3.12(53724)     Description:[GiGEVision_StartAcquisition][0] [GVCP]GvspSendIP[192.168.1.21], GvspSendPort[38228]
Info    2026-08-19 13:16:04:764  DevID:MV-CU060-10GC(DA1691703)  Source-Line:libMVGigEVisionSDK.so(GigEVisionManager.cpp-L2168)  ProcessName:python3.12(53724)     Description:[GiGEVision_StartAcquisition][0] Acquisition Start Success, use 4 ms
Info    2026-08-19 13:16:05:102  DevID:MV-CU060-10GC(DA1691703)  Source-Line:libMVGigEVisionSDK.so(GigEVisionGVSP.cpp-L0438)  ProcessName:python3.12(53724)     Description:[TrimOutputQueue]TrimOutputQueue ThrowInBufList[1]
Info    2026-08-19 13:16:05:169  DevID:MV-CU060-10GC(DA1691703)  Source-Line:libMVGigEVisionSDK.so(GigEVisionGVSP.cpp-L0438)  ProcessName:python3.12(53724)     Description:[TrimOutputQueue]TrimOutputQueue ThrowInBufList[2]
Warning 2026-08-19 13:16:05:184  DevID:MV-CU060-10GC(DA1691703)  Source-Line:libMVGigEVisionSDK.so(StreamChannel.cpp-L3070)  ProcessName:python3.12(53724)     Description:[GetImageBuffer][GetImageBuffer]The frame number is not continuous, PreFrameNum[2], CurFrameNum[140720308486149]
Info    2026-08-19 13:16:05:429  DevID:MV-CU060-10GC(DA1691703)  Source-Line:libMVGigEVisionSDK.so(GigEVisionGVSP.cpp-L0658)  ProcessName:python3.12(53724)     Description:[GVSPThread]GVSPThread End, ThreadId[132264155403968]
Warning 2026-08-19 13:16:05:429  DevID:MV-CU060-10GC(DA1691703)  Source-Line:libMVGigEVisionSDK.so(GigEVisionGVSP.cpp-L0775)  ProcessName:python3.12(53724)     Description:[GVSPResendThreadProc]WaitForSingleEvent(Timer) failed: 0x6e
Info    2026-08-19 13:16:05:429  DevID:MV-CU060-10GC(DA1691703)  Source-Line:libMVGigEVisionSDK.so(GigEVisionGVSP.cpp-L0673)  ProcessName:python3.12(53724)     Description:[GVSPResendThread]GVSPResendThread End, ThreadId[132264147011264]
Info    2026-08-19 13:16:05:429  DevID:MV-CU060-10GC(DA1691703)  Source-Line:libMVGigEVisionSDK.so(StreamChannel.cpp-L1069)  ProcessName:python3.12(53724)     Description:[Stop][0] [Socket Mode] GetCount[5], GetCountSucceed[5], NetReceive[8], ThrowAbnormalImage[0], NetLostFrame[0], ThrowInBufList[2], LostPackets[0]
Info    2026-08-19 13:16:05:429  DevID:MV-CU060-10GC(DA1691703)  Source-Line:libMVGigEVisionSDK.so(GigEVisionManager.cpp-L2238)  ProcessName:python3.12(53724)     Description:[GiGEVision_StopAcquisition][0] Acquisition Stop Success, use 4 ms
Info    2026-08-19 13:16:35:381  DevID:MV-CU060-10GC(DA1691703)  Source-Line:libMVGigEVisionSDK.so(GigEVisionBufferManager.cpp-L0382)  ProcessName:python3.12(53724)     Description:[GigEBufferManager_Init]Main Buffer List'Length is 2, Lock Buffer List's Length is 1
Info    2026-08-19 13:16:35:381  DevID:MV-CU060-10GC(DA1691703)  Source-Line:libMVGigEVisionSDK.so(GigEVisionGVSP.cpp-L0656)  ProcessName:python3.12(53724)     Description:[GVSPThread]GVSPThread Start, ThreadId[132264147011264]
Info    2026-08-19 13:16:35:381  DevID:MV-CU060-10GC(DA1691703)  Source-Line:libMVGigEVisionSDK.so(StreamChannel.cpp-L1787)  ProcessName:python3.12(53724)     Description:[StartProxy][0]Stream proxy start, Socket mode, GvspDstPort[38228], bResendEnable[1], GvspTimeout[300], ResendTimeInterval[10], SCPS[1500], nPayloadSize[6295104], 3DSpecMode[0], CompressMode[0], bSupportAnnounceBuffer[0]
Info    2026-08-19 13:16:35:381  DevID:MV-CU060-10GC(DA1691703)  Source-Line:libMVGigEVisionSDK.so(GigEVisionGVSP.cpp-L0690)  ProcessName:python3.12(53724)     Description:[GVSPThreadProc]GvspTimeout[300], ResendEnable[1], ResendTimeInterval[10], ResendRetryTimes[20], ResendTimeout[50], MaxResendPktsNum[4276]
Info    2026-08-19 13:16:35:381  DevID:MV-CU060-10GC(DA1691703)  Source-Line:libMVGigEVisionSDK.so(GigEVisionManager.cpp-L2137)  ProcessName:python3.12(53724)     Description:[GiGEVision_StartAcquisition]m_nPrivilegeMode[1]
Info    2026-08-19 13:16:35:381  DevID:MV-CU060-10GC(DA1691703)  Source-Line:libMVGigEVisionSDK.so(GigEVisionGVSP.cpp-L0671)  ProcessName:python3.12(53724)     Description:[GVSPResendThread]GVSPResendThread Start, ThreadId[132264155403968]
Info    2026-08-19 13:16:35:383  DevID:MV-CU060-10GC(DA1691703)  Source-Line:libMVGigEVisionSDK.so(GigEVisionManager.cpp-L2164)  ProcessName:python3.12(53724)     Description:[GiGEVision_StartAcquisition][0] [GVCP]GvspSendIP[192.168.1.21], GvspSendPort[38228]
Info    2026-08-19 13:16:35:383  DevID:MV-CU060-10GC(DA1691703)  Source-Line:libMVGigEVisionSDK.so(GigEVisionManager.cpp-L2168)  ProcessName:python3.12(53724)     Description:[GiGEVision_StartAcquisition][0] Acquisition Start Success, use 3 ms
Info    2026-08-19 13:16:35:923  DevID:MV-CU060-10GC(DA1691703)  Source-Line:libMVGigEVisionSDK.so(GigEVisionGVSP.cpp-L0438)  ProcessName:python3.12(53724)     Description:[TrimOutputQueue]TrimOutputQueue ThrowInBufList[1]
Info    2026-08-19 13:16:36:002  DevID:MV-CU060-10GC(DA1691703)  Source-Line:libMVGigEVisionSDK.so(GigEVisionGVSP.cpp-L0673)  ProcessName:python3.12(53724)     Description:[GVSPResendThread]GVSPResendThread End, ThreadId[132264155403968]
Info    2026-08-19 13:16:36:005  DevID:MV-CU060-10GC(DA1691703)  Source-Line:libMVGigEVisionSDK.so(GigEVisionGVSP.cpp-L0658)  ProcessName:python3.12(53724)     Description:[GVSPThread]GVSPThread End, ThreadId[132264147011264]
Info    2026-08-19 13:16:36:005  DevID:MV-CU060-10GC(DA1691703)  Source-Line:libMVGigEVisionSDK.so(StreamChannel.cpp-L1069)  ProcessName:python3.12(53724)     Description:[Stop][0] [Socket Mode] GetCount[5], GetCountSucceed[5], NetReceive[7], ThrowAbnormalImage[0], NetLostFrame[0], ThrowInBufList[1], LostPackets[0]
Info    2026-08-19 13:16:36:006  DevID:MV-CU060-10GC(DA1691703)  Source-Line:libMVGigEVisionSDK.so(GigEVisionManager.cpp-L2238)  ProcessName:python3.12(53724)     Description:[GiGEVision_StopAcquisition][0] Acquisition Stop Success, use 10 ms
Info    2026-08-19 13:17:06:719  DevID:MV-CU060-10GC(DA1691703)  Source-Line:libMVGigEVisionSDK.so(GigEVisionBufferManager.cpp-L0382)  ProcessName:python3.12(53724)     Description:[GigEBufferManager_Init]Main Buffer List'Length is 2, Lock Buffer List's Length is 1
Info    2026-08-19 13:17:06:719  DevID:MV-CU060-10GC(DA1691703)  Source-Line:libMVGigEVisionSDK.so(GigEVisionGVSP.cpp-L0656)  ProcessName:python3.12(53724)     Description:[GVSPThread]GVSPThread Start, ThreadId[132264155403968]
Info    2026-08-19 13:17:06:719  DevID:MV-CU060-10GC(DA1691703)  Source-Line:libMVGigEVisionSDK.so(GigEVisionGVSP.cpp-L0690)  ProcessName:python3.12(53724)     Description:[GVSPThreadProc]GvspTimeout[300], ResendEnable[1], ResendTimeInterval[10], ResendRetryTimes[20], ResendTimeout[50], MaxResendPktsNum[4276]
Info    2026-08-19 13:17:06:719  DevID:MV-CU060-10GC(DA1691703)  Source-Line:libMVGigEVisionSDK.so(StreamChannel.cpp-L1787)  ProcessName:python3.12(53724)     Description:[StartProxy][0]Stream proxy start, Socket mode, GvspDstPort[38228], bResendEnable[1], GvspTimeout[300], ResendTimeInterval[10], SCPS[1500], nPayloadSize[6295104], 3DSpecMode[0], CompressMode[0], bSupportAnnounceBuffer[0]
Info    2026-08-19 13:17:06:719  DevID:MV-CU060-10GC(DA1691703)  Source-Line:libMVGigEVisionSDK.so(GigEVisionGVSP.cpp-L0671)  ProcessName:python3.12(53724)     Description:[GVSPResendThread]GVSPResendThread Start, ThreadId[132264147011264]
Info    2026-08-19 13:17:06:719  DevID:MV-CU060-10GC(DA1691703)  Source-Line:libMVGigEVisionSDK.so(GigEVisionManager.cpp-L2137)  ProcessName:python3.12(53724)     Description:[GiGEVision_StartAcquisition]m_nPrivilegeMode[1]
Info    2026-08-19 13:17:06:721  DevID:MV-CU060-10GC(DA1691703)  Source-Line:libMVGigEVisionSDK.so(GigEVisionManager.cpp-L2164)  ProcessName:python3.12(53724)     Description:[GiGEVision_StartAcquisition][0] [GVCP]GvspSendIP[192.168.1.21], GvspSendPort[38228]
Info    2026-08-19 13:17:06:721  DevID:MV-CU060-10GC(DA1691703)  Source-Line:libMVGigEVisionSDK.so(GigEVisionManager.cpp-L2168)  ProcessName:python3.12(53724)     Description:[GiGEVision_StartAcquisition][0] Acquisition Start Success, use 3 ms
Info    2026-08-19 13:17:07:065  DevID:MV-CU060-10GC(DA1691703)  Source-Line:libMVGigEVisionSDK.so(GigEVisionGVSP.cpp-L0438)  ProcessName:python3.12(53724)     Description:[TrimOutputQueue]TrimOutputQueue ThrowInBufList[1]
Info    2026-08-19 13:17:07:126  DevID:MV-CU060-10GC(DA1691703)  Source-Line:libMVGigEVisionSDK.so(GigEVisionGVSP.cpp-L0438)  ProcessName:python3.12(53724)     Description:[TrimOutputQueue]TrimOutputQueue ThrowInBufList[2]
Warning 2026-08-19 13:17:07:139  DevID:MV-CU060-10GC(DA1691703)  Source-Line:libMVGigEVisionSDK.so(StreamChannel.cpp-L3070)  ProcessName:python3.12(53724)     Description:[GetImageBuffer][GetImageBuffer]The frame number is not continuous, PreFrameNum[2], CurFrameNum[140720308486149]
Info    2026-08-19 13:17:07:395  DevID:MV-CU060-10GC(DA1691703)  Source-Line:libMVGigEVisionSDK.so(GigEVisionGVSP.cpp-L0438)  ProcessName:python3.12(53724)     Description:[TrimOutputQueue]TrimOutputQueue ThrowInBufList[3]
Info    2026-08-19 13:17:07:410  DevID:MV-CU060-10GC(DA1691703)  Source-Line:libMVGigEVisionSDK.so(GigEVisionGVSP.cpp-L0673)  ProcessName:python3.12(53724)     Description:[GVSPResendThread]GVSPResendThread End, ThreadId[132264147011264]
Info    2026-08-19 13:17:07:410  DevID:MV-CU060-10GC(DA1691703)  Source-Line:libMVGigEVisionSDK.so(GigEVisionGVSP.cpp-L0658)  ProcessName:python3.12(53724)     Description:[GVSPThread]GVSPThread End, ThreadId[132264155403968]
Info    2026-08-19 13:17:07:410  DevID:MV-CU060-10GC(DA1691703)  Source-Line:libMVGigEVisionSDK.so(StreamChannel.cpp-L1069)  ProcessName:python3.12(53724)     Description:[Stop][0] [Socket Mode] GetCount[5], GetCountSucceed[5], NetReceive[9], ThrowAbnormalImage[0], NetLostFrame[0], ThrowInBufList[3], LostPackets[0]
Info    2026-08-19 13:17:07:410  DevID:MV-CU060-10GC(DA1691703)  Source-Line:libMVGigEVisionSDK.so(GigEVisionManager.cpp-L2238)  ProcessName:python3.12(53724)     Description:[GiGEVision_StopAcquisition][0] Acquisition Stop Success, use 5 ms
Info    2026-08-19 13:17:37:464  DevID:MV-CU060-10GC(DA1691703)  Source-Line:libMVGigEVisionSDK.so(GigEVisionBufferManager.cpp-L0382)  ProcessName:python3.12(53724)     Description:[GigEBufferManager_Init]Main Buffer List'Length is 2, Lock Buffer List's Length is 1
Info    2026-08-19 13:17:37:464  DevID:MV-CU060-10GC(DA1691703)  Source-Line:libMVGigEVisionSDK.so(GigEVisionGVSP.cpp-L0656)  ProcessName:python3.12(53724)     Description:[GVSPThread]GVSPThread Start, ThreadId[132264147011264]
Info    2026-08-19 13:17:37:464  DevID:MV-CU060-10GC(DA1691703)  Source-Line:libMVGigEVisionSDK.so(GigEVisionGVSP.cpp-L0671)  ProcessName:python3.12(53724)     Description:[GVSPResendThread]GVSPResendThread Start, ThreadId[132264155403968]
Info    2026-08-19 13:17:37:464  DevID:MV-CU060-10GC(DA1691703)  Source-Line:libMVGigEVisionSDK.so(StreamChannel.cpp-L1787)  ProcessName:python3.12(53724)     Description:[StartProxy][0]Stream proxy start, Socket mode, GvspDstPort[38228], bResendEnable[1], GvspTimeout[300], ResendTimeInterval[10], SCPS[1500], nPayloadSize[6295104], 3DSpecMode[0], CompressMode[0], bSupportAnnounceBuffer[0]
Info    2026-08-19 13:17:37:464  DevID:MV-CU060-10GC(DA1691703)  Source-Line:libMVGigEVisionSDK.so(GigEVisionManager.cpp-L2137)  ProcessName:python3.12(53724)     Description:[GiGEVision_StartAcquisition]m_nPrivilegeMode[1]
Info    2026-08-19 13:17:37:465  DevID:MV-CU060-10GC(DA1691703)  Source-Line:libMVGigEVisionSDK.so(GigEVisionGVSP.cpp-L0690)  ProcessName:python3.12(53724)     Description:[GVSPThreadProc]GvspTimeout[300], ResendEnable[1], ResendTimeInterval[10], ResendRetryTimes[20], ResendTimeout[50], MaxResendPktsNum[4276]
Info    2026-08-19 13:17:37:466  DevID:MV-CU060-10GC(DA1691703)  Source-Line:libMVGigEVisionSDK.so(GigEVisionManager.cpp-L2164)  ProcessName:python3.12(53724)     Description:[GiGEVision_StartAcquisition][0] [GVCP]GvspSendIP[192.168.1.21], GvspSendPort[38228]
Info    2026-08-19 13:17:37:466  DevID:MV-CU060-10GC(DA1691703)  Source-Line:libMVGigEVisionSDK.so(GigEVisionManager.cpp-L2168)  ProcessName:python3.12(53724)     Description:[GiGEVision_StartAcquisition][0] Acquisition Start Success, use 4 ms
Info    2026-08-19 13:17:37:938  DevID:MV-CU060-10GC(DA1691703)  Source-Line:libMVGigEVisionSDK.so(GigEVisionGVSP.cpp-L0438)  ProcessName:python3.12(53724)     Description:[TrimOutputQueue]TrimOutputQueue ThrowInBufList[1]
Info    2026-08-19 13:17:38:005  DevID:MV-CU060-10GC(DA1691703)  Source-Line:libMVGigEVisionSDK.so(GigEVisionGVSP.cpp-L0438)  ProcessName:python3.12(53724)     Description:[TrimOutputQueue]TrimOutputQueue ThrowInBufList[2]
Warning 2026-08-19 13:17:38:007  DevID:MV-CU060-10GC(DA1691703)  Source-Line:libMVGigEVisionSDK.so(StreamChannel.cpp-L3070)  ProcessName:python3.12(53724)     Description:[GetImageBuffer][GetImageBuffer]The frame number is not continuous, PreFrameNum[4], CurFrameNum[140720308486151]
Info    2026-08-19 13:17:38:078  DevID:MV-CU060-10GC(DA1691703)  Source-Line:libMVGigEVisionSDK.so(GigEVisionGVSP.cpp-L0673)  ProcessName:python3.12(53724)     Description:[GVSPResendThread]GVSPResendThread End, ThreadId[132264155403968]
Info    2026-08-19 13:17:38:086  DevID:MV-CU060-10GC(DA1691703)  Source-Line:libMVGigEVisionSDK.so(GigEVisionGVSP.cpp-L0658)  ProcessName:python3.12(53724)     Description:[GVSPThread]GVSPThread End, ThreadId[132264147011264]
Info    2026-08-19 13:17:38:086  DevID:MV-CU060-10GC(DA1691703)  Source-Line:libMVGigEVisionSDK.so(StreamChannel.cpp-L1069)  ProcessName:python3.12(53724)     Description:[Stop][0] [Socket Mode] GetCount[5], GetCountSucceed[5], NetReceive[7], ThrowAbnormalImage[0], NetLostFrame[0], ThrowInBufList[2], LostPackets[0]
Info    2026-08-19 13:17:38:086  DevID:MV-CU060-10GC(DA1691703)  Source-Line:libMVGigEVisionSDK.so(GigEVisionManager.cpp-L2238)  ProcessName:python3.12(53724)     Description:[GiGEVision_StopAcquisition][0] Acquisition Stop Success, use 10 ms
Info    2026-08-19 13:18:08:043  DevID:MV-CU060-10GC(DA1691703)  Source-Line:libMVGigEVisionSDK.so(GigEVisionBufferManager.cpp-L0382)  ProcessName:python3.12(53724)     Description:[GigEBufferManager_Init]Main Buffer List'Length is 2, Lock Buffer List's Length is 1
Info    2026-08-19 13:18:08:044  DevID:MV-CU060-10GC(DA1691703)  Source-Line:libMVGigEVisionSDK.so(GigEVisionGVSP.cpp-L0656)  ProcessName:python3.12(53724)     Description:[GVSPThread]GVSPThread Start, ThreadId[132264155403968]
Info    2026-08-19 13:18:08:044  DevID:MV-CU060-10GC(DA1691703)  Source-Line:libMVGigEVisionSDK.so(GigEVisionGVSP.cpp-L0690)  ProcessName:python3.12(53724)     Description:[GVSPThreadProc]GvspTimeout[300], ResendEnable[1], ResendTimeInterval[10], ResendRetryTimes[20], ResendTimeout[50], MaxResendPktsNum[4276]
Info    2026-08-19 13:18:08:044  DevID:MV-CU060-10GC(DA1691703)  Source-Line:libMVGigEVisionSDK.so(StreamChannel.cpp-L1787)  ProcessName:python3.12(53724)     Description:[StartProxy][0]Stream proxy start, Socket mode, GvspDstPort[38228], bResendEnable[1], GvspTimeout[300], ResendTimeInterval[10], SCPS[1500], nPayloadSize[6295104], 3DSpecMode[0], CompressMode[0], bSupportAnnounceBuffer[0]
Info    2026-08-19 13:18:08:044  DevID:MV-CU060-10GC(DA1691703)  Source-Line:libMVGigEVisionSDK.so(GigEVisionGVSP.cpp-L0671)  ProcessName:python3.12(53724)     Description:[GVSPResendThread]GVSPResendThread Start, ThreadId[132264147011264]
Info    2026-08-19 13:18:08:044  DevID:MV-CU060-10GC(DA1691703)  Source-Line:libMVGigEVisionSDK.so(GigEVisionManager.cpp-L2137)  ProcessName:python3.12(53724)     Description:[GiGEVision_StartAcquisition]m_nPrivilegeMode[1]
Info    2026-08-19 13:18:08:046  DevID:MV-CU060-10GC(DA1691703)  Source-Line:libMVGigEVisionSDK.so(GigEVisionManager.cpp-L2164)  ProcessName:python3.12(53724)     Description:[GiGEVision_StartAcquisition][0] [GVCP]GvspSendIP[192.168.1.21], GvspSendPort[38228]
Info    2026-08-19 13:18:08:046  DevID:MV-CU060-10GC(DA1691703)  Source-Line:libMVGigEVisionSDK.so(GigEVisionManager.cpp-L2168)  ProcessName:python3.12(53724)     Description:[GiGEVision_StartAcquisition][0] Acquisition Start Success, use 4 ms
Info    2026-08-19 13:18:08:537  DevID:MV-CU060-10GC(DA1691703)  Source-Line:libMVGigEVisionSDK.so(GigEVisionGVSP.cpp-L0658)  ProcessName:python3.12(53724)     Description:[GVSPThread]GVSPThread End, ThreadId[132264155403968]
Warning 2026-08-19 13:18:08:537  DevID:MV-CU060-10GC(DA1691703)  Source-Line:libMVGigEVisionSDK.so(GigEVisionGVSP.cpp-L0775)  ProcessName:python3.12(53724)     Description:[GVSPResendThreadProc]WaitForSingleEvent(Timer) failed: 0x6e
Info    2026-08-19 13:18:08:537  DevID:MV-CU060-10GC(DA1691703)  Source-Line:libMVGigEVisionSDK.so(GigEVisionGVSP.cpp-L0673)  ProcessName:python3.12(53724)     Description:[GVSPResendThread]GVSPResendThread End, ThreadId[132264147011264]
Info    2026-08-19 13:18:08:537  DevID:MV-CU060-10GC(DA1691703)  Source-Line:libMVGigEVisionSDK.so(StreamChannel.cpp-L1069)  ProcessName:python3.12(53724)     Description:[Stop][0] [Socket Mode] GetCount[5], GetCountSucceed[5], NetReceive[6], ThrowAbnormalImage[0], NetLostFrame[0], ThrowInBufList[0], LostPackets[0]
Info    2026-08-19 13:18:08:537  DevID:MV-CU060-10GC(DA1691703)  Source-Line:libMVGigEVisionSDK.so(GigEVisionManager.cpp-L2238)  ProcessName:python3.12(53724)     Description:[GiGEVision_StopAcquisition][0] Acquisition Stop Success, use 1 ms
Info    2026-08-19 13:18:49:058  DevID:MV-CU060-10GC(DA1691703)  Source-Line:libMVGigEVisionSDK.so(StreamChannel.cpp-L3372)  ProcessName:python3.12(53724)     Description:[PrintfCurrentDevIpAndPort][0] TransmissionType[0], GvspSendIP[192.168.1.21], GvspSendPort[38228], GvspDstIP[192.168.1.21], GvspDstPort[38228]
Info    2026-08-19 13:18:49:059  DevID:MV-CU060-10GC(DA1691703)  Source-Line:libMVGigEVisionSDK.so(GigEVisionManager.cpp-L1602)  ProcessName:python3.12(53724)     Description:[GiGEVision_DisConnectDevice]Disconnect device
Info    2026-08-19 13:18:49:059  DevID:MV-CU060-10GC(DA1691703)  Source-Line:libMVGigEVisionSDK.so(StreamChannel.cpp-L3372)  ProcessName:python3.12(53724)     Description:[PrintfCurrentDevIpAndPort][0] TransmissionType[0], GvspSendIP[192.168.1.21], GvspSendPort[38228], GvspDstIP[192.168.1.21], GvspDstPort[38228]
Info    2026-08-19 13:18:49:059  DevID:MV-CU060-10GC(DA1691703)  Source-Line:libMVGigEVisionSDK.so(StreamChannel.cpp-L0580)  ProcessName:python3.12(53724)     Description:[StreamInterEventThread]GigE StreamInterEventThread End, ThreadId[620738240]
Info    2026-08-19 13:18:49:162  DevID:MV-CU060-10GC(DA1691703)  Source-Line:libMVGigEVisionSDK.so(GigEVisionMsgChannel.cpp-L0592)  ProcessName:python3.12(53724)     Description:[EventThreadProc]GigEVision EventThreadProc End get  nAllEventNumber [0]
Info    2026-08-19 13:18:49:162  DevID:MV-CU060-10GC(DA1691703)  Source-Line:libMVGigEVisionSDK.so(GigEVisionMsgChannel.cpp-L0283)  ProcessName:python3.12(53724)     Description:[EventThread]GigE EventThread End, ThreadId[132264348350144]
Info    2026-08-19 13:18:49:163  DevID:MV-CU060-10GC(DA1691703)  Source-Line:libMVGigEVisionSDK.so(GigEVisionGVCP.cpp-L0053)  ProcessName:python3.12(53724)     Description:[GVCP_KeepAliveProc]GVCP HeartBeatThread End, ThreadId[132264360928960]
Info    2026-08-19 13:19:34:984  DevID:MV-CU060-10GC(DA1691703)  Source-Line:libMVGigEVisionSDK.so(GigEVisionManager.cpp-L0271)  ProcessName:python3.12(65808)     Description:[Init]Current dynamic library path[/opt/MVS/lib/64/libMVGigEVisionSDK.so]
Warning 2026-08-19 13:19:34:984  DevID:MV-CU060-10GC(DA1691703)  Source-Line:libMVGigEVisionSDK.so(GigEVisionManager.cpp-L0369)  ProcessName:python3.12(65808)     Description:[Init]Driver  Version Match failed, Socket mode start! DriverInstalled[0x80000006], DriverVersion[0x0]
Info    2026-08-19 13:19:34:984  DevID:MV-CU060-10GC(DA1691703)  Source-Line:libMVGigEVisionSDK.so(GigEVisionManager.cpp-L1588)  ProcessName:python3.12(65808)     Description:[GiGEVision_SetNetModule]Connecting device, GvspDstIP[192.168.1.21], GvspDstPort[41931], DeviceIP[192.168.1.20]
Info    2026-08-19 13:19:34:987  DevID:MV-CU060-10GC(DA1691703)  Source-Line:libMVGigEVisionSDK.so(GigEVisionManager.cpp-L3997)  ProcessName:python3.12(65808)     Description:[InitStreamModule]Stream Channel Num: 1
Info    2026-08-19 13:19:34:987  DevID:MV-CU060-10GC(DA1691703)  Source-Line:libMVGigEVisionSDK.so(GigEVisionManager.cpp-L4021)  ProcessName:python3.12(65808)     Description:[InitStreamModule]Stream Moudle Get All Stream Capability.
Info    2026-08-19 13:19:34:987  DevID:MV-CU060-10GC(DA1691703)  Source-Line:libMVGigEVisionSDK.so(GigEVisionManager.cpp-L4024)  ProcessName:python3.12(65808)     Description:[InitStreamModule]Stream 0 Capability: 0x0
Info    2026-08-19 13:19:34:987  DevID:MV-CU060-10GC(DA1691703)  Source-Line:libMVGigEVisionSDK.so(StreamChannel.cpp-L3372)  ProcessName:python3.12(65808)     Description:[PrintfCurrentDevIpAndPort][0] TransmissionType[0], GvspSendIP[192.168.1.21], GvspSendPort[36698], GvspDstIP[192.168.1.21], GvspDstPort[36698]
Info    2026-08-19 13:19:34:996  DevID:MV-CU060-10GC(DA1691703)  Source-Line:libMVGigEVisionSDK.so(GigEVisionMsgChannel.cpp-L0281)  ProcessName:python3.12(65808)     Description:[EventThread]GigE EventThread Start, ThreadId[124768883824320]
Info    2026-08-19 13:19:34:996  DevID:MV-CU060-10GC(DA1691703)  Source-Line:libMVGigEVisionSDK.so(GigEVisionMsgChannel.cpp-L0321)  ProcessName:python3.12(65808)     Description:[EventThreadProc]GigEVision EventThreadProc Begin .
Info    2026-08-19 13:19:34:998  DevID:MV-CU060-10GC(DA1691703)  Source-Line:libMVGigEVisionSDK.so(GigEVisionGVCP.cpp-L0051)  ProcessName:python3.12(65808)     Description:[GVCP_KeepAliveProc]GVCP HeartBeatThread Start, ThreadId[124768747517632]
Info    2026-08-19 13:20:48:077  DevID:MV-CU060-10GC(DA1691703)  Source-Line:libMVGigEVisionSDK.so(StreamChannel.cpp-L1558)  ProcessName:python3.12(65808)     Description:[StartProxy]Set ImageNodeNum [1]  GrabStrategy [0] success!
Info    2026-08-19 13:20:48:077  DevID:MV-CU060-10GC(DA1691703)  Source-Line:libMVGigEVisionSDK.so(StreamChannel.cpp-L1581)  ProcessName:python3.12(65808)     Description:[StartProxy]Backup Node Size[6295104]
Info    2026-08-19 13:20:48:077  DevID:MV-CU060-10GC(DA1691703)  Source-Line:libMVGigEVisionSDK.so(GigEVisionBufferManager.cpp-L0382)  ProcessName:python3.12(65808)     Description:[GigEBufferManager_Init]Main Buffer List'Length is 2, Lock Buffer List's Length is 1
Info    2026-08-19 13:20:48:078  DevID:MV-CU060-10GC(DA1691703)  Source-Line:libMVGigEVisionSDK.so(GigEVisionGVSP.cpp-L0656)  ProcessName:python3.12(65808)     Description:[GVSPThread]GVSPThread Start, ThreadId[4160747200]
Info    2026-08-19 13:20:48:078  DevID:MV-CU060-10GC(DA1691703)  Source-Line:libMVGigEVisionSDK.so(GigEVisionGVSP.cpp-L0690)  ProcessName:python3.12(65808)     Description:[GVSPThreadProc]GvspTimeout[300], ResendEnable[1], ResendTimeInterval[10], ResendRetryTimes[20], ResendTimeout[50], MaxResendPktsNum[4276]
Info    2026-08-19 13:20:48:078  DevID:MV-CU060-10GC(DA1691703)  Source-Line:libMVGigEVisionSDK.so(GigEVisionGVSP.cpp-L0671)  ProcessName:python3.12(65808)     Description:[GVSPResendThread]GVSPResendThread Start, ThreadId[4152354496]
Info    2026-08-19 13:20:48:078  DevID:MV-CU060-10GC(DA1691703)  Source-Line:libMVGigEVisionSDK.so(StreamChannel.cpp-L1787)  ProcessName:python3.12(65808)     Description:[StartProxy][0]Stream proxy start, Socket mode, GvspDstPort[36698], bResendEnable[1], GvspTimeout[300], ResendTimeInterval[10], SCPS[1500], nPayloadSize[6295104], 3DSpecMode[0], CompressMode[0], bSupportAnnounceBuffer[0]
Info    2026-08-19 13:20:48:078  DevID:MV-CU060-10GC(DA1691703)  Source-Line:libMVGigEVisionSDK.so(GigEVisionManager.cpp-L2137)  ProcessName:python3.12(65808)     Description:[GiGEVision_StartAcquisition]m_nPrivilegeMode[1]
Info    2026-08-19 13:20:48:078  DevID:MV-CU060-10GC(DA1691703)  Source-Line:libMVGigEVisionSDK.so(StreamChannel.cpp-L0578)  ProcessName:python3.12(65808)     Description:[StreamInterEventThread]GigE StreamInterEventThread Start, ThreadId[4143961792]
Info    2026-08-19 13:20:48:080  DevID:MV-CU060-10GC(DA1691703)  Source-Line:libMVGigEVisionSDK.so(GigEVisionManager.cpp-L2164)  ProcessName:python3.12(65808)     Description:[GiGEVision_StartAcquisition][0] [GVCP]GvspSendIP[192.168.1.21], GvspSendPort[36698]
Info    2026-08-19 13:20:48:080  DevID:MV-CU060-10GC(DA1691703)  Source-Line:libMVGigEVisionSDK.so(GigEVisionManager.cpp-L2168)  ProcessName:python3.12(65808)     Description:[GiGEVision_StartAcquisition][0] Acquisition Start Success, use 6 ms
Info    2026-08-19 13:20:48:561  DevID:MV-CU060-10GC(DA1691703)  Source-Line:libMVGigEVisionSDK.so(GigEVisionGVSP.cpp-L0658)  ProcessName:python3.12(65808)     Description:[GVSPThread]GVSPThread End, ThreadId[4160747200]
Warning 2026-08-19 13:20:48:561  DevID:MV-CU060-10GC(DA1691703)  Source-Line:libMVGigEVisionSDK.so(GigEVisionGVSP.cpp-L0775)  ProcessName:python3.12(65808)     Description:[GVSPResendThreadProc]WaitForSingleEvent(Timer) failed: 0x6e
Info    2026-08-19 13:20:48:561  DevID:MV-CU060-10GC(DA1691703)  Source-Line:libMVGigEVisionSDK.so(GigEVisionGVSP.cpp-L0673)  ProcessName:python3.12(65808)     Description:[GVSPResendThread]GVSPResendThread End, ThreadId[4152354496]
Info    2026-08-19 13:20:48:561  DevID:MV-CU060-10GC(DA1691703)  Source-Line:libMVGigEVisionSDK.so(StreamChannel.cpp-L1069)  ProcessName:python3.12(65808)     Description:[Stop][0] [Socket Mode] GetCount[5], GetCountSucceed[5], NetReceive[5], ThrowAbnormalImage[0], NetLostFrame[0], ThrowInBufList[0], LostPackets[0]
Info    2026-08-19 13:20:48:561  DevID:MV-CU060-10GC(DA1691703)  Source-Line:libMVGigEVisionSDK.so(GigEVisionManager.cpp-L2238)  ProcessName:python3.12(65808)     Description:[GiGEVision_StopAcquisition][0] Acquisition Stop Success, use 4 ms
Info    2026-08-19 13:21:20:378  DevID:MV-CU060-10GC(DA1691703)  Source-Line:libMVGigEVisionSDK.so(GigEVisionBufferManager.cpp-L0382)  ProcessName:python3.12(65808)     Description:[GigEBufferManager_Init]Main Buffer List'Length is 2, Lock Buffer List's Length is 1
Info    2026-08-19 13:21:20:378  DevID:MV-CU060-10GC(DA1691703)  Source-Line:libMVGigEVisionSDK.so(GigEVisionGVSP.cpp-L0656)  ProcessName:python3.12(65808)     Description:[GVSPThread]GVSPThread Start, ThreadId[124768657336000]
Info    2026-08-19 13:21:20:378  DevID:MV-CU060-10GC(DA1691703)  Source-Line:libMVGigEVisionSDK.so(GigEVisionGVSP.cpp-L0690)  ProcessName:python3.12(65808)     Description:[GVSPThreadProc]GvspTimeout[300], ResendEnable[1], ResendTimeInterval[10], ResendRetryTimes[20], ResendTimeout[50], MaxResendPktsNum[4276]
Info    2026-08-19 13:21:20:378  DevID:MV-CU060-10GC(DA1691703)  Source-Line:libMVGigEVisionSDK.so(StreamChannel.cpp-L1787)  ProcessName:python3.12(65808)     Description:[StartProxy][0]Stream proxy start, Socket mode, GvspDstPort[36698], bResendEnable[1], GvspTimeout[300], ResendTimeInterval[10], SCPS[1500], nPayloadSize[6295104], 3DSpecMode[0], CompressMode[0], bSupportAnnounceBuffer[0]
Info    2026-08-19 13:21:20:378  DevID:MV-CU060-10GC(DA1691703)  Source-Line:libMVGigEVisionSDK.so(GigEVisionGVSP.cpp-L0671)  ProcessName:python3.12(65808)     Description:[GVSPResendThread]GVSPResendThread Start, ThreadId[124768665728704]
Info    2026-08-19 13:21:20:378  DevID:MV-CU060-10GC(DA1691703)  Source-Line:libMVGigEVisionSDK.so(GigEVisionManager.cpp-L2137)  ProcessName:python3.12(65808)     Description:[GiGEVision_StartAcquisition]m_nPrivilegeMode[1]
Info    2026-08-19 13:21:20:380  DevID:MV-CU060-10GC(DA1691703)  Source-Line:libMVGigEVisionSDK.so(GigEVisionManager.cpp-L2164)  ProcessName:python3.12(65808)     Description:[GiGEVision_StartAcquisition][0] [GVCP]GvspSendIP[192.168.1.21], GvspSendPort[36698]
Info    2026-08-19 13:21:20:380  DevID:MV-CU060-10GC(DA1691703)  Source-Line:libMVGigEVisionSDK.so(GigEVisionManager.cpp-L2168)  ProcessName:python3.12(65808)     Description:[GiGEVision_StartAcquisition][0] Acquisition Start Success, use 3 ms
Info    2026-08-19 13:21:20:909  DevID:MV-CU060-10GC(DA1691703)  Source-Line:libMVGigEVisionSDK.so(GigEVisionGVSP.cpp-L0673)  ProcessName:python3.12(65808)     Description:[GVSPResendThread]GVSPResendThread End, ThreadId[124768665728704]
Info    2026-08-19 13:21:20:917  DevID:MV-CU060-10GC(DA1691703)  Source-Line:libMVGigEVisionSDK.so(GigEVisionGVSP.cpp-L0658)  ProcessName:python3.12(65808)     Description:[GVSPThread]GVSPThread End, ThreadId[124768657336000]
Info    2026-08-19 13:21:20:917  DevID:MV-CU060-10GC(DA1691703)  Source-Line:libMVGigEVisionSDK.so(StreamChannel.cpp-L1069)  ProcessName:python3.12(65808)     Description:[Stop][0] [Socket Mode] GetCount[5], GetCountSucceed[5], NetReceive[6], ThrowAbnormalImage[0], NetLostFrame[0], ThrowInBufList[0], LostPackets[0]
Info    2026-08-19 13:21:20:917  DevID:MV-CU060-10GC(DA1691703)  Source-Line:libMVGigEVisionSDK.so(GigEVisionManager.cpp-L2238)  ProcessName:python3.12(65808)     Description:[GiGEVision_StopAcquisition][0] Acquisition Stop Success, use 10 ms
Info    2026-08-19 13:21:21:765  DevID:MV-CU060-10GC(DA1691703)  Source-Line:libMVGigEVisionSDK.so(GigEVisionBufferManager.cpp-L0382)  ProcessName:python3.12(65808)     Description:[GigEBufferManager_Init]Main Buffer List'Length is 2, Lock Buffer List's Length is 1
Info    2026-08-19 13:21:21:765  DevID:MV-CU060-10GC(DA1691703)  Source-Line:libMVGigEVisionSDK.so(GigEVisionGVSP.cpp-L0656)  ProcessName:python3.12(65808)     Description:[GVSPThread]GVSPThread Start, ThreadId[124768665728704]
Info    2026-08-19 13:21:21:765  DevID:MV-CU060-10GC(DA1691703)  Source-Line:libMVGigEVisionSDK.so(GigEVisionGVSP.cpp-L0671)  ProcessName:python3.12(65808)     Description:[GVSPResendThread]GVSPResendThread Start, ThreadId[124768657336000]
Info    2026-08-19 13:21:21:765  DevID:MV-CU060-10GC(DA1691703)  Source-Line:libMVGigEVisionSDK.so(GigEVisionGVSP.cpp-L0690)  ProcessName:python3.12(65808)     Description:[GVSPThreadProc]GvspTimeout[300], ResendEnable[1], ResendTimeInterval[10], ResendRetryTimes[20], ResendTimeout[50], MaxResendPktsNum[4276]
Info    2026-08-19 13:21:21:765  DevID:MV-CU060-10GC(DA1691703)  Source-Line:libMVGigEVisionSDK.so(StreamChannel.cpp-L1787)  ProcessName:python3.12(65808)     Description:[StartProxy][0]Stream proxy start, Socket mode, GvspDstPort[36698], bResendEnable[1], GvspTimeout[300], ResendTimeInterval[10], SCPS[1500], nPayloadSize[6295104], 3DSpecMode[0], CompressMode[0], bSupportAnnounceBuffer[0]
Info    2026-08-19 13:21:21:765  DevID:MV-CU060-10GC(DA1691703)  Source-Line:libMVGigEVisionSDK.so(GigEVisionManager.cpp-L2137)  ProcessName:python3.12(65808)     Description:[GiGEVision_StartAcquisition]m_nPrivilegeMode[1]
Info    2026-08-19 13:21:21:767  DevID:MV-CU060-10GC(DA1691703)  Source-Line:libMVGigEVisionSDK.so(GigEVisionManager.cpp-L2164)  ProcessName:python3.12(65808)     Description:[GiGEVision_StartAcquisition][0] [GVCP]GvspSendIP[192.168.1.21], GvspSendPort[36698]
Info    2026-08-19 13:21:21:767  DevID:MV-CU060-10GC(DA1691703)  Source-Line:libMVGigEVisionSDK.so(GigEVisionManager.cpp-L2168)  ProcessName:python3.12(65808)     Description:[GiGEVision_StartAcquisition][0] Acquisition Start Success, use 3 ms
Info    2026-08-19 13:21:22:220  DevID:MV-CU060-10GC(DA1691703)  Source-Line:libMVGigEVisionSDK.so(GigEVisionGVSP.cpp-L0658)  ProcessName:python3.12(65808)     Description:[GVSPThread]GVSPThread End, ThreadId[124768665728704]
Warning 2026-08-19 13:21:22:220  DevID:MV-CU060-10GC(DA1691703)  Source-Line:libMVGigEVisionSDK.so(GigEVisionGVSP.cpp-L0775)  ProcessName:python3.12(65808)     Description:[GVSPResendThreadProc]WaitForSingleEvent(Timer) failed: 0x6e
Info    2026-08-19 13:21:22:220  DevID:MV-CU060-10GC(DA1691703)  Source-Line:libMVGigEVisionSDK.so(GigEVisionGVSP.cpp-L0673)  ProcessName:python3.12(65808)     Description:[GVSPResendThread]GVSPResendThread End, ThreadId[124768657336000]
Info    2026-08-19 13:21:22:220  DevID:MV-CU060-10GC(DA1691703)  Source-Line:libMVGigEVisionSDK.so(StreamChannel.cpp-L1069)  ProcessName:python3.12(65808)     Description:[Stop][0] [Socket Mode] GetCount[5], GetCountSucceed[5], NetReceive[5], ThrowAbnormalImage[0], NetLostFrame[0], ThrowInBufList[0], LostPackets[0]
Info    2026-08-19 13:21:22:220  DevID:MV-CU060-10GC(DA1691703)  Source-Line:libMVGigEVisionSDK.so(GigEVisionManager.cpp-L2238)  ProcessName:python3.12(65808)     Description:[GiGEVision_StopAcquisition][0] Acquisition Stop Success, use 4 ms
Info    2026-08-19 13:21:22:960  DevID:MV-CU060-10GC(DA1691703)  Source-Line:libMVGigEVisionSDK.so(GigEVisionBufferManager.cpp-L0382)  ProcessName:python3.12(65808)     Description:[GigEBufferManager_Init]Main Buffer List'Length is 2, Lock Buffer List's Length is 1
Info    2026-08-19 13:21:22:960  DevID:MV-CU060-10GC(DA1691703)  Source-Line:libMVGigEVisionSDK.so(GigEVisionGVSP.cpp-L0656)  ProcessName:python3.12(65808)     Description:[GVSPThread]GVSPThread Start, ThreadId[124768657336000]
Info    2026-08-19 13:21:22:960  DevID:MV-CU060-10GC(DA1691703)  Source-Line:libMVGigEVisionSDK.so(GigEVisionGVSP.cpp-L0690)  ProcessName:python3.12(65808)     Description:[GVSPThreadProc]GvspTimeout[300], ResendEnable[1], ResendTimeInterval[10], ResendRetryTimes[20], ResendTimeout[50], MaxResendPktsNum[4276]
Info    2026-08-19 13:21:22:960  DevID:MV-CU060-10GC(DA1691703)  Source-Line:libMVGigEVisionSDK.so(StreamChannel.cpp-L1787)  ProcessName:python3.12(65808)     Description:[StartProxy][0]Stream proxy start, Socket mode, GvspDstPort[36698], bResendEnable[1], GvspTimeout[300], ResendTimeInterval[10], SCPS[1500], nPayloadSize[6295104], 3DSpecMode[0], CompressMode[0], bSupportAnnounceBuffer[0]
Info    2026-08-19 13:21:22:960  DevID:MV-CU060-10GC(DA1691703)  Source-Line:libMVGigEVisionSDK.so(GigEVisionGVSP.cpp-L0671)  ProcessName:python3.12(65808)     Description:[GVSPResendThread]GVSPResendThread Start, ThreadId[124768665728704]
Info    2026-08-19 13:21:22:960  DevID:MV-CU060-10GC(DA1691703)  Source-Line:libMVGigEVisionSDK.so(GigEVisionManager.cpp-L2137)  ProcessName:python3.12(65808)     Description:[GiGEVision_StartAcquisition]m_nPrivilegeMode[1]
Info    2026-08-19 13:21:22:962  DevID:MV-CU060-10GC(DA1691703)  Source-Line:libMVGigEVisionSDK.so(GigEVisionManager.cpp-L2164)  ProcessName:python3.12(65808)     Description:[GiGEVision_StartAcquisition][0] [GVCP]GvspSendIP[192.168.1.21], GvspSendPort[36698]
Info    2026-08-19 13:21:22:962  DevID:MV-CU060-10GC(DA1691703)  Source-Line:libMVGigEVisionSDK.so(GigEVisionManager.cpp-L2168)  ProcessName:python3.12(65808)     Description:[GiGEVision_StartAcquisition][0] Acquisition Start Success, use 3 ms
Info    2026-08-19 13:21:23:415  DevID:MV-CU060-10GC(DA1691703)  Source-Line:libMVGigEVisionSDK.so(GigEVisionGVSP.cpp-L0673)  ProcessName:python3.12(65808)     Description:[GVSPResendThread]GVSPResendThread End, ThreadId[124768665728704]
Info    2026-08-19 13:21:23:416  DevID:MV-CU060-10GC(DA1691703)  Source-Line:libMVGigEVisionSDK.so(GigEVisionGVSP.cpp-L0658)  ProcessName:python3.12(65808)     Description:[GVSPThread]GVSPThread End, ThreadId[124768657336000]
Info    2026-08-19 13:21:23:416  DevID:MV-CU060-10GC(DA1691703)  Source-Line:libMVGigEVisionSDK.so(StreamChannel.cpp-L1069)  ProcessName:python3.12(65808)     Description:[Stop][0] [Socket Mode] GetCount[5], GetCountSucceed[5], NetReceive[5], ThrowAbnormalImage[0], NetLostFrame[0], ThrowInBufList[0], LostPackets[0]
Info    2026-08-19 13:21:23:416  DevID:MV-CU060-10GC(DA1691703)  Source-Line:libMVGigEVisionSDK.so(GigEVisionManager.cpp-L2238)  ProcessName:python3.12(65808)     Description:[GiGEVision_StopAcquisition][0] Acquisition Stop Success, use 9 ms
Info    2026-08-19 13:21:51:244  DevID:MV-CU060-10GC(DA1691703)  Source-Line:libMVGigEVisionSDK.so(StreamChannel.cpp-L3372)  ProcessName:python3.12(65808)     Description:[PrintfCurrentDevIpAndPort][0] TransmissionType[0], GvspSendIP[192.168.1.21], GvspSendPort[36698], GvspDstIP[192.168.1.21], GvspDstPort[36698]
Info    2026-08-19 13:21:51:245  DevID:MV-CU060-10GC(DA1691703)  Source-Line:libMVGigEVisionSDK.so(GigEVisionManager.cpp-L1602)  ProcessName:python3.12(65808)     Description:[GiGEVision_DisConnectDevice]Disconnect device
Info    2026-08-19 13:21:51:246  DevID:MV-CU060-10GC(DA1691703)  Source-Line:libMVGigEVisionSDK.so(StreamChannel.cpp-L3372)  ProcessName:python3.12(65808)     Description:[PrintfCurrentDevIpAndPort][0] TransmissionType[0], GvspSendIP[192.168.1.21], GvspSendPort[36698], GvspDstIP[192.168.1.21], GvspDstPort[36698]
Info    2026-08-19 13:21:51:246  DevID:MV-CU060-10GC(DA1691703)  Source-Line:libMVGigEVisionSDK.so(StreamChannel.cpp-L0580)  ProcessName:python3.12(65808)     Description:[StreamInterEventThread]GigE StreamInterEventThread End, ThreadId[4143961792]
Info    2026-08-19 13:21:51:349  DevID:MV-CU060-10GC(DA1691703)  Source-Line:libMVGigEVisionSDK.so(GigEVisionMsgChannel.cpp-L0592)  ProcessName:python3.12(65808)     Description:[EventThreadProc]GigEVision EventThreadProc End get  nAllEventNumber [0]
Info    2026-08-19 13:21:51:349  DevID:MV-CU060-10GC(DA1691703)  Source-Line:libMVGigEVisionSDK.so(GigEVisionMsgChannel.cpp-L0283)  ProcessName:python3.12(65808)     Description:[EventThread]GigE EventThread End, ThreadId[124768883824320]
Info    2026-08-19 13:21:51:350  DevID:MV-CU060-10GC(DA1691703)  Source-Line:libMVGigEVisionSDK.so(GigEVisionGVCP.cpp-L0053)  ProcessName:python3.12(65808)     Description:[GVCP_KeepAliveProc]GVCP HeartBeatThread End, ThreadId[124768747517632]
Info    2026-08-19 13:22:21:464  DevID:MV-CU060-10GC(DA1691703)  Source-Line:libMVGigEVisionSDK.so(GigEVisionManager.cpp-L0271)  ProcessName:python3.12(67887)     Description:[Init]Current dynamic library path[/opt/MVS/lib/64/libMVGigEVisionSDK.so]
Warning 2026-08-19 13:22:21:464  DevID:MV-CU060-10GC(DA1691703)  Source-Line:libMVGigEVisionSDK.so(GigEVisionManager.cpp-L0369)  ProcessName:python3.12(67887)     Description:[Init]Driver  Version Match failed, Socket mode start! DriverInstalled[0x80000006], DriverVersion[0x0]
Info    2026-08-19 13:22:21:464  DevID:MV-CU060-10GC(DA1691703)  Source-Line:libMVGigEVisionSDK.so(GigEVisionManager.cpp-L1588)  ProcessName:python3.12(67887)     Description:[GiGEVision_SetNetModule]Connecting device, GvspDstIP[192.168.1.21], GvspDstPort[54005], DeviceIP[192.168.1.20]
Info    2026-08-19 13:22:21:466  DevID:MV-CU060-10GC(DA1691703)  Source-Line:libMVGigEVisionSDK.so(GigEVisionManager.cpp-L3997)  ProcessName:python3.12(67887)     Description:[InitStreamModule]Stream Channel Num: 1
Info    2026-08-19 13:22:21:467  DevID:MV-CU060-10GC(DA1691703)  Source-Line:libMVGigEVisionSDK.so(GigEVisionManager.cpp-L4021)  ProcessName:python3.12(67887)     Description:[InitStreamModule]Stream Moudle Get All Stream Capability.
Info    2026-08-19 13:22:21:467  DevID:MV-CU060-10GC(DA1691703)  Source-Line:libMVGigEVisionSDK.so(GigEVisionManager.cpp-L4024)  ProcessName:python3.12(67887)     Description:[InitStreamModule]Stream 0 Capability: 0x0
Info    2026-08-19 13:22:21:467  DevID:MV-CU060-10GC(DA1691703)  Source-Line:libMVGigEVisionSDK.so(StreamChannel.cpp-L3372)  ProcessName:python3.12(67887)     Description:[PrintfCurrentDevIpAndPort][0] TransmissionType[0], GvspSendIP[192.168.1.21], GvspSendPort[49912], GvspDstIP[192.168.1.21], GvspDstPort[49912]
Info    2026-08-19 13:22:21:477  DevID:MV-CU060-10GC(DA1691703)  Source-Line:libMVGigEVisionSDK.so(GigEVisionMsgChannel.cpp-L0281)  ProcessName:python3.12(67887)     Description:[EventThread]GigE EventThread Start, ThreadId[136564613039808]
Info    2026-08-19 13:22:21:477  DevID:MV-CU060-10GC(DA1691703)  Source-Line:libMVGigEVisionSDK.so(GigEVisionMsgChannel.cpp-L0321)  ProcessName:python3.12(67887)     Description:[EventThreadProc]GigEVision EventThreadProc Begin .
Info    2026-08-19 13:22:21:478  DevID:MV-CU060-10GC(DA1691703)  Source-Line:libMVGigEVisionSDK.so(GigEVisionGVCP.cpp-L0051)  ProcessName:python3.12(67887)     Description:[GVCP_KeepAliveProc]GVCP HeartBeatThread Start, ThreadId[136564621432512]
Info    2026-08-19 13:22:36:436  DevID:MV-CU060-10GC(DA1691703)  Source-Line:libMVGigEVisionSDK.so(StreamChannel.cpp-L1558)  ProcessName:python3.12(67887)     Description:[StartProxy]Set ImageNodeNum [1]  GrabStrategy [0] success!
Info    2026-08-19 13:22:36:436  DevID:MV-CU060-10GC(DA1691703)  Source-Line:libMVGigEVisionSDK.so(StreamChannel.cpp-L1581)  ProcessName:python3.12(67887)     Description:[StartProxy]Backup Node Size[6295104]
Info    2026-08-19 13:22:36:436  DevID:MV-CU060-10GC(DA1691703)  Source-Line:libMVGigEVisionSDK.so(GigEVisionBufferManager.cpp-L0382)  ProcessName:python3.12(67887)     Description:[GigEBufferManager_Init]Main Buffer List'Length is 2, Lock Buffer List's Length is 1
Info    2026-08-19 13:22:36:437  DevID:MV-CU060-10GC(DA1691703)  Source-Line:libMVGigEVisionSDK.so(GigEVisionGVSP.cpp-L0656)  ProcessName:python3.12(67887)     Description:[GVSPThread]GVSPThread Start, ThreadId[1570756288]
Info    2026-08-19 13:22:36:437  DevID:MV-CU060-10GC(DA1691703)  Source-Line:libMVGigEVisionSDK.so(GigEVisionGVSP.cpp-L0671)  ProcessName:python3.12(67887)     Description:[GVSPResendThread]GVSPResendThread Start, ThreadId[1562363584]
Info    2026-08-19 13:22:36:437  DevID:MV-CU060-10GC(DA1691703)  Source-Line:libMVGigEVisionSDK.so(GigEVisionGVSP.cpp-L0690)  ProcessName:python3.12(67887)     Description:[GVSPThreadProc]GvspTimeout[300], ResendEnable[1], ResendTimeInterval[10], ResendRetryTimes[20], ResendTimeout[50], MaxResendPktsNum[4276]
Info    2026-08-19 13:22:36:437  DevID:MV-CU060-10GC(DA1691703)  Source-Line:libMVGigEVisionSDK.so(StreamChannel.cpp-L1787)  ProcessName:python3.12(67887)     Description:[StartProxy][0]Stream proxy start, Socket mode, GvspDstPort[49912], bResendEnable[1], GvspTimeout[300], ResendTimeInterval[10], SCPS[1500], nPayloadSize[6295104], 3DSpecMode[0], CompressMode[0], bSupportAnnounceBuffer[0]
Info    2026-08-19 13:22:36:437  DevID:MV-CU060-10GC(DA1691703)  Source-Line:libMVGigEVisionSDK.so(StreamChannel.cpp-L0578)  ProcessName:python3.12(67887)     Description:[StreamInterEventThread]GigE StreamInterEventThread Start, ThreadId[1553970880]
Info    2026-08-19 13:22:36:437  DevID:MV-CU060-10GC(DA1691703)  Source-Line:libMVGigEVisionSDK.so(GigEVisionManager.cpp-L2137)  ProcessName:python3.12(67887)     Description:[GiGEVision_StartAcquisition]m_nPrivilegeMode[1]
Info    2026-08-19 13:22:36:439  DevID:MV-CU060-10GC(DA1691703)  Source-Line:libMVGigEVisionSDK.so(GigEVisionManager.cpp-L2164)  ProcessName:python3.12(67887)     Description:[GiGEVision_StartAcquisition][0] [GVCP]GvspSendIP[192.168.1.21], GvspSendPort[49912]
Info    2026-08-19 13:22:36:439  DevID:MV-CU060-10GC(DA1691703)  Source-Line:libMVGigEVisionSDK.so(GigEVisionManager.cpp-L2168)  ProcessName:python3.12(67887)     Description:[GiGEVision_StartAcquisition][0] Acquisition Start Success, use 6 ms
Info    2026-08-19 13:22:36:954  DevID:MV-CU060-10GC(DA1691703)  Source-Line:libMVGigEVisionSDK.so(GigEVisionGVSP.cpp-L0673)  ProcessName:python3.12(67887)     Description:[GVSPResendThread]GVSPResendThread End, ThreadId[1562363584]
Info    2026-08-19 13:22:36:955  DevID:MV-CU060-10GC(DA1691703)  Source-Line:libMVGigEVisionSDK.so(GigEVisionGVSP.cpp-L0658)  ProcessName:python3.12(67887)     Description:[GVSPThread]GVSPThread End, ThreadId[1570756288]
Info    2026-08-19 13:22:36:955  DevID:MV-CU060-10GC(DA1691703)  Source-Line:libMVGigEVisionSDK.so(StreamChannel.cpp-L1069)  ProcessName:python3.12(67887)     Description:[Stop][0] [Socket Mode] GetCount[5], GetCountSucceed[5], NetReceive[6], ThrowAbnormalImage[0], NetLostFrame[0], ThrowInBufList[0], LostPackets[0]
Info    2026-08-19 13:22:36:955  DevID:MV-CU060-10GC(DA1691703)  Source-Line:libMVGigEVisionSDK.so(GigEVisionManager.cpp-L2238)  ProcessName:python3.12(67887)     Description:[GiGEVision_StopAcquisition][0] Acquisition Stop Success, use 8 ms
Info    2026-08-19 13:23:08:678  DevID:MV-CU060-10GC(DA1691703)  Source-Line:libMVGigEVisionSDK.so(GigEVisionBufferManager.cpp-L0382)  ProcessName:python3.12(67887)     Description:[GigEBufferManager_Init]Main Buffer List'Length is 2, Lock Buffer List's Length is 1
Info    2026-08-19 13:23:08:679  DevID:MV-CU060-10GC(DA1691703)  Source-Line:libMVGigEVisionSDK.so(GigEVisionGVSP.cpp-L0656)  ProcessName:python3.12(67887)     Description:[GVSPThread]GVSPThread Start, ThreadId[136564342507200]
Info    2026-08-19 13:23:08:679  DevID:MV-CU060-10GC(DA1691703)  Source-Line:libMVGigEVisionSDK.so(StreamChannel.cpp-L1787)  ProcessName:python3.12(67887)     Description:[StartProxy][0]Stream proxy start, Socket mode, GvspDstPort[49912], bResendEnable[1], GvspTimeout[300], ResendTimeInterval[10], SCPS[1500], nPayloadSize[6295104], 3DSpecMode[0], CompressMode[0], bSupportAnnounceBuffer[0]
Info    2026-08-19 13:23:08:679  DevID:MV-CU060-10GC(DA1691703)  Source-Line:libMVGigEVisionSDK.so(GigEVisionGVSP.cpp-L0671)  ProcessName:python3.12(67887)     Description:[GVSPResendThread]GVSPResendThread Start, ThreadId[136564350899904]
Info    2026-08-19 13:23:08:679  DevID:MV-CU060-10GC(DA1691703)  Source-Line:libMVGigEVisionSDK.so(GigEVisionGVSP.cpp-L0690)  ProcessName:python3.12(67887)     Description:[GVSPThreadProc]GvspTimeout[300], ResendEnable[1], ResendTimeInterval[10], ResendRetryTimes[20], ResendTimeout[50], MaxResendPktsNum[4276]
Info    2026-08-19 13:23:08:679  DevID:MV-CU060-10GC(DA1691703)  Source-Line:libMVGigEVisionSDK.so(GigEVisionManager.cpp-L2137)  ProcessName:python3.12(67887)     Description:[GiGEVision_StartAcquisition]m_nPrivilegeMode[1]
Info    2026-08-19 13:23:08:681  DevID:MV-CU060-10GC(DA1691703)  Source-Line:libMVGigEVisionSDK.so(GigEVisionManager.cpp-L2164)  ProcessName:python3.12(67887)     Description:[GiGEVision_StartAcquisition][0] [GVCP]GvspSendIP[192.168.1.21], GvspSendPort[49912]
Info    2026-08-19 13:23:08:681  DevID:MV-CU060-10GC(DA1691703)  Source-Line:libMVGigEVisionSDK.so(GigEVisionManager.cpp-L2168)  ProcessName:python3.12(67887)     Description:[GiGEVision_StartAcquisition][0] Acquisition Start Success, use 3 ms
Info    2026-08-19 13:23:09:228  DevID:MV-CU060-10GC(DA1691703)  Source-Line:libMVGigEVisionSDK.so(GigEVisionGVSP.cpp-L0658)  ProcessName:python3.12(67887)     Description:[GVSPThread]GVSPThread End, ThreadId[136564342507200]
Warning 2026-08-19 13:23:09:228  DevID:MV-CU060-10GC(DA1691703)  Source-Line:libMVGigEVisionSDK.so(GigEVisionGVSP.cpp-L0775)  ProcessName:python3.12(67887)     Description:[GVSPResendThreadProc]WaitForSingleEvent(Timer) failed: 0x6e
Info    2026-08-19 13:23:09:228  DevID:MV-CU060-10GC(DA1691703)  Source-Line:libMVGigEVisionSDK.so(GigEVisionGVSP.cpp-L0673)  ProcessName:python3.12(67887)     Description:[GVSPResendThread]GVSPResendThread End, ThreadId[136564350899904]
Info    2026-08-19 13:23:09:228  DevID:MV-CU060-10GC(DA1691703)  Source-Line:libMVGigEVisionSDK.so(StreamChannel.cpp-L1069)  ProcessName:python3.12(67887)     Description:[Stop][0] [Socket Mode] GetCount[5], GetCountSucceed[5], NetReceive[6], ThrowAbnormalImage[0], NetLostFrame[0], ThrowInBufList[0], LostPackets[0]
Info    2026-08-19 13:23:09:228  DevID:MV-CU060-10GC(DA1691703)  Source-Line:libMVGigEVisionSDK.so(GigEVisionManager.cpp-L2238)  ProcessName:python3.12(67887)     Description:[GiGEVision_StopAcquisition][0] Acquisition Stop Success, use 1 ms
Info    2026-08-19 13:24:16:854  DevID:MV-CU060-10GC(DA1691703)  Source-Line:libMVGigEVisionSDK.so(StreamChannel.cpp-L3372)  ProcessName:python3.12(67887)     Description:[PrintfCurrentDevIpAndPort][0] TransmissionType[0], GvspSendIP[192.168.1.21], GvspSendPort[49912], GvspDstIP[192.168.1.21], GvspDstPort[49912]
Info    2026-08-19 13:24:16:856  DevID:MV-CU060-10GC(DA1691703)  Source-Line:libMVGigEVisionSDK.so(GigEVisionManager.cpp-L1602)  ProcessName:python3.12(67887)     Description:[GiGEVision_DisConnectDevice]Disconnect device
Info    2026-08-19 13:24:16:856  DevID:MV-CU060-10GC(DA1691703)  Source-Line:libMVGigEVisionSDK.so(StreamChannel.cpp-L3372)  ProcessName:python3.12(67887)     Description:[PrintfCurrentDevIpAndPort][0] TransmissionType[0], GvspSendIP[192.168.1.21], GvspSendPort[49912], GvspDstIP[192.168.1.21], GvspDstPort[49912]
Info    2026-08-19 13:24:16:856  DevID:MV-CU060-10GC(DA1691703)  Source-Line:libMVGigEVisionSDK.so(StreamChannel.cpp-L0580)  ProcessName:python3.12(67887)     Description:[StreamInterEventThread]GigE StreamInterEventThread End, ThreadId[1553970880]
Info    2026-08-19 13:24:16:962  DevID:MV-CU060-10GC(DA1691703)  Source-Line:libMVGigEVisionSDK.so(GigEVisionMsgChannel.cpp-L0592)  ProcessName:python3.12(67887)     Description:[EventThreadProc]GigEVision EventThreadProc End get  nAllEventNumber [0]
Info    2026-08-19 13:24:16:962  DevID:MV-CU060-10GC(DA1691703)  Source-Line:libMVGigEVisionSDK.so(GigEVisionMsgChannel.cpp-L0283)  ProcessName:python3.12(67887)     Description:[EventThread]GigE EventThread End, ThreadId[136564613039808]
Info    2026-08-19 13:24:16:964  DevID:MV-CU060-10GC(DA1691703)  Source-Line:libMVGigEVisionSDK.so(GigEVisionGVCP.cpp-L0053)  ProcessName:python3.12(67887)     Description:[GVCP_KeepAliveProc]GVCP HeartBeatThread End, ThreadId[136564621432512]
Info    2026-08-19 13:24:24:074  DevID:MV-CU060-10GC(DA1691703)  Source-Line:libMVGigEVisionSDK.so(GigEVisionManager.cpp-L0271)  ProcessName:python3.12(70157)     Description:[Init]Current dynamic library path[/opt/MVS/lib/64/libMVGigEVisionSDK.so]
Warning 2026-08-19 13:24:24:075  DevID:MV-CU060-10GC(DA1691703)  Source-Line:libMVGigEVisionSDK.so(GigEVisionManager.cpp-L0369)  ProcessName:python3.12(70157)     Description:[Init]Driver  Version Match failed, Socket mode start! DriverInstalled[0x80000006], DriverVersion[0x0]
Info    2026-08-19 13:24:24:075  DevID:MV-CU060-10GC(DA1691703)  Source-Line:libMVGigEVisionSDK.so(GigEVisionManager.cpp-L1588)  ProcessName:python3.12(70157)     Description:[GiGEVision_SetNetModule]Connecting device, GvspDstIP[192.168.1.21], GvspDstPort[34015], DeviceIP[192.168.1.20]
Info    2026-08-19 13:24:24:077  DevID:MV-CU060-10GC(DA1691703)  Source-Line:libMVGigEVisionSDK.so(GigEVisionManager.cpp-L3997)  ProcessName:python3.12(70157)     Description:[InitStreamModule]Stream Channel Num: 1
Info    2026-08-19 13:24:24:078  DevID:MV-CU060-10GC(DA1691703)  Source-Line:libMVGigEVisionSDK.so(GigEVisionManager.cpp-L4021)  ProcessName:python3.12(70157)     Description:[InitStreamModule]Stream Moudle Get All Stream Capability.
Info    2026-08-19 13:24:24:078  DevID:MV-CU060-10GC(DA1691703)  Source-Line:libMVGigEVisionSDK.so(GigEVisionManager.cpp-L4024)  ProcessName:python3.12(70157)     Description:[InitStreamModule]Stream 0 Capability: 0x0
Info    2026-08-19 13:24:24:078  DevID:MV-CU060-10GC(DA1691703)  Source-Line:libMVGigEVisionSDK.so(StreamChannel.cpp-L3372)  ProcessName:python3.12(70157)     Description:[PrintfCurrentDevIpAndPort][0] TransmissionType[0], GvspSendIP[192.168.1.21], GvspSendPort[56715], GvspDstIP[192.168.1.21], GvspDstPort[56715]
Info    2026-08-19 13:24:24:088  DevID:MV-CU060-10GC(DA1691703)  Source-Line:libMVGigEVisionSDK.so(GigEVisionMsgChannel.cpp-L0281)  ProcessName:python3.12(70157)     Description:[EventThread]GigE EventThread Start, ThreadId[134644762658496]
Info    2026-08-19 13:24:24:088  DevID:MV-CU060-10GC(DA1691703)  Source-Line:libMVGigEVisionSDK.so(GigEVisionMsgChannel.cpp-L0321)  ProcessName:python3.12(70157)     Description:[EventThreadProc]GigEVision EventThreadProc Begin .
Info    2026-08-19 13:24:24:090  DevID:MV-CU060-10GC(DA1691703)  Source-Line:libMVGigEVisionSDK.so(GigEVisionGVCP.cpp-L0051)  ProcessName:python3.12(70157)     Description:[GVCP_KeepAliveProc]GVCP HeartBeatThread Start, ThreadId[134644771051200]
Info    2026-08-19 13:24:34:235  DevID:MV-CU060-10GC(DA1691703)  Source-Line:libMVGigEVisionSDK.so(StreamChannel.cpp-L1558)  ProcessName:python3.12(70157)     Description:[StartProxy]Set ImageNodeNum [1]  GrabStrategy [0] success!
Info    2026-08-19 13:24:34:235  DevID:MV-CU060-10GC(DA1691703)  Source-Line:libMVGigEVisionSDK.so(StreamChannel.cpp-L1581)  ProcessName:python3.12(70157)     Description:[StartProxy]Backup Node Size[6295104]
Info    2026-08-19 13:24:34:235  DevID:MV-CU060-10GC(DA1691703)  Source-Line:libMVGigEVisionSDK.so(GigEVisionBufferManager.cpp-L0382)  ProcessName:python3.12(70157)     Description:[GigEBufferManager_Init]Main Buffer List'Length is 2, Lock Buffer List's Length is 1
Info    2026-08-19 13:24:34:235  DevID:MV-CU060-10GC(DA1691703)  Source-Line:libMVGigEVisionSDK.so(GigEVisionGVSP.cpp-L0656)  ProcessName:python3.12(70157)     Description:[GVSPThread]GVSPThread Start, ThreadId[1568659136]
Info    2026-08-19 13:24:34:235  DevID:MV-CU060-10GC(DA1691703)  Source-Line:libMVGigEVisionSDK.so(GigEVisionGVSP.cpp-L0690)  ProcessName:python3.12(70157)     Description:[GVSPThreadProc]GvspTimeout[300], ResendEnable[1], ResendTimeInterval[10], ResendRetryTimes[20], ResendTimeout[50], MaxResendPktsNum[4276]
Info    2026-08-19 13:24:34:235  DevID:MV-CU060-10GC(DA1691703)  Source-Line:libMVGigEVisionSDK.so(StreamChannel.cpp-L1787)  ProcessName:python3.12(70157)     Description:[StartProxy][0]Stream proxy start, Socket mode, GvspDstPort[56715], bResendEnable[1], GvspTimeout[300], ResendTimeInterval[10], SCPS[1500], nPayloadSize[6295104], 3DSpecMode[0], CompressMode[0], bSupportAnnounceBuffer[0]
Info    2026-08-19 13:24:34:235  DevID:MV-CU060-10GC(DA1691703)  Source-Line:libMVGigEVisionSDK.so(GigEVisionGVSP.cpp-L0671)  ProcessName:python3.12(70157)     Description:[GVSPResendThread]GVSPResendThread Start, ThreadId[1560266432]
Info    2026-08-19 13:24:34:235  DevID:MV-CU060-10GC(DA1691703)  Source-Line:libMVGigEVisionSDK.so(GigEVisionManager.cpp-L2137)  ProcessName:python3.12(70157)     Description:[GiGEVision_StartAcquisition]m_nPrivilegeMode[1]
Info    2026-08-19 13:24:34:235  DevID:MV-CU060-10GC(DA1691703)  Source-Line:libMVGigEVisionSDK.so(StreamChannel.cpp-L0578)  ProcessName:python3.12(70157)     Description:[StreamInterEventThread]GigE StreamInterEventThread Start, ThreadId[1342174912]
Info    2026-08-19 13:24:34:238  DevID:MV-CU060-10GC(DA1691703)  Source-Line:libMVGigEVisionSDK.so(GigEVisionManager.cpp-L2164)  ProcessName:python3.12(70157)     Description:[GiGEVision_StartAcquisition][0] [GVCP]GvspSendIP[192.168.1.21], GvspSendPort[56715]
Info    2026-08-19 13:24:34:238  DevID:MV-CU060-10GC(DA1691703)  Source-Line:libMVGigEVisionSDK.so(GigEVisionManager.cpp-L2168)  ProcessName:python3.12(70157)     Description:[GiGEVision_StartAcquisition][0] Acquisition Start Success, use 6 ms
Info    2026-08-19 13:24:34:694  DevID:MV-CU060-10GC(DA1691703)  Source-Line:libMVGigEVisionSDK.so(GigEVisionGVSP.cpp-L0673)  ProcessName:python3.12(70157)     Description:[GVSPResendThread]GVSPResendThread End, ThreadId[1560266432]
Info    2026-08-19 13:24:34:698  DevID:MV-CU060-10GC(DA1691703)  Source-Line:libMVGigEVisionSDK.so(GigEVisionGVSP.cpp-L0658)  ProcessName:python3.12(70157)     Description:[GVSPThread]GVSPThread End, ThreadId[1568659136]
Info    2026-08-19 13:24:34:698  DevID:MV-CU060-10GC(DA1691703)  Source-Line:libMVGigEVisionSDK.so(StreamChannel.cpp-L1069)  ProcessName:python3.12(70157)     Description:[Stop][0] [Socket Mode] GetCount[5], GetCountSucceed[5], NetReceive[5], ThrowAbnormalImage[0], NetLostFrame[0], ThrowInBufList[0], LostPackets[0]
Info    2026-08-19 13:24:34:698  DevID:MV-CU060-10GC(DA1691703)  Source-Line:libMVGigEVisionSDK.so(GigEVisionManager.cpp-L2238)  ProcessName:python3.12(70157)     Description:[GiGEVision_StopAcquisition][0] Acquisition Stop Success, use 10 ms
Info    2026-08-19 13:25:02:552  DevID:MV-CU060-10GC(DA1691703)  Source-Line:libMVGigEVisionSDK.so(GigEVisionBufferManager.cpp-L0382)  ProcessName:python3.12(70157)     Description:[GigEBufferManager_Init]Main Buffer List'Length is 2, Lock Buffer List's Length is 1
Info    2026-08-19 13:25:02:552  DevID:MV-CU060-10GC(DA1691703)  Source-Line:libMVGigEVisionSDK.so(GigEVisionGVSP.cpp-L0656)  ProcessName:python3.12(70157)     Description:[GVSPThread]GVSPThread Start, ThreadId[134644490028736]
Info    2026-08-19 13:25:02:553  DevID:MV-CU060-10GC(DA1691703)  Source-Line:libMVGigEVisionSDK.so(GigEVisionGVSP.cpp-L0690)  ProcessName:python3.12(70157)     Description:[GVSPThreadProc]GvspTimeout[300], ResendEnable[1], ResendTimeInterval[10], ResendRetryTimes[20], ResendTimeout[50], MaxResendPktsNum[4276]
Info    2026-08-19 13:25:02:553  DevID:MV-CU060-10GC(DA1691703)  Source-Line:libMVGigEVisionSDK.so(GigEVisionGVSP.cpp-L0671)  ProcessName:python3.12(70157)     Description:[GVSPResendThread]GVSPResendThread Start, ThreadId[134644498421440]
Info    2026-08-19 13:25:02:553  DevID:MV-CU060-10GC(DA1691703)  Source-Line:libMVGigEVisionSDK.so(StreamChannel.cpp-L1787)  ProcessName:python3.12(70157)     Description:[StartProxy][0]Stream proxy start, Socket mode, GvspDstPort[56715], bResendEnable[1], GvspTimeout[300], ResendTimeInterval[10], SCPS[1500], nPayloadSize[6295104], 3DSpecMode[0], CompressMode[0], bSupportAnnounceBuffer[0]
Info    2026-08-19 13:25:02:553  DevID:MV-CU060-10GC(DA1691703)  Source-Line:libMVGigEVisionSDK.so(GigEVisionManager.cpp-L2137)  ProcessName:python3.12(70157)     Description:[GiGEVision_StartAcquisition]m_nPrivilegeMode[1]
Info    2026-08-19 13:25:02:554  DevID:MV-CU060-10GC(DA1691703)  Source-Line:libMVGigEVisionSDK.so(GigEVisionManager.cpp-L2164)  ProcessName:python3.12(70157)     Description:[GiGEVision_StartAcquisition][0] [GVCP]GvspSendIP[192.168.1.21], GvspSendPort[56715]
Info    2026-08-19 13:25:02:554  DevID:MV-CU060-10GC(DA1691703)  Source-Line:libMVGigEVisionSDK.so(GigEVisionManager.cpp-L2168)  ProcessName:python3.12(70157)     Description:[GiGEVision_StartAcquisition][0] Acquisition Start Success, use 3 ms
Info    2026-08-19 13:25:02:000  DevID:MV-CU060-10GC(DA1691703)  Source-Line:libMVGigEVisionSDK.so(GigEVisionGVSP.cpp-L0673)  ProcessName:python3.12(70157)     Description:[GVSPResendThread]GVSPResendThread End, ThreadId[134644498421440]
Info    2026-08-19 13:25:03:004  DevID:MV-CU060-10GC(DA1691703)  Source-Line:libMVGigEVisionSDK.so(GigEVisionGVSP.cpp-L0658)  ProcessName:python3.12(70157)     Description:[GVSPThread]GVSPThread End, ThreadId[134644490028736]
Info    2026-08-19 13:25:03:005  DevID:MV-CU060-10GC(DA1691703)  Source-Line:libMVGigEVisionSDK.so(StreamChannel.cpp-L1069)  ProcessName:python3.12(70157)     Description:[Stop][0] [Socket Mode] GetCount[5], GetCountSucceed[5], NetReceive[5], ThrowAbnormalImage[0], NetLostFrame[0], ThrowInBufList[0], LostPackets[0]
Info    2026-08-19 13:25:03:005  DevID:MV-CU060-10GC(DA1691703)  Source-Line:libMVGigEVisionSDK.so(GigEVisionManager.cpp-L2238)  ProcessName:python3.12(70157)     Description:[GiGEVision_StopAcquisition][0] Acquisition Stop Success, use 7 ms
Info    2026-08-19 13:25:31:849  DevID:MV-CU060-10GC(DA1691703)  Source-Line:libMVGigEVisionSDK.so(GigEVisionBufferManager.cpp-L0382)  ProcessName:python3.12(70157)     Description:[GigEBufferManager_Init]Main Buffer List'Length is 2, Lock Buffer List's Length is 1
Info    2026-08-19 13:25:31:849  DevID:MV-CU060-10GC(DA1691703)  Source-Line:libMVGigEVisionSDK.so(GigEVisionGVSP.cpp-L0656)  ProcessName:python3.12(70157)     Description:[GVSPThread]GVSPThread Start, ThreadId[134644498421440]
Info    2026-08-19 13:25:31:849  DevID:MV-CU060-10GC(DA1691703)  Source-Line:libMVGigEVisionSDK.so(GigEVisionGVSP.cpp-L0671)  ProcessName:python3.12(70157)     Description:[GVSPResendThread]GVSPResendThread Start, ThreadId[134644490028736]
Info    2026-08-19 13:25:31:849  DevID:MV-CU060-10GC(DA1691703)  Source-Line:libMVGigEVisionSDK.so(GigEVisionGVSP.cpp-L0690)  ProcessName:python3.12(70157)     Description:[GVSPThreadProc]GvspTimeout[300], ResendEnable[1], ResendTimeInterval[10], ResendRetryTimes[20], ResendTimeout[50], MaxResendPktsNum[4276]
Info    2026-08-19 13:25:31:849  DevID:MV-CU060-10GC(DA1691703)  Source-Line:libMVGigEVisionSDK.so(StreamChannel.cpp-L1787)  ProcessName:python3.12(70157)     Description:[StartProxy][0]Stream proxy start, Socket mode, GvspDstPort[56715], bResendEnable[1], GvspTimeout[300], ResendTimeInterval[10], SCPS[1500], nPayloadSize[6295104], 3DSpecMode[0], CompressMode[0], bSupportAnnounceBuffer[0]
Info    2026-08-19 13:25:31:849  DevID:MV-CU060-10GC(DA1691703)  Source-Line:libMVGigEVisionSDK.so(GigEVisionManager.cpp-L2137)  ProcessName:python3.12(70157)     Description:[GiGEVision_StartAcquisition]m_nPrivilegeMode[1]
Info    2026-08-19 13:25:31:851  DevID:MV-CU060-10GC(DA1691703)  Source-Line:libMVGigEVisionSDK.so(GigEVisionManager.cpp-L2164)  ProcessName:python3.12(70157)     Description:[GiGEVision_StartAcquisition][0] [GVCP]GvspSendIP[192.168.1.21], GvspSendPort[56715]
Info    2026-08-19 13:25:31:851  DevID:MV-CU060-10GC(DA1691703)  Source-Line:libMVGigEVisionSDK.so(GigEVisionManager.cpp-L2168)  ProcessName:python3.12(70157)     Description:[GiGEVision_StartAcquisition][0] Acquisition Start Success, use 3 ms
Info    2026-08-19 13:25:32:294  DevID:MV-CU060-10GC(DA1691703)  Source-Line:libMVGigEVisionSDK.so(GigEVisionGVSP.cpp-L0673)  ProcessName:python3.12(70157)     Description:[GVSPResendThread]GVSPResendThread End, ThreadId[134644490028736]
Info    2026-08-19 13:25:32:297  DevID:MV-CU060-10GC(DA1691703)  Source-Line:libMVGigEVisionSDK.so(GigEVisionGVSP.cpp-L0658)  ProcessName:python3.12(70157)     Description:[GVSPThread]GVSPThread End, ThreadId[134644498421440]
Info    2026-08-19 13:25:32:297  DevID:MV-CU060-10GC(DA1691703)  Source-Line:libMVGigEVisionSDK.so(StreamChannel.cpp-L1069)  ProcessName:python3.12(70157)     Description:[Stop][0] [Socket Mode] GetCount[5], GetCountSucceed[5], NetReceive[5], ThrowAbnormalImage[0], NetLostFrame[0], ThrowInBufList[0], LostPackets[0]
Info    2026-08-19 13:25:32:297  DevID:MV-CU060-10GC(DA1691703)  Source-Line:libMVGigEVisionSDK.so(GigEVisionManager.cpp-L2238)  ProcessName:python3.12(70157)     Description:[GiGEVision_StopAcquisition][0] Acquisition Stop Success, use 9 ms
Info    2026-08-19 13:26:00:370  DevID:MV-CU060-10GC(DA1691703)  Source-Line:libMVGigEVisionSDK.so(GigEVisionBufferManager.cpp-L0382)  ProcessName:python3.12(70157)     Description:[GigEBufferManager_Init]Main Buffer List'Length is 2, Lock Buffer List's Length is 1
Info    2026-08-19 13:26:00:370  DevID:MV-CU060-10GC(DA1691703)  Source-Line:libMVGigEVisionSDK.so(GigEVisionGVSP.cpp-L0656)  ProcessName:python3.12(70157)     Description:[GVSPThread]GVSPThread Start, ThreadId[134644490028736]
Info    2026-08-19 13:26:00:370  DevID:MV-CU060-10GC(DA1691703)  Source-Line:libMVGigEVisionSDK.so(GigEVisionGVSP.cpp-L0690)  ProcessName:python3.12(70157)     Description:[GVSPThreadProc]GvspTimeout[300], ResendEnable[1], ResendTimeInterval[10], ResendRetryTimes[20], ResendTimeout[50], MaxResendPktsNum[4276]
Info    2026-08-19 13:26:00:370  DevID:MV-CU060-10GC(DA1691703)  Source-Line:libMVGigEVisionSDK.so(StreamChannel.cpp-L1787)  ProcessName:python3.12(70157)     Description:[StartProxy][0]Stream proxy start, Socket mode, GvspDstPort[56715], bResendEnable[1], GvspTimeout[300], ResendTimeInterval[10], SCPS[1500], nPayloadSize[6295104], 3DSpecMode[0], CompressMode[0], bSupportAnnounceBuffer[0]
Info    2026-08-19 13:26:00:370  DevID:MV-CU060-10GC(DA1691703)  Source-Line:libMVGigEVisionSDK.so(GigEVisionManager.cpp-L2137)  ProcessName:python3.12(70157)     Description:[GiGEVision_StartAcquisition]m_nPrivilegeMode[1]
Info    2026-08-19 13:26:00:370  DevID:MV-CU060-10GC(DA1691703)  Source-Line:libMVGigEVisionSDK.so(GigEVisionGVSP.cpp-L0671)  ProcessName:python3.12(70157)     Description:[GVSPResendThread]GVSPResendThread Start, ThreadId[134644498421440]
Info    2026-08-19 13:26:00:373  DevID:MV-CU060-10GC(DA1691703)  Source-Line:libMVGigEVisionSDK.so(GigEVisionManager.cpp-L2164)  ProcessName:python3.12(70157)     Description:[GiGEVision_StartAcquisition][0] [GVCP]GvspSendIP[192.168.1.21], GvspSendPort[56715]
Info    2026-08-19 13:26:00:373  DevID:MV-CU060-10GC(DA1691703)  Source-Line:libMVGigEVisionSDK.so(GigEVisionManager.cpp-L2168)  ProcessName:python3.12(70157)     Description:[GiGEVision_StartAcquisition][0] Acquisition Start Success, use 5 ms
Info    2026-08-19 13:26:00:835  DevID:MV-CU060-10GC(DA1691703)  Source-Line:libMVGigEVisionSDK.so(GigEVisionGVSP.cpp-L0658)  ProcessName:python3.12(70157)     Description:[GVSPThread]GVSPThread End, ThreadId[134644490028736]
Warning 2026-08-19 13:26:00:835  DevID:MV-CU060-10GC(DA1691703)  Source-Line:libMVGigEVisionSDK.so(GigEVisionGVSP.cpp-L0775)  ProcessName:python3.12(70157)     Description:[GVSPResendThreadProc]WaitForSingleEvent(Timer) failed: 0x6e
Info    2026-08-19 13:26:00:835  DevID:MV-CU060-10GC(DA1691703)  Source-Line:libMVGigEVisionSDK.so(GigEVisionGVSP.cpp-L0673)  ProcessName:python3.12(70157)     Description:[GVSPResendThread]GVSPResendThread End, ThreadId[134644498421440]
Info    2026-08-19 13:26:00:835  DevID:MV-CU060-10GC(DA1691703)  Source-Line:libMVGigEVisionSDK.so(StreamChannel.cpp-L1069)  ProcessName:python3.12(70157)     Description:[Stop][0] [Socket Mode] GetCount[5], GetCountSucceed[5], NetReceive[5], ThrowAbnormalImage[0], NetLostFrame[0], ThrowInBufList[0], LostPackets[0]
Info    2026-08-19 13:26:00:835  DevID:MV-CU060-10GC(DA1691703)  Source-Line:libMVGigEVisionSDK.so(GigEVisionManager.cpp-L2238)  ProcessName:python3.12(70157)     Description:[GiGEVision_StopAcquisition][0] Acquisition Stop Success, use 6 ms
Info    2026-08-19 13:26:32:653  DevID:MV-CU060-10GC(DA1691703)  Source-Line:libMVGigEVisionSDK.so(GigEVisionBufferManager.cpp-L0382)  ProcessName:python3.12(70157)     Description:[GigEBufferManager_Init]Main Buffer List'Length is 2, Lock Buffer List's Length is 1
Info    2026-08-19 13:26:32:653  DevID:MV-CU060-10GC(DA1691703)  Source-Line:libMVGigEVisionSDK.so(GigEVisionGVSP.cpp-L0656)  ProcessName:python3.12(70157)     Description:[GVSPThread]GVSPThread Start, ThreadId[134644498421440]
Info    2026-08-19 13:26:32:653  DevID:MV-CU060-10GC(DA1691703)  Source-Line:libMVGigEVisionSDK.so(StreamChannel.cpp-L1787)  ProcessName:python3.12(70157)     Description:[StartProxy][0]Stream proxy start, Socket mode, GvspDstPort[56715], bResendEnable[1], GvspTimeout[300], ResendTimeInterval[10], SCPS[1500], nPayloadSize[6295104], 3DSpecMode[0], CompressMode[0], bSupportAnnounceBuffer[0]
Info    2026-08-19 13:26:32:653  DevID:MV-CU060-10GC(DA1691703)  Source-Line:libMVGigEVisionSDK.so(GigEVisionGVSP.cpp-L0671)  ProcessName:python3.12(70157)     Description:[GVSPResendThread]GVSPResendThread Start, ThreadId[134644490028736]
Info    2026-08-19 13:26:32:654  DevID:MV-CU060-10GC(DA1691703)  Source-Line:libMVGigEVisionSDK.so(GigEVisionGVSP.cpp-L0690)  ProcessName:python3.12(70157)     Description:[GVSPThreadProc]GvspTimeout[300], ResendEnable[1], ResendTimeInterval[10], ResendRetryTimes[20], ResendTimeout[50], MaxResendPktsNum[4276]
Info    2026-08-19 13:26:32:654  DevID:MV-CU060-10GC(DA1691703)  Source-Line:libMVGigEVisionSDK.so(GigEVisionManager.cpp-L2137)  ProcessName:python3.12(70157)     Description:[GiGEVision_StartAcquisition]m_nPrivilegeMode[1]
Info    2026-08-19 13:26:32:655  DevID:MV-CU060-10GC(DA1691703)  Source-Line:libMVGigEVisionSDK.so(GigEVisionManager.cpp-L2164)  ProcessName:python3.12(70157)     Description:[GiGEVision_StartAcquisition][0] [GVCP]GvspSendIP[192.168.1.21], GvspSendPort[56715]
Info    2026-08-19 13:26:32:655  DevID:MV-CU060-10GC(DA1691703)  Source-Line:libMVGigEVisionSDK.so(GigEVisionManager.cpp-L2168)  ProcessName:python3.12(70157)     Description:[GiGEVision_StartAcquisition][0] Acquisition Start Success, use 4 ms
Info    2026-08-19 13:26:33:171  DevID:MV-CU060-10GC(DA1691703)  Source-Line:libMVGigEVisionSDK.so(GigEVisionGVSP.cpp-L0673)  ProcessName:python3.12(70157)     Description:[GVSPResendThread]GVSPResendThread End, ThreadId[134644490028736]
Info    2026-08-19 13:26:33:177  DevID:MV-CU060-10GC(DA1691703)  Source-Line:libMVGigEVisionSDK.so(GigEVisionGVSP.cpp-L0658)  ProcessName:python3.12(70157)     Description:[GVSPThread]GVSPThread End, ThreadId[134644498421440]
Info    2026-08-19 13:26:33:177  DevID:MV-CU060-10GC(DA1691703)  Source-Line:libMVGigEVisionSDK.so(StreamChannel.cpp-L1069)  ProcessName:python3.12(70157)     Description:[Stop][0] [Socket Mode] GetCount[5], GetCountSucceed[5], NetReceive[6], ThrowAbnormalImage[0], NetLostFrame[0], ThrowInBufList[0], LostPackets[0]
Info    2026-08-19 13:26:33:177  DevID:MV-CU060-10GC(DA1691703)  Source-Line:libMVGigEVisionSDK.so(GigEVisionManager.cpp-L2238)  ProcessName:python3.12(70157)     Description:[GiGEVision_StopAcquisition][0] Acquisition Stop Success, use 9 ms
Info    2026-08-19 13:27:18:118  DevID:MV-CU060-10GC(DA1691703)  Source-Line:libMVGigEVisionSDK.so(GigEVisionManager.cpp-L0271)  ProcessName:python3.12(74246)     Description:[Init]Current dynamic library path[/opt/MVS/lib/64/libMVGigEVisionSDK.so]
Warning 2026-08-19 13:27:18:118  DevID:MV-CU060-10GC(DA1691703)  Source-Line:libMVGigEVisionSDK.so(GigEVisionManager.cpp-L0369)  ProcessName:python3.12(74246)     Description:[Init]Driver  Version Match failed, Socket mode start! DriverInstalled[0x80000006], DriverVersion[0x0]
Info    2026-08-19 13:27:18:118  DevID:MV-CU060-10GC(DA1691703)  Source-Line:libMVGigEVisionSDK.so(GigEVisionManager.cpp-L1588)  ProcessName:python3.12(74246)     Description:[GiGEVision_SetNetModule]Connecting device, GvspDstIP[192.168.1.21], GvspDstPort[37269], DeviceIP[192.168.1.20]
Info    2026-08-19 13:27:18:120  DevID:MV-CU060-10GC(DA1691703)  Source-Line:libMVGigEVisionSDK.so(GigEVisionManager.cpp-L3997)  ProcessName:python3.12(74246)     Description:[InitStreamModule]Stream Channel Num: 1
Info    2026-08-19 13:27:18:121  DevID:MV-CU060-10GC(DA1691703)  Source-Line:libMVGigEVisionSDK.so(GigEVisionManager.cpp-L4021)  ProcessName:python3.12(74246)     Description:[InitStreamModule]Stream Moudle Get All Stream Capability.
Info    2026-08-19 13:27:18:121  DevID:MV-CU060-10GC(DA1691703)  Source-Line:libMVGigEVisionSDK.so(GigEVisionManager.cpp-L4024)  ProcessName:python3.12(74246)     Description:[InitStreamModule]Stream 0 Capability: 0x0
Info    2026-08-19 13:27:18:121  DevID:MV-CU060-10GC(DA1691703)  Source-Line:libMVGigEVisionSDK.so(StreamChannel.cpp-L3372)  ProcessName:python3.12(74246)     Description:[PrintfCurrentDevIpAndPort][0] TransmissionType[0], GvspSendIP[192.168.1.21], GvspSendPort[42153], GvspDstIP[192.168.1.21], GvspDstPort[42153]
Info    2026-08-19 13:27:18:130  DevID:MV-CU060-10GC(DA1691703)  Source-Line:libMVGigEVisionSDK.so(GigEVisionMsgChannel.cpp-L0281)  ProcessName:python3.12(74246)     Description:[EventThread]GigE EventThread Start, ThreadId[125915732362944]
Info    2026-08-19 13:27:18:130  DevID:MV-CU060-10GC(DA1691703)  Source-Line:libMVGigEVisionSDK.so(GigEVisionMsgChannel.cpp-L0321)  ProcessName:python3.12(74246)     Description:[EventThreadProc]GigEVision EventThreadProc Begin .
Info    2026-08-19 13:27:18:132  DevID:MV-CU060-10GC(DA1691703)  Source-Line:libMVGigEVisionSDK.so(GigEVisionGVCP.cpp-L0051)  ProcessName:python3.12(74246)     Description:[GVCP_KeepAliveProc]GVCP HeartBeatThread Start, ThreadId[125915740755648]
Info    2026-08-19 13:27:18:394  DevID:MV-CU060-10GC(DA1691703)  Source-Line:libMVGigEVisionSDK.so(StreamChannel.cpp-L1558)  ProcessName:python3.12(74246)     Description:[StartProxy]Set ImageNodeNum [1]  GrabStrategy [0] success!
Info    2026-08-19 13:27:18:394  DevID:MV-CU060-10GC(DA1691703)  Source-Line:libMVGigEVisionSDK.so(StreamChannel.cpp-L1581)  ProcessName:python3.12(74246)     Description:[StartProxy]Backup Node Size[6295104]
Info    2026-08-19 13:27:18:394  DevID:MV-CU060-10GC(DA1691703)  Source-Line:libMVGigEVisionSDK.so(GigEVisionBufferManager.cpp-L0382)  ProcessName:python3.12(74246)     Description:[GigEBufferManager_Init]Main Buffer List'Length is 2, Lock Buffer List's Length is 1
Info    2026-08-19 13:27:18:394  DevID:MV-CU060-10GC(DA1691703)  Source-Line:libMVGigEVisionSDK.so(GigEVisionGVSP.cpp-L0656)  ProcessName:python3.12(74246)     Description:[GVSPThread]GVSPThread Start, ThreadId[3938436800]
Info    2026-08-19 13:27:18:394  DevID:MV-CU060-10GC(DA1691703)  Source-Line:libMVGigEVisionSDK.so(GigEVisionGVSP.cpp-L0690)  ProcessName:python3.12(74246)     Description:[GVSPThreadProc]GvspTimeout[300], ResendEnable[1], ResendTimeInterval[10], ResendRetryTimes[20], ResendTimeout[50], MaxResendPktsNum[4276]
Info    2026-08-19 13:27:18:394  DevID:MV-CU060-10GC(DA1691703)  Source-Line:libMVGigEVisionSDK.so(StreamChannel.cpp-L1787)  ProcessName:python3.12(74246)     Description:[StartProxy][0]Stream proxy start, Socket mode, GvspDstPort[42153], bResendEnable[1], GvspTimeout[300], ResendTimeInterval[10], SCPS[1500], nPayloadSize[6295104], 3DSpecMode[0], CompressMode[0], bSupportAnnounceBuffer[0]
Info    2026-08-19 13:27:18:394  DevID:MV-CU060-10GC(DA1691703)  Source-Line:libMVGigEVisionSDK.so(GigEVisionGVSP.cpp-L0671)  ProcessName:python3.12(74246)     Description:[GVSPResendThread]GVSPResendThread Start, ThreadId[3930044096]
Info    2026-08-19 13:27:18:394  DevID:MV-CU060-10GC(DA1691703)  Source-Line:libMVGigEVisionSDK.so(GigEVisionManager.cpp-L2137)  ProcessName:python3.12(74246)     Description:[GiGEVision_StartAcquisition]m_nPrivilegeMode[1]
Info    2026-08-19 13:27:18:394  DevID:MV-CU060-10GC(DA1691703)  Source-Line:libMVGigEVisionSDK.so(StreamChannel.cpp-L0578)  ProcessName:python3.12(74246)     Description:[StreamInterEventThread]GigE StreamInterEventThread Start, ThreadId[3921651392]
Info    2026-08-19 13:27:18:396  DevID:MV-CU060-10GC(DA1691703)  Source-Line:libMVGigEVisionSDK.so(GigEVisionManager.cpp-L2164)  ProcessName:python3.12(74246)     Description:[GiGEVision_StartAcquisition][0] [GVCP]GvspSendIP[192.168.1.21], GvspSendPort[42153]
Info    2026-08-19 13:27:18:396  DevID:MV-CU060-10GC(DA1691703)  Source-Line:libMVGigEVisionSDK.so(GigEVisionManager.cpp-L2168)  ProcessName:python3.12(74246)     Description:[GiGEVision_StartAcquisition][0] Acquisition Start Success, use 4 ms
Info    2026-08-19 13:27:18:891  DevID:MV-CU060-10GC(DA1691703)  Source-Line:libMVGigEVisionSDK.so(GigEVisionGVSP.cpp-L0658)  ProcessName:python3.12(74246)     Description:[GVSPThread]GVSPThread End, ThreadId[3938436800]
Warning 2026-08-19 13:27:18:891  DevID:MV-CU060-10GC(DA1691703)  Source-Line:libMVGigEVisionSDK.so(GigEVisionGVSP.cpp-L0775)  ProcessName:python3.12(74246)     Description:[GVSPResendThreadProc]WaitForSingleEvent(Timer) failed: 0x6e
Info    2026-08-19 13:27:18:891  DevID:MV-CU060-10GC(DA1691703)  Source-Line:libMVGigEVisionSDK.so(GigEVisionGVSP.cpp-L0673)  ProcessName:python3.12(74246)     Description:[GVSPResendThread]GVSPResendThread End, ThreadId[3930044096]
Info    2026-08-19 13:27:18:891  DevID:MV-CU060-10GC(DA1691703)  Source-Line:libMVGigEVisionSDK.so(StreamChannel.cpp-L1069)  ProcessName:python3.12(74246)     Description:[Stop][0] [Socket Mode] GetCount[5], GetCountSucceed[5], NetReceive[6], ThrowAbnormalImage[0], NetLostFrame[0], ThrowInBufList[0], LostPackets[0]
Info    2026-08-19 13:27:18:891  DevID:MV-CU060-10GC(DA1691703)  Source-Line:libMVGigEVisionSDK.so(GigEVisionManager.cpp-L2238)  ProcessName:python3.12(74246)     Description:[GiGEVision_StopAcquisition][0] Acquisition Stop Success, use 2 ms
Info    2026-08-19 13:27:59:719  DevID:MV-CU060-10GC(DA1691703)  Source-Line:libMVGigEVisionSDK.so(GigEVisionBufferManager.cpp-L0382)  ProcessName:python3.12(74246)     Description:[GigEBufferManager_Init]Main Buffer List'Length is 2, Lock Buffer List's Length is 1
Info    2026-08-19 13:27:59:719  DevID:MV-CU060-10GC(DA1691703)  Source-Line:libMVGigEVisionSDK.so(GigEVisionGVSP.cpp-L0656)  ProcessName:python3.12(74246)     Description:[GVSPThread]GVSPThread Start, ThreadId[125915191293632]
Info    2026-08-19 13:27:59:719  DevID:MV-CU060-10GC(DA1691703)  Source-Line:libMVGigEVisionSDK.so(StreamChannel.cpp-L1787)  ProcessName:python3.12(74246)     Description:[StartProxy][0]Stream proxy start, Socket mode, GvspDstPort[42153], bResendEnable[1], GvspTimeout[300], ResendTimeInterval[10], SCPS[1500], nPayloadSize[6295104], 3DSpecMode[0], CompressMode[0], bSupportAnnounceBuffer[0]
Info    2026-08-19 13:27:59:719  DevID:MV-CU060-10GC(DA1691703)  Source-Line:libMVGigEVisionSDK.so(GigEVisionGVSP.cpp-L0690)  ProcessName:python3.12(74246)     Description:[GVSPThreadProc]GvspTimeout[300], ResendEnable[1], ResendTimeInterval[10], ResendRetryTimes[20], ResendTimeout[50], MaxResendPktsNum[4276]
Info    2026-08-19 13:27:59:719  DevID:MV-CU060-10GC(DA1691703)  Source-Line:libMVGigEVisionSDK.so(GigEVisionManager.cpp-L2137)  ProcessName:python3.12(74246)     Description:[GiGEVision_StartAcquisition]m_nPrivilegeMode[1]
Info    2026-08-19 13:27:59:719  DevID:MV-CU060-10GC(DA1691703)  Source-Line:libMVGigEVisionSDK.so(GigEVisionGVSP.cpp-L0671)  ProcessName:python3.12(74246)     Description:[GVSPResendThread]GVSPResendThread Start, ThreadId[125915199686336]
Info    2026-08-19 13:27:59:721  DevID:MV-CU060-10GC(DA1691703)  Source-Line:libMVGigEVisionSDK.so(GigEVisionManager.cpp-L2164)  ProcessName:python3.12(74246)     Description:[GiGEVision_StartAcquisition][0] [GVCP]GvspSendIP[192.168.1.21], GvspSendPort[42153]
Info    2026-08-19 13:27:59:721  DevID:MV-CU060-10GC(DA1691703)  Source-Line:libMVGigEVisionSDK.so(GigEVisionManager.cpp-L2168)  ProcessName:python3.12(74246)     Description:[GiGEVision_StartAcquisition][0] Acquisition Start Success, use 3 ms
Info    2026-08-19 13:28:00:174  DevID:MV-CU060-10GC(DA1691703)  Source-Line:libMVGigEVisionSDK.so(GigEVisionGVSP.cpp-L0658)  ProcessName:python3.12(74246)     Description:[GVSPThread]GVSPThread End, ThreadId[125915191293632]
Warning 2026-08-19 13:28:00:174  DevID:MV-CU060-10GC(DA1691703)  Source-Line:libMVGigEVisionSDK.so(GigEVisionGVSP.cpp-L0775)  ProcessName:python3.12(74246)     Description:[GVSPResendThreadProc]WaitForSingleEvent(Timer) failed: 0x6e
Info    2026-08-19 13:28:00:174  DevID:MV-CU060-10GC(DA1691703)  Source-Line:libMVGigEVisionSDK.so(GigEVisionGVSP.cpp-L0673)  ProcessName:python3.12(74246)     Description:[GVSPResendThread]GVSPResendThread End, ThreadId[125915199686336]
Info    2026-08-19 13:28:00:174  DevID:MV-CU060-10GC(DA1691703)  Source-Line:libMVGigEVisionSDK.so(StreamChannel.cpp-L1069)  ProcessName:python3.12(74246)     Description:[Stop][0] [Socket Mode] GetCount[5], GetCountSucceed[5], NetReceive[5], ThrowAbnormalImage[0], NetLostFrame[0], ThrowInBufList[0], LostPackets[0]
Info    2026-08-19 13:28:00:174  DevID:MV-CU060-10GC(DA1691703)  Source-Line:libMVGigEVisionSDK.so(GigEVisionManager.cpp-L2238)  ProcessName:python3.12(74246)     Description:[GiGEVision_StopAcquisition][0] Acquisition Stop Success, use 5 ms
Info    2026-08-19 13:28:35:158  DevID:MV-CU060-10GC(DA1691703)  Source-Line:libMVGigEVisionSDK.so(GigEVisionBufferManager.cpp-L0382)  ProcessName:python3.12(74246)     Description:[GigEBufferManager_Init]Main Buffer List'Length is 2, Lock Buffer List's Length is 1
Info    2026-08-19 13:28:35:158  DevID:MV-CU060-10GC(DA1691703)  Source-Line:libMVGigEVisionSDK.so(GigEVisionGVSP.cpp-L0656)  ProcessName:python3.12(74246)     Description:[GVSPThread]GVSPThread Start, ThreadId[125915199686336]
Info    2026-08-19 13:28:35:158  DevID:MV-CU060-10GC(DA1691703)  Source-Line:libMVGigEVisionSDK.so(GigEVisionGVSP.cpp-L0690)  ProcessName:python3.12(74246)     Description:[GVSPThreadProc]GvspTimeout[300], ResendEnable[1], ResendTimeInterval[10], ResendRetryTimes[20], ResendTimeout[50], MaxResendPktsNum[4276]
Info    2026-08-19 13:28:35:158  DevID:MV-CU060-10GC(DA1691703)  Source-Line:libMVGigEVisionSDK.so(StreamChannel.cpp-L1787)  ProcessName:python3.12(74246)     Description:[StartProxy][0]Stream proxy start, Socket mode, GvspDstPort[42153], bResendEnable[1], GvspTimeout[300], ResendTimeInterval[10], SCPS[1500], nPayloadSize[6295104], 3DSpecMode[0], CompressMode[0], bSupportAnnounceBuffer[0]
Info    2026-08-19 13:28:35:158  DevID:MV-CU060-10GC(DA1691703)  Source-Line:libMVGigEVisionSDK.so(GigEVisionGVSP.cpp-L0671)  ProcessName:python3.12(74246)     Description:[GVSPResendThread]GVSPResendThread Start, ThreadId[125915191293632]
Info    2026-08-19 13:28:35:158  DevID:MV-CU060-10GC(DA1691703)  Source-Line:libMVGigEVisionSDK.so(GigEVisionManager.cpp-L2137)  ProcessName:python3.12(74246)     Description:[GiGEVision_StartAcquisition]m_nPrivilegeMode[1]
Info    2026-08-19 13:28:35:160  DevID:MV-CU060-10GC(DA1691703)  Source-Line:libMVGigEVisionSDK.so(GigEVisionManager.cpp-L2164)  ProcessName:python3.12(74246)     Description:[GiGEVision_StartAcquisition][0] [GVCP]GvspSendIP[192.168.1.21], GvspSendPort[42153]
Info    2026-08-19 13:28:35:160  DevID:MV-CU060-10GC(DA1691703)  Source-Line:libMVGigEVisionSDK.so(GigEVisionManager.cpp-L2168)  ProcessName:python3.12(74246)     Description:[GiGEVision_StartAcquisition][0] Acquisition Start Success, use 3 ms
Info    2026-08-19 13:28:35:637  DevID:MV-CU060-10GC(DA1691703)  Source-Line:libMVGigEVisionSDK.so(GigEVisionGVSP.cpp-L0658)  ProcessName:python3.12(74246)     Description:[GVSPThread]GVSPThread End, ThreadId[125915199686336]
Warning 2026-08-19 13:28:35:638  DevID:MV-CU060-10GC(DA1691703)  Source-Line:libMVGigEVisionSDK.so(GigEVisionGVSP.cpp-L0775)  ProcessName:python3.12(74246)     Description:[GVSPResendThreadProc]WaitForSingleEvent(Timer) failed: 0x6e
Info    2026-08-19 13:28:35:638  DevID:MV-CU060-10GC(DA1691703)  Source-Line:libMVGigEVisionSDK.so(GigEVisionGVSP.cpp-L0673)  ProcessName:python3.12(74246)     Description:[GVSPResendThread]GVSPResendThread End, ThreadId[125915191293632]
Info    2026-08-19 13:28:35:638  DevID:MV-CU060-10GC(DA1691703)  Source-Line:libMVGigEVisionSDK.so(StreamChannel.cpp-L1069)  ProcessName:python3.12(74246)     Description:[Stop][0] [Socket Mode] GetCount[5], GetCountSucceed[5], NetReceive[5], ThrowAbnormalImage[0], NetLostFrame[0], ThrowInBufList[0], LostPackets[0]
Info    2026-08-19 13:28:35:638  DevID:MV-CU060-10GC(DA1691703)  Source-Line:libMVGigEVisionSDK.so(GigEVisionManager.cpp-L2238)  ProcessName:python3.12(74246)     Description:[GiGEVision_StopAcquisition][0] Acquisition Stop Success, use 8 ms
Info    2026-08-19 13:29:04:105  DevID:MV-CU060-10GC(DA1691703)  Source-Line:libMVGigEVisionSDK.so(GigEVisionBufferManager.cpp-L0382)  ProcessName:python3.12(74246)     Description:[GigEBufferManager_Init]Main Buffer List'Length is 2, Lock Buffer List's Length is 1
Info    2026-08-19 13:29:04:105  DevID:MV-CU060-10GC(DA1691703)  Source-Line:libMVGigEVisionSDK.so(GigEVisionGVSP.cpp-L0656)  ProcessName:python3.12(74246)     Description:[GVSPThread]GVSPThread Start, ThreadId[125915191293632]
Info    2026-08-19 13:29:04:105  DevID:MV-CU060-10GC(DA1691703)  Source-Line:libMVGigEVisionSDK.so(GigEVisionGVSP.cpp-L0671)  ProcessName:python3.12(74246)     Description:[GVSPResendThread]GVSPResendThread Start, ThreadId[125915199686336]
Info    2026-08-19 13:29:04:105  DevID:MV-CU060-10GC(DA1691703)  Source-Line:libMVGigEVisionSDK.so(StreamChannel.cpp-L1787)  ProcessName:python3.12(74246)     Description:[StartProxy][0]Stream proxy start, Socket mode, GvspDstPort[42153], bResendEnable[1], GvspTimeout[300], ResendTimeInterval[10], SCPS[1500], nPayloadSize[6295104], 3DSpecMode[0], CompressMode[0], bSupportAnnounceBuffer[0]
Info    2026-08-19 13:29:04:105  DevID:MV-CU060-10GC(DA1691703)  Source-Line:libMVGigEVisionSDK.so(GigEVisionGVSP.cpp-L0690)  ProcessName:python3.12(74246)     Description:[GVSPThreadProc]GvspTimeout[300], ResendEnable[1], ResendTimeInterval[10], ResendRetryTimes[20], ResendTimeout[50], MaxResendPktsNum[4276]
Info    2026-08-19 13:29:04:105  DevID:MV-CU060-10GC(DA1691703)  Source-Line:libMVGigEVisionSDK.so(GigEVisionManager.cpp-L2137)  ProcessName:python3.12(74246)     Description:[GiGEVision_StartAcquisition]m_nPrivilegeMode[1]
Info    2026-08-19 13:29:04:107  DevID:MV-CU060-10GC(DA1691703)  Source-Line:libMVGigEVisionSDK.so(GigEVisionManager.cpp-L2164)  ProcessName:python3.12(74246)     Description:[GiGEVision_StartAcquisition][0] [GVCP]GvspSendIP[192.168.1.21], GvspSendPort[42153]
Info    2026-08-19 13:29:04:107  DevID:MV-CU060-10GC(DA1691703)  Source-Line:libMVGigEVisionSDK.so(GigEVisionManager.cpp-L2168)  ProcessName:python3.12(74246)     Description:[GiGEVision_StartAcquisition][0] Acquisition Start Success, use 3 ms
Info    2026-08-19 13:29:04:611  DevID:MV-CU060-10GC(DA1691703)  Source-Line:libMVGigEVisionSDK.so(GigEVisionGVSP.cpp-L0673)  ProcessName:python3.12(74246)     Description:[GVSPResendThread]GVSPResendThread End, ThreadId[125915199686336]
Info    2026-08-19 13:29:04:616  DevID:MV-CU060-10GC(DA1691703)  Source-Line:libMVGigEVisionSDK.so(GigEVisionGVSP.cpp-L0658)  ProcessName:python3.12(74246)     Description:[GVSPThread]GVSPThread End, ThreadId[125915191293632]
Info    2026-08-19 13:29:04:616  DevID:MV-CU060-10GC(DA1691703)  Source-Line:libMVGigEVisionSDK.so(StreamChannel.cpp-L1069)  ProcessName:python3.12(74246)     Description:[Stop][0] [Socket Mode] GetCount[5], GetCountSucceed[5], NetReceive[6], ThrowAbnormalImage[0], NetLostFrame[0], ThrowInBufList[0], LostPackets[0]
Info    2026-08-19 13:29:04:616  DevID:MV-CU060-10GC(DA1691703)  Source-Line:libMVGigEVisionSDK.so(GigEVisionManager.cpp-L2238)  ProcessName:python3.12(74246)     Description:[GiGEVision_StopAcquisition][0] Acquisition Stop Success, use 6 ms
Info    2026-08-19 13:29:17:791  DevID:MV-CU060-10GC(DA1691703)  Source-Line:libMVGigEVisionSDK.so(StreamChannel.cpp-L3372)  ProcessName:python3.12(74246)     Description:[PrintfCurrentDevIpAndPort][0] TransmissionType[0], GvspSendIP[192.168.1.21], GvspSendPort[42153], GvspDstIP[192.168.1.21], GvspDstPort[42153]
Info    2026-08-19 13:29:17:792  DevID:MV-CU060-10GC(DA1691703)  Source-Line:libMVGigEVisionSDK.so(GigEVisionManager.cpp-L1602)  ProcessName:python3.12(74246)     Description:[GiGEVision_DisConnectDevice]Disconnect device
Info    2026-08-19 13:29:17:792  DevID:MV-CU060-10GC(DA1691703)  Source-Line:libMVGigEVisionSDK.so(StreamChannel.cpp-L3372)  ProcessName:python3.12(74246)     Description:[PrintfCurrentDevIpAndPort][0] TransmissionType[0], GvspSendIP[192.168.1.21], GvspSendPort[42153], GvspDstIP[192.168.1.21], GvspDstPort[42153]
Info    2026-08-19 13:29:17:792  DevID:MV-CU060-10GC(DA1691703)  Source-Line:libMVGigEVisionSDK.so(StreamChannel.cpp-L0580)  ProcessName:python3.12(74246)     Description:[StreamInterEventThread]GigE StreamInterEventThread End, ThreadId[3921651392]
Info    2026-08-19 13:29:17:898  DevID:MV-CU060-10GC(DA1691703)  Source-Line:libMVGigEVisionSDK.so(GigEVisionMsgChannel.cpp-L0592)  ProcessName:python3.12(74246)     Description:[EventThreadProc]GigEVision EventThreadProc End get  nAllEventNumber [0]
Info    2026-08-19 13:29:17:898  DevID:MV-CU060-10GC(DA1691703)  Source-Line:libMVGigEVisionSDK.so(GigEVisionMsgChannel.cpp-L0283)  ProcessName:python3.12(74246)     Description:[EventThread]GigE EventThread End, ThreadId[125915732362944]
Info    2026-08-19 13:29:17:899  DevID:MV-CU060-10GC(DA1691703)  Source-Line:libMVGigEVisionSDK.so(GigEVisionGVCP.cpp-L0053)  ProcessName:python3.12(74246)     Description:[GVCP_KeepAliveProc]GVCP HeartBeatThread End, ThreadId[125915740755648]
Info    2026-08-19 13:29:27:920  DevID:MV-CU060-10GC(DA1691703)  Source-Line:libMVGigEVisionSDK.so(GigEVisionManager.cpp-L0271)  ProcessName:python3.12(76852)     Description:[Init]Current dynamic library path[/opt/MVS/lib/64/libMVGigEVisionSDK.so]
Warning 2026-08-19 13:29:27:920  DevID:MV-CU060-10GC(DA1691703)  Source-Line:libMVGigEVisionSDK.so(GigEVisionManager.cpp-L0369)  ProcessName:python3.12(76852)     Description:[Init]Driver  Version Match failed, Socket mode start! DriverInstalled[0x80000006], DriverVersion[0x0]
Info    2026-08-19 13:29:27:920  DevID:MV-CU060-10GC(DA1691703)  Source-Line:libMVGigEVisionSDK.so(GigEVisionManager.cpp-L1588)  ProcessName:python3.12(76852)     Description:[GiGEVision_SetNetModule]Connecting device, GvspDstIP[192.168.1.21], GvspDstPort[54773], DeviceIP[192.168.1.20]
Info    2026-08-19 13:29:27:922  DevID:MV-CU060-10GC(DA1691703)  Source-Line:libMVGigEVisionSDK.so(GigEVisionManager.cpp-L3997)  ProcessName:python3.12(76852)     Description:[InitStreamModule]Stream Channel Num: 1
Info    2026-08-19 13:29:27:923  DevID:MV-CU060-10GC(DA1691703)  Source-Line:libMVGigEVisionSDK.so(GigEVisionManager.cpp-L4021)  ProcessName:python3.12(76852)     Description:[InitStreamModule]Stream Moudle Get All Stream Capability.
Info    2026-08-19 13:29:27:923  DevID:MV-CU060-10GC(DA1691703)  Source-Line:libMVGigEVisionSDK.so(GigEVisionManager.cpp-L4024)  ProcessName:python3.12(76852)     Description:[InitStreamModule]Stream 0 Capability: 0x0
Info    2026-08-19 13:29:27:923  DevID:MV-CU060-10GC(DA1691703)  Source-Line:libMVGigEVisionSDK.so(StreamChannel.cpp-L3372)  ProcessName:python3.12(76852)     Description:[PrintfCurrentDevIpAndPort][0] TransmissionType[0], GvspSendIP[192.168.1.21], GvspSendPort[52552], GvspDstIP[192.168.1.21], GvspDstPort[52552]
Info    2026-08-19 13:29:27:932  DevID:MV-CU060-10GC(DA1691703)  Source-Line:libMVGigEVisionSDK.so(GigEVisionMsgChannel.cpp-L0281)  ProcessName:python3.12(76852)     Description:[EventThread]GigE EventThread Start, ThreadId[125815324923584]
Info    2026-08-19 13:29:27:932  DevID:MV-CU060-10GC(DA1691703)  Source-Line:libMVGigEVisionSDK.so(GigEVisionMsgChannel.cpp-L0321)  ProcessName:python3.12(76852)     Description:[EventThreadProc]GigEVision EventThreadProc Begin .
Info    2026-08-19 13:29:27:934  DevID:MV-CU060-10GC(DA1691703)  Source-Line:libMVGigEVisionSDK.so(GigEVisionGVCP.cpp-L0051)  ProcessName:python3.12(76852)     Description:[GVCP_KeepAliveProc]GVCP HeartBeatThread Start, ThreadId[125815333316288]
Info    2026-08-19 13:29:39:756  DevID:MV-CU060-10GC(DA1691703)  Source-Line:libMVGigEVisionSDK.so(GigEVisionManager.cpp-L0271)  ProcessName:python3.12(76982)     Description:[Init]Current dynamic library path[/opt/MVS/lib/64/libMVGigEVisionSDK.so]
Warning 2026-08-19 13:29:39:756  DevID:MV-CU060-10GC(DA1691703)  Source-Line:libMVGigEVisionSDK.so(GigEVisionManager.cpp-L0369)  ProcessName:python3.12(76982)     Description:[Init]Driver  Version Match failed, Socket mode start! DriverInstalled[0x80000006], DriverVersion[0x0]
Info    2026-08-19 13:29:39:756  DevID:MV-CU060-10GC(DA1691703)  Source-Line:libMVGigEVisionSDK.so(GigEVisionManager.cpp-L1588)  ProcessName:python3.12(76982)     Description:[GiGEVision_SetNetModule]Connecting device, GvspDstIP[192.168.1.21], GvspDstPort[40093], DeviceIP[192.168.1.20]
Info    2026-08-19 13:29:39:758  DevID:MV-CU060-10GC(DA1691703)  Source-Line:libMVGigEVisionSDK.so(GigEVisionManager.cpp-L3997)  ProcessName:python3.12(76982)     Description:[InitStreamModule]Stream Channel Num: 1
Info    2026-08-19 13:29:39:759  DevID:MV-CU060-10GC(DA1691703)  Source-Line:libMVGigEVisionSDK.so(GigEVisionManager.cpp-L4021)  ProcessName:python3.12(76982)     Description:[InitStreamModule]Stream Moudle Get All Stream Capability.
Info    2026-08-19 13:29:39:759  DevID:MV-CU060-10GC(DA1691703)  Source-Line:libMVGigEVisionSDK.so(GigEVisionManager.cpp-L4024)  ProcessName:python3.12(76982)     Description:[InitStreamModule]Stream 0 Capability: 0x0
Info    2026-08-19 13:29:39:759  DevID:MV-CU060-10GC(DA1691703)  Source-Line:libMVGigEVisionSDK.so(StreamChannel.cpp-L3372)  ProcessName:python3.12(76982)     Description:[PrintfCurrentDevIpAndPort][0] TransmissionType[0], GvspSendIP[192.168.1.21], GvspSendPort[55383], GvspDstIP[192.168.1.21], GvspDstPort[55383]
Info    2026-08-19 13:29:39:768  DevID:MV-CU060-10GC(DA1691703)  Source-Line:libMVGigEVisionSDK.so(GigEVisionMsgChannel.cpp-L0281)  ProcessName:python3.12(76982)     Description:[EventThread]GigE EventThread Start, ThreadId[136836710131392]
Info    2026-08-19 13:29:39:768  DevID:MV-CU060-10GC(DA1691703)  Source-Line:libMVGigEVisionSDK.so(GigEVisionMsgChannel.cpp-L0321)  ProcessName:python3.12(76982)     Description:[EventThreadProc]GigEVision EventThreadProc Begin .
Info    2026-08-19 13:29:39:769  DevID:MV-CU060-10GC(DA1691703)  Source-Line:libMVGigEVisionSDK.so(GigEVisionGVCP.cpp-L0051)  ProcessName:python3.12(76982)     Description:[GVCP_KeepAliveProc]GVCP HeartBeatThread Start, ThreadId[136836785632960]
Info    2026-08-19 13:30:04:306  DevID:MV-CU060-10GC(DA1691703)  Source-Line:libMVGigEVisionSDK.so(StreamChannel.cpp-L1558)  ProcessName:python3.12(76982)     Description:[StartProxy]Set ImageNodeNum [1]  GrabStrategy [0] success!
Info    2026-08-19 13:30:04:307  DevID:MV-CU060-10GC(DA1691703)  Source-Line:libMVGigEVisionSDK.so(StreamChannel.cpp-L1581)  ProcessName:python3.12(76982)     Description:[StartProxy]Backup Node Size[6295104]
Info    2026-08-19 13:30:04:307  DevID:MV-CU060-10GC(DA1691703)  Source-Line:libMVGigEVisionSDK.so(GigEVisionBufferManager.cpp-L0382)  ProcessName:python3.12(76982)     Description:[GigEBufferManager_Init]Main Buffer List'Length is 2, Lock Buffer List's Length is 1
Info    2026-08-19 13:30:04:307  DevID:MV-CU060-10GC(DA1691703)  Source-Line:libMVGigEVisionSDK.so(GigEVisionGVSP.cpp-L0656)  ProcessName:python3.12(76982)     Description:[GVSPThread]GVSPThread Start, ThreadId[3361724096]
Info    2026-08-19 13:30:04:307  DevID:MV-CU060-10GC(DA1691703)  Source-Line:libMVGigEVisionSDK.so(GigEVisionGVSP.cpp-L0690)  ProcessName:python3.12(76982)     Description:[GVSPThreadProc]GvspTimeout[300], ResendEnable[1], ResendTimeInterval[10], ResendRetryTimes[20], ResendTimeout[50], MaxResendPktsNum[4276]
Info    2026-08-19 13:30:04:307  DevID:MV-CU060-10GC(DA1691703)  Source-Line:libMVGigEVisionSDK.so(StreamChannel.cpp-L1787)  ProcessName:python3.12(76982)     Description:[StartProxy][0]Stream proxy start, Socket mode, GvspDstPort[55383], bResendEnable[1], GvspTimeout[300], ResendTimeInterval[10], SCPS[1500], nPayloadSize[6295104], 3DSpecMode[0], CompressMode[0], bSupportAnnounceBuffer[0]
Info    2026-08-19 13:30:04:307  DevID:MV-CU060-10GC(DA1691703)  Source-Line:libMVGigEVisionSDK.so(GigEVisionManager.cpp-L2137)  ProcessName:python3.12(76982)     Description:[GiGEVision_StartAcquisition]m_nPrivilegeMode[1]
Info    2026-08-19 13:30:04:307  DevID:MV-CU060-10GC(DA1691703)  Source-Line:libMVGigEVisionSDK.so(GigEVisionGVSP.cpp-L0671)  ProcessName:python3.12(76982)     Description:[GVSPResendThread]GVSPResendThread Start, ThreadId[3338655424]
Info    2026-08-19 13:30:04:307  DevID:MV-CU060-10GC(DA1691703)  Source-Line:libMVGigEVisionSDK.so(StreamChannel.cpp-L0578)  ProcessName:python3.12(76982)     Description:[StreamInterEventThread]GigE StreamInterEventThread Start, ThreadId[3330262720]
Info    2026-08-19 13:30:04:309  DevID:MV-CU060-10GC(DA1691703)  Source-Line:libMVGigEVisionSDK.so(GigEVisionManager.cpp-L2164)  ProcessName:python3.12(76982)     Description:[GiGEVision_StartAcquisition][0] [GVCP]GvspSendIP[192.168.1.21], GvspSendPort[55383]
Info    2026-08-19 13:30:04:309  DevID:MV-CU060-10GC(DA1691703)  Source-Line:libMVGigEVisionSDK.so(GigEVisionManager.cpp-L2168)  ProcessName:python3.12(76982)     Description:[GiGEVision_StartAcquisition][0] Acquisition Start Success, use 5 ms
Info    2026-08-19 13:30:04:763  DevID:MV-CU060-10GC(DA1691703)  Source-Line:libMVGigEVisionSDK.so(GigEVisionGVSP.cpp-L0673)  ProcessName:python3.12(76982)     Description:[GVSPResendThread]GVSPResendThread End, ThreadId[3338655424]
Info    2026-08-19 13:30:04:770  DevID:MV-CU060-10GC(DA1691703)  Source-Line:libMVGigEVisionSDK.so(GigEVisionGVSP.cpp-L0658)  ProcessName:python3.12(76982)     Description:[GVSPThread]GVSPThread End, ThreadId[3361724096]
Info    2026-08-19 13:30:04:770  DevID:MV-CU060-10GC(DA1691703)  Source-Line:libMVGigEVisionSDK.so(StreamChannel.cpp-L1069)  ProcessName:python3.12(76982)     Description:[Stop][0] [Socket Mode] GetCount[5], GetCountSucceed[5], NetReceive[5], ThrowAbnormalImage[0], NetLostFrame[0], ThrowInBufList[0], LostPackets[0]
Info    2026-08-19 13:30:04:770  DevID:MV-CU060-10GC(DA1691703)  Source-Line:libMVGigEVisionSDK.so(GigEVisionManager.cpp-L2238)  ProcessName:python3.12(76982)     Description:[GiGEVision_StopAcquisition][0] Acquisition Stop Success, use 10 ms
Info    2026-08-19 13:30:32:657  DevID:MV-CU060-10GC(DA1691703)  Source-Line:libMVGigEVisionSDK.so(GigEVisionBufferManager.cpp-L0382)  ProcessName:python3.12(76982)     Description:[GigEBufferManager_Init]Main Buffer List'Length is 2, Lock Buffer List's Length is 1
Info    2026-08-19 13:30:32:657  DevID:MV-CU060-10GC(DA1691703)  Source-Line:libMVGigEVisionSDK.so(GigEVisionGVSP.cpp-L0656)  ProcessName:python3.12(76982)     Description:[GVSPThread]GVSPThread Start, ThreadId[136836701738688]
Info    2026-08-19 13:30:32:657  DevID:MV-CU060-10GC(DA1691703)  Source-Line:libMVGigEVisionSDK.so(StreamChannel.cpp-L1787)  ProcessName:python3.12(76982)     Description:[StartProxy][0]Stream proxy start, Socket mode, GvspDstPort[55383], bResendEnable[1], GvspTimeout[300], ResendTimeInterval[10], SCPS[1500], nPayloadSize[6295104], 3DSpecMode[0], CompressMode[0], bSupportAnnounceBuffer[0]
Info    2026-08-19 13:30:32:657  DevID:MV-CU060-10GC(DA1691703)  Source-Line:libMVGigEVisionSDK.so(GigEVisionGVSP.cpp-L0671)  ProcessName:python3.12(76982)     Description:[GVSPResendThread]GVSPResendThread Start, ThreadId[136836724807360]
Info    2026-08-19 13:30:32:657  DevID:MV-CU060-10GC(DA1691703)  Source-Line:libMVGigEVisionSDK.so(GigEVisionGVSP.cpp-L0690)  ProcessName:python3.12(76982)     Description:[GVSPThreadProc]GvspTimeout[300], ResendEnable[1], ResendTimeInterval[10], ResendRetryTimes[20], ResendTimeout[50], MaxResendPktsNum[4276]
Info    2026-08-19 13:30:32:657  DevID:MV-CU060-10GC(DA1691703)  Source-Line:libMVGigEVisionSDK.so(GigEVisionManager.cpp-L2137)  ProcessName:python3.12(76982)     Description:[GiGEVision_StartAcquisition]m_nPrivilegeMode[1]
Info    2026-08-19 13:30:32:659  DevID:MV-CU060-10GC(DA1691703)  Source-Line:libMVGigEVisionSDK.so(GigEVisionManager.cpp-L2164)  ProcessName:python3.12(76982)     Description:[GiGEVision_StartAcquisition][0] [GVCP]GvspSendIP[192.168.1.21], GvspSendPort[55383]
Info    2026-08-19 13:30:32:659  DevID:MV-CU060-10GC(DA1691703)  Source-Line:libMVGigEVisionSDK.so(GigEVisionManager.cpp-L2168)  ProcessName:python3.12(76982)     Description:[GiGEVision_StartAcquisition][0] Acquisition Start Success, use 4 ms
Info    2026-08-19 13:30:33:111  DevID:MV-CU060-10GC(DA1691703)  Source-Line:libMVGigEVisionSDK.so(GigEVisionGVSP.cpp-L0673)  ProcessName:python3.12(76982)     Description:[GVSPResendThread]GVSPResendThread End, ThreadId[136836724807360]
Info    2026-08-19 13:30:33:111  DevID:MV-CU060-10GC(DA1691703)  Source-Line:libMVGigEVisionSDK.so(GigEVisionGVSP.cpp-L0658)  ProcessName:python3.12(76982)     Description:[GVSPThread]GVSPThread End, ThreadId[136836701738688]
Info    2026-08-19 13:30:33:112  DevID:MV-CU060-10GC(DA1691703)  Source-Line:libMVGigEVisionSDK.so(StreamChannel.cpp-L1069)  ProcessName:python3.12(76982)     Description:[Stop][0] [Socket Mode] GetCount[5], GetCountSucceed[5], NetReceive[5], ThrowAbnormalImage[0], NetLostFrame[0], ThrowInBufList[0], LostPackets[0]
Info    2026-08-19 13:30:33:112  DevID:MV-CU060-10GC(DA1691703)  Source-Line:libMVGigEVisionSDK.so(GigEVisionManager.cpp-L2238)  ProcessName:python3.12(76982)     Description:[GiGEVision_StopAcquisition][0] Acquisition Stop Success, use 1 ms
Info    2026-08-19 13:31:04:244  DevID:MV-CU060-10GC(DA1691703)  Source-Line:libMVGigEVisionSDK.so(StreamChannel.cpp-L3372)  ProcessName:python3.12(76982)     Description:[PrintfCurrentDevIpAndPort][0] TransmissionType[0], GvspSendIP[192.168.1.21], GvspSendPort[55383], GvspDstIP[192.168.1.21], GvspDstPort[55383]
Info    2026-08-19 13:31:04:246  DevID:MV-CU060-10GC(DA1691703)  Source-Line:libMVGigEVisionSDK.so(GigEVisionManager.cpp-L1602)  ProcessName:python3.12(76982)     Description:[GiGEVision_DisConnectDevice]Disconnect device
Info    2026-08-19 13:31:04:246  DevID:MV-CU060-10GC(DA1691703)  Source-Line:libMVGigEVisionSDK.so(StreamChannel.cpp-L3372)  ProcessName:python3.12(76982)     Description:[PrintfCurrentDevIpAndPort][0] TransmissionType[0], GvspSendIP[192.168.1.21], GvspSendPort[55383], GvspDstIP[192.168.1.21], GvspDstPort[55383]
Info    2026-08-19 13:31:04:246  DevID:MV-CU060-10GC(DA1691703)  Source-Line:libMVGigEVisionSDK.so(StreamChannel.cpp-L0580)  ProcessName:python3.12(76982)     Description:[StreamInterEventThread]GigE StreamInterEventThread End, ThreadId[3330262720]
Info    2026-08-19 13:31:04:356  DevID:MV-CU060-10GC(DA1691703)  Source-Line:libMVGigEVisionSDK.so(GigEVisionMsgChannel.cpp-L0592)  ProcessName:python3.12(76982)     Description:[EventThreadProc]GigEVision EventThreadProc End get  nAllEventNumber [0]
Info    2026-08-19 13:31:04:356  DevID:MV-CU060-10GC(DA1691703)  Source-Line:libMVGigEVisionSDK.so(GigEVisionMsgChannel.cpp-L0283)  ProcessName:python3.12(76982)     Description:[EventThread]GigE EventThread End, ThreadId[136836710131392]
Info    2026-08-19 13:31:04:357  DevID:MV-CU060-10GC(DA1691703)  Source-Line:libMVGigEVisionSDK.so(GigEVisionGVCP.cpp-L0053)  ProcessName:python3.12(76982)     Description:[GVCP_KeepAliveProc]GVCP HeartBeatThread End, ThreadId[136836785632960]
Info    2026-08-19 13:31:13:190  DevID:MV-CU060-10GC(DA1691703)  Source-Line:libMVGigEVisionSDK.so(GigEVisionManager.cpp-L0271)  ProcessName:python3.12(79099)     Description:[Init]Current dynamic library path[/opt/MVS/lib/64/libMVGigEVisionSDK.so]
Warning 2026-08-19 13:31:13:191  DevID:MV-CU060-10GC(DA1691703)  Source-Line:libMVGigEVisionSDK.so(GigEVisionManager.cpp-L0369)  ProcessName:python3.12(79099)     Description:[Init]Driver  Version Match failed, Socket mode start! DriverInstalled[0x80000006], DriverVersion[0x0]
Info    2026-08-19 13:31:13:191  DevID:MV-CU060-10GC(DA1691703)  Source-Line:libMVGigEVisionSDK.so(GigEVisionManager.cpp-L1588)  ProcessName:python3.12(79099)     Description:[GiGEVision_SetNetModule]Connecting device, GvspDstIP[192.168.1.21], GvspDstPort[46774], DeviceIP[192.168.1.20]
Info    2026-08-19 13:31:13:193  DevID:MV-CU060-10GC(DA1691703)  Source-Line:libMVGigEVisionSDK.so(GigEVisionManager.cpp-L3997)  ProcessName:python3.12(79099)     Description:[InitStreamModule]Stream Channel Num: 1
Info    2026-08-19 13:31:13:194  DevID:MV-CU060-10GC(DA1691703)  Source-Line:libMVGigEVisionSDK.so(GigEVisionManager.cpp-L4021)  ProcessName:python3.12(79099)     Description:[InitStreamModule]Stream Moudle Get All Stream Capability.
Info    2026-08-19 13:31:13:194  DevID:MV-CU060-10GC(DA1691703)  Source-Line:libMVGigEVisionSDK.so(GigEVisionManager.cpp-L4024)  ProcessName:python3.12(79099)     Description:[InitStreamModule]Stream 0 Capability: 0x0
Info    2026-08-19 13:31:13:194  DevID:MV-CU060-10GC(DA1691703)  Source-Line:libMVGigEVisionSDK.so(StreamChannel.cpp-L3372)  ProcessName:python3.12(79099)     Description:[PrintfCurrentDevIpAndPort][0] TransmissionType[0], GvspSendIP[192.168.1.21], GvspSendPort[55758], GvspDstIP[192.168.1.21], GvspDstPort[55758]
Info    2026-08-19 13:31:13:203  DevID:MV-CU060-10GC(DA1691703)  Source-Line:libMVGigEVisionSDK.so(GigEVisionMsgChannel.cpp-L0281)  ProcessName:python3.12(79099)     Description:[EventThread]GigE EventThread Start, ThreadId[132628982265536]
Info    2026-08-19 13:31:13:204  DevID:MV-CU060-10GC(DA1691703)  Source-Line:libMVGigEVisionSDK.so(GigEVisionMsgChannel.cpp-L0321)  ProcessName:python3.12(79099)     Description:[EventThreadProc]GigEVision EventThreadProc Begin .
Info    2026-08-19 13:31:13:205  DevID:MV-CU060-10GC(DA1691703)  Source-Line:libMVGigEVisionSDK.so(GigEVisionGVCP.cpp-L0051)  ProcessName:python3.12(79099)     Description:[GVCP_KeepAliveProc]GVCP HeartBeatThread Start, ThreadId[132629261186752]
Info    2026-08-19 13:31:27:148  DevID:MV-CU060-10GC(DA1691703)  Source-Line:libMVGigEVisionSDK.so(StreamChannel.cpp-L1558)  ProcessName:python3.12(79099)     Description:[StartProxy]Set ImageNodeNum [1]  GrabStrategy [0] success!
Info    2026-08-19 13:31:27:148  DevID:MV-CU060-10GC(DA1691703)  Source-Line:libMVGigEVisionSDK.so(StreamChannel.cpp-L1581)  ProcessName:python3.12(79099)     Description:[StartProxy]Backup Node Size[6295104]
Info    2026-08-19 13:31:27:148  DevID:MV-CU060-10GC(DA1691703)  Source-Line:libMVGigEVisionSDK.so(GigEVisionBufferManager.cpp-L0382)  ProcessName:python3.12(79099)     Description:[GigEBufferManager_Init]Main Buffer List'Length is 2, Lock Buffer List's Length is 1
Info    2026-08-19 13:31:27:149  DevID:MV-CU060-10GC(DA1691703)  Source-Line:libMVGigEVisionSDK.so(GigEVisionGVSP.cpp-L0656)  ProcessName:python3.12(79099)     Description:[GVSPThread]GVSPThread Start, ThreadId[614454976]
Info    2026-08-19 13:31:27:149  DevID:MV-CU060-10GC(DA1691703)  Source-Line:libMVGigEVisionSDK.so(GigEVisionGVSP.cpp-L0690)  ProcessName:python3.12(79099)     Description:[GVSPThreadProc]GvspTimeout[300], ResendEnable[1], ResendTimeInterval[10], ResendRetryTimes[20], ResendTimeout[50], MaxResendPktsNum[4276]
Info    2026-08-19 13:31:27:149  DevID:MV-CU060-10GC(DA1691703)  Source-Line:libMVGigEVisionSDK.so(GigEVisionGVSP.cpp-L0671)  ProcessName:python3.12(79099)     Description:[GVSPResendThread]GVSPResendThread Start, ThreadId[536868544]
Info    2026-08-19 13:31:27:149  DevID:MV-CU060-10GC(DA1691703)  Source-Line:libMVGigEVisionSDK.so(StreamChannel.cpp-L1787)  ProcessName:python3.12(79099)     Description:[StartProxy][0]Stream proxy start, Socket mode, GvspDstPort[55758], bResendEnable[1], GvspTimeout[300], ResendTimeInterval[10], SCPS[1500], nPayloadSize[6295104], 3DSpecMode[0], CompressMode[0], bSupportAnnounceBuffer[0]
Info    2026-08-19 13:31:27:149  DevID:MV-CU060-10GC(DA1691703)  Source-Line:libMVGigEVisionSDK.so(StreamChannel.cpp-L0578)  ProcessName:python3.12(79099)     Description:[StreamInterEventThread]GigE StreamInterEventThread Start, ThreadId[528475840]
Info    2026-08-19 13:31:27:149  DevID:MV-CU060-10GC(DA1691703)  Source-Line:libMVGigEVisionSDK.so(GigEVisionManager.cpp-L2137)  ProcessName:python3.12(79099)     Description:[GiGEVision_StartAcquisition]m_nPrivilegeMode[1]
Info    2026-08-19 13:31:27:151  DevID:MV-CU060-10GC(DA1691703)  Source-Line:libMVGigEVisionSDK.so(GigEVisionManager.cpp-L2164)  ProcessName:python3.12(79099)     Description:[GiGEVision_StartAcquisition][0] [GVCP]GvspSendIP[192.168.1.21], GvspSendPort[55758]
Info    2026-08-19 13:31:27:151  DevID:MV-CU060-10GC(DA1691703)  Source-Line:libMVGigEVisionSDK.so(GigEVisionManager.cpp-L2168)  ProcessName:python3.12(79099)     Description:[GiGEVision_StartAcquisition][0] Acquisition Start Success, use 5 ms
Info    2026-08-19 13:31:27:598  DevID:MV-CU060-10GC(DA1691703)  Source-Line:libMVGigEVisionSDK.so(GigEVisionGVSP.cpp-L0673)  ProcessName:python3.12(79099)     Description:[GVSPResendThread]GVSPResendThread End, ThreadId[536868544]
Info    2026-08-19 13:31:27:599  DevID:MV-CU060-10GC(DA1691703)  Source-Line:libMVGigEVisionSDK.so(GigEVisionGVSP.cpp-L0658)  ProcessName:python3.12(79099)     Description:[GVSPThread]GVSPThread End, ThreadId[614454976]
Info    2026-08-19 13:31:27:599  DevID:MV-CU060-10GC(DA1691703)  Source-Line:libMVGigEVisionSDK.so(StreamChannel.cpp-L1069)  ProcessName:python3.12(79099)     Description:[Stop][0] [Socket Mode] GetCount[5], GetCountSucceed[5], NetReceive[5], ThrowAbnormalImage[0], NetLostFrame[0], ThrowInBufList[0], LostPackets[0]
Info    2026-08-19 13:31:27:599  DevID:MV-CU060-10GC(DA1691703)  Source-Line:libMVGigEVisionSDK.so(GigEVisionManager.cpp-L2238)  ProcessName:python3.12(79099)     Description:[GiGEVision_StopAcquisition][0] Acquisition Stop Success, use 9 ms
Info    2026-08-19 13:31:58:458  DevID:MV-CU060-10GC(DA1691703)  Source-Line:libMVGigEVisionSDK.so(GigEVisionBufferManager.cpp-L0382)  ProcessName:python3.12(79099)     Description:[GigEBufferManager_Init]Main Buffer List'Length is 2, Lock Buffer List's Length is 1
Info    2026-08-19 13:31:58:458  DevID:MV-CU060-10GC(DA1691703)  Source-Line:libMVGigEVisionSDK.so(GigEVisionGVSP.cpp-L0656)  ProcessName:python3.12(79099)     Description:[GVSPThread]GVSPThread Start, ThreadId[132629126969024]
Info    2026-08-19 13:31:58:458  DevID:MV-CU060-10GC(DA1691703)  Source-Line:libMVGigEVisionSDK.so(GigEVisionGVSP.cpp-L0671)  ProcessName:python3.12(79099)     Description:[GVSPResendThread]GVSPResendThread Start, ThreadId[132629204555456]
Info    2026-08-19 13:31:58:458  DevID:MV-CU060-10GC(DA1691703)  Source-Line:libMVGigEVisionSDK.so(StreamChannel.cpp-L1787)  ProcessName:python3.12(79099)     Description:[StartProxy][0]Stream proxy start, Socket mode, GvspDstPort[55758], bResendEnable[1], GvspTimeout[300], ResendTimeInterval[10], SCPS[1500], nPayloadSize[6295104], 3DSpecMode[0], CompressMode[0], bSupportAnnounceBuffer[0]
Info    2026-08-19 13:31:58:458  DevID:MV-CU060-10GC(DA1691703)  Source-Line:libMVGigEVisionSDK.so(GigEVisionManager.cpp-L2137)  ProcessName:python3.12(79099)     Description:[GiGEVision_StartAcquisition]m_nPrivilegeMode[1]
Info    2026-08-19 13:31:58:458  DevID:MV-CU060-10GC(DA1691703)  Source-Line:libMVGigEVisionSDK.so(GigEVisionGVSP.cpp-L0690)  ProcessName:python3.12(79099)     Description:[GVSPThreadProc]GvspTimeout[300], ResendEnable[1], ResendTimeInterval[10], ResendRetryTimes[20], ResendTimeout[50], MaxResendPktsNum[4276]
Info    2026-08-19 13:31:58:460  DevID:MV-CU060-10GC(DA1691703)  Source-Line:libMVGigEVisionSDK.so(GigEVisionManager.cpp-L2164)  ProcessName:python3.12(79099)     Description:[GiGEVision_StartAcquisition][0] [GVCP]GvspSendIP[192.168.1.21], GvspSendPort[55758]
Info    2026-08-19 13:31:58:460  DevID:MV-CU060-10GC(DA1691703)  Source-Line:libMVGigEVisionSDK.so(GigEVisionManager.cpp-L2168)  ProcessName:python3.12(79099)     Description:[GiGEVision_StartAcquisition][0] Acquisition Start Success, use 3 ms
Info    2026-08-19 13:31:58:915  DevID:MV-CU060-10GC(DA1691703)  Source-Line:libMVGigEVisionSDK.so(GigEVisionGVSP.cpp-L0658)  ProcessName:python3.12(79099)     Description:[GVSPThread]GVSPThread End, ThreadId[132629126969024]
Warning 2026-08-19 13:31:58:915  DevID:MV-CU060-10GC(DA1691703)  Source-Line:libMVGigEVisionSDK.so(GigEVisionGVSP.cpp-L0775)  ProcessName:python3.12(79099)     Description:[GVSPResendThreadProc]WaitForSingleEvent(Timer) failed: 0x6e
Info    2026-08-19 13:31:58:915  DevID:MV-CU060-10GC(DA1691703)  Source-Line:libMVGigEVisionSDK.so(GigEVisionGVSP.cpp-L0673)  ProcessName:python3.12(79099)     Description:[GVSPResendThread]GVSPResendThread End, ThreadId[132629204555456]
Info    2026-08-19 13:31:58:915  DevID:MV-CU060-10GC(DA1691703)  Source-Line:libMVGigEVisionSDK.so(StreamChannel.cpp-L1069)  ProcessName:python3.12(79099)     Description:[Stop][0] [Socket Mode] GetCount[5], GetCountSucceed[5], NetReceive[5], ThrowAbnormalImage[0], NetLostFrame[0], ThrowInBufList[0], LostPackets[0]
Info    2026-08-19 13:31:58:915  DevID:MV-CU060-10GC(DA1691703)  Source-Line:libMVGigEVisionSDK.so(GigEVisionManager.cpp-L2238)  ProcessName:python3.12(79099)     Description:[GiGEVision_StopAcquisition][0] Acquisition Stop Success, use 4 ms
Info    2026-08-19 13:32:31:970  DevID:MV-CU060-10GC(DA1691703)  Source-Line:libMVGigEVisionSDK.so(GigEVisionBufferManager.cpp-L0382)  ProcessName:python3.12(79099)     Description:[GigEBufferManager_Init]Main Buffer List'Length is 2, Lock Buffer List's Length is 1
Info    2026-08-19 13:32:31:971  DevID:MV-CU060-10GC(DA1691703)  Source-Line:libMVGigEVisionSDK.so(GigEVisionGVSP.cpp-L0656)  ProcessName:python3.12(79099)     Description:[GVSPThread]GVSPThread Start, ThreadId[132629204555456]
Info    2026-08-19 13:32:31:971  DevID:MV-CU060-10GC(DA1691703)  Source-Line:libMVGigEVisionSDK.so(StreamChannel.cpp-L1787)  ProcessName:python3.12(79099)     Description:[StartProxy][0]Stream proxy start, Socket mode, GvspDstPort[55758], bResendEnable[1], GvspTimeout[300], ResendTimeInterval[10], SCPS[1500], nPayloadSize[6295104], 3DSpecMode[0], CompressMode[0], bSupportAnnounceBuffer[0]
Info    2026-08-19 13:32:31:971  DevID:MV-CU060-10GC(DA1691703)  Source-Line:libMVGigEVisionSDK.so(GigEVisionGVSP.cpp-L0671)  ProcessName:python3.12(79099)     Description:[GVSPResendThread]GVSPResendThread Start, ThreadId[132629126969024]
Info    2026-08-19 13:32:31:971  DevID:MV-CU060-10GC(DA1691703)  Source-Line:libMVGigEVisionSDK.so(GigEVisionGVSP.cpp-L0690)  ProcessName:python3.12(79099)     Description:[GVSPThreadProc]GvspTimeout[300], ResendEnable[1], ResendTimeInterval[10], ResendRetryTimes[20], ResendTimeout[50], MaxResendPktsNum[4276]
Info    2026-08-19 13:32:31:971  DevID:MV-CU060-10GC(DA1691703)  Source-Line:libMVGigEVisionSDK.so(GigEVisionManager.cpp-L2137)  ProcessName:python3.12(79099)     Description:[GiGEVision_StartAcquisition]m_nPrivilegeMode[1]
Info    2026-08-19 13:32:31:972  DevID:MV-CU060-10GC(DA1691703)  Source-Line:libMVGigEVisionSDK.so(GigEVisionManager.cpp-L2164)  ProcessName:python3.12(79099)     Description:[GiGEVision_StartAcquisition][0] [GVCP]GvspSendIP[192.168.1.21], GvspSendPort[55758]
Info    2026-08-19 13:32:31:972  DevID:MV-CU060-10GC(DA1691703)  Source-Line:libMVGigEVisionSDK.so(GigEVisionManager.cpp-L2168)  ProcessName:python3.12(79099)     Description:[GiGEVision_StartAcquisition][0] Acquisition Start Success, use 3 ms
Info    2026-08-19 13:32:32:377  DevID:MV-CU060-10GC(DA1691703)  Source-Line:libMVGigEVisionSDK.so(GigEVisionGVSP.cpp-L0438)  ProcessName:python3.12(79099)     Description:[TrimOutputQueue]TrimOutputQueue ThrowInBufList[1]
Warning 2026-08-19 13:32:32:409  DevID:MV-CU060-10GC(DA1691703)  Source-Line:libMVGigEVisionSDK.so(StreamChannel.cpp-L3070)  ProcessName:python3.12(79099)     Description:[GetImageBuffer][GetImageBuffer]The frame number is not continuous, PreFrameNum[3], CurFrameNum[140728898420741]
Info    2026-08-19 13:32:32:579  DevID:MV-CU060-10GC(DA1691703)  Source-Line:libMVGigEVisionSDK.so(GigEVisionGVSP.cpp-L0438)  ProcessName:python3.12(79099)     Description:[TrimOutputQueue]TrimOutputQueue ThrowInBufList[2]
Info    2026-08-19 13:32:32:625  DevID:MV-CU060-10GC(DA1691703)  Source-Line:libMVGigEVisionSDK.so(GigEVisionGVSP.cpp-L0658)  ProcessName:python3.12(79099)     Description:[GVSPThread]GVSPThread End, ThreadId[132629204555456]
Warning 2026-08-19 13:32:32:625  DevID:MV-CU060-10GC(DA1691703)  Source-Line:libMVGigEVisionSDK.so(GigEVisionGVSP.cpp-L0775)  ProcessName:python3.12(79099)     Description:[GVSPResendThreadProc]WaitForSingleEvent(Timer) failed: 0x6e
Info    2026-08-19 13:32:32:625  DevID:MV-CU060-10GC(DA1691703)  Source-Line:libMVGigEVisionSDK.so(GigEVisionGVSP.cpp-L0673)  ProcessName:python3.12(79099)     Description:[GVSPResendThread]GVSPResendThread End, ThreadId[132629126969024]
Info    2026-08-19 13:32:32:625  DevID:MV-CU060-10GC(DA1691703)  Source-Line:libMVGigEVisionSDK.so(StreamChannel.cpp-L1069)  ProcessName:python3.12(79099)     Description:[Stop][0] [Socket Mode] GetCount[5], GetCountSucceed[5], NetReceive[8], ThrowAbnormalImage[0], NetLostFrame[0], ThrowInBufList[2], LostPackets[0]
Info    2026-08-19 13:32:32:625  DevID:MV-CU060-10GC(DA1691703)  Source-Line:libMVGigEVisionSDK.so(GigEVisionManager.cpp-L2238)  ProcessName:python3.12(79099)     Description:[GiGEVision_StopAcquisition][0] Acquisition Stop Success, use 4 ms
Info    2026-08-19 13:33:04:576  DevID:MV-CU060-10GC(DA1691703)  Source-Line:libMVGigEVisionSDK.so(GigEVisionBufferManager.cpp-L0382)  ProcessName:python3.12(79099)     Description:[GigEBufferManager_Init]Main Buffer List'Length is 2, Lock Buffer List's Length is 1
Info    2026-08-19 13:33:04:577  DevID:MV-CU060-10GC(DA1691703)  Source-Line:libMVGigEVisionSDK.so(GigEVisionGVSP.cpp-L0656)  ProcessName:python3.12(79099)     Description:[GVSPThread]GVSPThread Start, ThreadId[132629126969024]
Info    2026-08-19 13:33:04:577  DevID:MV-CU060-10GC(DA1691703)  Source-Line:libMVGigEVisionSDK.so(StreamChannel.cpp-L1787)  ProcessName:python3.12(79099)     Description:[StartProxy][0]Stream proxy start, Socket mode, GvspDstPort[55758], bResendEnable[1], GvspTimeout[300], ResendTimeInterval[10], SCPS[1500], nPayloadSize[6295104], 3DSpecMode[0], CompressMode[0], bSupportAnnounceBuffer[0]
Info    2026-08-19 13:33:04:577  DevID:MV-CU060-10GC(DA1691703)  Source-Line:libMVGigEVisionSDK.so(GigEVisionGVSP.cpp-L0690)  ProcessName:python3.12(79099)     Description:[GVSPThreadProc]GvspTimeout[300], ResendEnable[1], ResendTimeInterval[10], ResendRetryTimes[20], ResendTimeout[50], MaxResendPktsNum[4276]
Info    2026-08-19 13:33:04:577  DevID:MV-CU060-10GC(DA1691703)  Source-Line:libMVGigEVisionSDK.so(GigEVisionGVSP.cpp-L0671)  ProcessName:python3.12(79099)     Description:[GVSPResendThread]GVSPResendThread Start, ThreadId[132629204555456]
Info    2026-08-19 13:33:04:577  DevID:MV-CU060-10GC(DA1691703)  Source-Line:libMVGigEVisionSDK.so(GigEVisionManager.cpp-L2137)  ProcessName:python3.12(79099)     Description:[GiGEVision_StartAcquisition]m_nPrivilegeMode[1]
Info    2026-08-19 13:33:04:578  DevID:MV-CU060-10GC(DA1691703)  Source-Line:libMVGigEVisionSDK.so(GigEVisionManager.cpp-L2164)  ProcessName:python3.12(79099)     Description:[GiGEVision_StartAcquisition][0] [GVCP]GvspSendIP[192.168.1.21], GvspSendPort[55758]
Info    2026-08-19 13:33:04:578  DevID:MV-CU060-10GC(DA1691703)  Source-Line:libMVGigEVisionSDK.so(GigEVisionManager.cpp-L2168)  ProcessName:python3.12(79099)     Description:[GiGEVision_StartAcquisition][0] Acquisition Start Success, use 3 ms
Info    2026-08-19 13:33:05:086  DevID:MV-CU060-10GC(DA1691703)  Source-Line:libMVGigEVisionSDK.so(GigEVisionGVSP.cpp-L0673)  ProcessName:python3.12(79099)     Description:[GVSPResendThread]GVSPResendThread End, ThreadId[132629204555456]
Info    2026-08-19 13:33:05:089  DevID:MV-CU060-10GC(DA1691703)  Source-Line:libMVGigEVisionSDK.so(GigEVisionGVSP.cpp-L0658)  ProcessName:python3.12(79099)     Description:[GVSPThread]GVSPThread End, ThreadId[132629126969024]
Info    2026-08-19 13:33:05:089  DevID:MV-CU060-10GC(DA1691703)  Source-Line:libMVGigEVisionSDK.so(StreamChannel.cpp-L1069)  ProcessName:python3.12(79099)     Description:[Stop][0] [Socket Mode] GetCount[5], GetCountSucceed[5], NetReceive[6], ThrowAbnormalImage[0], NetLostFrame[0], ThrowInBufList[0], LostPackets[0]
Info    2026-08-19 13:33:05:089  DevID:MV-CU060-10GC(DA1691703)  Source-Line:libMVGigEVisionSDK.so(GigEVisionManager.cpp-L2238)  ProcessName:python3.12(79099)     Description:[GiGEVision_StopAcquisition][0] Acquisition Stop Success, use 8 ms
Info    2026-08-19 13:33:35:903  DevID:MV-CU060-10GC(DA1691703)  Source-Line:libMVGigEVisionSDK.so(GigEVisionBufferManager.cpp-L0382)  ProcessName:python3.12(79099)     Description:[GigEBufferManager_Init]Main Buffer List'Length is 2, Lock Buffer List's Length is 1
Info    2026-08-19 13:33:35:903  DevID:MV-CU060-10GC(DA1691703)  Source-Line:libMVGigEVisionSDK.so(GigEVisionGVSP.cpp-L0656)  ProcessName:python3.12(79099)     Description:[GVSPThread]GVSPThread Start, ThreadId[132629204555456]
Info    2026-08-19 13:33:35:903  DevID:MV-CU060-10GC(DA1691703)  Source-Line:libMVGigEVisionSDK.so(GigEVisionGVSP.cpp-L0690)  ProcessName:python3.12(79099)     Description:[GVSPThreadProc]GvspTimeout[300], ResendEnable[1], ResendTimeInterval[10], ResendRetryTimes[20], ResendTimeout[50], MaxResendPktsNum[4276]
Info    2026-08-19 13:33:35:903  DevID:MV-CU060-10GC(DA1691703)  Source-Line:libMVGigEVisionSDK.so(GigEVisionGVSP.cpp-L0671)  ProcessName:python3.12(79099)     Description:[GVSPResendThread]GVSPResendThread Start, ThreadId[132629126969024]
Info    2026-08-19 13:33:35:903  DevID:MV-CU060-10GC(DA1691703)  Source-Line:libMVGigEVisionSDK.so(StreamChannel.cpp-L1787)  ProcessName:python3.12(79099)     Description:[StartProxy][0]Stream proxy start, Socket mode, GvspDstPort[55758], bResendEnable[1], GvspTimeout[300], ResendTimeInterval[10], SCPS[1500], nPayloadSize[6295104], 3DSpecMode[0], CompressMode[0], bSupportAnnounceBuffer[0]
Info    2026-08-19 13:33:35:904  DevID:MV-CU060-10GC(DA1691703)  Source-Line:libMVGigEVisionSDK.so(GigEVisionManager.cpp-L2137)  ProcessName:python3.12(79099)     Description:[GiGEVision_StartAcquisition]m_nPrivilegeMode[1]
Info    2026-08-19 13:33:35:905  DevID:MV-CU060-10GC(DA1691703)  Source-Line:libMVGigEVisionSDK.so(GigEVisionManager.cpp-L2164)  ProcessName:python3.12(79099)     Description:[GiGEVision_StartAcquisition][0] [GVCP]GvspSendIP[192.168.1.21], GvspSendPort[55758]
Info    2026-08-19 13:33:35:905  DevID:MV-CU060-10GC(DA1691703)  Source-Line:libMVGigEVisionSDK.so(GigEVisionManager.cpp-L2168)  ProcessName:python3.12(79099)     Description:[GiGEVision_StartAcquisition][0] Acquisition Start Success, use 4 ms
Info    2026-08-19 13:33:36:415  DevID:MV-CU060-10GC(DA1691703)  Source-Line:libMVGigEVisionSDK.so(GigEVisionGVSP.cpp-L0673)  ProcessName:python3.12(79099)     Description:[GVSPResendThread]GVSPResendThread End, ThreadId[132629126969024]
Info    2026-08-19 13:33:36:418  DevID:MV-CU060-10GC(DA1691703)  Source-Line:libMVGigEVisionSDK.so(GigEVisionGVSP.cpp-L0658)  ProcessName:python3.12(79099)     Description:[GVSPThread]GVSPThread End, ThreadId[132629204555456]
Info    2026-08-19 13:33:36:418  DevID:MV-CU060-10GC(DA1691703)  Source-Line:libMVGigEVisionSDK.so(StreamChannel.cpp-L1069)  ProcessName:python3.12(79099)     Description:[Stop][0] [Socket Mode] GetCount[5], GetCountSucceed[5], NetReceive[6], ThrowAbnormalImage[0], NetLostFrame[0], ThrowInBufList[0], LostPackets[0]
Info    2026-08-19 13:33:36:418  DevID:MV-CU060-10GC(DA1691703)  Source-Line:libMVGigEVisionSDK.so(GigEVisionManager.cpp-L2238)  ProcessName:python3.12(79099)     Description:[GiGEVision_StopAcquisition][0] Acquisition Stop Success, use 7 ms
Info    2026-08-19 13:34:06:304  DevID:MV-CU060-10GC(DA1691703)  Source-Line:libMVGigEVisionSDK.so(GigEVisionBufferManager.cpp-L0382)  ProcessName:python3.12(79099)     Description:[GigEBufferManager_Init]Main Buffer List'Length is 2, Lock Buffer List's Length is 1
Info    2026-08-19 13:34:06:304  DevID:MV-CU060-10GC(DA1691703)  Source-Line:libMVGigEVisionSDK.so(GigEVisionGVSP.cpp-L0656)  ProcessName:python3.12(79099)     Description:[GVSPThread]GVSPThread Start, ThreadId[132629126969024]
Info    2026-08-19 13:34:06:304  DevID:MV-CU060-10GC(DA1691703)  Source-Line:libMVGigEVisionSDK.so(StreamChannel.cpp-L1787)  ProcessName:python3.12(79099)     Description:[StartProxy][0]Stream proxy start, Socket mode, GvspDstPort[55758], bResendEnable[1], GvspTimeout[300], ResendTimeInterval[10], SCPS[1500], nPayloadSize[6295104], 3DSpecMode[0], CompressMode[0], bSupportAnnounceBuffer[0]
Info    2026-08-19 13:34:06:304  DevID:MV-CU060-10GC(DA1691703)  Source-Line:libMVGigEVisionSDK.so(GigEVisionGVSP.cpp-L0671)  ProcessName:python3.12(79099)     Description:[GVSPResendThread]GVSPResendThread Start, ThreadId[132629204555456]
Info    2026-08-19 13:34:06:304  DevID:MV-CU060-10GC(DA1691703)  Source-Line:libMVGigEVisionSDK.so(GigEVisionGVSP.cpp-L0690)  ProcessName:python3.12(79099)     Description:[GVSPThreadProc]GvspTimeout[300], ResendEnable[1], ResendTimeInterval[10], ResendRetryTimes[20], ResendTimeout[50], MaxResendPktsNum[4276]
Info    2026-08-19 13:34:06:304  DevID:MV-CU060-10GC(DA1691703)  Source-Line:libMVGigEVisionSDK.so(GigEVisionManager.cpp-L2137)  ProcessName:python3.12(79099)     Description:[GiGEVision_StartAcquisition]m_nPrivilegeMode[1]
Info    2026-08-19 13:34:06:306  DevID:MV-CU060-10GC(DA1691703)  Source-Line:libMVGigEVisionSDK.so(GigEVisionManager.cpp-L2164)  ProcessName:python3.12(79099)     Description:[GiGEVision_StartAcquisition][0] [GVCP]GvspSendIP[192.168.1.21], GvspSendPort[55758]
Info    2026-08-19 13:34:06:306  DevID:MV-CU060-10GC(DA1691703)  Source-Line:libMVGigEVisionSDK.so(GigEVisionManager.cpp-L2168)  ProcessName:python3.12(79099)     Description:[GiGEVision_StartAcquisition][0] Acquisition Start Success, use 3 ms
Info    2026-08-19 13:34:06:816  DevID:MV-CU060-10GC(DA1691703)  Source-Line:libMVGigEVisionSDK.so(GigEVisionGVSP.cpp-L0673)  ProcessName:python3.12(79099)     Description:[GVSPResendThread]GVSPResendThread End, ThreadId[132629204555456]
Info    2026-08-19 13:34:06:820  DevID:MV-CU060-10GC(DA1691703)  Source-Line:libMVGigEVisionSDK.so(GigEVisionGVSP.cpp-L0658)  ProcessName:python3.12(79099)     Description:[GVSPThread]GVSPThread End, ThreadId[132629126969024]
Info    2026-08-19 13:34:06:821  DevID:MV-CU060-10GC(DA1691703)  Source-Line:libMVGigEVisionSDK.so(StreamChannel.cpp-L1069)  ProcessName:python3.12(79099)     Description:[Stop][0] [Socket Mode] GetCount[5], GetCountSucceed[5], NetReceive[6], ThrowAbnormalImage[0], NetLostFrame[0], ThrowInBufList[0], LostPackets[0]
Info    2026-08-19 13:34:06:821  DevID:MV-CU060-10GC(DA1691703)  Source-Line:libMVGigEVisionSDK.so(GigEVisionManager.cpp-L2238)  ProcessName:python3.12(79099)     Description:[GiGEVision_StopAcquisition][0] Acquisition Stop Success, use 9 ms
Info    2026-08-19 13:34:36:799  DevID:MV-CU060-10GC(DA1691703)  Source-Line:libMVGigEVisionSDK.so(GigEVisionBufferManager.cpp-L0382)  ProcessName:python3.12(79099)     Description:[GigEBufferManager_Init]Main Buffer List'Length is 2, Lock Buffer List's Length is 1
Info    2026-08-19 13:34:36:799  DevID:MV-CU060-10GC(DA1691703)  Source-Line:libMVGigEVisionSDK.so(GigEVisionGVSP.cpp-L0656)  ProcessName:python3.12(79099)     Description:[GVSPThread]GVSPThread Start, ThreadId[132629204555456]
Info    2026-08-19 13:34:36:799  DevID:MV-CU060-10GC(DA1691703)  Source-Line:libMVGigEVisionSDK.so(StreamChannel.cpp-L1787)  ProcessName:python3.12(79099)     Description:[StartProxy][0]Stream proxy start, Socket mode, GvspDstPort[55758], bResendEnable[1], GvspTimeout[300], ResendTimeInterval[10], SCPS[1500], nPayloadSize[6295104], 3DSpecMode[0], CompressMode[0], bSupportAnnounceBuffer[0]
Info    2026-08-19 13:34:36:799  DevID:MV-CU060-10GC(DA1691703)  Source-Line:libMVGigEVisionSDK.so(GigEVisionGVSP.cpp-L0671)  ProcessName:python3.12(79099)     Description:[GVSPResendThread]GVSPResendThread Start, ThreadId[132629126969024]
Info    2026-08-19 13:34:36:799  DevID:MV-CU060-10GC(DA1691703)  Source-Line:libMVGigEVisionSDK.so(GigEVisionGVSP.cpp-L0690)  ProcessName:python3.12(79099)     Description:[GVSPThreadProc]GvspTimeout[300], ResendEnable[1], ResendTimeInterval[10], ResendRetryTimes[20], ResendTimeout[50], MaxResendPktsNum[4276]
Info    2026-08-19 13:34:36:799  DevID:MV-CU060-10GC(DA1691703)  Source-Line:libMVGigEVisionSDK.so(GigEVisionManager.cpp-L2137)  ProcessName:python3.12(79099)     Description:[GiGEVision_StartAcquisition]m_nPrivilegeMode[1]
Info    2026-08-19 13:34:36:801  DevID:MV-CU060-10GC(DA1691703)  Source-Line:libMVGigEVisionSDK.so(GigEVisionManager.cpp-L2164)  ProcessName:python3.12(79099)     Description:[GiGEVision_StartAcquisition][0] [GVCP]GvspSendIP[192.168.1.21], GvspSendPort[55758]
Info    2026-08-19 13:34:36:801  DevID:MV-CU060-10GC(DA1691703)  Source-Line:libMVGigEVisionSDK.so(GigEVisionManager.cpp-L2168)  ProcessName:python3.12(79099)     Description:[GiGEVision_StartAcquisition][0] Acquisition Start Success, use 3 ms
Info    2026-08-19 13:34:37:285  DevID:MV-CU060-10GC(DA1691703)  Source-Line:libMVGigEVisionSDK.so(GigEVisionGVSP.cpp-L0658)  ProcessName:python3.12(79099)     Description:[GVSPThread]GVSPThread End, ThreadId[132629204555456]
Warning 2026-08-19 13:34:37:285  DevID:MV-CU060-10GC(DA1691703)  Source-Line:libMVGigEVisionSDK.so(GigEVisionGVSP.cpp-L0775)  ProcessName:python3.12(79099)     Description:[GVSPResendThreadProc]WaitForSingleEvent(Timer) failed: 0x6e
Info    2026-08-19 13:34:37:285  DevID:MV-CU060-10GC(DA1691703)  Source-Line:libMVGigEVisionSDK.so(GigEVisionGVSP.cpp-L0673)  ProcessName:python3.12(79099)     Description:[GVSPResendThread]GVSPResendThread End, ThreadId[132629126969024]
Info    2026-08-19 13:34:37:285  DevID:MV-CU060-10GC(DA1691703)  Source-Line:libMVGigEVisionSDK.so(StreamChannel.cpp-L1069)  ProcessName:python3.12(79099)     Description:[Stop][0] [Socket Mode] GetCount[5], GetCountSucceed[5], NetReceive[6], ThrowAbnormalImage[0], NetLostFrame[0], ThrowInBufList[0], LostPackets[0]
Info    2026-08-19 13:34:37:285  DevID:MV-CU060-10GC(DA1691703)  Source-Line:libMVGigEVisionSDK.so(GigEVisionManager.cpp-L2238)  ProcessName:python3.12(79099)     Description:[GiGEVision_StopAcquisition][0] Acquisition Stop Success, use 4 ms
Info    2026-08-19 13:34:41:573  DevID:MV-CU060-10GC(DA1691703)  Source-Line:libMVGigEVisionSDK.so(StreamChannel.cpp-L3372)  ProcessName:python3.12(79099)     Description:[PrintfCurrentDevIpAndPort][0] TransmissionType[0], GvspSendIP[192.168.1.21], GvspSendPort[55758], GvspDstIP[192.168.1.21], GvspDstPort[55758]
Info    2026-08-19 13:34:41:575  DevID:MV-CU060-10GC(DA1691703)  Source-Line:libMVGigEVisionSDK.so(GigEVisionManager.cpp-L1602)  ProcessName:python3.12(79099)     Description:[GiGEVision_DisConnectDevice]Disconnect device
Info    2026-08-19 13:34:41:575  DevID:MV-CU060-10GC(DA1691703)  Source-Line:libMVGigEVisionSDK.so(StreamChannel.cpp-L3372)  ProcessName:python3.12(79099)     Description:[PrintfCurrentDevIpAndPort][0] TransmissionType[0], GvspSendIP[192.168.1.21], GvspSendPort[55758], GvspDstIP[192.168.1.21], GvspDstPort[55758]
Info    2026-08-19 13:34:41:575  DevID:MV-CU060-10GC(DA1691703)  Source-Line:libMVGigEVisionSDK.so(StreamChannel.cpp-L0580)  ProcessName:python3.12(79099)     Description:[StreamInterEventThread]GigE StreamInterEventThread End, ThreadId[528475840]
Info    2026-08-19 13:34:41:679  DevID:MV-CU060-10GC(DA1691703)  Source-Line:libMVGigEVisionSDK.so(GigEVisionMsgChannel.cpp-L0592)  ProcessName:python3.12(79099)     Description:[EventThreadProc]GigEVision EventThreadProc End get  nAllEventNumber [0]
Info    2026-08-19 13:34:41:679  DevID:MV-CU060-10GC(DA1691703)  Source-Line:libMVGigEVisionSDK.so(GigEVisionMsgChannel.cpp-L0283)  ProcessName:python3.12(79099)     Description:[EventThread]GigE EventThread End, ThreadId[132628982265536]
Info    2026-08-19 13:34:41:680  DevID:MV-CU060-10GC(DA1691703)  Source-Line:libMVGigEVisionSDK.so(GigEVisionGVCP.cpp-L0053)  ProcessName:python3.12(79099)     Description:[GVCP_KeepAliveProc]GVCP HeartBeatThread End, ThreadId[132629261186752]
Info    2026-08-19 13:34:48:272  DevID:MV-CU060-10GC(DA1691703)  Source-Line:libMVGigEVisionSDK.so(GigEVisionManager.cpp-L0271)  ProcessName:python3.12(84250)     Description:[Init]Current dynamic library path[/opt/MVS/lib/64/libMVGigEVisionSDK.so]
Warning 2026-08-19 13:34:48:272  DevID:MV-CU060-10GC(DA1691703)  Source-Line:libMVGigEVisionSDK.so(GigEVisionManager.cpp-L0369)  ProcessName:python3.12(84250)     Description:[Init]Driver  Version Match failed, Socket mode start! DriverInstalled[0x80000006], DriverVersion[0x0]
Info    2026-08-19 13:34:48:272  DevID:MV-CU060-10GC(DA1691703)  Source-Line:libMVGigEVisionSDK.so(GigEVisionManager.cpp-L1588)  ProcessName:python3.12(84250)     Description:[GiGEVision_SetNetModule]Connecting device, GvspDstIP[192.168.1.21], GvspDstPort[54503], DeviceIP[192.168.1.20]
Info    2026-08-19 13:34:48:274  DevID:MV-CU060-10GC(DA1691703)  Source-Line:libMVGigEVisionSDK.so(GigEVisionManager.cpp-L3997)  ProcessName:python3.12(84250)     Description:[InitStreamModule]Stream Channel Num: 1
Info    2026-08-19 13:34:48:275  DevID:MV-CU060-10GC(DA1691703)  Source-Line:libMVGigEVisionSDK.so(GigEVisionManager.cpp-L4021)  ProcessName:python3.12(84250)     Description:[InitStreamModule]Stream Moudle Get All Stream Capability.
Info    2026-08-19 13:34:48:275  DevID:MV-CU060-10GC(DA1691703)  Source-Line:libMVGigEVisionSDK.so(GigEVisionManager.cpp-L4024)  ProcessName:python3.12(84250)     Description:[InitStreamModule]Stream 0 Capability: 0x0
Info    2026-08-19 13:34:48:275  DevID:MV-CU060-10GC(DA1691703)  Source-Line:libMVGigEVisionSDK.so(StreamChannel.cpp-L3372)  ProcessName:python3.12(84250)     Description:[PrintfCurrentDevIpAndPort][0] TransmissionType[0], GvspSendIP[192.168.1.21], GvspSendPort[47594], GvspDstIP[192.168.1.21], GvspDstPort[47594]
Info    2026-08-19 13:34:48:284  DevID:MV-CU060-10GC(DA1691703)  Source-Line:libMVGigEVisionSDK.so(GigEVisionMsgChannel.cpp-L0281)  ProcessName:python3.12(84250)     Description:[EventThread]GigE EventThread Start, ThreadId[129868444452544]
Info    2026-08-19 13:34:48:285  DevID:MV-CU060-10GC(DA1691703)  Source-Line:libMVGigEVisionSDK.so(GigEVisionMsgChannel.cpp-L0321)  ProcessName:python3.12(84250)     Description:[EventThreadProc]GigEVision EventThreadProc Begin .
Info    2026-08-19 13:34:48:286  DevID:MV-CU060-10GC(DA1691703)  Source-Line:libMVGigEVisionSDK.so(GigEVisionGVCP.cpp-L0051)  ProcessName:python3.12(84250)     Description:[GVCP_KeepAliveProc]GVCP HeartBeatThread Start, ThreadId[129868452845248]
Info    2026-08-19 13:35:08:752  DevID:MV-CU060-10GC(DA1691703)  Source-Line:libMVGigEVisionSDK.so(StreamChannel.cpp-L1558)  ProcessName:python3.12(84250)     Description:[StartProxy]Set ImageNodeNum [1]  GrabStrategy [0] success!
Info    2026-08-19 13:35:08:752  DevID:MV-CU060-10GC(DA1691703)  Source-Line:libMVGigEVisionSDK.so(StreamChannel.cpp-L1581)  ProcessName:python3.12(84250)     Description:[StartProxy]Backup Node Size[6295104]
Info    2026-08-19 13:35:08:752  DevID:MV-CU060-10GC(DA1691703)  Source-Line:libMVGigEVisionSDK.so(GigEVisionBufferManager.cpp-L0382)  ProcessName:python3.12(84250)     Description:[GigEBufferManager_Init]Main Buffer List'Length is 2, Lock Buffer List's Length is 1
Info    2026-08-19 13:35:08:753  DevID:MV-CU060-10GC(DA1691703)  Source-Line:libMVGigEVisionSDK.so(GigEVisionGVSP.cpp-L0656)  ProcessName:python3.12(84250)     Description:[GVSPThread]GVSPThread Start, ThreadId[985646784]
Info    2026-08-19 13:35:08:753  DevID:MV-CU060-10GC(DA1691703)  Source-Line:libMVGigEVisionSDK.so(GigEVisionGVSP.cpp-L0690)  ProcessName:python3.12(84250)     Description:[GVSPThreadProc]GvspTimeout[300], ResendEnable[1], ResendTimeInterval[10], ResendRetryTimes[20], ResendTimeout[50], MaxResendPktsNum[4276]
Info    2026-08-19 13:35:08:753  DevID:MV-CU060-10GC(DA1691703)  Source-Line:libMVGigEVisionSDK.so(StreamChannel.cpp-L1787)  ProcessName:python3.12(84250)     Description:[StartProxy][0]Stream proxy start, Socket mode, GvspDstPort[47594], bResendEnable[1], GvspTimeout[300], ResendTimeInterval[10], SCPS[1500], nPayloadSize[6295104], 3DSpecMode[0], CompressMode[0], bSupportAnnounceBuffer[0]
Info    2026-08-19 13:35:08:753  DevID:MV-CU060-10GC(DA1691703)  Source-Line:libMVGigEVisionSDK.so(GigEVisionGVSP.cpp-L0671)  ProcessName:python3.12(84250)     Description:[GVSPResendThread]GVSPResendThread Start, ThreadId[977254080]
Info    2026-08-19 13:35:08:753  DevID:MV-CU060-10GC(DA1691703)  Source-Line:libMVGigEVisionSDK.so(StreamChannel.cpp-L0578)  ProcessName:python3.12(84250)     Description:[StreamInterEventThread]GigE StreamInterEventThread Start, ThreadId[968861376]
Info    2026-08-19 13:35:08:753  DevID:MV-CU060-10GC(DA1691703)  Source-Line:libMVGigEVisionSDK.so(GigEVisionManager.cpp-L2137)  ProcessName:python3.12(84250)     Description:[GiGEVision_StartAcquisition]m_nPrivilegeMode[1]
Info    2026-08-19 13:35:08:755  DevID:MV-CU060-10GC(DA1691703)  Source-Line:libMVGigEVisionSDK.so(GigEVisionManager.cpp-L2164)  ProcessName:python3.12(84250)     Description:[GiGEVision_StartAcquisition][0] [GVCP]GvspSendIP[192.168.1.21], GvspSendPort[47594]
Info    2026-08-19 13:35:08:755  DevID:MV-CU060-10GC(DA1691703)  Source-Line:libMVGigEVisionSDK.so(GigEVisionManager.cpp-L2168)  ProcessName:python3.12(84250)     Description:[GiGEVision_StartAcquisition][0] Acquisition Start Success, use 6 ms
Info    2026-08-19 13:35:09:228  DevID:MV-CU060-10GC(DA1691703)  Source-Line:libMVGigEVisionSDK.so(GigEVisionGVSP.cpp-L0658)  ProcessName:python3.12(84250)     Description:[GVSPThread]GVSPThread End, ThreadId[985646784]
Warning 2026-08-19 13:35:09:228  DevID:MV-CU060-10GC(DA1691703)  Source-Line:libMVGigEVisionSDK.so(GigEVisionGVSP.cpp-L0775)  ProcessName:python3.12(84250)     Description:[GVSPResendThreadProc]WaitForSingleEvent(Timer) failed: 0x6e
Info    2026-08-19 13:35:09:228  DevID:MV-CU060-10GC(DA1691703)  Source-Line:libMVGigEVisionSDK.so(GigEVisionGVSP.cpp-L0673)  ProcessName:python3.12(84250)     Description:[GVSPResendThread]GVSPResendThread End, ThreadId[977254080]
Info    2026-08-19 13:35:09:228  DevID:MV-CU060-10GC(DA1691703)  Source-Line:libMVGigEVisionSDK.so(StreamChannel.cpp-L1069)  ProcessName:python3.12(84250)     Description:[Stop][0] [Socket Mode] GetCount[5], GetCountSucceed[5], NetReceive[5], ThrowAbnormalImage[0], NetLostFrame[0], ThrowInBufList[0], LostPackets[0]
Info    2026-08-19 13:35:09:228  DevID:MV-CU060-10GC(DA1691703)  Source-Line:libMVGigEVisionSDK.so(GigEVisionManager.cpp-L2238)  ProcessName:python3.12(84250)     Description:[GiGEVision_StopAcquisition][0] Acquisition Stop Success, use 7 ms
Info    2026-08-19 13:35:10:079  DevID:MV-CU060-10GC(DA1691703)  Source-Line:libMVGigEVisionSDK.so(GigEVisionBufferManager.cpp-L0382)  ProcessName:python3.12(84250)     Description:[GigEBufferManager_Init]Main Buffer List'Length is 2, Lock Buffer List's Length is 1
Info    2026-08-19 13:35:10:079  DevID:MV-CU060-10GC(DA1691703)  Source-Line:libMVGigEVisionSDK.so(GigEVisionGVSP.cpp-L0656)  ProcessName:python3.12(84250)     Description:[GVSPThread]GVSPThread Start, ThreadId[129867903383232]
Info    2026-08-19 13:35:10:080  DevID:MV-CU060-10GC(DA1691703)  Source-Line:libMVGigEVisionSDK.so(GigEVisionGVSP.cpp-L0690)  ProcessName:python3.12(84250)     Description:[GVSPThreadProc]GvspTimeout[300], ResendEnable[1], ResendTimeInterval[10], ResendRetryTimes[20], ResendTimeout[50], MaxResendPktsNum[4276]
Info    2026-08-19 13:35:10:080  DevID:MV-CU060-10GC(DA1691703)  Source-Line:libMVGigEVisionSDK.so(StreamChannel.cpp-L1787)  ProcessName:python3.12(84250)     Description:[StartProxy][0]Stream proxy start, Socket mode, GvspDstPort[47594], bResendEnable[1], GvspTimeout[300], ResendTimeInterval[10], SCPS[1500], nPayloadSize[6295104], 3DSpecMode[0], CompressMode[0], bSupportAnnounceBuffer[0]
Info    2026-08-19 13:35:10:080  DevID:MV-CU060-10GC(DA1691703)  Source-Line:libMVGigEVisionSDK.so(GigEVisionManager.cpp-L2137)  ProcessName:python3.12(84250)     Description:[GiGEVision_StartAcquisition]m_nPrivilegeMode[1]
Info    2026-08-19 13:35:10:080  DevID:MV-CU060-10GC(DA1691703)  Source-Line:libMVGigEVisionSDK.so(GigEVisionGVSP.cpp-L0671)  ProcessName:python3.12(84250)     Description:[GVSPResendThread]GVSPResendThread Start, ThreadId[129867911775936]
Info    2026-08-19 13:35:10:081  DevID:MV-CU060-10GC(DA1691703)  Source-Line:libMVGigEVisionSDK.so(GigEVisionManager.cpp-L2164)  ProcessName:python3.12(84250)     Description:[GiGEVision_StartAcquisition][0] [GVCP]GvspSendIP[192.168.1.21], GvspSendPort[47594]
Info    2026-08-19 13:35:10:081  DevID:MV-CU060-10GC(DA1691703)  Source-Line:libMVGigEVisionSDK.so(GigEVisionManager.cpp-L2168)  ProcessName:python3.12(84250)     Description:[GiGEVision_StartAcquisition][0] Acquisition Start Success, use 4 ms
Info    2026-08-19 13:35:10:544  DevID:MV-CU060-10GC(DA1691703)  Source-Line:libMVGigEVisionSDK.so(GigEVisionGVSP.cpp-L0658)  ProcessName:python3.12(84250)     Description:[GVSPThread]GVSPThread End, ThreadId[129867903383232]
Warning 2026-08-19 13:35:10:544  DevID:MV-CU060-10GC(DA1691703)  Source-Line:libMVGigEVisionSDK.so(GigEVisionGVSP.cpp-L0775)  ProcessName:python3.12(84250)     Description:[GVSPResendThreadProc]WaitForSingleEvent(Timer) failed: 0x6e
Info    2026-08-19 13:35:10:544  DevID:MV-CU060-10GC(DA1691703)  Source-Line:libMVGigEVisionSDK.so(GigEVisionGVSP.cpp-L0673)  ProcessName:python3.12(84250)     Description:[GVSPResendThread]GVSPResendThread End, ThreadId[129867911775936]
Info    2026-08-19 13:35:10:544  DevID:MV-CU060-10GC(DA1691703)  Source-Line:libMVGigEVisionSDK.so(StreamChannel.cpp-L1069)  ProcessName:python3.12(84250)     Description:[Stop][0] [Socket Mode] GetCount[5], GetCountSucceed[5], NetReceive[5], ThrowAbnormalImage[0], NetLostFrame[0], ThrowInBufList[0], LostPackets[0]
Info    2026-08-19 13:35:10:544  DevID:MV-CU060-10GC(DA1691703)  Source-Line:libMVGigEVisionSDK.so(GigEVisionManager.cpp-L2238)  ProcessName:python3.12(84250)     Description:[GiGEVision_StopAcquisition][0] Acquisition Stop Success, use 2 ms
Info    2026-08-19 13:35:43:725  DevID:MV-CU060-10GC(DA1691703)  Source-Line:libMVGigEVisionSDK.so(GigEVisionBufferManager.cpp-L0382)  ProcessName:python3.12(84250)     Description:[GigEBufferManager_Init]Main Buffer List'Length is 2, Lock Buffer List's Length is 1
Info    2026-08-19 13:35:43:725  DevID:MV-CU060-10GC(DA1691703)  Source-Line:libMVGigEVisionSDK.so(GigEVisionGVSP.cpp-L0656)  ProcessName:python3.12(84250)     Description:[GVSPThread]GVSPThread Start, ThreadId[129867911775936]
Info    2026-08-19 13:35:43:725  DevID:MV-CU060-10GC(DA1691703)  Source-Line:libMVGigEVisionSDK.so(GigEVisionGVSP.cpp-L0671)  ProcessName:python3.12(84250)     Description:[GVSPResendThread]GVSPResendThread Start, ThreadId[129867903383232]
Info    2026-08-19 13:35:43:725  DevID:MV-CU060-10GC(DA1691703)  Source-Line:libMVGigEVisionSDK.so(GigEVisionGVSP.cpp-L0690)  ProcessName:python3.12(84250)     Description:[GVSPThreadProc]GvspTimeout[300], ResendEnable[1], ResendTimeInterval[10], ResendRetryTimes[20], ResendTimeout[50], MaxResendPktsNum[4276]
Info    2026-08-19 13:35:43:725  DevID:MV-CU060-10GC(DA1691703)  Source-Line:libMVGigEVisionSDK.so(StreamChannel.cpp-L1787)  ProcessName:python3.12(84250)     Description:[StartProxy][0]Stream proxy start, Socket mode, GvspDstPort[47594], bResendEnable[1], GvspTimeout[300], ResendTimeInterval[10], SCPS[1500], nPayloadSize[6295104], 3DSpecMode[0], CompressMode[0], bSupportAnnounceBuffer[0]
Info    2026-08-19 13:35:43:725  DevID:MV-CU060-10GC(DA1691703)  Source-Line:libMVGigEVisionSDK.so(GigEVisionManager.cpp-L2137)  ProcessName:python3.12(84250)     Description:[GiGEVision_StartAcquisition]m_nPrivilegeMode[1]
Info    2026-08-19 13:35:43:727  DevID:MV-CU060-10GC(DA1691703)  Source-Line:libMVGigEVisionSDK.so(GigEVisionManager.cpp-L2164)  ProcessName:python3.12(84250)     Description:[GiGEVision_StartAcquisition][0] [GVCP]GvspSendIP[192.168.1.21], GvspSendPort[47594]
Info    2026-08-19 13:35:43:727  DevID:MV-CU060-10GC(DA1691703)  Source-Line:libMVGigEVisionSDK.so(GigEVisionManager.cpp-L2168)  ProcessName:python3.12(84250)     Description:[GiGEVision_StartAcquisition][0] Acquisition Start Success, use 3 ms
Info    2026-08-19 13:35:44:194  DevID:MV-CU060-10GC(DA1691703)  Source-Line:libMVGigEVisionSDK.so(GigEVisionGVSP.cpp-L0673)  ProcessName:python3.12(84250)     Description:[GVSPResendThread]GVSPResendThread End, ThreadId[129867903383232]
Info    2026-08-19 13:35:44:202  DevID:MV-CU060-10GC(DA1691703)  Source-Line:libMVGigEVisionSDK.so(GigEVisionGVSP.cpp-L0658)  ProcessName:python3.12(84250)     Description:[GVSPThread]GVSPThread End, ThreadId[129867911775936]
Info    2026-08-19 13:35:44:203  DevID:MV-CU060-10GC(DA1691703)  Source-Line:libMVGigEVisionSDK.so(StreamChannel.cpp-L1069)  ProcessName:python3.12(84250)     Description:[Stop][0] [Socket Mode] GetCount[5], GetCountSucceed[5], NetReceive[5], ThrowAbnormalImage[0], NetLostFrame[0], ThrowInBufList[0], LostPackets[0]
Info    2026-08-19 13:35:44:203  DevID:MV-CU060-10GC(DA1691703)  Source-Line:libMVGigEVisionSDK.so(GigEVisionManager.cpp-L2238)  ProcessName:python3.12(84250)     Description:[GiGEVision_StopAcquisition][0] Acquisition Stop Success, use 10 ms
Info    2026-08-19 13:36:14:249  DevID:MV-CU060-10GC(DA1691703)  Source-Line:libMVGigEVisionSDK.so(GigEVisionBufferManager.cpp-L0382)  ProcessName:python3.12(84250)     Description:[GigEBufferManager_Init]Main Buffer List'Length is 2, Lock Buffer List's Length is 1
Info    2026-08-19 13:36:14:249  DevID:MV-CU060-10GC(DA1691703)  Source-Line:libMVGigEVisionSDK.so(GigEVisionGVSP.cpp-L0656)  ProcessName:python3.12(84250)     Description:[GVSPThread]GVSPThread Start, ThreadId[129867903383232]
Info    2026-08-19 13:36:14:249  DevID:MV-CU060-10GC(DA1691703)  Source-Line:libMVGigEVisionSDK.so(GigEVisionGVSP.cpp-L0671)  ProcessName:python3.12(84250)     Description:[GVSPResendThread]GVSPResendThread Start, ThreadId[129867911775936]
Info    2026-08-19 13:36:14:249  DevID:MV-CU060-10GC(DA1691703)  Source-Line:libMVGigEVisionSDK.so(StreamChannel.cpp-L1787)  ProcessName:python3.12(84250)     Description:[StartProxy][0]Stream proxy start, Socket mode, GvspDstPort[47594], bResendEnable[1], GvspTimeout[300], ResendTimeInterval[10], SCPS[1500], nPayloadSize[6295104], 3DSpecMode[0], CompressMode[0], bSupportAnnounceBuffer[0]
Info    2026-08-19 13:36:14:249  DevID:MV-CU060-10GC(DA1691703)  Source-Line:libMVGigEVisionSDK.so(GigEVisionGVSP.cpp-L0690)  ProcessName:python3.12(84250)     Description:[GVSPThreadProc]GvspTimeout[300], ResendEnable[1], ResendTimeInterval[10], ResendRetryTimes[20], ResendTimeout[50], MaxResendPktsNum[4276]
Info    2026-08-19 13:36:14:249  DevID:MV-CU060-10GC(DA1691703)  Source-Line:libMVGigEVisionSDK.so(GigEVisionManager.cpp-L2137)  ProcessName:python3.12(84250)     Description:[GiGEVision_StartAcquisition]m_nPrivilegeMode[1]
Info    2026-08-19 13:36:14:251  DevID:MV-CU060-10GC(DA1691703)  Source-Line:libMVGigEVisionSDK.so(GigEVisionManager.cpp-L2164)  ProcessName:python3.12(84250)     Description:[GiGEVision_StartAcquisition][0] [GVCP]GvspSendIP[192.168.1.21], GvspSendPort[47594]
Info    2026-08-19 13:36:14:251  DevID:MV-CU060-10GC(DA1691703)  Source-Line:libMVGigEVisionSDK.so(GigEVisionManager.cpp-L2168)  ProcessName:python3.12(84250)     Description:[GiGEVision_StartAcquisition][0] Acquisition Start Success, use 3 ms
Info    2026-08-19 13:36:14:719  DevID:MV-CU060-10GC(DA1691703)  Source-Line:libMVGigEVisionSDK.so(GigEVisionGVSP.cpp-L0673)  ProcessName:python3.12(84250)     Description:[GVSPResendThread]GVSPResendThread End, ThreadId[129867911775936]
Info    2026-08-19 13:36:14:720  DevID:MV-CU060-10GC(DA1691703)  Source-Line:libMVGigEVisionSDK.so(GigEVisionGVSP.cpp-L0658)  ProcessName:python3.12(84250)     Description:[GVSPThread]GVSPThread End, ThreadId[129867903383232]
Info    2026-08-19 13:36:14:720  DevID:MV-CU060-10GC(DA1691703)  Source-Line:libMVGigEVisionSDK.so(StreamChannel.cpp-L1069)  ProcessName:python3.12(84250)     Description:[Stop][0] [Socket Mode] GetCount[5], GetCountSucceed[5], NetReceive[5], ThrowAbnormalImage[0], NetLostFrame[0], ThrowInBufList[0], LostPackets[0]
Info    2026-08-19 13:36:14:720  DevID:MV-CU060-10GC(DA1691703)  Source-Line:libMVGigEVisionSDK.so(GigEVisionManager.cpp-L2238)  ProcessName:python3.12(84250)     Description:[GiGEVision_StopAcquisition][0] Acquisition Stop Success, use 8 ms
Info    2026-08-19 13:36:45:736  DevID:MV-CU060-10GC(DA1691703)  Source-Line:libMVGigEVisionSDK.so(GigEVisionBufferManager.cpp-L0382)  ProcessName:python3.12(84250)     Description:[GigEBufferManager_Init]Main Buffer List'Length is 2, Lock Buffer List's Length is 1
Info    2026-08-19 13:36:45:736  DevID:MV-CU060-10GC(DA1691703)  Source-Line:libMVGigEVisionSDK.so(GigEVisionGVSP.cpp-L0656)  ProcessName:python3.12(84250)     Description:[GVSPThread]GVSPThread Start, ThreadId[129867911775936]
Info    2026-08-19 13:36:45:736  DevID:MV-CU060-10GC(DA1691703)  Source-Line:libMVGigEVisionSDK.so(StreamChannel.cpp-L1787)  ProcessName:python3.12(84250)     Description:[StartProxy][0]Stream proxy start, Socket mode, GvspDstPort[47594], bResendEnable[1], GvspTimeout[300], ResendTimeInterval[10], SCPS[1500], nPayloadSize[6295104], 3DSpecMode[0], CompressMode[0], bSupportAnnounceBuffer[0]
Info    2026-08-19 13:36:45:736  DevID:MV-CU060-10GC(DA1691703)  Source-Line:libMVGigEVisionSDK.so(GigEVisionManager.cpp-L2137)  ProcessName:python3.12(84250)     Description:[GiGEVision_StartAcquisition]m_nPrivilegeMode[1]
Info    2026-08-19 13:36:45:736  DevID:MV-CU060-10GC(DA1691703)  Source-Line:libMVGigEVisionSDK.so(GigEVisionGVSP.cpp-L0671)  ProcessName:python3.12(84250)     Description:[GVSPResendThread]GVSPResendThread Start, ThreadId[129867903383232]
Info    2026-08-19 13:36:45:736  DevID:MV-CU060-10GC(DA1691703)  Source-Line:libMVGigEVisionSDK.so(GigEVisionGVSP.cpp-L0690)  ProcessName:python3.12(84250)     Description:[GVSPThreadProc]GvspTimeout[300], ResendEnable[1], ResendTimeInterval[10], ResendRetryTimes[20], ResendTimeout[50], MaxResendPktsNum[4276]
Info    2026-08-19 13:36:45:738  DevID:MV-CU060-10GC(DA1691703)  Source-Line:libMVGigEVisionSDK.so(GigEVisionManager.cpp-L2164)  ProcessName:python3.12(84250)     Description:[GiGEVision_StartAcquisition][0] [GVCP]GvspSendIP[192.168.1.21], GvspSendPort[47594]
Info    2026-08-19 13:36:45:738  DevID:MV-CU060-10GC(DA1691703)  Source-Line:libMVGigEVisionSDK.so(GigEVisionManager.cpp-L2168)  ProcessName:python3.12(84250)     Description:[GiGEVision_StartAcquisition][0] Acquisition Start Success, use 3 ms
Info    2026-08-19 13:36:46:196  DevID:MV-CU060-10GC(DA1691703)  Source-Line:libMVGigEVisionSDK.so(GigEVisionGVSP.cpp-L0673)  ProcessName:python3.12(84250)     Description:[GVSPResendThread]GVSPResendThread End, ThreadId[129867903383232]
Info    2026-08-19 13:36:46:199  DevID:MV-CU060-10GC(DA1691703)  Source-Line:libMVGigEVisionSDK.so(GigEVisionGVSP.cpp-L0658)  ProcessName:python3.12(84250)     Description:[GVSPThread]GVSPThread End, ThreadId[129867911775936]
Info    2026-08-19 13:36:46:199  DevID:MV-CU060-10GC(DA1691703)  Source-Line:libMVGigEVisionSDK.so(StreamChannel.cpp-L1069)  ProcessName:python3.12(84250)     Description:[Stop][0] [Socket Mode] GetCount[5], GetCountSucceed[5], NetReceive[5], ThrowAbnormalImage[0], NetLostFrame[0], ThrowInBufList[0], LostPackets[0]
Info    2026-08-19 13:36:46:199  DevID:MV-CU060-10GC(DA1691703)  Source-Line:libMVGigEVisionSDK.so(GigEVisionManager.cpp-L2238)  ProcessName:python3.12(84250)     Description:[GiGEVision_StopAcquisition][0] Acquisition Stop Success, use 6 ms
Info    2026-08-19 13:37:19:165  DevID:MV-CU060-10GC(DA1691703)  Source-Line:libMVGigEVisionSDK.so(GigEVisionBufferManager.cpp-L0382)  ProcessName:python3.12(84250)     Description:[GigEBufferManager_Init]Main Buffer List'Length is 2, Lock Buffer List's Length is 1
Info    2026-08-19 13:37:19:165  DevID:MV-CU060-10GC(DA1691703)  Source-Line:libMVGigEVisionSDK.so(GigEVisionGVSP.cpp-L0656)  ProcessName:python3.12(84250)     Description:[GVSPThread]GVSPThread Start, ThreadId[129867903383232]
Info    2026-08-19 13:37:19:165  DevID:MV-CU060-10GC(DA1691703)  Source-Line:libMVGigEVisionSDK.so(GigEVisionGVSP.cpp-L0690)  ProcessName:python3.12(84250)     Description:[GVSPThreadProc]GvspTimeout[300], ResendEnable[1], ResendTimeInterval[10], ResendRetryTimes[20], ResendTimeout[50], MaxResendPktsNum[4276]
Info    2026-08-19 13:37:19:165  DevID:MV-CU060-10GC(DA1691703)  Source-Line:libMVGigEVisionSDK.so(StreamChannel.cpp-L1787)  ProcessName:python3.12(84250)     Description:[StartProxy][0]Stream proxy start, Socket mode, GvspDstPort[47594], bResendEnable[1], GvspTimeout[300], ResendTimeInterval[10], SCPS[1500], nPayloadSize[6295104], 3DSpecMode[0], CompressMode[0], bSupportAnnounceBuffer[0]
Info    2026-08-19 13:37:19:165  DevID:MV-CU060-10GC(DA1691703)  Source-Line:libMVGigEVisionSDK.so(GigEVisionGVSP.cpp-L0671)  ProcessName:python3.12(84250)     Description:[GVSPResendThread]GVSPResendThread Start, ThreadId[129867911775936]
Info    2026-08-19 13:37:19:165  DevID:MV-CU060-10GC(DA1691703)  Source-Line:libMVGigEVisionSDK.so(GigEVisionManager.cpp-L2137)  ProcessName:python3.12(84250)     Description:[GiGEVision_StartAcquisition]m_nPrivilegeMode[1]
Info    2026-08-19 13:37:19:167  DevID:MV-CU060-10GC(DA1691703)  Source-Line:libMVGigEVisionSDK.so(GigEVisionManager.cpp-L2164)  ProcessName:python3.12(84250)     Description:[GiGEVision_StartAcquisition][0] [GVCP]GvspSendIP[192.168.1.21], GvspSendPort[47594]
Info    2026-08-19 13:37:19:167  DevID:MV-CU060-10GC(DA1691703)  Source-Line:libMVGigEVisionSDK.so(GigEVisionManager.cpp-L2168)  ProcessName:python3.12(84250)     Description:[GiGEVision_StartAcquisition][0] Acquisition Start Success, use 4 ms
Info    2026-08-19 13:37:19:634  DevID:MV-CU060-10GC(DA1691703)  Source-Line:libMVGigEVisionSDK.so(GigEVisionGVSP.cpp-L0673)  ProcessName:python3.12(84250)     Description:[GVSPResendThread]GVSPResendThread End, ThreadId[129867911775936]
Info    2026-08-19 13:37:19:638  DevID:MV-CU060-10GC(DA1691703)  Source-Line:libMVGigEVisionSDK.so(GigEVisionGVSP.cpp-L0658)  ProcessName:python3.12(84250)     Description:[GVSPThread]GVSPThread End, ThreadId[129867903383232]
Info    2026-08-19 13:37:19:638  DevID:MV-CU060-10GC(DA1691703)  Source-Line:libMVGigEVisionSDK.so(StreamChannel.cpp-L1069)  ProcessName:python3.12(84250)     Description:[Stop][0] [Socket Mode] GetCount[5], GetCountSucceed[5], NetReceive[5], ThrowAbnormalImage[0], NetLostFrame[0], ThrowInBufList[0], LostPackets[0]
Info    2026-08-19 13:37:19:638  DevID:MV-CU060-10GC(DA1691703)  Source-Line:libMVGigEVisionSDK.so(GigEVisionManager.cpp-L2238)  ProcessName:python3.12(84250)     Description:[GiGEVision_StopAcquisition][0] Acquisition Stop Success, use 6 ms
Info    2026-08-19 13:37:52:152  DevID:MV-CU060-10GC(DA1691703)  Source-Line:libMVGigEVisionSDK.so(GigEVisionBufferManager.cpp-L0382)  ProcessName:python3.12(84250)     Description:[GigEBufferManager_Init]Main Buffer List'Length is 2, Lock Buffer List's Length is 1
Info    2026-08-19 13:37:52:152  DevID:MV-CU060-10GC(DA1691703)  Source-Line:libMVGigEVisionSDK.so(GigEVisionGVSP.cpp-L0656)  ProcessName:python3.12(84250)     Description:[GVSPThread]GVSPThread Start, ThreadId[129867911775936]
Info    2026-08-19 13:37:52:152  DevID:MV-CU060-10GC(DA1691703)  Source-Line:libMVGigEVisionSDK.so(StreamChannel.cpp-L1787)  ProcessName:python3.12(84250)     Description:[StartProxy][0]Stream proxy start, Socket mode, GvspDstPort[47594], bResendEnable[1], GvspTimeout[300], ResendTimeInterval[10], SCPS[1500], nPayloadSize[6295104], 3DSpecMode[0], CompressMode[0], bSupportAnnounceBuffer[0]
Info    2026-08-19 13:37:52:152  DevID:MV-CU060-10GC(DA1691703)  Source-Line:libMVGigEVisionSDK.so(GigEVisionGVSP.cpp-L0671)  ProcessName:python3.12(84250)     Description:[GVSPResendThread]GVSPResendThread Start, ThreadId[129867903383232]
Info    2026-08-19 13:37:52:152  DevID:MV-CU060-10GC(DA1691703)  Source-Line:libMVGigEVisionSDK.so(GigEVisionGVSP.cpp-L0690)  ProcessName:python3.12(84250)     Description:[GVSPThreadProc]GvspTimeout[300], ResendEnable[1], ResendTimeInterval[10], ResendRetryTimes[20], ResendTimeout[50], MaxResendPktsNum[4276]
Info    2026-08-19 13:37:52:152  DevID:MV-CU060-10GC(DA1691703)  Source-Line:libMVGigEVisionSDK.so(GigEVisionManager.cpp-L2137)  ProcessName:python3.12(84250)     Description:[GiGEVision_StartAcquisition]m_nPrivilegeMode[1]
Info    2026-08-19 13:37:52:154  DevID:MV-CU060-10GC(DA1691703)  Source-Line:libMVGigEVisionSDK.so(GigEVisionManager.cpp-L2164)  ProcessName:python3.12(84250)     Description:[GiGEVision_StartAcquisition][0] [GVCP]GvspSendIP[192.168.1.21], GvspSendPort[47594]
Info    2026-08-19 13:37:52:154  DevID:MV-CU060-10GC(DA1691703)  Source-Line:libMVGigEVisionSDK.so(GigEVisionManager.cpp-L2168)  ProcessName:python3.12(84250)     Description:[GiGEVision_StartAcquisition][0] Acquisition Start Success, use 3 ms
Info    2026-08-19 13:37:52:663  DevID:MV-CU060-10GC(DA1691703)  Source-Line:libMVGigEVisionSDK.so(GigEVisionGVSP.cpp-L0673)  ProcessName:python3.12(84250)     Description:[GVSPResendThread]GVSPResendThread End, ThreadId[129867903383232]
Info    2026-08-19 13:37:52:672  DevID:MV-CU060-10GC(DA1691703)  Source-Line:libMVGigEVisionSDK.so(GigEVisionGVSP.cpp-L0658)  ProcessName:python3.12(84250)     Description:[GVSPThread]GVSPThread End, ThreadId[129867911775936]
Info    2026-08-19 13:37:52:672  DevID:MV-CU060-10GC(DA1691703)  Source-Line:libMVGigEVisionSDK.so(StreamChannel.cpp-L1069)  ProcessName:python3.12(84250)     Description:[Stop][0] [Socket Mode] GetCount[5], GetCountSucceed[5], NetReceive[6], ThrowAbnormalImage[0], NetLostFrame[0], ThrowInBufList[0], LostPackets[0]
Info    2026-08-19 13:37:52:672  DevID:MV-CU060-10GC(DA1691703)  Source-Line:libMVGigEVisionSDK.so(GigEVisionManager.cpp-L2238)  ProcessName:python3.12(84250)     Description:[GiGEVision_StopAcquisition][0] Acquisition Stop Success, use 9 ms
Info    2026-08-19 13:38:24:452  DevID:MV-CU060-10GC(DA1691703)  Source-Line:libMVGigEVisionSDK.so(GigEVisionBufferManager.cpp-L0382)  ProcessName:python3.12(84250)     Description:[GigEBufferManager_Init]Main Buffer List'Length is 2, Lock Buffer List's Length is 1
Info    2026-08-19 13:38:24:452  DevID:MV-CU060-10GC(DA1691703)  Source-Line:libMVGigEVisionSDK.so(GigEVisionGVSP.cpp-L0656)  ProcessName:python3.12(84250)     Description:[GVSPThread]GVSPThread Start, ThreadId[129867903383232]
Info    2026-08-19 13:38:24:452  DevID:MV-CU060-10GC(DA1691703)  Source-Line:libMVGigEVisionSDK.so(StreamChannel.cpp-L1787)  ProcessName:python3.12(84250)     Description:[StartProxy][0]Stream proxy start, Socket mode, GvspDstPort[47594], bResendEnable[1], GvspTimeout[300], ResendTimeInterval[10], SCPS[1500], nPayloadSize[6295104], 3DSpecMode[0], CompressMode[0], bSupportAnnounceBuffer[0]
Info    2026-08-19 13:38:24:452  DevID:MV-CU060-10GC(DA1691703)  Source-Line:libMVGigEVisionSDK.so(GigEVisionGVSP.cpp-L0690)  ProcessName:python3.12(84250)     Description:[GVSPThreadProc]GvspTimeout[300], ResendEnable[1], ResendTimeInterval[10], ResendRetryTimes[20], ResendTimeout[50], MaxResendPktsNum[4276]
Info    2026-08-19 13:38:24:452  DevID:MV-CU060-10GC(DA1691703)  Source-Line:libMVGigEVisionSDK.so(GigEVisionGVSP.cpp-L0671)  ProcessName:python3.12(84250)     Description:[GVSPResendThread]GVSPResendThread Start, ThreadId[129867911775936]
Info    2026-08-19 13:38:24:452  DevID:MV-CU060-10GC(DA1691703)  Source-Line:libMVGigEVisionSDK.so(GigEVisionManager.cpp-L2137)  ProcessName:python3.12(84250)     Description:[GiGEVision_StartAcquisition]m_nPrivilegeMode[1]
Info    2026-08-19 13:38:24:454  DevID:MV-CU060-10GC(DA1691703)  Source-Line:libMVGigEVisionSDK.so(GigEVisionManager.cpp-L2164)  ProcessName:python3.12(84250)     Description:[GiGEVision_StartAcquisition][0] [GVCP]GvspSendIP[192.168.1.21], GvspSendPort[47594]
Info    2026-08-19 13:38:24:454  DevID:MV-CU060-10GC(DA1691703)  Source-Line:libMVGigEVisionSDK.so(GigEVisionManager.cpp-L2168)  ProcessName:python3.12(84250)     Description:[GiGEVision_StartAcquisition][0] Acquisition Start Success, use 3 ms
Info    2026-08-19 13:38:24:926  DevID:MV-CU060-10GC(DA1691703)  Source-Line:libMVGigEVisionSDK.so(GigEVisionGVSP.cpp-L0438)  ProcessName:python3.12(84250)     Description:[TrimOutputQueue]TrimOutputQueue ThrowInBufList[1]
Warning 2026-08-19 13:38:24:938  DevID:MV-CU060-10GC(DA1691703)  Source-Line:libMVGigEVisionSDK.so(StreamChannel.cpp-L3070)  ProcessName:python3.12(84250)     Description:[GetImageBuffer][GetImageBuffer]The frame number is not continuous, PreFrameNum[4], CurFrameNum[140724603453446]
Info    2026-08-19 13:38:25:054  DevID:MV-CU060-10GC(DA1691703)  Source-Line:libMVGigEVisionSDK.so(GigEVisionGVSP.cpp-L0658)  ProcessName:python3.12(84250)     Description:[GVSPThread]GVSPThread End, ThreadId[129867903383232]
Warning 2026-08-19 13:38:25:054  DevID:MV-CU060-10GC(DA1691703)  Source-Line:libMVGigEVisionSDK.so(GigEVisionGVSP.cpp-L0775)  ProcessName:python3.12(84250)     Description:[GVSPResendThreadProc]WaitForSingleEvent(Timer) failed: 0x6e
Info    2026-08-19 13:38:25:054  DevID:MV-CU060-10GC(DA1691703)  Source-Line:libMVGigEVisionSDK.so(GigEVisionGVSP.cpp-L0673)  ProcessName:python3.12(84250)     Description:[GVSPResendThread]GVSPResendThread End, ThreadId[129867911775936]
Info    2026-08-19 13:38:25:054  DevID:MV-CU060-10GC(DA1691703)  Source-Line:libMVGigEVisionSDK.so(StreamChannel.cpp-L1069)  ProcessName:python3.12(84250)     Description:[Stop][0] [Socket Mode] GetCount[5], GetCountSucceed[5], NetReceive[7], ThrowAbnormalImage[0], NetLostFrame[0], ThrowInBufList[1], LostPackets[0]
Info    2026-08-19 13:38:25:054  DevID:MV-CU060-10GC(DA1691703)  Source-Line:libMVGigEVisionSDK.so(GigEVisionManager.cpp-L2238)  ProcessName:python3.12(84250)     Description:[GiGEVision_StopAcquisition][0] Acquisition Stop Success, use 2 ms
Info    2026-08-19 13:38:58:031  DevID:MV-CU060-10GC(DA1691703)  Source-Line:libMVGigEVisionSDK.so(GigEVisionBufferManager.cpp-L0382)  ProcessName:python3.12(84250)     Description:[GigEBufferManager_Init]Main Buffer List'Length is 2, Lock Buffer List's Length is 1
Info    2026-08-19 13:38:58:031  DevID:MV-CU060-10GC(DA1691703)  Source-Line:libMVGigEVisionSDK.so(GigEVisionGVSP.cpp-L0656)  ProcessName:python3.12(84250)     Description:[GVSPThread]GVSPThread Start, ThreadId[129867911775936]
Info    2026-08-19 13:38:58:031  DevID:MV-CU060-10GC(DA1691703)  Source-Line:libMVGigEVisionSDK.so(StreamChannel.cpp-L1787)  ProcessName:python3.12(84250)     Description:[StartProxy][0]Stream proxy start, Socket mode, GvspDstPort[47594], bResendEnable[1], GvspTimeout[300], ResendTimeInterval[10], SCPS[1500], nPayloadSize[6295104], 3DSpecMode[0], CompressMode[0], bSupportAnnounceBuffer[0]
Info    2026-08-19 13:38:58:031  DevID:MV-CU060-10GC(DA1691703)  Source-Line:libMVGigEVisionSDK.so(GigEVisionManager.cpp-L2137)  ProcessName:python3.12(84250)     Description:[GiGEVision_StartAcquisition]m_nPrivilegeMode[1]
Info    2026-08-19 13:38:58:031  DevID:MV-CU060-10GC(DA1691703)  Source-Line:libMVGigEVisionSDK.so(GigEVisionGVSP.cpp-L0690)  ProcessName:python3.12(84250)     Description:[GVSPThreadProc]GvspTimeout[300], ResendEnable[1], ResendTimeInterval[10], ResendRetryTimes[20], ResendTimeout[50], MaxResendPktsNum[4276]
Info    2026-08-19 13:38:58:031  DevID:MV-CU060-10GC(DA1691703)  Source-Line:libMVGigEVisionSDK.so(GigEVisionGVSP.cpp-L0671)  ProcessName:python3.12(84250)     Description:[GVSPResendThread]GVSPResendThread Start, ThreadId[129867903383232]
Info    2026-08-19 13:38:58:033  DevID:MV-CU060-10GC(DA1691703)  Source-Line:libMVGigEVisionSDK.so(GigEVisionManager.cpp-L2164)  ProcessName:python3.12(84250)     Description:[GiGEVision_StartAcquisition][0] [GVCP]GvspSendIP[192.168.1.21], GvspSendPort[47594]
Info    2026-08-19 13:38:58:033  DevID:MV-CU060-10GC(DA1691703)  Source-Line:libMVGigEVisionSDK.so(GigEVisionManager.cpp-L2168)  ProcessName:python3.12(84250)     Description:[GiGEVision_StartAcquisition][0] Acquisition Start Success, use 3 ms
Info    2026-08-19 13:38:58:438  DevID:MV-CU060-10GC(DA1691703)  Source-Line:libMVGigEVisionSDK.so(GigEVisionGVSP.cpp-L0438)  ProcessName:python3.12(84250)     Description:[TrimOutputQueue]TrimOutputQueue ThrowInBufList[1]
Warning 2026-08-19 13:38:58:461  DevID:MV-CU060-10GC(DA1691703)  Source-Line:libMVGigEVisionSDK.so(StreamChannel.cpp-L3070)  ProcessName:python3.12(84250)     Description:[GetImageBuffer][GetImageBuffer]The frame number is not continuous, PreFrameNum[3], CurFrameNum[140724603453445]
Info    2026-08-19 13:38:58:605  DevID:MV-CU060-10GC(DA1691703)  Source-Line:libMVGigEVisionSDK.so(GigEVisionGVSP.cpp-L0658)  ProcessName:python3.12(84250)     Description:[GVSPThread]GVSPThread End, ThreadId[129867911775936]
Warning 2026-08-19 13:38:58:605  DevID:MV-CU060-10GC(DA1691703)  Source-Line:libMVGigEVisionSDK.so(GigEVisionGVSP.cpp-L0775)  ProcessName:python3.12(84250)     Description:[GVSPResendThreadProc]WaitForSingleEvent(Timer) failed: 0x6e
Info    2026-08-19 13:38:58:605  DevID:MV-CU060-10GC(DA1691703)  Source-Line:libMVGigEVisionSDK.so(GigEVisionGVSP.cpp-L0673)  ProcessName:python3.12(84250)     Description:[GVSPResendThread]GVSPResendThread End, ThreadId[129867903383232]
Info    2026-08-19 13:38:58:605  DevID:MV-CU060-10GC(DA1691703)  Source-Line:libMVGigEVisionSDK.so(StreamChannel.cpp-L1069)  ProcessName:python3.12(84250)     Description:[Stop][0] [Socket Mode] GetCount[5], GetCountSucceed[5], NetReceive[7], ThrowAbnormalImage[0], NetLostFrame[0], ThrowInBufList[1], LostPackets[0]
Info    2026-08-19 13:38:58:605  DevID:MV-CU060-10GC(DA1691703)  Source-Line:libMVGigEVisionSDK.so(GigEVisionManager.cpp-L2238)  ProcessName:python3.12(84250)     Description:[GiGEVision_StopAcquisition][0] Acquisition Stop Success, use 2 ms
Info    2026-08-19 13:39:33:069  DevID:MV-CU060-10GC(DA1691703)  Source-Line:libMVGigEVisionSDK.so(GigEVisionBufferManager.cpp-L0382)  ProcessName:python3.12(84250)     Description:[GigEBufferManager_Init]Main Buffer List'Length is 2, Lock Buffer List's Length is 1
Info    2026-08-19 13:39:33:070  DevID:MV-CU060-10GC(DA1691703)  Source-Line:libMVGigEVisionSDK.so(GigEVisionGVSP.cpp-L0656)  ProcessName:python3.12(84250)     Description:[GVSPThread]GVSPThread Start, ThreadId[129867903383232]
Info    2026-08-19 13:39:33:070  DevID:MV-CU060-10GC(DA1691703)  Source-Line:libMVGigEVisionSDK.so(GigEVisionGVSP.cpp-L0671)  ProcessName:python3.12(84250)     Description:[GVSPResendThread]GVSPResendThread Start, ThreadId[129867911775936]
Info    2026-08-19 13:39:33:070  DevID:MV-CU060-10GC(DA1691703)  Source-Line:libMVGigEVisionSDK.so(StreamChannel.cpp-L1787)  ProcessName:python3.12(84250)     Description:[StartProxy][0]Stream proxy start, Socket mode, GvspDstPort[47594], bResendEnable[1], GvspTimeout[300], ResendTimeInterval[10], SCPS[1500], nPayloadSize[6295104], 3DSpecMode[0], CompressMode[0], bSupportAnnounceBuffer[0]
Info    2026-08-19 13:39:33:070  DevID:MV-CU060-10GC(DA1691703)  Source-Line:libMVGigEVisionSDK.so(GigEVisionGVSP.cpp-L0690)  ProcessName:python3.12(84250)     Description:[GVSPThreadProc]GvspTimeout[300], ResendEnable[1], ResendTimeInterval[10], ResendRetryTimes[20], ResendTimeout[50], MaxResendPktsNum[4276]
Info    2026-08-19 13:39:33:070  DevID:MV-CU060-10GC(DA1691703)  Source-Line:libMVGigEVisionSDK.so(GigEVisionManager.cpp-L2137)  ProcessName:python3.12(84250)     Description:[GiGEVision_StartAcquisition]m_nPrivilegeMode[1]
Info    2026-08-19 13:39:33:072  DevID:MV-CU060-10GC(DA1691703)  Source-Line:libMVGigEVisionSDK.so(GigEVisionManager.cpp-L2164)  ProcessName:python3.12(84250)     Description:[GiGEVision_StartAcquisition][0] [GVCP]GvspSendIP[192.168.1.21], GvspSendPort[47594]
Info    2026-08-19 13:39:33:072  DevID:MV-CU060-10GC(DA1691703)  Source-Line:libMVGigEVisionSDK.so(GigEVisionManager.cpp-L2168)  ProcessName:python3.12(84250)     Description:[GiGEVision_StartAcquisition][0] Acquisition Start Success, use 3 ms
Info    2026-08-19 13:39:33:597  DevID:MV-CU060-10GC(DA1691703)  Source-Line:libMVGigEVisionSDK.so(GigEVisionGVSP.cpp-L0658)  ProcessName:python3.12(84250)     Description:[GVSPThread]GVSPThread End, ThreadId[129867903383232]
Warning 2026-08-19 13:39:33:597  DevID:MV-CU060-10GC(DA1691703)  Source-Line:libMVGigEVisionSDK.so(GigEVisionGVSP.cpp-L0775)  ProcessName:python3.12(84250)     Description:[GVSPResendThreadProc]WaitForSingleEvent(Timer) failed: 0x6e
Info    2026-08-19 13:39:33:597  DevID:MV-CU060-10GC(DA1691703)  Source-Line:libMVGigEVisionSDK.so(GigEVisionGVSP.cpp-L0673)  ProcessName:python3.12(84250)     Description:[GVSPResendThread]GVSPResendThread End, ThreadId[129867911775936]
Info    2026-08-19 13:39:33:597  DevID:MV-CU060-10GC(DA1691703)  Source-Line:libMVGigEVisionSDK.so(StreamChannel.cpp-L1069)  ProcessName:python3.12(84250)     Description:[Stop][0] [Socket Mode] GetCount[5], GetCountSucceed[5], NetReceive[6], ThrowAbnormalImage[0], NetLostFrame[0], ThrowInBufList[0], LostPackets[0]
Info    2026-08-19 13:39:33:597  DevID:MV-CU060-10GC(DA1691703)  Source-Line:libMVGigEVisionSDK.so(GigEVisionManager.cpp-L2238)  ProcessName:python3.12(84250)     Description:[GiGEVision_StopAcquisition][0] Acquisition Stop Success, use 4 ms
Info    2026-08-19 13:40:05:991  DevID:MV-CU060-10GC(DA1691703)  Source-Line:libMVGigEVisionSDK.so(GigEVisionBufferManager.cpp-L0382)  ProcessName:python3.12(84250)     Description:[GigEBufferManager_Init]Main Buffer List'Length is 2, Lock Buffer List's Length is 1
Info    2026-08-19 13:40:05:991  DevID:MV-CU060-10GC(DA1691703)  Source-Line:libMVGigEVisionSDK.so(GigEVisionGVSP.cpp-L0656)  ProcessName:python3.12(84250)     Description:[GVSPThread]GVSPThread Start, ThreadId[129867911775936]
Info    2026-08-19 13:40:05:991  DevID:MV-CU060-10GC(DA1691703)  Source-Line:libMVGigEVisionSDK.so(GigEVisionGVSP.cpp-L0690)  ProcessName:python3.12(84250)     Description:[GVSPThreadProc]GvspTimeout[300], ResendEnable[1], ResendTimeInterval[10], ResendRetryTimes[20], ResendTimeout[50], MaxResendPktsNum[4276]
Info    2026-08-19 13:40:05:991  DevID:MV-CU060-10GC(DA1691703)  Source-Line:libMVGigEVisionSDK.so(GigEVisionGVSP.cpp-L0671)  ProcessName:python3.12(84250)     Description:[GVSPResendThread]GVSPResendThread Start, ThreadId[129867903383232]
Info    2026-08-19 13:40:05:991  DevID:MV-CU060-10GC(DA1691703)  Source-Line:libMVGigEVisionSDK.so(StreamChannel.cpp-L1787)  ProcessName:python3.12(84250)     Description:[StartProxy][0]Stream proxy start, Socket mode, GvspDstPort[47594], bResendEnable[1], GvspTimeout[300], ResendTimeInterval[10], SCPS[1500], nPayloadSize[6295104], 3DSpecMode[0], CompressMode[0], bSupportAnnounceBuffer[0]
Info    2026-08-19 13:40:05:991  DevID:MV-CU060-10GC(DA1691703)  Source-Line:libMVGigEVisionSDK.so(GigEVisionManager.cpp-L2137)  ProcessName:python3.12(84250)     Description:[GiGEVision_StartAcquisition]m_nPrivilegeMode[1]
Info    2026-08-19 13:40:05:994  DevID:MV-CU060-10GC(DA1691703)  Source-Line:libMVGigEVisionSDK.so(GigEVisionManager.cpp-L2164)  ProcessName:python3.12(84250)     Description:[GiGEVision_StartAcquisition][0] [GVCP]GvspSendIP[192.168.1.21], GvspSendPort[47594]
Info    2026-08-19 13:40:05:994  DevID:MV-CU060-10GC(DA1691703)  Source-Line:libMVGigEVisionSDK.so(GigEVisionManager.cpp-L2168)  ProcessName:python3.12(84250)     Description:[GiGEVision_StartAcquisition][0] Acquisition Start Success, use 4 ms
Info    2026-08-19 13:40:06:526  DevID:MV-CU060-10GC(DA1691703)  Source-Line:libMVGigEVisionSDK.so(GigEVisionGVSP.cpp-L0673)  ProcessName:python3.12(84250)     Description:[GVSPResendThread]GVSPResendThread End, ThreadId[129867903383232]
Info    2026-08-19 13:40:06:530  DevID:MV-CU060-10GC(DA1691703)  Source-Line:libMVGigEVisionSDK.so(GigEVisionGVSP.cpp-L0658)  ProcessName:python3.12(84250)     Description:[GVSPThread]GVSPThread End, ThreadId[129867911775936]
Info    2026-08-19 13:40:06:531  DevID:MV-CU060-10GC(DA1691703)  Source-Line:libMVGigEVisionSDK.so(StreamChannel.cpp-L1069)  ProcessName:python3.12(84250)     Description:[Stop][0] [Socket Mode] GetCount[5], GetCountSucceed[5], NetReceive[6], ThrowAbnormalImage[0], NetLostFrame[0], ThrowInBufList[0], LostPackets[0]
Info    2026-08-19 13:40:06:531  DevID:MV-CU060-10GC(DA1691703)  Source-Line:libMVGigEVisionSDK.so(GigEVisionManager.cpp-L2238)  ProcessName:python3.12(84250)     Description:[GiGEVision_StopAcquisition][0] Acquisition Stop Success, use 7 ms
Info    2026-08-19 13:40:38:361  DevID:MV-CU060-10GC(DA1691703)  Source-Line:libMVGigEVisionSDK.so(GigEVisionBufferManager.cpp-L0382)  ProcessName:python3.12(84250)     Description:[GigEBufferManager_Init]Main Buffer List'Length is 2, Lock Buffer List's Length is 1
Info    2026-08-19 13:40:38:361  DevID:MV-CU060-10GC(DA1691703)  Source-Line:libMVGigEVisionSDK.so(GigEVisionGVSP.cpp-L0656)  ProcessName:python3.12(84250)     Description:[GVSPThread]GVSPThread Start, ThreadId[129867903383232]
Info    2026-08-19 13:40:38:361  DevID:MV-CU060-10GC(DA1691703)  Source-Line:libMVGigEVisionSDK.so(GigEVisionGVSP.cpp-L0671)  ProcessName:python3.12(84250)     Description:[GVSPResendThread]GVSPResendThread Start, ThreadId[129867911775936]
Info    2026-08-19 13:40:38:361  DevID:MV-CU060-10GC(DA1691703)  Source-Line:libMVGigEVisionSDK.so(StreamChannel.cpp-L1787)  ProcessName:python3.12(84250)     Description:[StartProxy][0]Stream proxy start, Socket mode, GvspDstPort[47594], bResendEnable[1], GvspTimeout[300], ResendTimeInterval[10], SCPS[1500], nPayloadSize[6295104], 3DSpecMode[0], CompressMode[0], bSupportAnnounceBuffer[0]
Info    2026-08-19 13:40:38:361  DevID:MV-CU060-10GC(DA1691703)  Source-Line:libMVGigEVisionSDK.so(GigEVisionManager.cpp-L2137)  ProcessName:python3.12(84250)     Description:[GiGEVision_StartAcquisition]m_nPrivilegeMode[1]
Info    2026-08-19 13:40:38:361  DevID:MV-CU060-10GC(DA1691703)  Source-Line:libMVGigEVisionSDK.so(GigEVisionGVSP.cpp-L0690)  ProcessName:python3.12(84250)     Description:[GVSPThreadProc]GvspTimeout[300], ResendEnable[1], ResendTimeInterval[10], ResendRetryTimes[20], ResendTimeout[50], MaxResendPktsNum[4276]
Info    2026-08-19 13:40:38:363  DevID:MV-CU060-10GC(DA1691703)  Source-Line:libMVGigEVisionSDK.so(GigEVisionManager.cpp-L2164)  ProcessName:python3.12(84250)     Description:[GiGEVision_StartAcquisition][0] [GVCP]GvspSendIP[192.168.1.21], GvspSendPort[47594]
Info    2026-08-19 13:40:38:363  DevID:MV-CU060-10GC(DA1691703)  Source-Line:libMVGigEVisionSDK.so(GigEVisionManager.cpp-L2168)  ProcessName:python3.12(84250)     Description:[GiGEVision_StartAcquisition][0] Acquisition Start Success, use 3 ms
Info    2026-08-19 13:40:38:884  DevID:MV-CU060-10GC(DA1691703)  Source-Line:libMVGigEVisionSDK.so(GigEVisionGVSP.cpp-L0658)  ProcessName:python3.12(84250)     Description:[GVSPThread]GVSPThread End, ThreadId[129867903383232]
Warning 2026-08-19 13:40:38:886  DevID:MV-CU060-10GC(DA1691703)  Source-Line:libMVGigEVisionSDK.so(GigEVisionGVSP.cpp-L0775)  ProcessName:python3.12(84250)     Description:[GVSPResendThreadProc]WaitForSingleEvent(Timer) failed: 0x6e
Info    2026-08-19 13:40:38:886  DevID:MV-CU060-10GC(DA1691703)  Source-Line:libMVGigEVisionSDK.so(GigEVisionGVSP.cpp-L0673)  ProcessName:python3.12(84250)     Description:[GVSPResendThread]GVSPResendThread End, ThreadId[129867911775936]
Info    2026-08-19 13:40:38:887  DevID:MV-CU060-10GC(DA1691703)  Source-Line:libMVGigEVisionSDK.so(StreamChannel.cpp-L1069)  ProcessName:python3.12(84250)     Description:[Stop][0] [Socket Mode] GetCount[5], GetCountSucceed[5], NetReceive[6], ThrowAbnormalImage[0], NetLostFrame[0], ThrowInBufList[0], LostPackets[0]
Info    2026-08-19 13:40:38:887  DevID:MV-CU060-10GC(DA1691703)  Source-Line:libMVGigEVisionSDK.so(GigEVisionManager.cpp-L2238)  ProcessName:python3.12(84250)     Description:[GiGEVision_StopAcquisition][0] Acquisition Stop Success, use 13 ms
Info    2026-08-19 13:41:11:595  DevID:MV-CU060-10GC(DA1691703)  Source-Line:libMVGigEVisionSDK.so(GigEVisionBufferManager.cpp-L0382)  ProcessName:python3.12(84250)     Description:[GigEBufferManager_Init]Main Buffer List'Length is 2, Lock Buffer List's Length is 1
Info    2026-08-19 13:41:11:596  DevID:MV-CU060-10GC(DA1691703)  Source-Line:libMVGigEVisionSDK.so(GigEVisionGVSP.cpp-L0656)  ProcessName:python3.12(84250)     Description:[GVSPThread]GVSPThread Start, ThreadId[129867911775936]
Info    2026-08-19 13:41:11:596  DevID:MV-CU060-10GC(DA1691703)  Source-Line:libMVGigEVisionSDK.so(GigEVisionGVSP.cpp-L0690)  ProcessName:python3.12(84250)     Description:[GVSPThreadProc]GvspTimeout[300], ResendEnable[1], ResendTimeInterval[10], ResendRetryTimes[20], ResendTimeout[50], MaxResendPktsNum[4276]
Info    2026-08-19 13:41:11:596  DevID:MV-CU060-10GC(DA1691703)  Source-Line:libMVGigEVisionSDK.so(StreamChannel.cpp-L1787)  ProcessName:python3.12(84250)     Description:[StartProxy][0]Stream proxy start, Socket mode, GvspDstPort[47594], bResendEnable[1], GvspTimeout[300], ResendTimeInterval[10], SCPS[1500], nPayloadSize[6295104], 3DSpecMode[0], CompressMode[0], bSupportAnnounceBuffer[0]
Info    2026-08-19 13:41:11:596  DevID:MV-CU060-10GC(DA1691703)  Source-Line:libMVGigEVisionSDK.so(GigEVisionGVSP.cpp-L0671)  ProcessName:python3.12(84250)     Description:[GVSPResendThread]GVSPResendThread Start, ThreadId[129867903383232]
Info    2026-08-19 13:41:11:596  DevID:MV-CU060-10GC(DA1691703)  Source-Line:libMVGigEVisionSDK.so(GigEVisionManager.cpp-L2137)  ProcessName:python3.12(84250)     Description:[GiGEVision_StartAcquisition]m_nPrivilegeMode[1]
Info    2026-08-19 13:41:11:598  DevID:MV-CU060-10GC(DA1691703)  Source-Line:libMVGigEVisionSDK.so(GigEVisionManager.cpp-L2164)  ProcessName:python3.12(84250)     Description:[GiGEVision_StartAcquisition][0] [GVCP]GvspSendIP[192.168.1.21], GvspSendPort[47594]
Info    2026-08-19 13:41:11:598  DevID:MV-CU060-10GC(DA1691703)  Source-Line:libMVGigEVisionSDK.so(GigEVisionManager.cpp-L2168)  ProcessName:python3.12(84250)     Description:[GiGEVision_StartAcquisition][0] Acquisition Start Success, use 4 ms
Info    2026-08-19 13:41:12:139  DevID:MV-CU060-10GC(DA1691703)  Source-Line:libMVGigEVisionSDK.so(GigEVisionGVSP.cpp-L0673)  ProcessName:python3.12(84250)     Description:[GVSPResendThread]GVSPResendThread End, ThreadId[129867903383232]
Info    2026-08-19 13:41:12:144  DevID:MV-CU060-10GC(DA1691703)  Source-Line:libMVGigEVisionSDK.so(GigEVisionGVSP.cpp-L0658)  ProcessName:python3.12(84250)     Description:[GVSPThread]GVSPThread End, ThreadId[129867911775936]
Info    2026-08-19 13:41:12:144  DevID:MV-CU060-10GC(DA1691703)  Source-Line:libMVGigEVisionSDK.so(StreamChannel.cpp-L1069)  ProcessName:python3.12(84250)     Description:[Stop][0] [Socket Mode] GetCount[5], GetCountSucceed[5], NetReceive[6], ThrowAbnormalImage[0], NetLostFrame[0], ThrowInBufList[0], LostPackets[0]
Info    2026-08-19 13:41:12:144  DevID:MV-CU060-10GC(DA1691703)  Source-Line:libMVGigEVisionSDK.so(GigEVisionManager.cpp-L2238)  ProcessName:python3.12(84250)     Description:[GiGEVision_StopAcquisition][0] Acquisition Stop Success, use 10 ms
Info    2026-08-19 13:41:44:742  DevID:MV-CU060-10GC(DA1691703)  Source-Line:libMVGigEVisionSDK.so(GigEVisionBufferManager.cpp-L0382)  ProcessName:python3.12(84250)     Description:[GigEBufferManager_Init]Main Buffer List'Length is 2, Lock Buffer List's Length is 1
Info    2026-08-19 13:41:44:742  DevID:MV-CU060-10GC(DA1691703)  Source-Line:libMVGigEVisionSDK.so(GigEVisionGVSP.cpp-L0656)  ProcessName:python3.12(84250)     Description:[GVSPThread]GVSPThread Start, ThreadId[129867903383232]
Info    2026-08-19 13:41:44:742  DevID:MV-CU060-10GC(DA1691703)  Source-Line:libMVGigEVisionSDK.so(GigEVisionGVSP.cpp-L0690)  ProcessName:python3.12(84250)     Description:[GVSPThreadProc]GvspTimeout[300], ResendEnable[1], ResendTimeInterval[10], ResendRetryTimes[20], ResendTimeout[50], MaxResendPktsNum[4276]
Info    2026-08-19 13:41:44:742  DevID:MV-CU060-10GC(DA1691703)  Source-Line:libMVGigEVisionSDK.so(StreamChannel.cpp-L1787)  ProcessName:python3.12(84250)     Description:[StartProxy][0]Stream proxy start, Socket mode, GvspDstPort[47594], bResendEnable[1], GvspTimeout[300], ResendTimeInterval[10], SCPS[1500], nPayloadSize[6295104], 3DSpecMode[0], CompressMode[0], bSupportAnnounceBuffer[0]
Info    2026-08-19 13:41:44:742  DevID:MV-CU060-10GC(DA1691703)  Source-Line:libMVGigEVisionSDK.so(GigEVisionManager.cpp-L2137)  ProcessName:python3.12(84250)     Description:[GiGEVision_StartAcquisition]m_nPrivilegeMode[1]
Info    2026-08-19 13:41:44:742  DevID:MV-CU060-10GC(DA1691703)  Source-Line:libMVGigEVisionSDK.so(GigEVisionGVSP.cpp-L0671)  ProcessName:python3.12(84250)     Description:[GVSPResendThread]GVSPResendThread Start, ThreadId[129867911775936]
Info    2026-08-19 13:41:44:744  DevID:MV-CU060-10GC(DA1691703)  Source-Line:libMVGigEVisionSDK.so(GigEVisionManager.cpp-L2164)  ProcessName:python3.12(84250)     Description:[GiGEVision_StartAcquisition][0] [GVCP]GvspSendIP[192.168.1.21], GvspSendPort[47594]
Info    2026-08-19 13:41:44:744  DevID:MV-CU060-10GC(DA1691703)  Source-Line:libMVGigEVisionSDK.so(GigEVisionManager.cpp-L2168)  ProcessName:python3.12(84250)     Description:[GiGEVision_StartAcquisition][0] Acquisition Start Success, use 4 ms
Info    2026-08-19 13:41:45:239  DevID:MV-CU060-10GC(DA1691703)  Source-Line:libMVGigEVisionSDK.so(GigEVisionGVSP.cpp-L0658)  ProcessName:python3.12(84250)     Description:[GVSPThread]GVSPThread End, ThreadId[129867903383232]
Warning 2026-08-19 13:41:45:239  DevID:MV-CU060-10GC(DA1691703)  Source-Line:libMVGigEVisionSDK.so(GigEVisionGVSP.cpp-L0775)  ProcessName:python3.12(84250)     Description:[GVSPResendThreadProc]WaitForSingleEvent(Timer) failed: 0x6e
Info    2026-08-19 13:41:45:239  DevID:MV-CU060-10GC(DA1691703)  Source-Line:libMVGigEVisionSDK.so(GigEVisionGVSP.cpp-L0673)  ProcessName:python3.12(84250)     Description:[GVSPResendThread]GVSPResendThread End, ThreadId[129867911775936]
Info    2026-08-19 13:41:45:239  DevID:MV-CU060-10GC(DA1691703)  Source-Line:libMVGigEVisionSDK.so(StreamChannel.cpp-L1069)  ProcessName:python3.12(84250)     Description:[Stop][0] [Socket Mode] GetCount[5], GetCountSucceed[5], NetReceive[6], ThrowAbnormalImage[0], NetLostFrame[0], ThrowInBufList[0], LostPackets[0]
Info    2026-08-19 13:41:45:239  DevID:MV-CU060-10GC(DA1691703)  Source-Line:libMVGigEVisionSDK.so(GigEVisionManager.cpp-L2238)  ProcessName:python3.12(84250)     Description:[GiGEVision_StopAcquisition][0] Acquisition Stop Success, use 5 ms
Info    2026-08-19 13:41:46:067  DevID:MV-CU060-10GC(DA1691703)  Source-Line:libMVGigEVisionSDK.so(GigEVisionBufferManager.cpp-L0382)  ProcessName:python3.12(84250)     Description:[GigEBufferManager_Init]Main Buffer List'Length is 2, Lock Buffer List's Length is 1
Info    2026-08-19 13:41:46:068  DevID:MV-CU060-10GC(DA1691703)  Source-Line:libMVGigEVisionSDK.so(GigEVisionGVSP.cpp-L0656)  ProcessName:python3.12(84250)     Description:[GVSPThread]GVSPThread Start, ThreadId[129867911775936]
Info    2026-08-19 13:41:46:068  DevID:MV-CU060-10GC(DA1691703)  Source-Line:libMVGigEVisionSDK.so(StreamChannel.cpp-L1787)  ProcessName:python3.12(84250)     Description:[StartProxy][0]Stream proxy start, Socket mode, GvspDstPort[47594], bResendEnable[1], GvspTimeout[300], ResendTimeInterval[10], SCPS[1500], nPayloadSize[6295104], 3DSpecMode[0], CompressMode[0], bSupportAnnounceBuffer[0]
Info    2026-08-19 13:41:46:068  DevID:MV-CU060-10GC(DA1691703)  Source-Line:libMVGigEVisionSDK.so(GigEVisionGVSP.cpp-L0671)  ProcessName:python3.12(84250)     Description:[GVSPResendThread]GVSPResendThread Start, ThreadId[129867903383232]
Info    2026-08-19 13:41:46:068  DevID:MV-CU060-10GC(DA1691703)  Source-Line:libMVGigEVisionSDK.so(GigEVisionManager.cpp-L2137)  ProcessName:python3.12(84250)     Description:[GiGEVision_StartAcquisition]m_nPrivilegeMode[1]
Info    2026-08-19 13:41:46:068  DevID:MV-CU060-10GC(DA1691703)  Source-Line:libMVGigEVisionSDK.so(GigEVisionGVSP.cpp-L0690)  ProcessName:python3.12(84250)     Description:[GVSPThreadProc]GvspTimeout[300], ResendEnable[1], ResendTimeInterval[10], ResendRetryTimes[20], ResendTimeout[50], MaxResendPktsNum[4276]
Info    2026-08-19 13:41:46:070  DevID:MV-CU060-10GC(DA1691703)  Source-Line:libMVGigEVisionSDK.so(GigEVisionManager.cpp-L2164)  ProcessName:python3.12(84250)     Description:[GiGEVision_StartAcquisition][0] [GVCP]GvspSendIP[192.168.1.21], GvspSendPort[47594]
Info    2026-08-19 13:41:46:070  DevID:MV-CU060-10GC(DA1691703)  Source-Line:libMVGigEVisionSDK.so(GigEVisionManager.cpp-L2168)  ProcessName:python3.12(84250)     Description:[GiGEVision_StartAcquisition][0] Acquisition Start Success, use 3 ms
Info    2026-08-19 13:41:46:475  DevID:MV-CU060-10GC(DA1691703)  Source-Line:libMVGigEVisionSDK.so(GigEVisionGVSP.cpp-L0438)  ProcessName:python3.12(84250)     Description:[TrimOutputQueue]TrimOutputQueue ThrowInBufList[1]
Warning 2026-08-19 13:41:46:478  DevID:MV-CU060-10GC(DA1691703)  Source-Line:libMVGigEVisionSDK.so(StreamChannel.cpp-L3070)  ProcessName:python3.12(84250)     Description:[GetImageBuffer][GetImageBuffer]The frame number is not continuous, PreFrameNum[3], CurFrameNum[140724603453445]
Info    2026-08-19 13:41:46:656  DevID:MV-CU060-10GC(DA1691703)  Source-Line:libMVGigEVisionSDK.so(GigEVisionGVSP.cpp-L0673)  ProcessName:python3.12(84250)     Description:[GVSPResendThread]GVSPResendThread End, ThreadId[129867903383232]
Info    2026-08-19 13:41:46:662  DevID:MV-CU060-10GC(DA1691703)  Source-Line:libMVGigEVisionSDK.so(GigEVisionGVSP.cpp-L0658)  ProcessName:python3.12(84250)     Description:[GVSPThread]GVSPThread End, ThreadId[129867911775936]
Info    2026-08-19 13:41:46:662  DevID:MV-CU060-10GC(DA1691703)  Source-Line:libMVGigEVisionSDK.so(StreamChannel.cpp-L1069)  ProcessName:python3.12(84250)     Description:[Stop][0] [Socket Mode] GetCount[5], GetCountSucceed[5], NetReceive[7], ThrowAbnormalImage[0], NetLostFrame[0], ThrowInBufList[1], LostPackets[0]
Info    2026-08-19 13:41:46:662  DevID:MV-CU060-10GC(DA1691703)  Source-Line:libMVGigEVisionSDK.so(GigEVisionManager.cpp-L2238)  ProcessName:python3.12(84250)     Description:[GiGEVision_StopAcquisition][0] Acquisition Stop Success, use 8 ms
Info    2026-08-19 13:42:16:345  DevID:MV-CU060-10GC(DA1691703)  Source-Line:libMVGigEVisionSDK.so(GigEVisionBufferManager.cpp-L0382)  ProcessName:python3.12(84250)     Description:[GigEBufferManager_Init]Main Buffer List'Length is 2, Lock Buffer List's Length is 1
Info    2026-08-19 13:42:16:345  DevID:MV-CU060-10GC(DA1691703)  Source-Line:libMVGigEVisionSDK.so(GigEVisionGVSP.cpp-L0656)  ProcessName:python3.12(84250)     Description:[GVSPThread]GVSPThread Start, ThreadId[129867903383232]
Info    2026-08-19 13:42:16:345  DevID:MV-CU060-10GC(DA1691703)  Source-Line:libMVGigEVisionSDK.so(StreamChannel.cpp-L1787)  ProcessName:python3.12(84250)     Description:[StartProxy][0]Stream proxy start, Socket mode, GvspDstPort[47594], bResendEnable[1], GvspTimeout[300], ResendTimeInterval[10], SCPS[1500], nPayloadSize[6295104], 3DSpecMode[0], CompressMode[0], bSupportAnnounceBuffer[0]
Info    2026-08-19 13:42:16:345  DevID:MV-CU060-10GC(DA1691703)  Source-Line:libMVGigEVisionSDK.so(GigEVisionGVSP.cpp-L0671)  ProcessName:python3.12(84250)     Description:[GVSPResendThread]GVSPResendThread Start, ThreadId[129867911775936]
Info    2026-08-19 13:42:16:345  DevID:MV-CU060-10GC(DA1691703)  Source-Line:libMVGigEVisionSDK.so(GigEVisionGVSP.cpp-L0690)  ProcessName:python3.12(84250)     Description:[GVSPThreadProc]GvspTimeout[300], ResendEnable[1], ResendTimeInterval[10], ResendRetryTimes[20], ResendTimeout[50], MaxResendPktsNum[4276]
Info    2026-08-19 13:42:16:345  DevID:MV-CU060-10GC(DA1691703)  Source-Line:libMVGigEVisionSDK.so(GigEVisionManager.cpp-L2137)  ProcessName:python3.12(84250)     Description:[GiGEVision_StartAcquisition]m_nPrivilegeMode[1]
Info    2026-08-19 13:42:16:347  DevID:MV-CU060-10GC(DA1691703)  Source-Line:libMVGigEVisionSDK.so(GigEVisionManager.cpp-L2164)  ProcessName:python3.12(84250)     Description:[GiGEVision_StartAcquisition][0] [GVCP]GvspSendIP[192.168.1.21], GvspSendPort[47594]
Info    2026-08-19 13:42:16:347  DevID:MV-CU060-10GC(DA1691703)  Source-Line:libMVGigEVisionSDK.so(GigEVisionManager.cpp-L2168)  ProcessName:python3.12(84250)     Description:[GiGEVision_StartAcquisition][0] Acquisition Start Success, use 4 ms
Info    2026-08-19 13:42:16:849  DevID:MV-CU060-10GC(DA1691703)  Source-Line:libMVGigEVisionSDK.so(GigEVisionGVSP.cpp-L0658)  ProcessName:python3.12(84250)     Description:[GVSPThread]GVSPThread End, ThreadId[129867903383232]
Warning 2026-08-19 13:42:16:849  DevID:MV-CU060-10GC(DA1691703)  Source-Line:libMVGigEVisionSDK.so(GigEVisionGVSP.cpp-L0775)  ProcessName:python3.12(84250)     Description:[GVSPResendThreadProc]WaitForSingleEvent(Timer) failed: 0x6e
Info    2026-08-19 13:42:16:849  DevID:MV-CU060-10GC(DA1691703)  Source-Line:libMVGigEVisionSDK.so(GigEVisionGVSP.cpp-L0673)  ProcessName:python3.12(84250)     Description:[GVSPResendThread]GVSPResendThread End, ThreadId[129867911775936]
Info    2026-08-19 13:42:16:849  DevID:MV-CU060-10GC(DA1691703)  Source-Line:libMVGigEVisionSDK.so(StreamChannel.cpp-L1069)  ProcessName:python3.12(84250)     Description:[Stop][0] [Socket Mode] GetCount[5], GetCountSucceed[5], NetReceive[6], ThrowAbnormalImage[0], NetLostFrame[0], ThrowInBufList[0], LostPackets[0]
Info    2026-08-19 13:42:16:849  DevID:MV-CU060-10GC(DA1691703)  Source-Line:libMVGigEVisionSDK.so(GigEVisionManager.cpp-L2238)  ProcessName:python3.12(84250)     Description:[GiGEVision_StopAcquisition][0] Acquisition Stop Success, use 4 ms
Info    2026-08-19 13:42:49:818  DevID:MV-CU060-10GC(DA1691703)  Source-Line:libMVGigEVisionSDK.so(GigEVisionBufferManager.cpp-L0382)  ProcessName:python3.12(84250)     Description:[GigEBufferManager_Init]Main Buffer List'Length is 2, Lock Buffer List's Length is 1
Info    2026-08-19 13:42:49:819  DevID:MV-CU060-10GC(DA1691703)  Source-Line:libMVGigEVisionSDK.so(GigEVisionGVSP.cpp-L0656)  ProcessName:python3.12(84250)     Description:[GVSPThread]GVSPThread Start, ThreadId[129867911775936]
Info    2026-08-19 13:42:49:819  DevID:MV-CU060-10GC(DA1691703)  Source-Line:libMVGigEVisionSDK.so(GigEVisionGVSP.cpp-L0690)  ProcessName:python3.12(84250)     Description:[GVSPThreadProc]GvspTimeout[300], ResendEnable[1], ResendTimeInterval[10], ResendRetryTimes[20], ResendTimeout[50], MaxResendPktsNum[4276]
Info    2026-08-19 13:42:49:819  DevID:MV-CU060-10GC(DA1691703)  Source-Line:libMVGigEVisionSDK.so(StreamChannel.cpp-L1787)  ProcessName:python3.12(84250)     Description:[StartProxy][0]Stream proxy start, Socket mode, GvspDstPort[47594], bResendEnable[1], GvspTimeout[300], ResendTimeInterval[10], SCPS[1500], nPayloadSize[6295104], 3DSpecMode[0], CompressMode[0], bSupportAnnounceBuffer[0]
Info    2026-08-19 13:42:49:819  DevID:MV-CU060-10GC(DA1691703)  Source-Line:libMVGigEVisionSDK.so(GigEVisionGVSP.cpp-L0671)  ProcessName:python3.12(84250)     Description:[GVSPResendThread]GVSPResendThread Start, ThreadId[129867903383232]
Info    2026-08-19 13:42:49:819  DevID:MV-CU060-10GC(DA1691703)  Source-Line:libMVGigEVisionSDK.so(GigEVisionManager.cpp-L2137)  ProcessName:python3.12(84250)     Description:[GiGEVision_StartAcquisition]m_nPrivilegeMode[1]
Info    2026-08-19 13:42:49:821  DevID:MV-CU060-10GC(DA1691703)  Source-Line:libMVGigEVisionSDK.so(GigEVisionManager.cpp-L2164)  ProcessName:python3.12(84250)     Description:[GiGEVision_StartAcquisition][0] [GVCP]GvspSendIP[192.168.1.21], GvspSendPort[47594]
Info    2026-08-19 13:42:49:821  DevID:MV-CU060-10GC(DA1691703)  Source-Line:libMVGigEVisionSDK.so(GigEVisionManager.cpp-L2168)  ProcessName:python3.12(84250)     Description:[GiGEVision_StartAcquisition][0] Acquisition Start Success, use 3 ms
Info    2026-08-19 13:42:50:360  DevID:MV-CU060-10GC(DA1691703)  Source-Line:libMVGigEVisionSDK.so(GigEVisionGVSP.cpp-L0438)  ProcessName:python3.12(84250)     Description:[TrimOutputQueue]TrimOutputQueue ThrowInBufList[1]
Info    2026-08-19 13:42:50:376  DevID:MV-CU060-10GC(DA1691703)  Source-Line:libMVGigEVisionSDK.so(GigEVisionGVSP.cpp-L0673)  ProcessName:python3.12(84250)     Description:[GVSPResendThread]GVSPResendThread End, ThreadId[129867903383232]
Info    2026-08-19 13:42:50:380  DevID:MV-CU060-10GC(DA1691703)  Source-Line:libMVGigEVisionSDK.so(GigEVisionGVSP.cpp-L0658)  ProcessName:python3.12(84250)     Description:[GVSPThread]GVSPThread End, ThreadId[129867911775936]
Info    2026-08-19 13:42:50:381  DevID:MV-CU060-10GC(DA1691703)  Source-Line:libMVGigEVisionSDK.so(StreamChannel.cpp-L1069)  ProcessName:python3.12(84250)     Description:[Stop][0] [Socket Mode] GetCount[5], GetCountSucceed[5], NetReceive[7], ThrowAbnormalImage[0], NetLostFrame[0], ThrowInBufList[1], LostPackets[0]
Info    2026-08-19 13:42:50:381  DevID:MV-CU060-10GC(DA1691703)  Source-Line:libMVGigEVisionSDK.so(GigEVisionManager.cpp-L2238)  ProcessName:python3.12(84250)     Description:[GiGEVision_StopAcquisition][0] Acquisition Stop Success, use 7 ms
Info    2026-08-19 13:42:51:352  DevID:MV-CU060-10GC(DA1691703)  Source-Line:libMVGigEVisionSDK.so(GigEVisionBufferManager.cpp-L0382)  ProcessName:python3.12(84250)     Description:[GigEBufferManager_Init]Main Buffer List'Length is 2, Lock Buffer List's Length is 1
Info    2026-08-19 13:42:51:352  DevID:MV-CU060-10GC(DA1691703)  Source-Line:libMVGigEVisionSDK.so(GigEVisionGVSP.cpp-L0656)  ProcessName:python3.12(84250)     Description:[GVSPThread]GVSPThread Start, ThreadId[129867903383232]
Info    2026-08-19 13:42:51:352  DevID:MV-CU060-10GC(DA1691703)  Source-Line:libMVGigEVisionSDK.so(GigEVisionGVSP.cpp-L0690)  ProcessName:python3.12(84250)     Description:[GVSPThreadProc]GvspTimeout[300], ResendEnable[1], ResendTimeInterval[10], ResendRetryTimes[20], ResendTimeout[50], MaxResendPktsNum[4276]
Info    2026-08-19 13:42:51:352  DevID:MV-CU060-10GC(DA1691703)  Source-Line:libMVGigEVisionSDK.so(StreamChannel.cpp-L1787)  ProcessName:python3.12(84250)     Description:[StartProxy][0]Stream proxy start, Socket mode, GvspDstPort[47594], bResendEnable[1], GvspTimeout[300], ResendTimeInterval[10], SCPS[1500], nPayloadSize[6295104], 3DSpecMode[0], CompressMode[0], bSupportAnnounceBuffer[0]
Info    2026-08-19 13:42:51:352  DevID:MV-CU060-10GC(DA1691703)  Source-Line:libMVGigEVisionSDK.so(GigEVisionGVSP.cpp-L0671)  ProcessName:python3.12(84250)     Description:[GVSPResendThread]GVSPResendThread Start, ThreadId[129867911775936]
Info    2026-08-19 13:42:51:352  DevID:MV-CU060-10GC(DA1691703)  Source-Line:libMVGigEVisionSDK.so(GigEVisionManager.cpp-L2137)  ProcessName:python3.12(84250)     Description:[GiGEVision_StartAcquisition]m_nPrivilegeMode[1]
Info    2026-08-19 13:42:51:354  DevID:MV-CU060-10GC(DA1691703)  Source-Line:libMVGigEVisionSDK.so(GigEVisionManager.cpp-L2164)  ProcessName:python3.12(84250)     Description:[GiGEVision_StartAcquisition][0] [GVCP]GvspSendIP[192.168.1.21], GvspSendPort[47594]
Info    2026-08-19 13:42:51:354  DevID:MV-CU060-10GC(DA1691703)  Source-Line:libMVGigEVisionSDK.so(GigEVisionManager.cpp-L2168)  ProcessName:python3.12(84250)     Description:[GiGEVision_StartAcquisition][0] Acquisition Start Success, use 3 ms
Info    2026-08-19 13:42:51:693  DevID:MV-CU060-10GC(DA1691703)  Source-Line:libMVGigEVisionSDK.so(GigEVisionGVSP.cpp-L0438)  ProcessName:python3.12(84250)     Description:[TrimOutputQueue]TrimOutputQueue ThrowInBufList[1]
Warning 2026-08-19 13:42:51:703  DevID:MV-CU060-10GC(DA1691703)  Source-Line:libMVGigEVisionSDK.so(StreamChannel.cpp-L3070)  ProcessName:python3.12(84250)     Description:[GetImageBuffer][GetImageBuffer]The frame number is not continuous, PreFrameNum[2], CurFrameNum[140724603453444]
Info    2026-08-19 13:42:51:894  DevID:MV-CU060-10GC(DA1691703)  Source-Line:libMVGigEVisionSDK.so(GigEVisionGVSP.cpp-L0438)  ProcessName:python3.12(84250)     Description:[TrimOutputQueue]TrimOutputQueue ThrowInBufList[2]
Warning 2026-08-19 13:42:51:922  DevID:MV-CU060-10GC(DA1691703)  Source-Line:libMVGigEVisionSDK.so(StreamChannel.cpp-L3070)  ProcessName:python3.12(84250)     Description:[GetImageBuffer][GetImageBuffer]The frame number is not continuous, PreFrameNum[5], CurFrameNum[140724603453447]
Info    2026-08-19 13:42:52:038  DevID:MV-CU060-10GC(DA1691703)  Source-Line:libMVGigEVisionSDK.so(GigEVisionGVSP.cpp-L0658)  ProcessName:python3.12(84250)     Description:[GVSPThread]GVSPThread End, ThreadId[129867903383232]
Warning 2026-08-19 13:42:52:038  DevID:MV-CU060-10GC(DA1691703)  Source-Line:libMVGigEVisionSDK.so(GigEVisionGVSP.cpp-L0775)  ProcessName:python3.12(84250)     Description:[GVSPResendThreadProc]WaitForSingleEvent(Timer) failed: 0x6e
Info    2026-08-19 13:42:52:038  DevID:MV-CU060-10GC(DA1691703)  Source-Line:libMVGigEVisionSDK.so(GigEVisionGVSP.cpp-L0673)  ProcessName:python3.12(84250)     Description:[GVSPResendThread]GVSPResendThread End, ThreadId[129867911775936]
Info    2026-08-19 13:42:52:039  DevID:MV-CU060-10GC(DA1691703)  Source-Line:libMVGigEVisionSDK.so(StreamChannel.cpp-L1069)  ProcessName:python3.12(84250)     Description:[Stop][0] [Socket Mode] GetCount[5], GetCountSucceed[5], NetReceive[8], ThrowAbnormalImage[0], NetLostFrame[0], ThrowInBufList[2], LostPackets[0]
Info    2026-08-19 13:42:52:039  DevID:MV-CU060-10GC(DA1691703)  Source-Line:libMVGigEVisionSDK.so(GigEVisionManager.cpp-L2238)  ProcessName:python3.12(84250)     Description:[GiGEVision_StopAcquisition][0] Acquisition Stop Success, use 4 ms
Info    2026-08-19 13:43:27:014  DevID:MV-CU060-10GC(DA1691703)  Source-Line:libMVGigEVisionSDK.so(GigEVisionBufferManager.cpp-L0382)  ProcessName:python3.12(84250)     Description:[GigEBufferManager_Init]Main Buffer List'Length is 2, Lock Buffer List's Length is 1
Info    2026-08-19 13:43:27:014  DevID:MV-CU060-10GC(DA1691703)  Source-Line:libMVGigEVisionSDK.so(GigEVisionGVSP.cpp-L0656)  ProcessName:python3.12(84250)     Description:[GVSPThread]GVSPThread Start, ThreadId[129867911775936]
Info    2026-08-19 13:43:27:015  DevID:MV-CU060-10GC(DA1691703)  Source-Line:libMVGigEVisionSDK.so(StreamChannel.cpp-L1787)  ProcessName:python3.12(84250)     Description:[StartProxy][0]Stream proxy start, Socket mode, GvspDstPort[47594], bResendEnable[1], GvspTimeout[300], ResendTimeInterval[10], SCPS[1500], nPayloadSize[6295104], 3DSpecMode[0], CompressMode[0], bSupportAnnounceBuffer[0]
Info    2026-08-19 13:43:27:015  DevID:MV-CU060-10GC(DA1691703)  Source-Line:libMVGigEVisionSDK.so(GigEVisionGVSP.cpp-L0690)  ProcessName:python3.12(84250)     Description:[GVSPThreadProc]GvspTimeout[300], ResendEnable[1], ResendTimeInterval[10], ResendRetryTimes[20], ResendTimeout[50], MaxResendPktsNum[4276]
Info    2026-08-19 13:43:27:015  DevID:MV-CU060-10GC(DA1691703)  Source-Line:libMVGigEVisionSDK.so(GigEVisionGVSP.cpp-L0671)  ProcessName:python3.12(84250)     Description:[GVSPResendThread]GVSPResendThread Start, ThreadId[129867903383232]
Info    2026-08-19 13:43:27:015  DevID:MV-CU060-10GC(DA1691703)  Source-Line:libMVGigEVisionSDK.so(GigEVisionManager.cpp-L2137)  ProcessName:python3.12(84250)     Description:[GiGEVision_StartAcquisition]m_nPrivilegeMode[1]
Info    2026-08-19 13:43:27:016  DevID:MV-CU060-10GC(DA1691703)  Source-Line:libMVGigEVisionSDK.so(GigEVisionManager.cpp-L2164)  ProcessName:python3.12(84250)     Description:[GiGEVision_StartAcquisition][0] [GVCP]GvspSendIP[192.168.1.21], GvspSendPort[47594]
Info    2026-08-19 13:43:27:016  DevID:MV-CU060-10GC(DA1691703)  Source-Line:libMVGigEVisionSDK.so(GigEVisionManager.cpp-L2168)  ProcessName:python3.12(84250)     Description:[GiGEVision_StartAcquisition][0] Acquisition Start Success, use 3 ms
Info    2026-08-19 13:43:27:470  DevID:MV-CU060-10GC(DA1691703)  Source-Line:libMVGigEVisionSDK.so(GigEVisionGVSP.cpp-L0673)  ProcessName:python3.12(84250)     Description:[GVSPResendThread]GVSPResendThread End, ThreadId[129867903383232]
Info    2026-08-19 13:43:27:470  DevID:MV-CU060-10GC(DA1691703)  Source-Line:libMVGigEVisionSDK.so(GigEVisionGVSP.cpp-L0658)  ProcessName:python3.12(84250)     Description:[GVSPThread]GVSPThread End, ThreadId[129867911775936]
Info    2026-08-19 13:43:27:470  DevID:MV-CU060-10GC(DA1691703)  Source-Line:libMVGigEVisionSDK.so(StreamChannel.cpp-L1069)  ProcessName:python3.12(84250)     Description:[Stop][0] [Socket Mode] GetCount[5], GetCountSucceed[5], NetReceive[5], ThrowAbnormalImage[0], NetLostFrame[0], ThrowInBufList[0], LostPackets[0]
Info    2026-08-19 13:43:27:470  DevID:MV-CU060-10GC(DA1691703)  Source-Line:libMVGigEVisionSDK.so(GigEVisionManager.cpp-L2238)  ProcessName:python3.12(84250)     Description:[GiGEVision_StopAcquisition][0] Acquisition Stop Success, use 6 ms
Info    2026-08-19 13:44:00:330  DevID:MV-CU060-10GC(DA1691703)  Source-Line:libMVGigEVisionSDK.so(GigEVisionBufferManager.cpp-L0382)  ProcessName:python3.12(84250)     Description:[GigEBufferManager_Init]Main Buffer List'Length is 2, Lock Buffer List's Length is 1
Info    2026-08-19 13:44:00:330  DevID:MV-CU060-10GC(DA1691703)  Source-Line:libMVGigEVisionSDK.so(StreamChannel.cpp-L1787)  ProcessName:python3.12(84250)     Description:[StartProxy][0]Stream proxy start, Socket mode, GvspDstPort[47594], bResendEnable[1], GvspTimeout[300], ResendTimeInterval[10], SCPS[1500], nPayloadSize[6295104], 3DSpecMode[0], CompressMode[0], bSupportAnnounceBuffer[0]
Info    2026-08-19 13:44:00:330  DevID:MV-CU060-10GC(DA1691703)  Source-Line:libMVGigEVisionSDK.so(GigEVisionGVSP.cpp-L0656)  ProcessName:python3.12(84250)     Description:[GVSPThread]GVSPThread Start, ThreadId[129867903383232]
Info    2026-08-19 13:44:00:330  DevID:MV-CU060-10GC(DA1691703)  Source-Line:libMVGigEVisionSDK.so(GigEVisionGVSP.cpp-L0671)  ProcessName:python3.12(84250)     Description:[GVSPResendThread]GVSPResendThread Start, ThreadId[129867911775936]
Info    2026-08-19 13:44:00:331  DevID:MV-CU060-10GC(DA1691703)  Source-Line:libMVGigEVisionSDK.so(GigEVisionManager.cpp-L2137)  ProcessName:python3.12(84250)     Description:[GiGEVision_StartAcquisition]m_nPrivilegeMode[1]
Info    2026-08-19 13:44:00:331  DevID:MV-CU060-10GC(DA1691703)  Source-Line:libMVGigEVisionSDK.so(GigEVisionGVSP.cpp-L0690)  ProcessName:python3.12(84250)     Description:[GVSPThreadProc]GvspTimeout[300], ResendEnable[1], ResendTimeInterval[10], ResendRetryTimes[20], ResendTimeout[50], MaxResendPktsNum[4276]
Info    2026-08-19 13:44:00:332  DevID:MV-CU060-10GC(DA1691703)  Source-Line:libMVGigEVisionSDK.so(GigEVisionManager.cpp-L2164)  ProcessName:python3.12(84250)     Description:[GiGEVision_StartAcquisition][0] [GVCP]GvspSendIP[192.168.1.21], GvspSendPort[47594]
Info    2026-08-19 13:44:00:332  DevID:MV-CU060-10GC(DA1691703)  Source-Line:libMVGigEVisionSDK.so(GigEVisionManager.cpp-L2168)  ProcessName:python3.12(84250)     Description:[GiGEVision_StartAcquisition][0] Acquisition Start Success, use 3 ms
Info    2026-08-19 13:44:00:857  DevID:MV-CU060-10GC(DA1691703)  Source-Line:libMVGigEVisionSDK.so(GigEVisionGVSP.cpp-L0673)  ProcessName:python3.12(84250)     Description:[GVSPResendThread]GVSPResendThread End, ThreadId[129867911775936]
Info    2026-08-19 13:44:00:859  DevID:MV-CU060-10GC(DA1691703)  Source-Line:libMVGigEVisionSDK.so(GigEVisionGVSP.cpp-L0658)  ProcessName:python3.12(84250)     Description:[GVSPThread]GVSPThread End, ThreadId[129867903383232]
Info    2026-08-19 13:44:00:859  DevID:MV-CU060-10GC(DA1691703)  Source-Line:libMVGigEVisionSDK.so(StreamChannel.cpp-L1069)  ProcessName:python3.12(84250)     Description:[Stop][0] [Socket Mode] GetCount[5], GetCountSucceed[5], NetReceive[6], ThrowAbnormalImage[0], NetLostFrame[0], ThrowInBufList[0], LostPackets[0]
Info    2026-08-19 13:44:00:859  DevID:MV-CU060-10GC(DA1691703)  Source-Line:libMVGigEVisionSDK.so(GigEVisionManager.cpp-L2238)  ProcessName:python3.12(84250)     Description:[GiGEVision_StopAcquisition][0] Acquisition Stop Success, use 5 ms
Info    2026-08-19 13:44:32:771  DevID:MV-CU060-10GC(DA1691703)  Source-Line:libMVGigEVisionSDK.so(GigEVisionBufferManager.cpp-L0382)  ProcessName:python3.12(84250)     Description:[GigEBufferManager_Init]Main Buffer List'Length is 2, Lock Buffer List's Length is 1
Info    2026-08-19 13:44:32:771  DevID:MV-CU060-10GC(DA1691703)  Source-Line:libMVGigEVisionSDK.so(GigEVisionGVSP.cpp-L0656)  ProcessName:python3.12(84250)     Description:[GVSPThread]GVSPThread Start, ThreadId[129867911775936]
Info    2026-08-19 13:44:32:771  DevID:MV-CU060-10GC(DA1691703)  Source-Line:libMVGigEVisionSDK.so(GigEVisionGVSP.cpp-L0690)  ProcessName:python3.12(84250)     Description:[GVSPThreadProc]GvspTimeout[300], ResendEnable[1], ResendTimeInterval[10], ResendRetryTimes[20], ResendTimeout[50], MaxResendPktsNum[4276]
Info    2026-08-19 13:44:32:771  DevID:MV-CU060-10GC(DA1691703)  Source-Line:libMVGigEVisionSDK.so(StreamChannel.cpp-L1787)  ProcessName:python3.12(84250)     Description:[StartProxy][0]Stream proxy start, Socket mode, GvspDstPort[47594], bResendEnable[1], GvspTimeout[300], ResendTimeInterval[10], SCPS[1500], nPayloadSize[6295104], 3DSpecMode[0], CompressMode[0], bSupportAnnounceBuffer[0]
Info    2026-08-19 13:44:32:772  DevID:MV-CU060-10GC(DA1691703)  Source-Line:libMVGigEVisionSDK.so(GigEVisionGVSP.cpp-L0671)  ProcessName:python3.12(84250)     Description:[GVSPResendThread]GVSPResendThread Start, ThreadId[129867903383232]
Info    2026-08-19 13:44:32:772  DevID:MV-CU060-10GC(DA1691703)  Source-Line:libMVGigEVisionSDK.so(GigEVisionManager.cpp-L2137)  ProcessName:python3.12(84250)     Description:[GiGEVision_StartAcquisition]m_nPrivilegeMode[1]
Info    2026-08-19 13:44:32:774  DevID:MV-CU060-10GC(DA1691703)  Source-Line:libMVGigEVisionSDK.so(GigEVisionManager.cpp-L2164)  ProcessName:python3.12(84250)     Description:[GiGEVision_StartAcquisition][0] [GVCP]GvspSendIP[192.168.1.21], GvspSendPort[47594]
Info    2026-08-19 13:44:32:774  DevID:MV-CU060-10GC(DA1691703)  Source-Line:libMVGigEVisionSDK.so(GigEVisionManager.cpp-L2168)  ProcessName:python3.12(84250)     Description:[GiGEVision_StartAcquisition][0] Acquisition Start Success, use 4 ms
Info    2026-08-19 13:44:33:246  DevID:MV-CU060-10GC(DA1691703)  Source-Line:libMVGigEVisionSDK.so(GigEVisionGVSP.cpp-L0438)  ProcessName:python3.12(84250)     Description:[TrimOutputQueue]TrimOutputQueue ThrowInBufList[1]
Warning 2026-08-19 13:44:33:258  DevID:MV-CU060-10GC(DA1691703)  Source-Line:libMVGigEVisionSDK.so(StreamChannel.cpp-L3070)  ProcessName:python3.12(84250)     Description:[GetImageBuffer][GetImageBuffer]The frame number is not continuous, PreFrameNum[4], CurFrameNum[140724603453446]
Info    2026-08-19 13:44:33:322  DevID:MV-CU060-10GC(DA1691703)  Source-Line:libMVGigEVisionSDK.so(GigEVisionGVSP.cpp-L0658)  ProcessName:python3.12(84250)     Description:[GVSPThread]GVSPThread End, ThreadId[129867911775936]
Warning 2026-08-19 13:44:33:323  DevID:MV-CU060-10GC(DA1691703)  Source-Line:libMVGigEVisionSDK.so(GigEVisionGVSP.cpp-L0775)  ProcessName:python3.12(84250)     Description:[GVSPResendThreadProc]WaitForSingleEvent(Timer) failed: 0x6e
Info    2026-08-19 13:44:33:323  DevID:MV-CU060-10GC(DA1691703)  Source-Line:libMVGigEVisionSDK.so(GigEVisionGVSP.cpp-L0673)  ProcessName:python3.12(84250)     Description:[GVSPResendThread]GVSPResendThread End, ThreadId[129867903383232]
Info    2026-08-19 13:44:33:323  DevID:MV-CU060-10GC(DA1691703)  Source-Line:libMVGigEVisionSDK.so(StreamChannel.cpp-L1069)  ProcessName:python3.12(84250)     Description:[Stop][0] [Socket Mode] GetCount[5], GetCountSucceed[5], NetReceive[6], ThrowAbnormalImage[0], NetLostFrame[0], ThrowInBufList[1], LostPackets[0]
Info    2026-08-19 13:44:33:323  DevID:MV-CU060-10GC(DA1691703)  Source-Line:libMVGigEVisionSDK.so(GigEVisionManager.cpp-L2238)  ProcessName:python3.12(84250)     Description:[GiGEVision_StopAcquisition][0] Acquisition Stop Success, use 8 ms
Info    2026-08-19 13:44:34:308  DevID:MV-CU060-10GC(DA1691703)  Source-Line:libMVGigEVisionSDK.so(GigEVisionBufferManager.cpp-L0382)  ProcessName:python3.12(84250)     Description:[GigEBufferManager_Init]Main Buffer List'Length is 2, Lock Buffer List's Length is 1
Info    2026-08-19 13:44:34:308  DevID:MV-CU060-10GC(DA1691703)  Source-Line:libMVGigEVisionSDK.so(GigEVisionGVSP.cpp-L0656)  ProcessName:python3.12(84250)     Description:[GVSPThread]GVSPThread Start, ThreadId[129867903383232]
Info    2026-08-19 13:44:34:308  DevID:MV-CU060-10GC(DA1691703)  Source-Line:libMVGigEVisionSDK.so(GigEVisionGVSP.cpp-L0690)  ProcessName:python3.12(84250)     Description:[GVSPThreadProc]GvspTimeout[300], ResendEnable[1], ResendTimeInterval[10], ResendRetryTimes[20], ResendTimeout[50], MaxResendPktsNum[4276]
Info    2026-08-19 13:44:34:308  DevID:MV-CU060-10GC(DA1691703)  Source-Line:libMVGigEVisionSDK.so(StreamChannel.cpp-L1787)  ProcessName:python3.12(84250)     Description:[StartProxy][0]Stream proxy start, Socket mode, GvspDstPort[47594], bResendEnable[1], GvspTimeout[300], ResendTimeInterval[10], SCPS[1500], nPayloadSize[6295104], 3DSpecMode[0], CompressMode[0], bSupportAnnounceBuffer[0]
Info    2026-08-19 13:44:34:308  DevID:MV-CU060-10GC(DA1691703)  Source-Line:libMVGigEVisionSDK.so(GigEVisionGVSP.cpp-L0671)  ProcessName:python3.12(84250)     Description:[GVSPResendThread]GVSPResendThread Start, ThreadId[129867911775936]
Info    2026-08-19 13:44:34:308  DevID:MV-CU060-10GC(DA1691703)  Source-Line:libMVGigEVisionSDK.so(GigEVisionManager.cpp-L2137)  ProcessName:python3.12(84250)     Description:[GiGEVision_StartAcquisition]m_nPrivilegeMode[1]
Info    2026-08-19 13:44:34:310  DevID:MV-CU060-10GC(DA1691703)  Source-Line:libMVGigEVisionSDK.so(GigEVisionManager.cpp-L2164)  ProcessName:python3.12(84250)     Description:[GiGEVision_StartAcquisition][0] [GVCP]GvspSendIP[192.168.1.21], GvspSendPort[47594]
Info    2026-08-19 13:44:34:310  DevID:MV-CU060-10GC(DA1691703)  Source-Line:libMVGigEVisionSDK.so(GigEVisionManager.cpp-L2168)  ProcessName:python3.12(84250)     Description:[GiGEVision_StartAcquisition][0] Acquisition Start Success, use 3 ms
Info    2026-08-19 13:44:34:782  DevID:MV-CU060-10GC(DA1691703)  Source-Line:libMVGigEVisionSDK.so(GigEVisionGVSP.cpp-L0438)  ProcessName:python3.12(84250)     Description:[TrimOutputQueue]TrimOutputQueue ThrowInBufList[1]
Warning 2026-08-19 13:44:34:807  DevID:MV-CU060-10GC(DA1691703)  Source-Line:libMVGigEVisionSDK.so(StreamChannel.cpp-L3070)  ProcessName:python3.12(84250)     Description:[GetImageBuffer][GetImageBuffer]The frame number is not continuous, PreFrameNum[4], CurFrameNum[140724603453446]
Info    2026-08-19 13:44:34:921  DevID:MV-CU060-10GC(DA1691703)  Source-Line:libMVGigEVisionSDK.so(GigEVisionGVSP.cpp-L0673)  ProcessName:python3.12(84250)     Description:[GVSPResendThread]GVSPResendThread End, ThreadId[129867911775936]
Info    2026-08-19 13:44:34:921  DevID:MV-CU060-10GC(DA1691703)  Source-Line:libMVGigEVisionSDK.so(GigEVisionGVSP.cpp-L0658)  ProcessName:python3.12(84250)     Description:[GVSPThread]GVSPThread End, ThreadId[129867903383232]
Info    2026-08-19 13:44:34:922  DevID:MV-CU060-10GC(DA1691703)  Source-Line:libMVGigEVisionSDK.so(StreamChannel.cpp-L1069)  ProcessName:python3.12(84250)     Description:[Stop][0] [Socket Mode] GetCount[5], GetCountSucceed[5], NetReceive[7], ThrowAbnormalImage[0], NetLostFrame[0], ThrowInBufList[1], LostPackets[0]
Info    2026-08-19 13:44:34:922  DevID:MV-CU060-10GC(DA1691703)  Source-Line:libMVGigEVisionSDK.so(GigEVisionManager.cpp-L2238)  ProcessName:python3.12(84250)     Description:[GiGEVision_StopAcquisition][0] Acquisition Stop Success, use 6 ms
Info    2026-08-19 13:44:35:814  DevID:MV-CU060-10GC(DA1691703)  Source-Line:libMVGigEVisionSDK.so(GigEVisionBufferManager.cpp-L0382)  ProcessName:python3.12(84250)     Description:[GigEBufferManager_Init]Main Buffer List'Length is 2, Lock Buffer List's Length is 1
Info    2026-08-19 13:44:35:814  DevID:MV-CU060-10GC(DA1691703)  Source-Line:libMVGigEVisionSDK.so(GigEVisionGVSP.cpp-L0656)  ProcessName:python3.12(84250)     Description:[GVSPThread]GVSPThread Start, ThreadId[129867911775936]
Info    2026-08-19 13:44:35:814  DevID:MV-CU060-10GC(DA1691703)  Source-Line:libMVGigEVisionSDK.so(StreamChannel.cpp-L1787)  ProcessName:python3.12(84250)     Description:[StartProxy][0]Stream proxy start, Socket mode, GvspDstPort[47594], bResendEnable[1], GvspTimeout[300], ResendTimeInterval[10], SCPS[1500], nPayloadSize[6295104], 3DSpecMode[0], CompressMode[0], bSupportAnnounceBuffer[0]
Info    2026-08-19 13:44:35:814  DevID:MV-CU060-10GC(DA1691703)  Source-Line:libMVGigEVisionSDK.so(GigEVisionGVSP.cpp-L0671)  ProcessName:python3.12(84250)     Description:[GVSPResendThread]GVSPResendThread Start, ThreadId[129867903383232]
Info    2026-08-19 13:44:35:814  DevID:MV-CU060-10GC(DA1691703)  Source-Line:libMVGigEVisionSDK.so(GigEVisionGVSP.cpp-L0690)  ProcessName:python3.12(84250)     Description:[GVSPThreadProc]GvspTimeout[300], ResendEnable[1], ResendTimeInterval[10], ResendRetryTimes[20], ResendTimeout[50], MaxResendPktsNum[4276]
Info    2026-08-19 13:44:35:814  DevID:MV-CU060-10GC(DA1691703)  Source-Line:libMVGigEVisionSDK.so(GigEVisionManager.cpp-L2137)  ProcessName:python3.12(84250)     Description:[GiGEVision_StartAcquisition]m_nPrivilegeMode[1]
Info    2026-08-19 13:44:35:816  DevID:MV-CU060-10GC(DA1691703)  Source-Line:libMVGigEVisionSDK.so(GigEVisionManager.cpp-L2164)  ProcessName:python3.12(84250)     Description:[GiGEVision_StartAcquisition][0] [GVCP]GvspSendIP[192.168.1.21], GvspSendPort[47594]
Info    2026-08-19 13:44:35:816  DevID:MV-CU060-10GC(DA1691703)  Source-Line:libMVGigEVisionSDK.so(GigEVisionManager.cpp-L2168)  ProcessName:python3.12(84250)     Description:[GiGEVision_StartAcquisition][0] Acquisition Start Success, use 3 ms
Info    2026-08-19 13:44:36:288  DevID:MV-CU060-10GC(DA1691703)  Source-Line:libMVGigEVisionSDK.so(GigEVisionGVSP.cpp-L0438)  ProcessName:python3.12(84250)     Description:[TrimOutputQueue]TrimOutputQueue ThrowInBufList[1]
Warning 2026-08-19 13:44:36:304  DevID:MV-CU060-10GC(DA1691703)  Source-Line:libMVGigEVisionSDK.so(StreamChannel.cpp-L3070)  ProcessName:python3.12(84250)     Description:[GetImageBuffer][GetImageBuffer]The frame number is not continuous, PreFrameNum[4], CurFrameNum[140724603453446]
Info    2026-08-19 13:44:36:399  DevID:MV-CU060-10GC(DA1691703)  Source-Line:libMVGigEVisionSDK.so(GigEVisionGVSP.cpp-L0673)  ProcessName:python3.12(84250)     Description:[GVSPResendThread]GVSPResendThread End, ThreadId[129867903383232]
Info    2026-08-19 13:44:36:400  DevID:MV-CU060-10GC(DA1691703)  Source-Line:libMVGigEVisionSDK.so(GigEVisionGVSP.cpp-L0658)  ProcessName:python3.12(84250)     Description:[GVSPThread]GVSPThread End, ThreadId[129867911775936]
Info    2026-08-19 13:44:36:400  DevID:MV-CU060-10GC(DA1691703)  Source-Line:libMVGigEVisionSDK.so(StreamChannel.cpp-L1069)  ProcessName:python3.12(84250)     Description:[Stop][0] [Socket Mode] GetCount[5], GetCountSucceed[5], NetReceive[7], ThrowAbnormalImage[0], NetLostFrame[0], ThrowInBufList[1], LostPackets[0]
Info    2026-08-19 13:44:36:400  DevID:MV-CU060-10GC(DA1691703)  Source-Line:libMVGigEVisionSDK.so(GigEVisionManager.cpp-L2238)  ProcessName:python3.12(84250)     Description:[GiGEVision_StopAcquisition][0] Acquisition Stop Success, use 5 ms
Info    2026-08-19 13:44:53:795  DevID:MV-CU060-10GC(DA1691703)  Source-Line:libMVGigEVisionSDK.so(StreamChannel.cpp-L3372)  ProcessName:python3.12(84250)     Description:[PrintfCurrentDevIpAndPort][0] TransmissionType[0], GvspSendIP[192.168.1.21], GvspSendPort[47594], GvspDstIP[192.168.1.21], GvspDstPort[47594]
Info    2026-08-19 13:44:53:797  DevID:MV-CU060-10GC(DA1691703)  Source-Line:libMVGigEVisionSDK.so(GigEVisionManager.cpp-L1602)  ProcessName:python3.12(84250)     Description:[GiGEVision_DisConnectDevice]Disconnect device
Info    2026-08-19 13:44:53:797  DevID:MV-CU060-10GC(DA1691703)  Source-Line:libMVGigEVisionSDK.so(StreamChannel.cpp-L3372)  ProcessName:python3.12(84250)     Description:[PrintfCurrentDevIpAndPort][0] TransmissionType[0], GvspSendIP[192.168.1.21], GvspSendPort[47594], GvspDstIP[192.168.1.21], GvspDstPort[47594]
Info    2026-08-19 13:44:53:797  DevID:MV-CU060-10GC(DA1691703)  Source-Line:libMVGigEVisionSDK.so(StreamChannel.cpp-L0580)  ProcessName:python3.12(84250)     Description:[StreamInterEventThread]GigE StreamInterEventThread End, ThreadId[968861376]
Info    2026-08-19 13:44:53:900  DevID:MV-CU060-10GC(DA1691703)  Source-Line:libMVGigEVisionSDK.so(GigEVisionMsgChannel.cpp-L0592)  ProcessName:python3.12(84250)     Description:[EventThreadProc]GigEVision EventThreadProc End get  nAllEventNumber [0]
Info    2026-08-19 13:44:53:900  DevID:MV-CU060-10GC(DA1691703)  Source-Line:libMVGigEVisionSDK.so(GigEVisionMsgChannel.cpp-L0283)  ProcessName:python3.12(84250)     Description:[EventThread]GigE EventThread End, ThreadId[129868444452544]
Info    2026-08-19 13:44:53:901  DevID:MV-CU060-10GC(DA1691703)  Source-Line:libMVGigEVisionSDK.so(GigEVisionGVCP.cpp-L0053)  ProcessName:python3.12(84250)     Description:[GVCP_KeepAliveProc]GVCP HeartBeatThread End, ThreadId[129868452845248]
Info    2026-08-19 13:45:18:520  DevID:MV-CU060-10GC(DA1691703)  Source-Line:libMVGigEVisionSDK.so(GigEVisionManager.cpp-L0271)  ProcessName:python3.12(98500)     Description:[Init]Current dynamic library path[/opt/MVS/lib/64/libMVGigEVisionSDK.so]
Warning 2026-08-19 13:45:18:521  DevID:MV-CU060-10GC(DA1691703)  Source-Line:libMVGigEVisionSDK.so(GigEVisionManager.cpp-L0369)  ProcessName:python3.12(98500)     Description:[Init]Driver  Version Match failed, Socket mode start! DriverInstalled[0x80000006], DriverVersion[0x0]
Info    2026-08-19 13:45:18:521  DevID:MV-CU060-10GC(DA1691703)  Source-Line:libMVGigEVisionSDK.so(GigEVisionManager.cpp-L1588)  ProcessName:python3.12(98500)     Description:[GiGEVision_SetNetModule]Connecting device, GvspDstIP[192.168.1.21], GvspDstPort[56033], DeviceIP[192.168.1.20]
Info    2026-08-19 13:45:18:523  DevID:MV-CU060-10GC(DA1691703)  Source-Line:libMVGigEVisionSDK.so(GigEVisionManager.cpp-L3997)  ProcessName:python3.12(98500)     Description:[InitStreamModule]Stream Channel Num: 1
Info    2026-08-19 13:45:18:525  DevID:MV-CU060-10GC(DA1691703)  Source-Line:libMVGigEVisionSDK.so(GigEVisionManager.cpp-L4021)  ProcessName:python3.12(98500)     Description:[InitStreamModule]Stream Moudle Get All Stream Capability.
Info    2026-08-19 13:45:18:525  DevID:MV-CU060-10GC(DA1691703)  Source-Line:libMVGigEVisionSDK.so(GigEVisionManager.cpp-L4024)  ProcessName:python3.12(98500)     Description:[InitStreamModule]Stream 0 Capability: 0x0
Info    2026-08-19 13:45:18:525  DevID:MV-CU060-10GC(DA1691703)  Source-Line:libMVGigEVisionSDK.so(StreamChannel.cpp-L3372)  ProcessName:python3.12(98500)     Description:[PrintfCurrentDevIpAndPort][0] TransmissionType[0], GvspSendIP[192.168.1.21], GvspSendPort[47818], GvspDstIP[192.168.1.21], GvspDstPort[47818]
Info    2026-08-19 13:45:18:535  DevID:MV-CU060-10GC(DA1691703)  Source-Line:libMVGigEVisionSDK.so(GigEVisionMsgChannel.cpp-L0281)  ProcessName:python3.12(98500)     Description:[EventThread]GigE EventThread Start, ThreadId[135629736232640]
Info    2026-08-19 13:45:18:535  DevID:MV-CU060-10GC(DA1691703)  Source-Line:libMVGigEVisionSDK.so(GigEVisionMsgChannel.cpp-L0321)  ProcessName:python3.12(98500)     Description:[EventThreadProc]GigEVision EventThreadProc Begin .
Info    2026-08-19 13:45:18:537  DevID:MV-CU060-10GC(DA1691703)  Source-Line:libMVGigEVisionSDK.so(GigEVisionGVCP.cpp-L0051)  ProcessName:python3.12(98500)     Description:[GVCP_KeepAliveProc]GVCP HeartBeatThread Start, ThreadId[135629744625344]
Info    2026-08-19 13:46:49:196  DevID:MV-CU060-10GC(DA1691703)  Source-Line:libMVGigEVisionSDK.so(StreamChannel.cpp-L1558)  ProcessName:python3.12(98500)     Description:[StartProxy]Set ImageNodeNum [1]  GrabStrategy [0] success!
Info    2026-08-19 13:46:49:196  DevID:MV-CU060-10GC(DA1691703)  Source-Line:libMVGigEVisionSDK.so(StreamChannel.cpp-L1581)  ProcessName:python3.12(98500)     Description:[StartProxy]Backup Node Size[6295104]
Info    2026-08-19 13:46:49:196  DevID:MV-CU060-10GC(DA1691703)  Source-Line:libMVGigEVisionSDK.so(GigEVisionBufferManager.cpp-L0382)  ProcessName:python3.12(98500)     Description:[GigEBufferManager_Init]Main Buffer List'Length is 2, Lock Buffer List's Length is 1
Info    2026-08-19 13:46:49:196  DevID:MV-CU060-10GC(DA1691703)  Source-Line:libMVGigEVisionSDK.so(GigEVisionGVSP.cpp-L0656)  ProcessName:python3.12(98500)     Description:[GVSPThread]GVSPThread Start, ThreadId[2726287040]
Info    2026-08-19 13:46:49:196  DevID:MV-CU060-10GC(DA1691703)  Source-Line:libMVGigEVisionSDK.so(GigEVisionGVSP.cpp-L0690)  ProcessName:python3.12(98500)     Description:[GVSPThreadProc]GvspTimeout[300], ResendEnable[1], ResendTimeInterval[10], ResendRetryTimes[20], ResendTimeout[50], MaxResendPktsNum[4276]
Info    2026-08-19 13:46:49:196  DevID:MV-CU060-10GC(DA1691703)  Source-Line:libMVGigEVisionSDK.so(GigEVisionGVSP.cpp-L0671)  ProcessName:python3.12(98500)     Description:[GVSPResendThread]GVSPResendThread Start, ThreadId[2717894336]
Info    2026-08-19 13:46:49:196  DevID:MV-CU060-10GC(DA1691703)  Source-Line:libMVGigEVisionSDK.so(StreamChannel.cpp-L1787)  ProcessName:python3.12(98500)     Description:[StartProxy][0]Stream proxy start, Socket mode, GvspDstPort[47818], bResendEnable[1], GvspTimeout[300], ResendTimeInterval[10], SCPS[1500], nPayloadSize[6295104], 3DSpecMode[0], CompressMode[0], bSupportAnnounceBuffer[0]
Info    2026-08-19 13:46:49:196  DevID:MV-CU060-10GC(DA1691703)  Source-Line:libMVGigEVisionSDK.so(StreamChannel.cpp-L0578)  ProcessName:python3.12(98500)     Description:[StreamInterEventThread]GigE StreamInterEventThread Start, ThreadId[2709501632]
Info    2026-08-19 13:46:49:196  DevID:MV-CU060-10GC(DA1691703)  Source-Line:libMVGigEVisionSDK.so(GigEVisionManager.cpp-L2137)  ProcessName:python3.12(98500)     Description:[GiGEVision_StartAcquisition]m_nPrivilegeMode[1]
Info    2026-08-19 13:46:49:198  DevID:MV-CU060-10GC(DA1691703)  Source-Line:libMVGigEVisionSDK.so(GigEVisionManager.cpp-L2164)  ProcessName:python3.12(98500)     Description:[GiGEVision_StartAcquisition][0] [GVCP]GvspSendIP[192.168.1.21], GvspSendPort[47818]
Info    2026-08-19 13:46:49:198  DevID:MV-CU060-10GC(DA1691703)  Source-Line:libMVGigEVisionSDK.so(GigEVisionManager.cpp-L2168)  ProcessName:python3.12(98500)     Description:[GiGEVision_StartAcquisition][0] Acquisition Start Success, use 4 ms
Info    2026-08-19 13:46:49:650  DevID:MV-CU060-10GC(DA1691703)  Source-Line:libMVGigEVisionSDK.so(GigEVisionGVSP.cpp-L0673)  ProcessName:python3.12(98500)     Description:[GVSPResendThread]GVSPResendThread End, ThreadId[2717894336]
Info    2026-08-19 13:46:49:651  DevID:MV-CU060-10GC(DA1691703)  Source-Line:libMVGigEVisionSDK.so(GigEVisionGVSP.cpp-L0658)  ProcessName:python3.12(98500)     Description:[GVSPThread]GVSPThread End, ThreadId[2726287040]
Info    2026-08-19 13:46:49:651  DevID:MV-CU060-10GC(DA1691703)  Source-Line:libMVGigEVisionSDK.so(StreamChannel.cpp-L1069)  ProcessName:python3.12(98500)     Description:[Stop][0] [Socket Mode] GetCount[5], GetCountSucceed[5], NetReceive[5], ThrowAbnormalImage[0], NetLostFrame[0], ThrowInBufList[0], LostPackets[0]
Info    2026-08-19 13:46:49:651  DevID:MV-CU060-10GC(DA1691703)  Source-Line:libMVGigEVisionSDK.so(GigEVisionManager.cpp-L2238)  ProcessName:python3.12(98500)     Description:[GiGEVision_StopAcquisition][0] Acquisition Stop Success, use 6 ms
Info    2026-08-19 13:47:16:958  DevID:MV-CU060-10GC(DA1691703)  Source-Line:libMVGigEVisionSDK.so(GigEVisionBufferManager.cpp-L0382)  ProcessName:python3.12(98500)     Description:[GigEBufferManager_Init]Main Buffer List'Length is 2, Lock Buffer List's Length is 1
Info    2026-08-19 13:47:16:958  DevID:MV-CU060-10GC(DA1691703)  Source-Line:libMVGigEVisionSDK.so(GigEVisionGVSP.cpp-L0656)  ProcessName:python3.12(98500)     Description:[GVSPThread]GVSPThread Start, ThreadId[135629195167424]
Info    2026-08-19 13:47:16:958  DevID:MV-CU060-10GC(DA1691703)  Source-Line:libMVGigEVisionSDK.so(GigEVisionGVSP.cpp-L0690)  ProcessName:python3.12(98500)     Description:[GVSPThreadProc]GvspTimeout[300], ResendEnable[1], ResendTimeInterval[10], ResendRetryTimes[20], ResendTimeout[50], MaxResendPktsNum[4276]
Info    2026-08-19 13:47:16:958  DevID:MV-CU060-10GC(DA1691703)  Source-Line:libMVGigEVisionSDK.so(GigEVisionGVSP.cpp-L0671)  ProcessName:python3.12(98500)     Description:[GVSPResendThread]GVSPResendThread Start, ThreadId[135629203560128]
Info    2026-08-19 13:47:16:958  DevID:MV-CU060-10GC(DA1691703)  Source-Line:libMVGigEVisionSDK.so(StreamChannel.cpp-L1787)  ProcessName:python3.12(98500)     Description:[StartProxy][0]Stream proxy start, Socket mode, GvspDstPort[47818], bResendEnable[1], GvspTimeout[300], ResendTimeInterval[10], SCPS[1500], nPayloadSize[6295104], 3DSpecMode[0], CompressMode[0], bSupportAnnounceBuffer[0]
Info    2026-08-19 13:47:16:958  DevID:MV-CU060-10GC(DA1691703)  Source-Line:libMVGigEVisionSDK.so(GigEVisionManager.cpp-L2137)  ProcessName:python3.12(98500)     Description:[GiGEVision_StartAcquisition]m_nPrivilegeMode[1]
Info    2026-08-19 13:47:16:960  DevID:MV-CU060-10GC(DA1691703)  Source-Line:libMVGigEVisionSDK.so(GigEVisionManager.cpp-L2164)  ProcessName:python3.12(98500)     Description:[GiGEVision_StartAcquisition][0] [GVCP]GvspSendIP[192.168.1.21], GvspSendPort[47818]
Info    2026-08-19 13:47:16:960  DevID:MV-CU060-10GC(DA1691703)  Source-Line:libMVGigEVisionSDK.so(GigEVisionManager.cpp-L2168)  ProcessName:python3.12(98500)     Description:[GiGEVision_StartAcquisition][0] Acquisition Start Success, use 4 ms
Info    2026-08-19 13:47:17:402  DevID:MV-CU060-10GC(DA1691703)  Source-Line:libMVGigEVisionSDK.so(GigEVisionGVSP.cpp-L0658)  ProcessName:python3.12(98500)     Description:[GVSPThread]GVSPThread End, ThreadId[135629195167424]
Info    2026-08-19 13:47:17:402  DevID:MV-CU060-10GC(DA1691703)  Source-Line:libMVGigEVisionSDK.so(GigEVisionGVSP.cpp-L0673)  ProcessName:python3.12(98500)     Description:[GVSPResendThread]GVSPResendThread End, ThreadId[135629203560128]
Info    2026-08-19 13:47:17:402  DevID:MV-CU060-10GC(DA1691703)  Source-Line:libMVGigEVisionSDK.so(StreamChannel.cpp-L1069)  ProcessName:python3.12(98500)     Description:[Stop][0] [Socket Mode] GetCount[5], GetCountSucceed[5], NetReceive[5], ThrowAbnormalImage[0], NetLostFrame[0], ThrowInBufList[0], LostPackets[0]
Info    2026-08-19 13:47:17:402  DevID:MV-CU060-10GC(DA1691703)  Source-Line:libMVGigEVisionSDK.so(GigEVisionManager.cpp-L2238)  ProcessName:python3.12(98500)     Description:[GiGEVision_StopAcquisition][0] Acquisition Stop Success, use 6 ms
Info    2026-08-19 13:47:45:389  DevID:MV-CU060-10GC(DA1691703)  Source-Line:libMVGigEVisionSDK.so(GigEVisionBufferManager.cpp-L0382)  ProcessName:python3.12(98500)     Description:[GigEBufferManager_Init]Main Buffer List'Length is 2, Lock Buffer List's Length is 1
Info    2026-08-19 13:47:45:389  DevID:MV-CU060-10GC(DA1691703)  Source-Line:libMVGigEVisionSDK.so(GigEVisionGVSP.cpp-L0656)  ProcessName:python3.12(98500)     Description:[GVSPThread]GVSPThread Start, ThreadId[135629203560128]
Info    2026-08-19 13:47:45:389  DevID:MV-CU060-10GC(DA1691703)  Source-Line:libMVGigEVisionSDK.so(StreamChannel.cpp-L1787)  ProcessName:python3.12(98500)     Description:[StartProxy][0]Stream proxy start, Socket mode, GvspDstPort[47818], bResendEnable[1], GvspTimeout[300], ResendTimeInterval[10], SCPS[1500], nPayloadSize[6295104], 3DSpecMode[0], CompressMode[0], bSupportAnnounceBuffer[0]
Info    2026-08-19 13:47:45:389  DevID:MV-CU060-10GC(DA1691703)  Source-Line:libMVGigEVisionSDK.so(GigEVisionGVSP.cpp-L0690)  ProcessName:python3.12(98500)     Description:[GVSPThreadProc]GvspTimeout[300], ResendEnable[1], ResendTimeInterval[10], ResendRetryTimes[20], ResendTimeout[50], MaxResendPktsNum[4276]
Info    2026-08-19 13:47:45:389  DevID:MV-CU060-10GC(DA1691703)  Source-Line:libMVGigEVisionSDK.so(GigEVisionManager.cpp-L2137)  ProcessName:python3.12(98500)     Description:[GiGEVision_StartAcquisition]m_nPrivilegeMode[1]
Info    2026-08-19 13:47:45:389  DevID:MV-CU060-10GC(DA1691703)  Source-Line:libMVGigEVisionSDK.so(GigEVisionGVSP.cpp-L0671)  ProcessName:python3.12(98500)     Description:[GVSPResendThread]GVSPResendThread Start, ThreadId[135629195167424]
Info    2026-08-19 13:47:45:391  DevID:MV-CU060-10GC(DA1691703)  Source-Line:libMVGigEVisionSDK.so(GigEVisionManager.cpp-L2164)  ProcessName:python3.12(98500)     Description:[GiGEVision_StartAcquisition][0] [GVCP]GvspSendIP[192.168.1.21], GvspSendPort[47818]
Info    2026-08-19 13:47:45:391  DevID:MV-CU060-10GC(DA1691703)  Source-Line:libMVGigEVisionSDK.so(GigEVisionManager.cpp-L2168)  ProcessName:python3.12(98500)     Description:[GiGEVision_StartAcquisition][0] Acquisition Start Success, use 3 ms
Info    2026-08-19 13:47:45:831  DevID:MV-CU060-10GC(DA1691703)  Source-Line:libMVGigEVisionSDK.so(GigEVisionGVSP.cpp-L0658)  ProcessName:python3.12(98500)     Description:[GVSPThread]GVSPThread End, ThreadId[135629203560128]
Warning 2026-08-19 13:47:45:831  DevID:MV-CU060-10GC(DA1691703)  Source-Line:libMVGigEVisionSDK.so(GigEVisionGVSP.cpp-L0775)  ProcessName:python3.12(98500)     Description:[GVSPResendThreadProc]WaitForSingleEvent(Timer) failed: 0x6e
Info    2026-08-19 13:47:45:831  DevID:MV-CU060-10GC(DA1691703)  Source-Line:libMVGigEVisionSDK.so(GigEVisionGVSP.cpp-L0673)  ProcessName:python3.12(98500)     Description:[GVSPResendThread]GVSPResendThread End, ThreadId[135629195167424]
Info    2026-08-19 13:47:45:831  DevID:MV-CU060-10GC(DA1691703)  Source-Line:libMVGigEVisionSDK.so(StreamChannel.cpp-L1069)  ProcessName:python3.12(98500)     Description:[Stop][0] [Socket Mode] GetCount[5], GetCountSucceed[5], NetReceive[5], ThrowAbnormalImage[0], NetLostFrame[0], ThrowInBufList[0], LostPackets[0]
Info    2026-08-19 13:47:45:831  DevID:MV-CU060-10GC(DA1691703)  Source-Line:libMVGigEVisionSDK.so(GigEVisionManager.cpp-L2238)  ProcessName:python3.12(98500)     Description:[GiGEVision_StopAcquisition][0] Acquisition Stop Success, use 5 ms
Info    2026-08-19 13:48:11:552  DevID:MV-CU060-10GC(DA1691703)  Source-Line:libMVGigEVisionSDK.so(GigEVisionBufferManager.cpp-L0382)  ProcessName:python3.12(98500)     Description:[GigEBufferManager_Init]Main Buffer List'Length is 2, Lock Buffer List's Length is 1
Info    2026-08-19 13:48:11:552  DevID:MV-CU060-10GC(DA1691703)  Source-Line:libMVGigEVisionSDK.so(GigEVisionGVSP.cpp-L0656)  ProcessName:python3.12(98500)     Description:[GVSPThread]GVSPThread Start, ThreadId[135629195167424]
Info    2026-08-19 13:48:11:552  DevID:MV-CU060-10GC(DA1691703)  Source-Line:libMVGigEVisionSDK.so(StreamChannel.cpp-L1787)  ProcessName:python3.12(98500)     Description:[StartProxy][0]Stream proxy start, Socket mode, GvspDstPort[47818], bResendEnable[1], GvspTimeout[300], ResendTimeInterval[10], SCPS[1500], nPayloadSize[6295104], 3DSpecMode[0], CompressMode[0], bSupportAnnounceBuffer[0]
Info    2026-08-19 13:48:11:552  DevID:MV-CU060-10GC(DA1691703)  Source-Line:libMVGigEVisionSDK.so(GigEVisionGVSP.cpp-L0671)  ProcessName:python3.12(98500)     Description:[GVSPResendThread]GVSPResendThread Start, ThreadId[135629203560128]
Info    2026-08-19 13:48:11:553  DevID:MV-CU060-10GC(DA1691703)  Source-Line:libMVGigEVisionSDK.so(GigEVisionGVSP.cpp-L0690)  ProcessName:python3.12(98500)     Description:[GVSPThreadProc]GvspTimeout[300], ResendEnable[1], ResendTimeInterval[10], ResendRetryTimes[20], ResendTimeout[50], MaxResendPktsNum[4276]
Info    2026-08-19 13:48:11:553  DevID:MV-CU060-10GC(DA1691703)  Source-Line:libMVGigEVisionSDK.so(GigEVisionManager.cpp-L2137)  ProcessName:python3.12(98500)     Description:[GiGEVision_StartAcquisition]m_nPrivilegeMode[1]
Info    2026-08-19 13:48:11:555  DevID:MV-CU060-10GC(DA1691703)  Source-Line:libMVGigEVisionSDK.so(GigEVisionManager.cpp-L2164)  ProcessName:python3.12(98500)     Description:[GiGEVision_StartAcquisition][0] [GVCP]GvspSendIP[192.168.1.21], GvspSendPort[47818]
Info    2026-08-19 13:48:11:555  DevID:MV-CU060-10GC(DA1691703)  Source-Line:libMVGigEVisionSDK.so(GigEVisionManager.cpp-L2168)  ProcessName:python3.12(98500)     Description:[GiGEVision_StartAcquisition][0] Acquisition Start Success, use 4 ms
Info    2026-08-19 13:48:11:000  DevID:MV-CU060-10GC(DA1691703)  Source-Line:libMVGigEVisionSDK.so(GigEVisionGVSP.cpp-L0673)  ProcessName:python3.12(98500)     Description:[GVSPResendThread]GVSPResendThread End, ThreadId[135629203560128]
Info    2026-08-19 13:48:12:003  DevID:MV-CU060-10GC(DA1691703)  Source-Line:libMVGigEVisionSDK.so(GigEVisionGVSP.cpp-L0658)  ProcessName:python3.12(98500)     Description:[GVSPThread]GVSPThread End, ThreadId[135629195167424]
Info    2026-08-19 13:48:12:003  DevID:MV-CU060-10GC(DA1691703)  Source-Line:libMVGigEVisionSDK.so(StreamChannel.cpp-L1069)  ProcessName:python3.12(98500)     Description:[Stop][0] [Socket Mode] GetCount[5], GetCountSucceed[5], NetReceive[5], ThrowAbnormalImage[0], NetLostFrame[0], ThrowInBufList[0], LostPackets[0]
Info    2026-08-19 13:48:12:003  DevID:MV-CU060-10GC(DA1691703)  Source-Line:libMVGigEVisionSDK.so(GigEVisionManager.cpp-L2238)  ProcessName:python3.12(98500)     Description:[GiGEVision_StopAcquisition][0] Acquisition Stop Success, use 7 ms
Info    2026-08-19 13:48:37:533  DevID:MV-CU060-10GC(DA1691703)  Source-Line:libMVGigEVisionSDK.so(GigEVisionBufferManager.cpp-L0382)  ProcessName:python3.12(98500)     Description:[GigEBufferManager_Init]Main Buffer List'Length is 2, Lock Buffer List's Length is 1
Info    2026-08-19 13:48:37:533  DevID:MV-CU060-10GC(DA1691703)  Source-Line:libMVGigEVisionSDK.so(GigEVisionGVSP.cpp-L0656)  ProcessName:python3.12(98500)     Description:[GVSPThread]GVSPThread Start, ThreadId[135629203560128]
Info    2026-08-19 13:48:37:533  DevID:MV-CU060-10GC(DA1691703)  Source-Line:libMVGigEVisionSDK.so(GigEVisionGVSP.cpp-L0690)  ProcessName:python3.12(98500)     Description:[GVSPThreadProc]GvspTimeout[300], ResendEnable[1], ResendTimeInterval[10], ResendRetryTimes[20], ResendTimeout[50], MaxResendPktsNum[4276]
Info    2026-08-19 13:48:37:533  DevID:MV-CU060-10GC(DA1691703)  Source-Line:libMVGigEVisionSDK.so(GigEVisionGVSP.cpp-L0671)  ProcessName:python3.12(98500)     Description:[GVSPResendThread]GVSPResendThread Start, ThreadId[135629195167424]
Info    2026-08-19 13:48:37:534  DevID:MV-CU060-10GC(DA1691703)  Source-Line:libMVGigEVisionSDK.so(StreamChannel.cpp-L1787)  ProcessName:python3.12(98500)     Description:[StartProxy][0]Stream proxy start, Socket mode, GvspDstPort[47818], bResendEnable[1], GvspTimeout[300], ResendTimeInterval[10], SCPS[1500], nPayloadSize[6295104], 3DSpecMode[0], CompressMode[0], bSupportAnnounceBuffer[0]
Info    2026-08-19 13:48:37:534  DevID:MV-CU060-10GC(DA1691703)  Source-Line:libMVGigEVisionSDK.so(GigEVisionManager.cpp-L2137)  ProcessName:python3.12(98500)     Description:[GiGEVision_StartAcquisition]m_nPrivilegeMode[1]
Info    2026-08-19 13:48:37:535  DevID:MV-CU060-10GC(DA1691703)  Source-Line:libMVGigEVisionSDK.so(GigEVisionManager.cpp-L2164)  ProcessName:python3.12(98500)     Description:[GiGEVision_StartAcquisition][0] [GVCP]GvspSendIP[192.168.1.21], GvspSendPort[47818]
Info    2026-08-19 13:48:37:535  DevID:MV-CU060-10GC(DA1691703)  Source-Line:libMVGigEVisionSDK.so(GigEVisionManager.cpp-L2168)  ProcessName:python3.12(98500)     Description:[GiGEVision_StartAcquisition][0] Acquisition Start Success, use 4 ms
Info    2026-08-19 13:48:37:992  DevID:MV-CU060-10GC(DA1691703)  Source-Line:libMVGigEVisionSDK.so(GigEVisionGVSP.cpp-L0673)  ProcessName:python3.12(98500)     Description:[GVSPResendThread]GVSPResendThread End, ThreadId[135629195167424]
Info    2026-08-19 13:48:37:995  DevID:MV-CU060-10GC(DA1691703)  Source-Line:libMVGigEVisionSDK.so(GigEVisionGVSP.cpp-L0658)  ProcessName:python3.12(98500)     Description:[GVSPThread]GVSPThread End, ThreadId[135629203560128]
Info    2026-08-19 13:48:37:996  DevID:MV-CU060-10GC(DA1691703)  Source-Line:libMVGigEVisionSDK.so(StreamChannel.cpp-L1069)  ProcessName:python3.12(98500)     Description:[Stop][0] [Socket Mode] GetCount[5], GetCountSucceed[5], NetReceive[5], ThrowAbnormalImage[0], NetLostFrame[0], ThrowInBufList[0], LostPackets[0]
Info    2026-08-19 13:48:37:996  DevID:MV-CU060-10GC(DA1691703)  Source-Line:libMVGigEVisionSDK.so(GigEVisionManager.cpp-L2238)  ProcessName:python3.12(98500)     Description:[GiGEVision_StopAcquisition][0] Acquisition Stop Success, use 10 ms
Info    2026-08-19 13:48:38:590  DevID:MV-CU060-10GC(DA1691703)  Source-Line:libMVGigEVisionSDK.so(GigEVisionBufferManager.cpp-L0382)  ProcessName:python3.12(98500)     Description:[GigEBufferManager_Init]Main Buffer List'Length is 2, Lock Buffer List's Length is 1
Info    2026-08-19 13:48:38:590  DevID:MV-CU060-10GC(DA1691703)  Source-Line:libMVGigEVisionSDK.so(GigEVisionGVSP.cpp-L0656)  ProcessName:python3.12(98500)     Description:[GVSPThread]GVSPThread Start, ThreadId[135629195167424]
Info    2026-08-19 13:48:38:590  DevID:MV-CU060-10GC(DA1691703)  Source-Line:libMVGigEVisionSDK.so(GigEVisionGVSP.cpp-L0690)  ProcessName:python3.12(98500)     Description:[GVSPThreadProc]GvspTimeout[300], ResendEnable[1], ResendTimeInterval[10], ResendRetryTimes[20], ResendTimeout[50], MaxResendPktsNum[4276]
Info    2026-08-19 13:48:38:590  DevID:MV-CU060-10GC(DA1691703)  Source-Line:libMVGigEVisionSDK.so(GigEVisionGVSP.cpp-L0671)  ProcessName:python3.12(98500)     Description:[GVSPResendThread]GVSPResendThread Start, ThreadId[135629203560128]
Info    2026-08-19 13:48:38:590  DevID:MV-CU060-10GC(DA1691703)  Source-Line:libMVGigEVisionSDK.so(StreamChannel.cpp-L1787)  ProcessName:python3.12(98500)     Description:[StartProxy][0]Stream proxy start, Socket mode, GvspDstPort[47818], bResendEnable[1], GvspTimeout[300], ResendTimeInterval[10], SCPS[1500], nPayloadSize[6295104], 3DSpecMode[0], CompressMode[0], bSupportAnnounceBuffer[0]
Info    2026-08-19 13:48:38:590  DevID:MV-CU060-10GC(DA1691703)  Source-Line:libMVGigEVisionSDK.so(GigEVisionManager.cpp-L2137)  ProcessName:python3.12(98500)     Description:[GiGEVision_StartAcquisition]m_nPrivilegeMode[1]
Info    2026-08-19 13:48:38:592  DevID:MV-CU060-10GC(DA1691703)  Source-Line:libMVGigEVisionSDK.so(GigEVisionManager.cpp-L2164)  ProcessName:python3.12(98500)     Description:[GiGEVision_StartAcquisition][0] [GVCP]GvspSendIP[192.168.1.21], GvspSendPort[47818]
Info    2026-08-19 13:48:38:592  DevID:MV-CU060-10GC(DA1691703)  Source-Line:libMVGigEVisionSDK.so(GigEVisionManager.cpp-L2168)  ProcessName:python3.12(98500)     Description:[GiGEVision_StartAcquisition][0] Acquisition Start Success, use 3 ms
Info    2026-08-19 13:48:39:040  DevID:MV-CU060-10GC(DA1691703)  Source-Line:libMVGigEVisionSDK.so(GigEVisionGVSP.cpp-L0658)  ProcessName:python3.12(98500)     Description:[GVSPThread]GVSPThread End, ThreadId[135629195167424]
Warning 2026-08-19 13:48:39:040  DevID:MV-CU060-10GC(DA1691703)  Source-Line:libMVGigEVisionSDK.so(GigEVisionGVSP.cpp-L0775)  ProcessName:python3.12(98500)     Description:[GVSPResendThreadProc]WaitForSingleEvent(Timer) failed: 0x6e
Info    2026-08-19 13:48:39:040  DevID:MV-CU060-10GC(DA1691703)  Source-Line:libMVGigEVisionSDK.so(GigEVisionGVSP.cpp-L0673)  ProcessName:python3.12(98500)     Description:[GVSPResendThread]GVSPResendThread End, ThreadId[135629203560128]
Info    2026-08-19 13:48:39:040  DevID:MV-CU060-10GC(DA1691703)  Source-Line:libMVGigEVisionSDK.so(StreamChannel.cpp-L1069)  ProcessName:python3.12(98500)     Description:[Stop][0] [Socket Mode] GetCount[5], GetCountSucceed[5], NetReceive[5], ThrowAbnormalImage[0], NetLostFrame[0], ThrowInBufList[0], LostPackets[0]
Info    2026-08-19 13:48:39:040  DevID:MV-CU060-10GC(DA1691703)  Source-Line:libMVGigEVisionSDK.so(GigEVisionManager.cpp-L2238)  ProcessName:python3.12(98500)     Description:[GiGEVision_StopAcquisition][0] Acquisition Stop Success, use 4 ms
Info    2026-08-19 13:49:06:183  DevID:MV-CU060-10GC(DA1691703)  Source-Line:libMVGigEVisionSDK.so(GigEVisionBufferManager.cpp-L0382)  ProcessName:python3.12(98500)     Description:[GigEBufferManager_Init]Main Buffer List'Length is 2, Lock Buffer List's Length is 1
Info    2026-08-19 13:49:06:184  DevID:MV-CU060-10GC(DA1691703)  Source-Line:libMVGigEVisionSDK.so(GigEVisionGVSP.cpp-L0656)  ProcessName:python3.12(98500)     Description:[GVSPThread]GVSPThread Start, ThreadId[135629203560128]
Info    2026-08-19 13:49:06:184  DevID:MV-CU060-10GC(DA1691703)  Source-Line:libMVGigEVisionSDK.so(StreamChannel.cpp-L1787)  ProcessName:python3.12(98500)     Description:[StartProxy][0]Stream proxy start, Socket mode, GvspDstPort[47818], bResendEnable[1], GvspTimeout[300], ResendTimeInterval[10], SCPS[1500], nPayloadSize[6295104], 3DSpecMode[0], CompressMode[0], bSupportAnnounceBuffer[0]
Info    2026-08-19 13:49:06:184  DevID:MV-CU060-10GC(DA1691703)  Source-Line:libMVGigEVisionSDK.so(GigEVisionGVSP.cpp-L0690)  ProcessName:python3.12(98500)     Description:[GVSPThreadProc]GvspTimeout[300], ResendEnable[1], ResendTimeInterval[10], ResendRetryTimes[20], ResendTimeout[50], MaxResendPktsNum[4276]
Info    2026-08-19 13:49:06:184  DevID:MV-CU060-10GC(DA1691703)  Source-Line:libMVGigEVisionSDK.so(GigEVisionGVSP.cpp-L0671)  ProcessName:python3.12(98500)     Description:[GVSPResendThread]GVSPResendThread Start, ThreadId[135629195167424]
Info    2026-08-19 13:49:06:184  DevID:MV-CU060-10GC(DA1691703)  Source-Line:libMVGigEVisionSDK.so(GigEVisionManager.cpp-L2137)  ProcessName:python3.12(98500)     Description:[GiGEVision_StartAcquisition]m_nPrivilegeMode[1]
Info    2026-08-19 13:49:06:185  DevID:MV-CU060-10GC(DA1691703)  Source-Line:libMVGigEVisionSDK.so(GigEVisionManager.cpp-L2164)  ProcessName:python3.12(98500)     Description:[GiGEVision_StartAcquisition][0] [GVCP]GvspSendIP[192.168.1.21], GvspSendPort[47818]
Info    2026-08-19 13:49:06:186  DevID:MV-CU060-10GC(DA1691703)  Source-Line:libMVGigEVisionSDK.so(GigEVisionManager.cpp-L2168)  ProcessName:python3.12(98500)     Description:[GiGEVision_StartAcquisition][0] Acquisition Start Success, use 3 ms
Info    2026-08-19 13:49:06:627  DevID:MV-CU060-10GC(DA1691703)  Source-Line:libMVGigEVisionSDK.so(GigEVisionGVSP.cpp-L0658)  ProcessName:python3.12(98500)     Description:[GVSPThread]GVSPThread End, ThreadId[135629203560128]
Warning 2026-08-19 13:49:06:628  DevID:MV-CU060-10GC(DA1691703)  Source-Line:libMVGigEVisionSDK.so(GigEVisionGVSP.cpp-L0775)  ProcessName:python3.12(98500)     Description:[GVSPResendThreadProc]WaitForSingleEvent(Timer) failed: 0x6e
Info    2026-08-19 13:49:06:628  DevID:MV-CU060-10GC(DA1691703)  Source-Line:libMVGigEVisionSDK.so(GigEVisionGVSP.cpp-L0673)  ProcessName:python3.12(98500)     Description:[GVSPResendThread]GVSPResendThread End, ThreadId[135629195167424]
Info    2026-08-19 13:49:06:628  DevID:MV-CU060-10GC(DA1691703)  Source-Line:libMVGigEVisionSDK.so(StreamChannel.cpp-L1069)  ProcessName:python3.12(98500)     Description:[Stop][0] [Socket Mode] GetCount[5], GetCountSucceed[5], NetReceive[5], ThrowAbnormalImage[0], NetLostFrame[0], ThrowInBufList[0], LostPackets[0]
Info    2026-08-19 13:49:06:628  DevID:MV-CU060-10GC(DA1691703)  Source-Line:libMVGigEVisionSDK.so(GigEVisionManager.cpp-L2238)  ProcessName:python3.12(98500)     Description:[GiGEVision_StopAcquisition][0] Acquisition Stop Success, use 2 ms
Info    2026-08-19 13:49:32:302  DevID:MV-CU060-10GC(DA1691703)  Source-Line:libMVGigEVisionSDK.so(GigEVisionBufferManager.cpp-L0382)  ProcessName:python3.12(98500)     Description:[GigEBufferManager_Init]Main Buffer List'Length is 2, Lock Buffer List's Length is 1
Info    2026-08-19 13:49:32:303  DevID:MV-CU060-10GC(DA1691703)  Source-Line:libMVGigEVisionSDK.so(GigEVisionGVSP.cpp-L0656)  ProcessName:python3.12(98500)     Description:[GVSPThread]GVSPThread Start, ThreadId[135629195167424]
Info    2026-08-19 13:49:32:303  DevID:MV-CU060-10GC(DA1691703)  Source-Line:libMVGigEVisionSDK.so(StreamChannel.cpp-L1787)  ProcessName:python3.12(98500)     Description:[StartProxy][0]Stream proxy start, Socket mode, GvspDstPort[47818], bResendEnable[1], GvspTimeout[300], ResendTimeInterval[10], SCPS[1500], nPayloadSize[6295104], 3DSpecMode[0], CompressMode[0], bSupportAnnounceBuffer[0]
Info    2026-08-19 13:49:32:303  DevID:MV-CU060-10GC(DA1691703)  Source-Line:libMVGigEVisionSDK.so(GigEVisionManager.cpp-L2137)  ProcessName:python3.12(98500)     Description:[GiGEVision_StartAcquisition]m_nPrivilegeMode[1]
Info    2026-08-19 13:49:32:303  DevID:MV-CU060-10GC(DA1691703)  Source-Line:libMVGigEVisionSDK.so(GigEVisionGVSP.cpp-L0671)  ProcessName:python3.12(98500)     Description:[GVSPResendThread]GVSPResendThread Start, ThreadId[135629203560128]
Info    2026-08-19 13:49:32:303  DevID:MV-CU060-10GC(DA1691703)  Source-Line:libMVGigEVisionSDK.so(GigEVisionGVSP.cpp-L0690)  ProcessName:python3.12(98500)     Description:[GVSPThreadProc]GvspTimeout[300], ResendEnable[1], ResendTimeInterval[10], ResendRetryTimes[20], ResendTimeout[50], MaxResendPktsNum[4276]
Info    2026-08-19 13:49:32:304  DevID:MV-CU060-10GC(DA1691703)  Source-Line:libMVGigEVisionSDK.so(GigEVisionManager.cpp-L2164)  ProcessName:python3.12(98500)     Description:[GiGEVision_StartAcquisition][0] [GVCP]GvspSendIP[192.168.1.21], GvspSendPort[47818]
Info    2026-08-19 13:49:32:304  DevID:MV-CU060-10GC(DA1691703)  Source-Line:libMVGigEVisionSDK.so(GigEVisionManager.cpp-L2168)  ProcessName:python3.12(98500)     Description:[GiGEVision_StartAcquisition][0] Acquisition Start Success, use 3 ms
Info    2026-08-19 13:49:32:749  DevID:MV-CU060-10GC(DA1691703)  Source-Line:libMVGigEVisionSDK.so(GigEVisionGVSP.cpp-L0673)  ProcessName:python3.12(98500)     Description:[GVSPResendThread]GVSPResendThread End, ThreadId[135629203560128]
Info    2026-08-19 13:49:32:754  DevID:MV-CU060-10GC(DA1691703)  Source-Line:libMVGigEVisionSDK.so(GigEVisionGVSP.cpp-L0658)  ProcessName:python3.12(98500)     Description:[GVSPThread]GVSPThread End, ThreadId[135629195167424]
Info    2026-08-19 13:49:32:754  DevID:MV-CU060-10GC(DA1691703)  Source-Line:libMVGigEVisionSDK.so(StreamChannel.cpp-L1069)  ProcessName:python3.12(98500)     Description:[Stop][0] [Socket Mode] GetCount[5], GetCountSucceed[5], NetReceive[5], ThrowAbnormalImage[0], NetLostFrame[0], ThrowInBufList[0], LostPackets[0]
Info    2026-08-19 13:49:32:754  DevID:MV-CU060-10GC(DA1691703)  Source-Line:libMVGigEVisionSDK.so(GigEVisionManager.cpp-L2238)  ProcessName:python3.12(98500)     Description:[GiGEVision_StopAcquisition][0] Acquisition Stop Success, use 7 ms
Info    2026-08-19 13:49:58:619  DevID:MV-CU060-10GC(DA1691703)  Source-Line:libMVGigEVisionSDK.so(GigEVisionBufferManager.cpp-L0382)  ProcessName:python3.12(98500)     Description:[GigEBufferManager_Init]Main Buffer List'Length is 2, Lock Buffer List's Length is 1
Info    2026-08-19 13:49:58:619  DevID:MV-CU060-10GC(DA1691703)  Source-Line:libMVGigEVisionSDK.so(GigEVisionGVSP.cpp-L0656)  ProcessName:python3.12(98500)     Description:[GVSPThread]GVSPThread Start, ThreadId[135629203560128]
Info    2026-08-19 13:49:58:619  DevID:MV-CU060-10GC(DA1691703)  Source-Line:libMVGigEVisionSDK.so(StreamChannel.cpp-L1787)  ProcessName:python3.12(98500)     Description:[StartProxy][0]Stream proxy start, Socket mode, GvspDstPort[47818], bResendEnable[1], GvspTimeout[300], ResendTimeInterval[10], SCPS[1500], nPayloadSize[6295104], 3DSpecMode[0], CompressMode[0], bSupportAnnounceBuffer[0]
Info    2026-08-19 13:49:58:619  DevID:MV-CU060-10GC(DA1691703)  Source-Line:libMVGigEVisionSDK.so(GigEVisionGVSP.cpp-L0671)  ProcessName:python3.12(98500)     Description:[GVSPResendThread]GVSPResendThread Start, ThreadId[135629195167424]
Info    2026-08-19 13:49:58:619  DevID:MV-CU060-10GC(DA1691703)  Source-Line:libMVGigEVisionSDK.so(GigEVisionGVSP.cpp-L0690)  ProcessName:python3.12(98500)     Description:[GVSPThreadProc]GvspTimeout[300], ResendEnable[1], ResendTimeInterval[10], ResendRetryTimes[20], ResendTimeout[50], MaxResendPktsNum[4276]
Info    2026-08-19 13:49:58:619  DevID:MV-CU060-10GC(DA1691703)  Source-Line:libMVGigEVisionSDK.so(GigEVisionManager.cpp-L2137)  ProcessName:python3.12(98500)     Description:[GiGEVision_StartAcquisition]m_nPrivilegeMode[1]
Info    2026-08-19 13:49:58:621  DevID:MV-CU060-10GC(DA1691703)  Source-Line:libMVGigEVisionSDK.so(GigEVisionManager.cpp-L2164)  ProcessName:python3.12(98500)     Description:[GiGEVision_StartAcquisition][0] [GVCP]GvspSendIP[192.168.1.21], GvspSendPort[47818]
Info    2026-08-19 13:49:58:621  DevID:MV-CU060-10GC(DA1691703)  Source-Line:libMVGigEVisionSDK.so(GigEVisionManager.cpp-L2168)  ProcessName:python3.12(98500)     Description:[GiGEVision_StartAcquisition][0] Acquisition Start Success, use 3 ms
Info    2026-08-19 13:49:59:071  DevID:MV-CU060-10GC(DA1691703)  Source-Line:libMVGigEVisionSDK.so(GigEVisionGVSP.cpp-L0658)  ProcessName:python3.12(98500)     Description:[GVSPThread]GVSPThread End, ThreadId[135629203560128]
Warning 2026-08-19 13:49:59:071  DevID:MV-CU060-10GC(DA1691703)  Source-Line:libMVGigEVisionSDK.so(GigEVisionGVSP.cpp-L0775)  ProcessName:python3.12(98500)     Description:[GVSPResendThreadProc]WaitForSingleEvent(Timer) failed: 0x6e
Info    2026-08-19 13:49:59:071  DevID:MV-CU060-10GC(DA1691703)  Source-Line:libMVGigEVisionSDK.so(GigEVisionGVSP.cpp-L0673)  ProcessName:python3.12(98500)     Description:[GVSPResendThread]GVSPResendThread End, ThreadId[135629195167424]
Info    2026-08-19 13:49:59:071  DevID:MV-CU060-10GC(DA1691703)  Source-Line:libMVGigEVisionSDK.so(StreamChannel.cpp-L1069)  ProcessName:python3.12(98500)     Description:[Stop][0] [Socket Mode] GetCount[5], GetCountSucceed[5], NetReceive[5], ThrowAbnormalImage[0], NetLostFrame[0], ThrowInBufList[0], LostPackets[0]
Info    2026-08-19 13:49:59:071  DevID:MV-CU060-10GC(DA1691703)  Source-Line:libMVGigEVisionSDK.so(GigEVisionManager.cpp-L2238)  ProcessName:python3.12(98500)     Description:[GiGEVision_StopAcquisition][0] Acquisition Stop Success, use 5 ms
Info    2026-08-19 13:50:25:373  DevID:MV-CU060-10GC(DA1691703)  Source-Line:libMVGigEVisionSDK.so(GigEVisionBufferManager.cpp-L0382)  ProcessName:python3.12(98500)     Description:[GigEBufferManager_Init]Main Buffer List'Length is 2, Lock Buffer List's Length is 1
Info    2026-08-19 13:50:25:374  DevID:MV-CU060-10GC(DA1691703)  Source-Line:libMVGigEVisionSDK.so(GigEVisionGVSP.cpp-L0656)  ProcessName:python3.12(98500)     Description:[GVSPThread]GVSPThread Start, ThreadId[135629195167424]
Info    2026-08-19 13:50:25:374  DevID:MV-CU060-10GC(DA1691703)  Source-Line:libMVGigEVisionSDK.so(GigEVisionGVSP.cpp-L0671)  ProcessName:python3.12(98500)     Description:[GVSPResendThread]GVSPResendThread Start, ThreadId[135629203560128]
Info    2026-08-19 13:50:25:374  DevID:MV-CU060-10GC(DA1691703)  Source-Line:libMVGigEVisionSDK.so(StreamChannel.cpp-L1787)  ProcessName:python3.12(98500)     Description:[StartProxy][0]Stream proxy start, Socket mode, GvspDstPort[47818], bResendEnable[1], GvspTimeout[300], ResendTimeInterval[10], SCPS[1500], nPayloadSize[6295104], 3DSpecMode[0], CompressMode[0], bSupportAnnounceBuffer[0]
Info    2026-08-19 13:50:25:374  DevID:MV-CU060-10GC(DA1691703)  Source-Line:libMVGigEVisionSDK.so(GigEVisionGVSP.cpp-L0690)  ProcessName:python3.12(98500)     Description:[GVSPThreadProc]GvspTimeout[300], ResendEnable[1], ResendTimeInterval[10], ResendRetryTimes[20], ResendTimeout[50], MaxResendPktsNum[4276]
Info    2026-08-19 13:50:25:374  DevID:MV-CU060-10GC(DA1691703)  Source-Line:libMVGigEVisionSDK.so(GigEVisionManager.cpp-L2137)  ProcessName:python3.12(98500)     Description:[GiGEVision_StartAcquisition]m_nPrivilegeMode[1]
Info    2026-08-19 13:50:25:376  DevID:MV-CU060-10GC(DA1691703)  Source-Line:libMVGigEVisionSDK.so(GigEVisionManager.cpp-L2164)  ProcessName:python3.12(98500)     Description:[GiGEVision_StartAcquisition][0] [GVCP]GvspSendIP[192.168.1.21], GvspSendPort[47818]
Info    2026-08-19 13:50:25:376  DevID:MV-CU060-10GC(DA1691703)  Source-Line:libMVGigEVisionSDK.so(GigEVisionManager.cpp-L2168)  ProcessName:python3.12(98500)     Description:[GiGEVision_StartAcquisition][0] Acquisition Start Success, use 4 ms
Info    2026-08-19 13:50:25:828  DevID:MV-CU060-10GC(DA1691703)  Source-Line:libMVGigEVisionSDK.so(GigEVisionGVSP.cpp-L0673)  ProcessName:python3.12(98500)     Description:[GVSPResendThread]GVSPResendThread End, ThreadId[135629203560128]
Info    2026-08-19 13:50:25:828  DevID:MV-CU060-10GC(DA1691703)  Source-Line:libMVGigEVisionSDK.so(GigEVisionGVSP.cpp-L0658)  ProcessName:python3.12(98500)     Description:[GVSPThread]GVSPThread End, ThreadId[135629195167424]
Info    2026-08-19 13:50:25:828  DevID:MV-CU060-10GC(DA1691703)  Source-Line:libMVGigEVisionSDK.so(StreamChannel.cpp-L1069)  ProcessName:python3.12(98500)     Description:[Stop][0] [Socket Mode] GetCount[5], GetCountSucceed[5], NetReceive[5], ThrowAbnormalImage[0], NetLostFrame[0], ThrowInBufList[0], LostPackets[0]
Info    2026-08-19 13:50:25:828  DevID:MV-CU060-10GC(DA1691703)  Source-Line:libMVGigEVisionSDK.so(GigEVisionManager.cpp-L2238)  ProcessName:python3.12(98500)     Description:[GiGEVision_StopAcquisition][0] Acquisition Stop Success, use 2 ms
Info    2026-08-19 13:50:53:550  DevID:MV-CU060-10GC(DA1691703)  Source-Line:libMVGigEVisionSDK.so(GigEVisionBufferManager.cpp-L0382)  ProcessName:python3.12(98500)     Description:[GigEBufferManager_Init]Main Buffer List'Length is 2, Lock Buffer List's Length is 1
Info    2026-08-19 13:50:53:550  DevID:MV-CU060-10GC(DA1691703)  Source-Line:libMVGigEVisionSDK.so(GigEVisionGVSP.cpp-L0656)  ProcessName:python3.12(98500)     Description:[GVSPThread]GVSPThread Start, ThreadId[135629203560128]
Info    2026-08-19 13:50:53:550  DevID:MV-CU060-10GC(DA1691703)  Source-Line:libMVGigEVisionSDK.so(GigEVisionGVSP.cpp-L0671)  ProcessName:python3.12(98500)     Description:[GVSPResendThread]GVSPResendThread Start, ThreadId[135629195167424]
Info    2026-08-19 13:50:53:550  DevID:MV-CU060-10GC(DA1691703)  Source-Line:libMVGigEVisionSDK.so(StreamChannel.cpp-L1787)  ProcessName:python3.12(98500)     Description:[StartProxy][0]Stream proxy start, Socket mode, GvspDstPort[47818], bResendEnable[1], GvspTimeout[300], ResendTimeInterval[10], SCPS[1500], nPayloadSize[6295104], 3DSpecMode[0], CompressMode[0], bSupportAnnounceBuffer[0]
Info    2026-08-19 13:50:53:550  DevID:MV-CU060-10GC(DA1691703)  Source-Line:libMVGigEVisionSDK.so(GigEVisionGVSP.cpp-L0690)  ProcessName:python3.12(98500)     Description:[GVSPThreadProc]GvspTimeout[300], ResendEnable[1], ResendTimeInterval[10], ResendRetryTimes[20], ResendTimeout[50], MaxResendPktsNum[4276]
Info    2026-08-19 13:50:53:550  DevID:MV-CU060-10GC(DA1691703)  Source-Line:libMVGigEVisionSDK.so(GigEVisionManager.cpp-L2137)  ProcessName:python3.12(98500)     Description:[GiGEVision_StartAcquisition]m_nPrivilegeMode[1]
Info    2026-08-19 13:50:53:552  DevID:MV-CU060-10GC(DA1691703)  Source-Line:libMVGigEVisionSDK.so(GigEVisionManager.cpp-L2164)  ProcessName:python3.12(98500)     Description:[GiGEVision_StartAcquisition][0] [GVCP]GvspSendIP[192.168.1.21], GvspSendPort[47818]
Info    2026-08-19 13:50:53:552  DevID:MV-CU060-10GC(DA1691703)  Source-Line:libMVGigEVisionSDK.so(GigEVisionManager.cpp-L2168)  ProcessName:python3.12(98500)     Description:[GiGEVision_StartAcquisition][0] Acquisition Start Success, use 3 ms
Info    2026-08-19 13:50:53:998  DevID:MV-CU060-10GC(DA1691703)  Source-Line:libMVGigEVisionSDK.so(GigEVisionGVSP.cpp-L0673)  ProcessName:python3.12(98500)     Description:[GVSPResendThread]GVSPResendThread End, ThreadId[135629195167424]
Info    2026-08-19 13:50:54:004  DevID:MV-CU060-10GC(DA1691703)  Source-Line:libMVGigEVisionSDK.so(GigEVisionGVSP.cpp-L0658)  ProcessName:python3.12(98500)     Description:[GVSPThread]GVSPThread End, ThreadId[135629203560128]
Info    2026-08-19 13:50:54:004  DevID:MV-CU060-10GC(DA1691703)  Source-Line:libMVGigEVisionSDK.so(StreamChannel.cpp-L1069)  ProcessName:python3.12(98500)     Description:[Stop][0] [Socket Mode] GetCount[5], GetCountSucceed[5], NetReceive[5], ThrowAbnormalImage[0], NetLostFrame[0], ThrowInBufList[0], LostPackets[0]
Info    2026-08-19 13:50:54:004  DevID:MV-CU060-10GC(DA1691703)  Source-Line:libMVGigEVisionSDK.so(GigEVisionManager.cpp-L2238)  ProcessName:python3.12(98500)     Description:[GiGEVision_StopAcquisition][0] Acquisition Stop Success, use 7 ms
Info    2026-08-19 13:50:54:734  DevID:MV-CU060-10GC(DA1691703)  Source-Line:libMVGigEVisionSDK.so(GigEVisionBufferManager.cpp-L0382)  ProcessName:python3.12(98500)     Description:[GigEBufferManager_Init]Main Buffer List'Length is 2, Lock Buffer List's Length is 1
Info    2026-08-19 13:50:54:734  DevID:MV-CU060-10GC(DA1691703)  Source-Line:libMVGigEVisionSDK.so(GigEVisionGVSP.cpp-L0656)  ProcessName:python3.12(98500)     Description:[GVSPThread]GVSPThread Start, ThreadId[135629195167424]
Info    2026-08-19 13:50:54:734  DevID:MV-CU060-10GC(DA1691703)  Source-Line:libMVGigEVisionSDK.so(StreamChannel.cpp-L1787)  ProcessName:python3.12(98500)     Description:[StartProxy][0]Stream proxy start, Socket mode, GvspDstPort[47818], bResendEnable[1], GvspTimeout[300], ResendTimeInterval[10], SCPS[1500], nPayloadSize[6295104], 3DSpecMode[0], CompressMode[0], bSupportAnnounceBuffer[0]
Info    2026-08-19 13:50:54:734  DevID:MV-CU060-10GC(DA1691703)  Source-Line:libMVGigEVisionSDK.so(GigEVisionGVSP.cpp-L0671)  ProcessName:python3.12(98500)     Description:[GVSPResendThread]GVSPResendThread Start, ThreadId[135629203560128]
Info    2026-08-19 13:50:54:734  DevID:MV-CU060-10GC(DA1691703)  Source-Line:libMVGigEVisionSDK.so(GigEVisionGVSP.cpp-L0690)  ProcessName:python3.12(98500)     Description:[GVSPThreadProc]GvspTimeout[300], ResendEnable[1], ResendTimeInterval[10], ResendRetryTimes[20], ResendTimeout[50], MaxResendPktsNum[4276]
Info    2026-08-19 13:50:54:734  DevID:MV-CU060-10GC(DA1691703)  Source-Line:libMVGigEVisionSDK.so(GigEVisionManager.cpp-L2137)  ProcessName:python3.12(98500)     Description:[GiGEVision_StartAcquisition]m_nPrivilegeMode[1]
Info    2026-08-19 13:50:54:736  DevID:MV-CU060-10GC(DA1691703)  Source-Line:libMVGigEVisionSDK.so(GigEVisionManager.cpp-L2164)  ProcessName:python3.12(98500)     Description:[GiGEVision_StartAcquisition][0] [GVCP]GvspSendIP[192.168.1.21], GvspSendPort[47818]
Info    2026-08-19 13:50:54:736  DevID:MV-CU060-10GC(DA1691703)  Source-Line:libMVGigEVisionSDK.so(GigEVisionManager.cpp-L2168)  ProcessName:python3.12(98500)     Description:[GiGEVision_StartAcquisition][0] Acquisition Start Success, use 3 ms
Info    2026-08-19 13:50:55:179  DevID:MV-CU060-10GC(DA1691703)  Source-Line:libMVGigEVisionSDK.so(GigEVisionGVSP.cpp-L0673)  ProcessName:python3.12(98500)     Description:[GVSPResendThread]GVSPResendThread End, ThreadId[135629203560128]
Info    2026-08-19 13:50:55:181  DevID:MV-CU060-10GC(DA1691703)  Source-Line:libMVGigEVisionSDK.so(GigEVisionGVSP.cpp-L0658)  ProcessName:python3.12(98500)     Description:[GVSPThread]GVSPThread End, ThreadId[135629195167424]
Info    2026-08-19 13:50:55:181  DevID:MV-CU060-10GC(DA1691703)  Source-Line:libMVGigEVisionSDK.so(StreamChannel.cpp-L1069)  ProcessName:python3.12(98500)     Description:[Stop][0] [Socket Mode] GetCount[5], GetCountSucceed[5], NetReceive[5], ThrowAbnormalImage[0], NetLostFrame[0], ThrowInBufList[0], LostPackets[0]
Info    2026-08-19 13:50:55:181  DevID:MV-CU060-10GC(DA1691703)  Source-Line:libMVGigEVisionSDK.so(GigEVisionManager.cpp-L2238)  ProcessName:python3.12(98500)     Description:[GiGEVision_StopAcquisition][0] Acquisition Stop Success, use 4 ms
Info    2026-08-19 13:50:55:897  DevID:MV-CU060-10GC(DA1691703)  Source-Line:libMVGigEVisionSDK.so(GigEVisionBufferManager.cpp-L0382)  ProcessName:python3.12(98500)     Description:[GigEBufferManager_Init]Main Buffer List'Length is 2, Lock Buffer List's Length is 1
Info    2026-08-19 13:50:55:897  DevID:MV-CU060-10GC(DA1691703)  Source-Line:libMVGigEVisionSDK.so(GigEVisionGVSP.cpp-L0656)  ProcessName:python3.12(98500)     Description:[GVSPThread]GVSPThread Start, ThreadId[135629203560128]
Info    2026-08-19 13:50:55:897  DevID:MV-CU060-10GC(DA1691703)  Source-Line:libMVGigEVisionSDK.so(GigEVisionGVSP.cpp-L0671)  ProcessName:python3.12(98500)     Description:[GVSPResendThread]GVSPResendThread Start, ThreadId[135629195167424]
Info    2026-08-19 13:50:55:897  DevID:MV-CU060-10GC(DA1691703)  Source-Line:libMVGigEVisionSDK.so(GigEVisionGVSP.cpp-L0690)  ProcessName:python3.12(98500)     Description:[GVSPThreadProc]GvspTimeout[300], ResendEnable[1], ResendTimeInterval[10], ResendRetryTimes[20], ResendTimeout[50], MaxResendPktsNum[4276]
Info    2026-08-19 13:50:55:897  DevID:MV-CU060-10GC(DA1691703)  Source-Line:libMVGigEVisionSDK.so(StreamChannel.cpp-L1787)  ProcessName:python3.12(98500)     Description:[StartProxy][0]Stream proxy start, Socket mode, GvspDstPort[47818], bResendEnable[1], GvspTimeout[300], ResendTimeInterval[10], SCPS[1500], nPayloadSize[6295104], 3DSpecMode[0], CompressMode[0], bSupportAnnounceBuffer[0]
Info    2026-08-19 13:50:55:897  DevID:MV-CU060-10GC(DA1691703)  Source-Line:libMVGigEVisionSDK.so(GigEVisionManager.cpp-L2137)  ProcessName:python3.12(98500)     Description:[GiGEVision_StartAcquisition]m_nPrivilegeMode[1]
Info    2026-08-19 13:50:55:899  DevID:MV-CU060-10GC(DA1691703)  Source-Line:libMVGigEVisionSDK.so(GigEVisionManager.cpp-L2164)  ProcessName:python3.12(98500)     Description:[GiGEVision_StartAcquisition][0] [GVCP]GvspSendIP[192.168.1.21], GvspSendPort[47818]
Info    2026-08-19 13:50:55:899  DevID:MV-CU060-10GC(DA1691703)  Source-Line:libMVGigEVisionSDK.so(GigEVisionManager.cpp-L2168)  ProcessName:python3.12(98500)     Description:[GiGEVision_StartAcquisition][0] Acquisition Start Success, use 4 ms
Info    2026-08-19 13:50:56:351  DevID:MV-CU060-10GC(DA1691703)  Source-Line:libMVGigEVisionSDK.so(GigEVisionGVSP.cpp-L0658)  ProcessName:python3.12(98500)     Description:[GVSPThread]GVSPThread End, ThreadId[135629203560128]
Warning 2026-08-19 13:50:56:351  DevID:MV-CU060-10GC(DA1691703)  Source-Line:libMVGigEVisionSDK.so(GigEVisionGVSP.cpp-L0775)  ProcessName:python3.12(98500)     Description:[GVSPResendThreadProc]WaitForSingleEvent(Timer) failed: 0x6e
Info    2026-08-19 13:50:56:351  DevID:MV-CU060-10GC(DA1691703)  Source-Line:libMVGigEVisionSDK.so(GigEVisionGVSP.cpp-L0673)  ProcessName:python3.12(98500)     Description:[GVSPResendThread]GVSPResendThread End, ThreadId[135629195167424]
Info    2026-08-19 13:50:56:351  DevID:MV-CU060-10GC(DA1691703)  Source-Line:libMVGigEVisionSDK.so(StreamChannel.cpp-L1069)  ProcessName:python3.12(98500)     Description:[Stop][0] [Socket Mode] GetCount[5], GetCountSucceed[5], NetReceive[5], ThrowAbnormalImage[0], NetLostFrame[0], ThrowInBufList[0], LostPackets[0]
Info    2026-08-19 13:50:56:351  DevID:MV-CU060-10GC(DA1691703)  Source-Line:libMVGigEVisionSDK.so(GigEVisionManager.cpp-L2238)  ProcessName:python3.12(98500)     Description:[GiGEVision_StopAcquisition][0] Acquisition Stop Success, use 3 ms
Info    2026-08-19 13:54:35:213  DevID:MV-CU060-10GC(DA1691703)  Source-Line:libMVGigEVisionSDK.so(GigEVisionBufferManager.cpp-L0382)  ProcessName:python3.12(98500)     Description:[GigEBufferManager_Init]Main Buffer List'Length is 2, Lock Buffer List's Length is 1
Info    2026-08-19 13:54:35:213  DevID:MV-CU060-10GC(DA1691703)  Source-Line:libMVGigEVisionSDK.so(GigEVisionGVSP.cpp-L0656)  ProcessName:python3.12(98500)     Description:[GVSPThread]GVSPThread Start, ThreadId[135629195167424]
Info    2026-08-19 13:54:35:213  DevID:MV-CU060-10GC(DA1691703)  Source-Line:libMVGigEVisionSDK.so(StreamChannel.cpp-L1787)  ProcessName:python3.12(98500)     Description:[StartProxy][0]Stream proxy start, Socket mode, GvspDstPort[47818], bResendEnable[1], GvspTimeout[300], ResendTimeInterval[10], SCPS[1500], nPayloadSize[6295104], 3DSpecMode[0], CompressMode[0], bSupportAnnounceBuffer[0]
Info    2026-08-19 13:54:35:213  DevID:MV-CU060-10GC(DA1691703)  Source-Line:libMVGigEVisionSDK.so(GigEVisionGVSP.cpp-L0690)  ProcessName:python3.12(98500)     Description:[GVSPThreadProc]GvspTimeout[300], ResendEnable[1], ResendTimeInterval[10], ResendRetryTimes[20], ResendTimeout[50], MaxResendPktsNum[4276]
Info    2026-08-19 13:54:35:213  DevID:MV-CU060-10GC(DA1691703)  Source-Line:libMVGigEVisionSDK.so(GigEVisionGVSP.cpp-L0671)  ProcessName:python3.12(98500)     Description:[GVSPResendThread]GVSPResendThread Start, ThreadId[135629203560128]
Info    2026-08-19 13:54:35:214  DevID:MV-CU060-10GC(DA1691703)  Source-Line:libMVGigEVisionSDK.so(GigEVisionManager.cpp-L2137)  ProcessName:python3.12(98500)     Description:[GiGEVision_StartAcquisition]m_nPrivilegeMode[1]
Info    2026-08-19 13:54:35:215  DevID:MV-CU060-10GC(DA1691703)  Source-Line:libMVGigEVisionSDK.so(GigEVisionManager.cpp-L2164)  ProcessName:python3.12(98500)     Description:[GiGEVision_StartAcquisition][0] [GVCP]GvspSendIP[192.168.1.21], GvspSendPort[47818]
Info    2026-08-19 13:54:35:215  DevID:MV-CU060-10GC(DA1691703)  Source-Line:libMVGigEVisionSDK.so(GigEVisionManager.cpp-L2168)  ProcessName:python3.12(98500)     Description:[GiGEVision_StartAcquisition][0] Acquisition Start Success, use 3 ms
Info    2026-08-19 13:54:35:719  DevID:MV-CU060-10GC(DA1691703)  Source-Line:libMVGigEVisionSDK.so(GigEVisionGVSP.cpp-L0658)  ProcessName:python3.12(98500)     Description:[GVSPThread]GVSPThread End, ThreadId[135629195167424]
Warning 2026-08-19 13:54:35:720  DevID:MV-CU060-10GC(DA1691703)  Source-Line:libMVGigEVisionSDK.so(GigEVisionGVSP.cpp-L0775)  ProcessName:python3.12(98500)     Description:[GVSPResendThreadProc]WaitForSingleEvent(Timer) failed: 0x6e
Info    2026-08-19 13:54:35:720  DevID:MV-CU060-10GC(DA1691703)  Source-Line:libMVGigEVisionSDK.so(GigEVisionGVSP.cpp-L0673)  ProcessName:python3.12(98500)     Description:[GVSPResendThread]GVSPResendThread End, ThreadId[135629203560128]
Info    2026-08-19 13:54:35:720  DevID:MV-CU060-10GC(DA1691703)  Source-Line:libMVGigEVisionSDK.so(StreamChannel.cpp-L1069)  ProcessName:python3.12(98500)     Description:[Stop][0] [Socket Mode] GetCount[5], GetCountSucceed[5], NetReceive[6], ThrowAbnormalImage[0], NetLostFrame[0], ThrowInBufList[0], LostPackets[0]
Info    2026-08-19 13:54:35:720  DevID:MV-CU060-10GC(DA1691703)  Source-Line:libMVGigEVisionSDK.so(GigEVisionManager.cpp-L2238)  ProcessName:python3.12(98500)     Description:[GiGEVision_StopAcquisition][0] Acquisition Stop Success, use 2 ms
Info    2026-08-19 13:55:01:658  DevID:MV-CU060-10GC(DA1691703)  Source-Line:libMVGigEVisionSDK.so(GigEVisionBufferManager.cpp-L0382)  ProcessName:python3.12(98500)     Description:[GigEBufferManager_Init]Main Buffer List'Length is 2, Lock Buffer List's Length is 1
Info    2026-08-19 13:55:01:659  DevID:MV-CU060-10GC(DA1691703)  Source-Line:libMVGigEVisionSDK.so(GigEVisionGVSP.cpp-L0656)  ProcessName:python3.12(98500)     Description:[GVSPThread]GVSPThread Start, ThreadId[135629203560128]
Info    2026-08-19 13:55:01:659  DevID:MV-CU060-10GC(DA1691703)  Source-Line:libMVGigEVisionSDK.so(StreamChannel.cpp-L1787)  ProcessName:python3.12(98500)     Description:[StartProxy][0]Stream proxy start, Socket mode, GvspDstPort[47818], bResendEnable[1], GvspTimeout[300], ResendTimeInterval[10], SCPS[1500], nPayloadSize[6295104], 3DSpecMode[0], CompressMode[0], bSupportAnnounceBuffer[0]
Info    2026-08-19 13:55:01:659  DevID:MV-CU060-10GC(DA1691703)  Source-Line:libMVGigEVisionSDK.so(GigEVisionGVSP.cpp-L0671)  ProcessName:python3.12(98500)     Description:[GVSPResendThread]GVSPResendThread Start, ThreadId[135629195167424]
Info    2026-08-19 13:55:01:659  DevID:MV-CU060-10GC(DA1691703)  Source-Line:libMVGigEVisionSDK.so(GigEVisionGVSP.cpp-L0690)  ProcessName:python3.12(98500)     Description:[GVSPThreadProc]GvspTimeout[300], ResendEnable[1], ResendTimeInterval[10], ResendRetryTimes[20], ResendTimeout[50], MaxResendPktsNum[4276]
Info    2026-08-19 13:55:01:659  DevID:MV-CU060-10GC(DA1691703)  Source-Line:libMVGigEVisionSDK.so(GigEVisionManager.cpp-L2137)  ProcessName:python3.12(98500)     Description:[GiGEVision_StartAcquisition]m_nPrivilegeMode[1]
Info    2026-08-19 13:55:01:661  DevID:MV-CU060-10GC(DA1691703)  Source-Line:libMVGigEVisionSDK.so(GigEVisionManager.cpp-L2164)  ProcessName:python3.12(98500)     Description:[GiGEVision_StartAcquisition][0] [GVCP]GvspSendIP[192.168.1.21], GvspSendPort[47818]
Info    2026-08-19 13:55:01:661  DevID:MV-CU060-10GC(DA1691703)  Source-Line:libMVGigEVisionSDK.so(GigEVisionManager.cpp-L2168)  ProcessName:python3.12(98500)     Description:[GiGEVision_StartAcquisition][0] Acquisition Start Success, use 4 ms
Info    2026-08-19 13:55:02:110  DevID:MV-CU060-10GC(DA1691703)  Source-Line:libMVGigEVisionSDK.so(GigEVisionGVSP.cpp-L0658)  ProcessName:python3.12(98500)     Description:[GVSPThread]GVSPThread End, ThreadId[135629203560128]
Warning 2026-08-19 13:55:02:110  DevID:MV-CU060-10GC(DA1691703)  Source-Line:libMVGigEVisionSDK.so(GigEVisionGVSP.cpp-L0775)  ProcessName:python3.12(98500)     Description:[GVSPResendThreadProc]WaitForSingleEvent(Timer) failed: 0x6e
Info    2026-08-19 13:55:02:110  DevID:MV-CU060-10GC(DA1691703)  Source-Line:libMVGigEVisionSDK.so(GigEVisionGVSP.cpp-L0673)  ProcessName:python3.12(98500)     Description:[GVSPResendThread]GVSPResendThread End, ThreadId[135629195167424]
Info    2026-08-19 13:55:02:110  DevID:MV-CU060-10GC(DA1691703)  Source-Line:libMVGigEVisionSDK.so(StreamChannel.cpp-L1069)  ProcessName:python3.12(98500)     Description:[Stop][0] [Socket Mode] GetCount[5], GetCountSucceed[5], NetReceive[5], ThrowAbnormalImage[0], NetLostFrame[0], ThrowInBufList[0], LostPackets[0]
Info    2026-08-19 13:55:02:110  DevID:MV-CU060-10GC(DA1691703)  Source-Line:libMVGigEVisionSDK.so(GigEVisionManager.cpp-L2238)  ProcessName:python3.12(98500)     Description:[GiGEVision_StopAcquisition][0] Acquisition Stop Success, use 2 ms
Info    2026-08-19 13:55:28:223  DevID:MV-CU060-10GC(DA1691703)  Source-Line:libMVGigEVisionSDK.so(GigEVisionBufferManager.cpp-L0382)  ProcessName:python3.12(98500)     Description:[GigEBufferManager_Init]Main Buffer List'Length is 2, Lock Buffer List's Length is 1
Info    2026-08-19 13:55:28:223  DevID:MV-CU060-10GC(DA1691703)  Source-Line:libMVGigEVisionSDK.so(GigEVisionGVSP.cpp-L0656)  ProcessName:python3.12(98500)     Description:[GVSPThread]GVSPThread Start, ThreadId[135629195167424]
Info    2026-08-19 13:55:28:223  DevID:MV-CU060-10GC(DA1691703)  Source-Line:libMVGigEVisionSDK.so(GigEVisionGVSP.cpp-L0671)  ProcessName:python3.12(98500)     Description:[GVSPResendThread]GVSPResendThread Start, ThreadId[135629203560128]
Info    2026-08-19 13:55:28:223  DevID:MV-CU060-10GC(DA1691703)  Source-Line:libMVGigEVisionSDK.so(StreamChannel.cpp-L1787)  ProcessName:python3.12(98500)     Description:[StartProxy][0]Stream proxy start, Socket mode, GvspDstPort[47818], bResendEnable[1], GvspTimeout[300], ResendTimeInterval[10], SCPS[1500], nPayloadSize[6295104], 3DSpecMode[0], CompressMode[0], bSupportAnnounceBuffer[0]
Info    2026-08-19 13:55:28:223  DevID:MV-CU060-10GC(DA1691703)  Source-Line:libMVGigEVisionSDK.so(GigEVisionGVSP.cpp-L0690)  ProcessName:python3.12(98500)     Description:[GVSPThreadProc]GvspTimeout[300], ResendEnable[1], ResendTimeInterval[10], ResendRetryTimes[20], ResendTimeout[50], MaxResendPktsNum[4276]
Info    2026-08-19 13:55:28:223  DevID:MV-CU060-10GC(DA1691703)  Source-Line:libMVGigEVisionSDK.so(GigEVisionManager.cpp-L2137)  ProcessName:python3.12(98500)     Description:[GiGEVision_StartAcquisition]m_nPrivilegeMode[1]
Info    2026-08-19 13:55:28:225  DevID:MV-CU060-10GC(DA1691703)  Source-Line:libMVGigEVisionSDK.so(GigEVisionManager.cpp-L2164)  ProcessName:python3.12(98500)     Description:[GiGEVision_StartAcquisition][0] [GVCP]GvspSendIP[192.168.1.21], GvspSendPort[47818]
Info    2026-08-19 13:55:28:225  DevID:MV-CU060-10GC(DA1691703)  Source-Line:libMVGigEVisionSDK.so(GigEVisionManager.cpp-L2168)  ProcessName:python3.12(98500)     Description:[GiGEVision_StartAcquisition][0] Acquisition Start Success, use 3 ms
Info    2026-08-19 13:55:28:671  DevID:MV-CU060-10GC(DA1691703)  Source-Line:libMVGigEVisionSDK.so(GigEVisionGVSP.cpp-L0673)  ProcessName:python3.12(98500)     Description:[GVSPResendThread]GVSPResendThread End, ThreadId[135629203560128]
Info    2026-08-19 13:55:28:677  DevID:MV-CU060-10GC(DA1691703)  Source-Line:libMVGigEVisionSDK.so(GigEVisionGVSP.cpp-L0658)  ProcessName:python3.12(98500)     Description:[GVSPThread]GVSPThread End, ThreadId[135629195167424]
Info    2026-08-19 13:55:28:677  DevID:MV-CU060-10GC(DA1691703)  Source-Line:libMVGigEVisionSDK.so(StreamChannel.cpp-L1069)  ProcessName:python3.12(98500)     Description:[Stop][0] [Socket Mode] GetCount[5], GetCountSucceed[5], NetReceive[5], ThrowAbnormalImage[0], NetLostFrame[0], ThrowInBufList[0], LostPackets[0]
Info    2026-08-19 13:55:28:677  DevID:MV-CU060-10GC(DA1691703)  Source-Line:libMVGigEVisionSDK.so(GigEVisionManager.cpp-L2238)  ProcessName:python3.12(98500)     Description:[GiGEVision_StopAcquisition][0] Acquisition Stop Success, use 9 ms
Info    2026-08-19 13:55:54:554  DevID:MV-CU060-10GC(DA1691703)  Source-Line:libMVGigEVisionSDK.so(GigEVisionBufferManager.cpp-L0382)  ProcessName:python3.12(98500)     Description:[GigEBufferManager_Init]Main Buffer List'Length is 2, Lock Buffer List's Length is 1
Info    2026-08-19 13:55:54:555  DevID:MV-CU060-10GC(DA1691703)  Source-Line:libMVGigEVisionSDK.so(GigEVisionGVSP.cpp-L0656)  ProcessName:python3.12(98500)     Description:[GVSPThread]GVSPThread Start, ThreadId[135629203560128]
Info    2026-08-19 13:55:54:555  DevID:MV-CU060-10GC(DA1691703)  Source-Line:libMVGigEVisionSDK.so(StreamChannel.cpp-L1787)  ProcessName:python3.12(98500)     Description:[StartProxy][0]Stream proxy start, Socket mode, GvspDstPort[47818], bResendEnable[1], GvspTimeout[300], ResendTimeInterval[10], SCPS[1500], nPayloadSize[6295104], 3DSpecMode[0], CompressMode[0], bSupportAnnounceBuffer[0]
Info    2026-08-19 13:55:54:555  DevID:MV-CU060-10GC(DA1691703)  Source-Line:libMVGigEVisionSDK.so(GigEVisionGVSP.cpp-L0671)  ProcessName:python3.12(98500)     Description:[GVSPResendThread]GVSPResendThread Start, ThreadId[135629195167424]
Info    2026-08-19 13:55:54:555  DevID:MV-CU060-10GC(DA1691703)  Source-Line:libMVGigEVisionSDK.so(GigEVisionGVSP.cpp-L0690)  ProcessName:python3.12(98500)     Description:[GVSPThreadProc]GvspTimeout[300], ResendEnable[1], ResendTimeInterval[10], ResendRetryTimes[20], ResendTimeout[50], MaxResendPktsNum[4276]
Info    2026-08-19 13:55:54:555  DevID:MV-CU060-10GC(DA1691703)  Source-Line:libMVGigEVisionSDK.so(GigEVisionManager.cpp-L2137)  ProcessName:python3.12(98500)     Description:[GiGEVision_StartAcquisition]m_nPrivilegeMode[1]
Info    2026-08-19 13:55:54:557  DevID:MV-CU060-10GC(DA1691703)  Source-Line:libMVGigEVisionSDK.so(GigEVisionManager.cpp-L2164)  ProcessName:python3.12(98500)     Description:[GiGEVision_StartAcquisition][0] [GVCP]GvspSendIP[192.168.1.21], GvspSendPort[47818]
Info    2026-08-19 13:55:54:557  DevID:MV-CU060-10GC(DA1691703)  Source-Line:libMVGigEVisionSDK.so(GigEVisionManager.cpp-L2168)  ProcessName:python3.12(98500)     Description:[GiGEVision_StartAcquisition][0] Acquisition Start Success, use 4 ms
Info    2026-08-19 13:55:54:000  DevID:MV-CU060-10GC(DA1691703)  Source-Line:libMVGigEVisionSDK.so(GigEVisionGVSP.cpp-L0673)  ProcessName:python3.12(98500)     Description:[GVSPResendThread]GVSPResendThread End, ThreadId[135629195167424]
Info    2026-08-19 13:55:55:002  DevID:MV-CU060-10GC(DA1691703)  Source-Line:libMVGigEVisionSDK.so(GigEVisionGVSP.cpp-L0658)  ProcessName:python3.12(98500)     Description:[GVSPThread]GVSPThread End, ThreadId[135629203560128]
Info    2026-08-19 13:55:55:002  DevID:MV-CU060-10GC(DA1691703)  Source-Line:libMVGigEVisionSDK.so(StreamChannel.cpp-L1069)  ProcessName:python3.12(98500)     Description:[Stop][0] [Socket Mode] GetCount[5], GetCountSucceed[5], NetReceive[5], ThrowAbnormalImage[0], NetLostFrame[0], ThrowInBufList[0], LostPackets[0]
Info    2026-08-19 13:55:55:002  DevID:MV-CU060-10GC(DA1691703)  Source-Line:libMVGigEVisionSDK.so(GigEVisionManager.cpp-L2238)  ProcessName:python3.12(98500)     Description:[GiGEVision_StopAcquisition][0] Acquisition Stop Success, use 4 ms
Info    2026-08-19 13:56:22:642  DevID:MV-CU060-10GC(DA1691703)  Source-Line:libMVGigEVisionSDK.so(GigEVisionBufferManager.cpp-L0382)  ProcessName:python3.12(98500)     Description:[GigEBufferManager_Init]Main Buffer List'Length is 2, Lock Buffer List's Length is 1
Info    2026-08-19 13:56:22:642  DevID:MV-CU060-10GC(DA1691703)  Source-Line:libMVGigEVisionSDK.so(GigEVisionGVSP.cpp-L0656)  ProcessName:python3.12(98500)     Description:[GVSPThread]GVSPThread Start, ThreadId[135629195167424]
Info    2026-08-19 13:56:22:642  DevID:MV-CU060-10GC(DA1691703)  Source-Line:libMVGigEVisionSDK.so(GigEVisionGVSP.cpp-L0690)  ProcessName:python3.12(98500)     Description:[GVSPThreadProc]GvspTimeout[300], ResendEnable[1], ResendTimeInterval[10], ResendRetryTimes[20], ResendTimeout[50], MaxResendPktsNum[4276]
Info    2026-08-19 13:56:22:642  DevID:MV-CU060-10GC(DA1691703)  Source-Line:libMVGigEVisionSDK.so(GigEVisionGVSP.cpp-L0671)  ProcessName:python3.12(98500)     Description:[GVSPResendThread]GVSPResendThread Start, ThreadId[135629203560128]
Info    2026-08-19 13:56:22:642  DevID:MV-CU060-10GC(DA1691703)  Source-Line:libMVGigEVisionSDK.so(StreamChannel.cpp-L1787)  ProcessName:python3.12(98500)     Description:[StartProxy][0]Stream proxy start, Socket mode, GvspDstPort[47818], bResendEnable[1], GvspTimeout[300], ResendTimeInterval[10], SCPS[1500], nPayloadSize[6295104], 3DSpecMode[0], CompressMode[0], bSupportAnnounceBuffer[0]
Info    2026-08-19 13:56:22:642  DevID:MV-CU060-10GC(DA1691703)  Source-Line:libMVGigEVisionSDK.so(GigEVisionManager.cpp-L2137)  ProcessName:python3.12(98500)     Description:[GiGEVision_StartAcquisition]m_nPrivilegeMode[1]
Info    2026-08-19 13:56:22:644  DevID:MV-CU060-10GC(DA1691703)  Source-Line:libMVGigEVisionSDK.so(GigEVisionManager.cpp-L2164)  ProcessName:python3.12(98500)     Description:[GiGEVision_StartAcquisition][0] [GVCP]GvspSendIP[192.168.1.21], GvspSendPort[47818]
Info    2026-08-19 13:56:22:644  DevID:MV-CU060-10GC(DA1691703)  Source-Line:libMVGigEVisionSDK.so(GigEVisionManager.cpp-L2168)  ProcessName:python3.12(98500)     Description:[GiGEVision_StartAcquisition][0] Acquisition Start Success, use 3 ms
Info    2026-08-19 13:56:23:091  DevID:MV-CU060-10GC(DA1691703)  Source-Line:libMVGigEVisionSDK.so(GigEVisionGVSP.cpp-L0658)  ProcessName:python3.12(98500)     Description:[GVSPThread]GVSPThread End, ThreadId[135629195167424]
Warning 2026-08-19 13:56:23:091  DevID:MV-CU060-10GC(DA1691703)  Source-Line:libMVGigEVisionSDK.so(GigEVisionGVSP.cpp-L0775)  ProcessName:python3.12(98500)     Description:[GVSPResendThreadProc]WaitForSingleEvent(Timer) failed: 0x6e
Info    2026-08-19 13:56:23:091  DevID:MV-CU060-10GC(DA1691703)  Source-Line:libMVGigEVisionSDK.so(GigEVisionGVSP.cpp-L0673)  ProcessName:python3.12(98500)     Description:[GVSPResendThread]GVSPResendThread End, ThreadId[135629203560128]
Info    2026-08-19 13:56:23:091  DevID:MV-CU060-10GC(DA1691703)  Source-Line:libMVGigEVisionSDK.so(StreamChannel.cpp-L1069)  ProcessName:python3.12(98500)     Description:[Stop][0] [Socket Mode] GetCount[5], GetCountSucceed[5], NetReceive[5], ThrowAbnormalImage[0], NetLostFrame[0], ThrowInBufList[0], LostPackets[0]
Info    2026-08-19 13:56:23:091  DevID:MV-CU060-10GC(DA1691703)  Source-Line:libMVGigEVisionSDK.so(GigEVisionManager.cpp-L2238)  ProcessName:python3.12(98500)     Description:[GiGEVision_StopAcquisition][0] Acquisition Stop Success, use 3 ms
Info    2026-08-19 13:56:49:649  DevID:MV-CU060-10GC(DA1691703)  Source-Line:libMVGigEVisionSDK.so(GigEVisionBufferManager.cpp-L0382)  ProcessName:python3.12(98500)     Description:[GigEBufferManager_Init]Main Buffer List'Length is 2, Lock Buffer List's Length is 1
Info    2026-08-19 13:56:49:649  DevID:MV-CU060-10GC(DA1691703)  Source-Line:libMVGigEVisionSDK.so(GigEVisionGVSP.cpp-L0656)  ProcessName:python3.12(98500)     Description:[GVSPThread]GVSPThread Start, ThreadId[135629203560128]
Info    2026-08-19 13:56:49:649  DevID:MV-CU060-10GC(DA1691703)  Source-Line:libMVGigEVisionSDK.so(GigEVisionGVSP.cpp-L0690)  ProcessName:python3.12(98500)     Description:[GVSPThreadProc]GvspTimeout[300], ResendEnable[1], ResendTimeInterval[10], ResendRetryTimes[20], ResendTimeout[50], MaxResendPktsNum[4276]
Info    2026-08-19 13:56:49:649  DevID:MV-CU060-10GC(DA1691703)  Source-Line:libMVGigEVisionSDK.so(GigEVisionGVSP.cpp-L0671)  ProcessName:python3.12(98500)     Description:[GVSPResendThread]GVSPResendThread Start, ThreadId[135629195167424]
Info    2026-08-19 13:56:49:649  DevID:MV-CU060-10GC(DA1691703)  Source-Line:libMVGigEVisionSDK.so(StreamChannel.cpp-L1787)  ProcessName:python3.12(98500)     Description:[StartProxy][0]Stream proxy start, Socket mode, GvspDstPort[47818], bResendEnable[1], GvspTimeout[300], ResendTimeInterval[10], SCPS[1500], nPayloadSize[6295104], 3DSpecMode[0], CompressMode[0], bSupportAnnounceBuffer[0]
Info    2026-08-19 13:56:49:649  DevID:MV-CU060-10GC(DA1691703)  Source-Line:libMVGigEVisionSDK.so(GigEVisionManager.cpp-L2137)  ProcessName:python3.12(98500)     Description:[GiGEVision_StartAcquisition]m_nPrivilegeMode[1]
Info    2026-08-19 13:56:49:651  DevID:MV-CU060-10GC(DA1691703)  Source-Line:libMVGigEVisionSDK.so(GigEVisionManager.cpp-L2164)  ProcessName:python3.12(98500)     Description:[GiGEVision_StartAcquisition][0] [GVCP]GvspSendIP[192.168.1.21], GvspSendPort[47818]
Info    2026-08-19 13:56:49:651  DevID:MV-CU060-10GC(DA1691703)  Source-Line:libMVGigEVisionSDK.so(GigEVisionManager.cpp-L2168)  ProcessName:python3.12(98500)     Description:[GiGEVision_StartAcquisition][0] Acquisition Start Success, use 4 ms
Info    2026-08-19 13:56:50:095  DevID:MV-CU060-10GC(DA1691703)  Source-Line:libMVGigEVisionSDK.so(GigEVisionGVSP.cpp-L0658)  ProcessName:python3.12(98500)     Description:[GVSPThread]GVSPThread End, ThreadId[135629203560128]
Warning 2026-08-19 13:56:50:096  DevID:MV-CU060-10GC(DA1691703)  Source-Line:libMVGigEVisionSDK.so(GigEVisionGVSP.cpp-L0775)  ProcessName:python3.12(98500)     Description:[GVSPResendThreadProc]WaitForSingleEvent(Timer) failed: 0x6e
Info    2026-08-19 13:56:50:096  DevID:MV-CU060-10GC(DA1691703)  Source-Line:libMVGigEVisionSDK.so(GigEVisionGVSP.cpp-L0673)  ProcessName:python3.12(98500)     Description:[GVSPResendThread]GVSPResendThread End, ThreadId[135629195167424]
Info    2026-08-19 13:56:50:096  DevID:MV-CU060-10GC(DA1691703)  Source-Line:libMVGigEVisionSDK.so(StreamChannel.cpp-L1069)  ProcessName:python3.12(98500)     Description:[Stop][0] [Socket Mode] GetCount[5], GetCountSucceed[5], NetReceive[5], ThrowAbnormalImage[0], NetLostFrame[0], ThrowInBufList[0], LostPackets[0]
Info    2026-08-19 13:56:50:096  DevID:MV-CU060-10GC(DA1691703)  Source-Line:libMVGigEVisionSDK.so(GigEVisionManager.cpp-L2238)  ProcessName:python3.12(98500)     Description:[GiGEVision_StopAcquisition][0] Acquisition Stop Success, use 7 ms
Info    2026-08-19 13:57:17:414  DevID:MV-CU060-10GC(DA1691703)  Source-Line:libMVGigEVisionSDK.so(GigEVisionBufferManager.cpp-L0382)  ProcessName:python3.12(98500)     Description:[GigEBufferManager_Init]Main Buffer List'Length is 2, Lock Buffer List's Length is 1
Info    2026-08-19 13:57:17:414  DevID:MV-CU060-10GC(DA1691703)  Source-Line:libMVGigEVisionSDK.so(GigEVisionGVSP.cpp-L0656)  ProcessName:python3.12(98500)     Description:[GVSPThread]GVSPThread Start, ThreadId[135629195167424]
Info    2026-08-19 13:57:17:414  DevID:MV-CU060-10GC(DA1691703)  Source-Line:libMVGigEVisionSDK.so(StreamChannel.cpp-L1787)  ProcessName:python3.12(98500)     Description:[StartProxy][0]Stream proxy start, Socket mode, GvspDstPort[47818], bResendEnable[1], GvspTimeout[300], ResendTimeInterval[10], SCPS[1500], nPayloadSize[6295104], 3DSpecMode[0], CompressMode[0], bSupportAnnounceBuffer[0]
Info    2026-08-19 13:57:17:414  DevID:MV-CU060-10GC(DA1691703)  Source-Line:libMVGigEVisionSDK.so(GigEVisionGVSP.cpp-L0690)  ProcessName:python3.12(98500)     Description:[GVSPThreadProc]GvspTimeout[300], ResendEnable[1], ResendTimeInterval[10], ResendRetryTimes[20], ResendTimeout[50], MaxResendPktsNum[4276]
Info    2026-08-19 13:57:17:414  DevID:MV-CU060-10GC(DA1691703)  Source-Line:libMVGigEVisionSDK.so(GigEVisionGVSP.cpp-L0671)  ProcessName:python3.12(98500)     Description:[GVSPResendThread]GVSPResendThread Start, ThreadId[135629203560128]
Info    2026-08-19 13:57:17:415  DevID:MV-CU060-10GC(DA1691703)  Source-Line:libMVGigEVisionSDK.so(GigEVisionManager.cpp-L2137)  ProcessName:python3.12(98500)     Description:[GiGEVision_StartAcquisition]m_nPrivilegeMode[1]
Info    2026-08-19 13:57:17:416  DevID:MV-CU060-10GC(DA1691703)  Source-Line:libMVGigEVisionSDK.so(GigEVisionManager.cpp-L2164)  ProcessName:python3.12(98500)     Description:[GiGEVision_StartAcquisition][0] [GVCP]GvspSendIP[192.168.1.21], GvspSendPort[47818]
Info    2026-08-19 13:57:17:416  DevID:MV-CU060-10GC(DA1691703)  Source-Line:libMVGigEVisionSDK.so(GigEVisionManager.cpp-L2168)  ProcessName:python3.12(98500)     Description:[GiGEVision_StartAcquisition][0] Acquisition Start Success, use 3 ms
Info    2026-08-19 13:57:17:851  DevID:MV-CU060-10GC(DA1691703)  Source-Line:libMVGigEVisionSDK.so(GigEVisionGVSP.cpp-L0673)  ProcessName:python3.12(98500)     Description:[GVSPResendThread]GVSPResendThread End, ThreadId[135629203560128]
Info    2026-08-19 13:57:17:857  DevID:MV-CU060-10GC(DA1691703)  Source-Line:libMVGigEVisionSDK.so(GigEVisionGVSP.cpp-L0658)  ProcessName:python3.12(98500)     Description:[GVSPThread]GVSPThread End, ThreadId[135629195167424]
Info    2026-08-19 13:57:17:857  DevID:MV-CU060-10GC(DA1691703)  Source-Line:libMVGigEVisionSDK.so(StreamChannel.cpp-L1069)  ProcessName:python3.12(98500)     Description:[Stop][0] [Socket Mode] GetCount[5], GetCountSucceed[5], NetReceive[5], ThrowAbnormalImage[0], NetLostFrame[0], ThrowInBufList[0], LostPackets[0]
Info    2026-08-19 13:57:17:857  DevID:MV-CU060-10GC(DA1691703)  Source-Line:libMVGigEVisionSDK.so(GigEVisionManager.cpp-L2238)  ProcessName:python3.12(98500)     Description:[GiGEVision_StopAcquisition][0] Acquisition Stop Success, use 8 ms
Info    2026-08-19 13:57:45:567  DevID:MV-CU060-10GC(DA1691703)  Source-Line:libMVGigEVisionSDK.so(GigEVisionBufferManager.cpp-L0382)  ProcessName:python3.12(98500)     Description:[GigEBufferManager_Init]Main Buffer List'Length is 2, Lock Buffer List's Length is 1
Info    2026-08-19 13:57:45:567  DevID:MV-CU060-10GC(DA1691703)  Source-Line:libMVGigEVisionSDK.so(GigEVisionGVSP.cpp-L0656)  ProcessName:python3.12(98500)     Description:[GVSPThread]GVSPThread Start, ThreadId[135629203560128]
Info    2026-08-19 13:57:45:567  DevID:MV-CU060-10GC(DA1691703)  Source-Line:libMVGigEVisionSDK.so(GigEVisionGVSP.cpp-L0671)  ProcessName:python3.12(98500)     Description:[GVSPResendThread]GVSPResendThread Start, ThreadId[135629195167424]
Info    2026-08-19 13:57:45:567  DevID:MV-CU060-10GC(DA1691703)  Source-Line:libMVGigEVisionSDK.so(StreamChannel.cpp-L1787)  ProcessName:python3.12(98500)     Description:[StartProxy][0]Stream proxy start, Socket mode, GvspDstPort[47818], bResendEnable[1], GvspTimeout[300], ResendTimeInterval[10], SCPS[1500], nPayloadSize[6295104], 3DSpecMode[0], CompressMode[0], bSupportAnnounceBuffer[0]
Info    2026-08-19 13:57:45:567  DevID:MV-CU060-10GC(DA1691703)  Source-Line:libMVGigEVisionSDK.so(GigEVisionGVSP.cpp-L0690)  ProcessName:python3.12(98500)     Description:[GVSPThreadProc]GvspTimeout[300], ResendEnable[1], ResendTimeInterval[10], ResendRetryTimes[20], ResendTimeout[50], MaxResendPktsNum[4276]
Info    2026-08-19 13:57:45:567  DevID:MV-CU060-10GC(DA1691703)  Source-Line:libMVGigEVisionSDK.so(GigEVisionManager.cpp-L2137)  ProcessName:python3.12(98500)     Description:[GiGEVision_StartAcquisition]m_nPrivilegeMode[1]
Info    2026-08-19 13:57:45:569  DevID:MV-CU060-10GC(DA1691703)  Source-Line:libMVGigEVisionSDK.so(GigEVisionManager.cpp-L2164)  ProcessName:python3.12(98500)     Description:[GiGEVision_StartAcquisition][0] [GVCP]GvspSendIP[192.168.1.21], GvspSendPort[47818]
Info    2026-08-19 13:57:45:569  DevID:MV-CU060-10GC(DA1691703)  Source-Line:libMVGigEVisionSDK.so(GigEVisionManager.cpp-L2168)  ProcessName:python3.12(98500)     Description:[GiGEVision_StartAcquisition][0] Acquisition Start Success, use 3 ms
Info    2026-08-19 13:57:46:014  DevID:MV-CU060-10GC(DA1691703)  Source-Line:libMVGigEVisionSDK.so(GigEVisionGVSP.cpp-L0658)  ProcessName:python3.12(98500)     Description:[GVSPThread]GVSPThread End, ThreadId[135629203560128]
Warning 2026-08-19 13:57:46:014  DevID:MV-CU060-10GC(DA1691703)  Source-Line:libMVGigEVisionSDK.so(GigEVisionGVSP.cpp-L0775)  ProcessName:python3.12(98500)     Description:[GVSPResendThreadProc]WaitForSingleEvent(Timer) failed: 0x6e
Info    2026-08-19 13:57:46:014  DevID:MV-CU060-10GC(DA1691703)  Source-Line:libMVGigEVisionSDK.so(GigEVisionGVSP.cpp-L0673)  ProcessName:python3.12(98500)     Description:[GVSPResendThread]GVSPResendThread End, ThreadId[135629195167424]
Info    2026-08-19 13:57:46:014  DevID:MV-CU060-10GC(DA1691703)  Source-Line:libMVGigEVisionSDK.so(StreamChannel.cpp-L1069)  ProcessName:python3.12(98500)     Description:[Stop][0] [Socket Mode] GetCount[5], GetCountSucceed[5], NetReceive[5], ThrowAbnormalImage[0], NetLostFrame[0], ThrowInBufList[0], LostPackets[0]
Info    2026-08-19 13:57:46:014  DevID:MV-CU060-10GC(DA1691703)  Source-Line:libMVGigEVisionSDK.so(GigEVisionManager.cpp-L2238)  ProcessName:python3.12(98500)     Description:[GiGEVision_StopAcquisition][0] Acquisition Stop Success, use 4 ms
Info    2026-08-19 13:58:11:892  DevID:MV-CU060-10GC(DA1691703)  Source-Line:libMVGigEVisionSDK.so(GigEVisionBufferManager.cpp-L0382)  ProcessName:python3.12(98500)     Description:[GigEBufferManager_Init]Main Buffer List'Length is 2, Lock Buffer List's Length is 1
Info    2026-08-19 13:58:11:892  DevID:MV-CU060-10GC(DA1691703)  Source-Line:libMVGigEVisionSDK.so(GigEVisionGVSP.cpp-L0656)  ProcessName:python3.12(98500)     Description:[GVSPThread]GVSPThread Start, ThreadId[135629195167424]
Info    2026-08-19 13:58:11:892  DevID:MV-CU060-10GC(DA1691703)  Source-Line:libMVGigEVisionSDK.so(StreamChannel.cpp-L1787)  ProcessName:python3.12(98500)     Description:[StartProxy][0]Stream proxy start, Socket mode, GvspDstPort[47818], bResendEnable[1], GvspTimeout[300], ResendTimeInterval[10], SCPS[1500], nPayloadSize[6295104], 3DSpecMode[0], CompressMode[0], bSupportAnnounceBuffer[0]
Info    2026-08-19 13:58:11:892  DevID:MV-CU060-10GC(DA1691703)  Source-Line:libMVGigEVisionSDK.so(GigEVisionGVSP.cpp-L0690)  ProcessName:python3.12(98500)     Description:[GVSPThreadProc]GvspTimeout[300], ResendEnable[1], ResendTimeInterval[10], ResendRetryTimes[20], ResendTimeout[50], MaxResendPktsNum[4276]
Info    2026-08-19 13:58:11:892  DevID:MV-CU060-10GC(DA1691703)  Source-Line:libMVGigEVisionSDK.so(GigEVisionManager.cpp-L2137)  ProcessName:python3.12(98500)     Description:[GiGEVision_StartAcquisition]m_nPrivilegeMode[1]
Info    2026-08-19 13:58:11:892  DevID:MV-CU060-10GC(DA1691703)  Source-Line:libMVGigEVisionSDK.so(GigEVisionGVSP.cpp-L0671)  ProcessName:python3.12(98500)     Description:[GVSPResendThread]GVSPResendThread Start, ThreadId[135629203560128]
Info    2026-08-19 13:58:11:894  DevID:MV-CU060-10GC(DA1691703)  Source-Line:libMVGigEVisionSDK.so(GigEVisionManager.cpp-L2164)  ProcessName:python3.12(98500)     Description:[GiGEVision_StartAcquisition][0] [GVCP]GvspSendIP[192.168.1.21], GvspSendPort[47818]
Info    2026-08-19 13:58:11:894  DevID:MV-CU060-10GC(DA1691703)  Source-Line:libMVGigEVisionSDK.so(GigEVisionManager.cpp-L2168)  ProcessName:python3.12(98500)     Description:[GiGEVision_StartAcquisition][0] Acquisition Start Success, use 3 ms
Info    2026-08-19 13:58:12:336  DevID:MV-CU060-10GC(DA1691703)  Source-Line:libMVGigEVisionSDK.so(GigEVisionGVSP.cpp-L0673)  ProcessName:python3.12(98500)     Description:[GVSPResendThread]GVSPResendThread End, ThreadId[135629203560128]
Info    2026-08-19 13:58:12:337  DevID:MV-CU060-10GC(DA1691703)  Source-Line:libMVGigEVisionSDK.so(GigEVisionGVSP.cpp-L0658)  ProcessName:python3.12(98500)     Description:[GVSPThread]GVSPThread End, ThreadId[135629195167424]
Info    2026-08-19 13:58:12:338  DevID:MV-CU060-10GC(DA1691703)  Source-Line:libMVGigEVisionSDK.so(StreamChannel.cpp-L1069)  ProcessName:python3.12(98500)     Description:[Stop][0] [Socket Mode] GetCount[5], GetCountSucceed[5], NetReceive[5], ThrowAbnormalImage[0], NetLostFrame[0], ThrowInBufList[0], LostPackets[0]
Info    2026-08-19 13:58:12:338  DevID:MV-CU060-10GC(DA1691703)  Source-Line:libMVGigEVisionSDK.so(GigEVisionManager.cpp-L2238)  ProcessName:python3.12(98500)     Description:[GiGEVision_StopAcquisition][0] Acquisition Stop Success, use 6 ms
Info    2026-08-19 13:58:38:281  DevID:MV-CU060-10GC(DA1691703)  Source-Line:libMVGigEVisionSDK.so(GigEVisionBufferManager.cpp-L0382)  ProcessName:python3.12(98500)     Description:[GigEBufferManager_Init]Main Buffer List'Length is 2, Lock Buffer List's Length is 1
Info    2026-08-19 13:58:38:282  DevID:MV-CU060-10GC(DA1691703)  Source-Line:libMVGigEVisionSDK.so(GigEVisionGVSP.cpp-L0656)  ProcessName:python3.12(98500)     Description:[GVSPThread]GVSPThread Start, ThreadId[135629203560128]
Info    2026-08-19 13:58:38:282  DevID:MV-CU060-10GC(DA1691703)  Source-Line:libMVGigEVisionSDK.so(StreamChannel.cpp-L1787)  ProcessName:python3.12(98500)     Description:[StartProxy][0]Stream proxy start, Socket mode, GvspDstPort[47818], bResendEnable[1], GvspTimeout[300], ResendTimeInterval[10], SCPS[1500], nPayloadSize[6295104], 3DSpecMode[0], CompressMode[0], bSupportAnnounceBuffer[0]
Info    2026-08-19 13:58:38:282  DevID:MV-CU060-10GC(DA1691703)  Source-Line:libMVGigEVisionSDK.so(GigEVisionGVSP.cpp-L0690)  ProcessName:python3.12(98500)     Description:[GVSPThreadProc]GvspTimeout[300], ResendEnable[1], ResendTimeInterval[10], ResendRetryTimes[20], ResendTimeout[50], MaxResendPktsNum[4276]
Info    2026-08-19 13:58:38:282  DevID:MV-CU060-10GC(DA1691703)  Source-Line:libMVGigEVisionSDK.so(GigEVisionManager.cpp-L2137)  ProcessName:python3.12(98500)     Description:[GiGEVision_StartAcquisition]m_nPrivilegeMode[1]
Info    2026-08-19 13:58:38:282  DevID:MV-CU060-10GC(DA1691703)  Source-Line:libMVGigEVisionSDK.so(GigEVisionGVSP.cpp-L0671)  ProcessName:python3.12(98500)     Description:[GVSPResendThread]GVSPResendThread Start, ThreadId[135629195167424]
Info    2026-08-19 13:58:38:283  DevID:MV-CU060-10GC(DA1691703)  Source-Line:libMVGigEVisionSDK.so(GigEVisionManager.cpp-L2164)  ProcessName:python3.12(98500)     Description:[GiGEVision_StartAcquisition][0] [GVCP]GvspSendIP[192.168.1.21], GvspSendPort[47818]
Info    2026-08-19 13:58:38:283  DevID:MV-CU060-10GC(DA1691703)  Source-Line:libMVGigEVisionSDK.so(GigEVisionManager.cpp-L2168)  ProcessName:python3.12(98500)     Description:[GiGEVision_StartAcquisition][0] Acquisition Start Success, use 3 ms
Info    2026-08-19 13:58:38:724  DevID:MV-CU060-10GC(DA1691703)  Source-Line:libMVGigEVisionSDK.so(GigEVisionGVSP.cpp-L0658)  ProcessName:python3.12(98500)     Description:[GVSPThread]GVSPThread End, ThreadId[135629203560128]
Warning 2026-08-19 13:58:38:724  DevID:MV-CU060-10GC(DA1691703)  Source-Line:libMVGigEVisionSDK.so(GigEVisionGVSP.cpp-L0775)  ProcessName:python3.12(98500)     Description:[GVSPResendThreadProc]WaitForSingleEvent(Timer) failed: 0x6e
Info    2026-08-19 13:58:38:724  DevID:MV-CU060-10GC(DA1691703)  Source-Line:libMVGigEVisionSDK.so(GigEVisionGVSP.cpp-L0673)  ProcessName:python3.12(98500)     Description:[GVSPResendThread]GVSPResendThread End, ThreadId[135629195167424]
Info    2026-08-19 13:58:38:724  DevID:MV-CU060-10GC(DA1691703)  Source-Line:libMVGigEVisionSDK.so(StreamChannel.cpp-L1069)  ProcessName:python3.12(98500)     Description:[Stop][0] [Socket Mode] GetCount[5], GetCountSucceed[5], NetReceive[5], ThrowAbnormalImage[0], NetLostFrame[0], ThrowInBufList[0], LostPackets[0]
Info    2026-08-19 13:58:38:724  DevID:MV-CU060-10GC(DA1691703)  Source-Line:libMVGigEVisionSDK.so(GigEVisionManager.cpp-L2238)  ProcessName:python3.12(98500)     Description:[GiGEVision_StopAcquisition][0] Acquisition Stop Success, use 2 ms
Info    2026-08-19 13:59:04:623  DevID:MV-CU060-10GC(DA1691703)  Source-Line:libMVGigEVisionSDK.so(GigEVisionBufferManager.cpp-L0382)  ProcessName:python3.12(98500)     Description:[GigEBufferManager_Init]Main Buffer List'Length is 2, Lock Buffer List's Length is 1
Info    2026-08-19 13:59:04:623  DevID:MV-CU060-10GC(DA1691703)  Source-Line:libMVGigEVisionSDK.so(GigEVisionGVSP.cpp-L0656)  ProcessName:python3.12(98500)     Description:[GVSPThread]GVSPThread Start, ThreadId[135629195167424]
Info    2026-08-19 13:59:04:623  DevID:MV-CU060-10GC(DA1691703)  Source-Line:libMVGigEVisionSDK.so(StreamChannel.cpp-L1787)  ProcessName:python3.12(98500)     Description:[StartProxy][0]Stream proxy start, Socket mode, GvspDstPort[47818], bResendEnable[1], GvspTimeout[300], ResendTimeInterval[10], SCPS[1500], nPayloadSize[6295104], 3DSpecMode[0], CompressMode[0], bSupportAnnounceBuffer[0]
Info    2026-08-19 13:59:04:623  DevID:MV-CU060-10GC(DA1691703)  Source-Line:libMVGigEVisionSDK.so(GigEVisionGVSP.cpp-L0690)  ProcessName:python3.12(98500)     Description:[GVSPThreadProc]GvspTimeout[300], ResendEnable[1], ResendTimeInterval[10], ResendRetryTimes[20], ResendTimeout[50], MaxResendPktsNum[4276]
Info    2026-08-19 13:59:04:623  DevID:MV-CU060-10GC(DA1691703)  Source-Line:libMVGigEVisionSDK.so(GigEVisionManager.cpp-L2137)  ProcessName:python3.12(98500)     Description:[GiGEVision_StartAcquisition]m_nPrivilegeMode[1]
Info    2026-08-19 13:59:04:624  DevID:MV-CU060-10GC(DA1691703)  Source-Line:libMVGigEVisionSDK.so(GigEVisionGVSP.cpp-L0671)  ProcessName:python3.12(98500)     Description:[GVSPResendThread]GVSPResendThread Start, ThreadId[135629203560128]
Info    2026-08-19 13:59:04:625  DevID:MV-CU060-10GC(DA1691703)  Source-Line:libMVGigEVisionSDK.so(GigEVisionManager.cpp-L2164)  ProcessName:python3.12(98500)     Description:[GiGEVision_StartAcquisition][0] [GVCP]GvspSendIP[192.168.1.21], GvspSendPort[47818]
Info    2026-08-19 13:59:04:625  DevID:MV-CU060-10GC(DA1691703)  Source-Line:libMVGigEVisionSDK.so(GigEVisionManager.cpp-L2168)  ProcessName:python3.12(98500)     Description:[GiGEVision_StartAcquisition][0] Acquisition Start Success, use 4 ms
Info    2026-08-19 13:59:05:067  DevID:MV-CU060-10GC(DA1691703)  Source-Line:libMVGigEVisionSDK.so(GigEVisionGVSP.cpp-L0673)  ProcessName:python3.12(98500)     Description:[GVSPResendThread]GVSPResendThread End, ThreadId[135629203560128]
Info    2026-08-19 13:59:05:071  DevID:MV-CU060-10GC(DA1691703)  Source-Line:libMVGigEVisionSDK.so(GigEVisionGVSP.cpp-L0658)  ProcessName:python3.12(98500)     Description:[GVSPThread]GVSPThread End, ThreadId[135629195167424]
Info    2026-08-19 13:59:05:071  DevID:MV-CU060-10GC(DA1691703)  Source-Line:libMVGigEVisionSDK.so(StreamChannel.cpp-L1069)  ProcessName:python3.12(98500)     Description:[Stop][0] [Socket Mode] GetCount[5], GetCountSucceed[5], NetReceive[5], ThrowAbnormalImage[0], NetLostFrame[0], ThrowInBufList[0], LostPackets[0]
Info    2026-08-19 13:59:05:071  DevID:MV-CU060-10GC(DA1691703)  Source-Line:libMVGigEVisionSDK.so(GigEVisionManager.cpp-L2238)  ProcessName:python3.12(98500)     Description:[GiGEVision_StopAcquisition][0] Acquisition Stop Success, use 8 ms
Info    2026-08-19 13:59:30:906  DevID:MV-CU060-10GC(DA1691703)  Source-Line:libMVGigEVisionSDK.so(GigEVisionBufferManager.cpp-L0382)  ProcessName:python3.12(98500)     Description:[GigEBufferManager_Init]Main Buffer List'Length is 2, Lock Buffer List's Length is 1
Info    2026-08-19 13:59:30:907  DevID:MV-CU060-10GC(DA1691703)  Source-Line:libMVGigEVisionSDK.so(GigEVisionGVSP.cpp-L0656)  ProcessName:python3.12(98500)     Description:[GVSPThread]GVSPThread Start, ThreadId[135629203560128]
Info    2026-08-19 13:59:30:907  DevID:MV-CU060-10GC(DA1691703)  Source-Line:libMVGigEVisionSDK.so(StreamChannel.cpp-L1787)  ProcessName:python3.12(98500)     Description:[StartProxy][0]Stream proxy start, Socket mode, GvspDstPort[47818], bResendEnable[1], GvspTimeout[300], ResendTimeInterval[10], SCPS[1500], nPayloadSize[6295104], 3DSpecMode[0], CompressMode[0], bSupportAnnounceBuffer[0]
Info    2026-08-19 13:59:30:907  DevID:MV-CU060-10GC(DA1691703)  Source-Line:libMVGigEVisionSDK.so(GigEVisionManager.cpp-L2137)  ProcessName:python3.12(98500)     Description:[GiGEVision_StartAcquisition]m_nPrivilegeMode[1]
Info    2026-08-19 13:59:30:907  DevID:MV-CU060-10GC(DA1691703)  Source-Line:libMVGigEVisionSDK.so(GigEVisionGVSP.cpp-L0671)  ProcessName:python3.12(98500)     Description:[GVSPResendThread]GVSPResendThread Start, ThreadId[135629195167424]
Info    2026-08-19 13:59:30:907  DevID:MV-CU060-10GC(DA1691703)  Source-Line:libMVGigEVisionSDK.so(GigEVisionGVSP.cpp-L0690)  ProcessName:python3.12(98500)     Description:[GVSPThreadProc]GvspTimeout[300], ResendEnable[1], ResendTimeInterval[10], ResendRetryTimes[20], ResendTimeout[50], MaxResendPktsNum[4276]
Info    2026-08-19 13:59:30:909  DevID:MV-CU060-10GC(DA1691703)  Source-Line:libMVGigEVisionSDK.so(GigEVisionManager.cpp-L2164)  ProcessName:python3.12(98500)     Description:[GiGEVision_StartAcquisition][0] [GVCP]GvspSendIP[192.168.1.21], GvspSendPort[47818]
Info    2026-08-19 13:59:30:909  DevID:MV-CU060-10GC(DA1691703)  Source-Line:libMVGigEVisionSDK.so(GigEVisionManager.cpp-L2168)  ProcessName:python3.12(98500)     Description:[GiGEVision_StartAcquisition][0] Acquisition Start Success, use 3 ms
Info    2026-08-19 13:59:31:352  DevID:MV-CU060-10GC(DA1691703)  Source-Line:libMVGigEVisionSDK.so(GigEVisionGVSP.cpp-L0673)  ProcessName:python3.12(98500)     Description:[GVSPResendThread]GVSPResendThread End, ThreadId[135629195167424]
Info    2026-08-19 13:59:31:353  DevID:MV-CU060-10GC(DA1691703)  Source-Line:libMVGigEVisionSDK.so(GigEVisionGVSP.cpp-L0658)  ProcessName:python3.12(98500)     Description:[GVSPThread]GVSPThread End, ThreadId[135629203560128]
Info    2026-08-19 13:59:31:353  DevID:MV-CU060-10GC(DA1691703)  Source-Line:libMVGigEVisionSDK.so(StreamChannel.cpp-L1069)  ProcessName:python3.12(98500)     Description:[Stop][0] [Socket Mode] GetCount[5], GetCountSucceed[5], NetReceive[5], ThrowAbnormalImage[0], NetLostFrame[0], ThrowInBufList[0], LostPackets[0]
Info    2026-08-19 13:59:31:353  DevID:MV-CU060-10GC(DA1691703)  Source-Line:libMVGigEVisionSDK.so(GigEVisionManager.cpp-L2238)  ProcessName:python3.12(98500)     Description:[GiGEVision_StopAcquisition][0] Acquisition Stop Success, use 9 ms
Info    2026-08-19 13:59:31:988  DevID:MV-CU060-10GC(DA1691703)  Source-Line:libMVGigEVisionSDK.so(GigEVisionBufferManager.cpp-L0382)  ProcessName:python3.12(98500)     Description:[GigEBufferManager_Init]Main Buffer List'Length is 2, Lock Buffer List's Length is 1
Info    2026-08-19 13:59:31:989  DevID:MV-CU060-10GC(DA1691703)  Source-Line:libMVGigEVisionSDK.so(GigEVisionGVSP.cpp-L0656)  ProcessName:python3.12(98500)     Description:[GVSPThread]GVSPThread Start, ThreadId[135629195167424]
Info    2026-08-19 13:59:31:989  DevID:MV-CU060-10GC(DA1691703)  Source-Line:libMVGigEVisionSDK.so(GigEVisionGVSP.cpp-L0671)  ProcessName:python3.12(98500)     Description:[GVSPResendThread]GVSPResendThread Start, ThreadId[135629203560128]
Info    2026-08-19 13:59:31:989  DevID:MV-CU060-10GC(DA1691703)  Source-Line:libMVGigEVisionSDK.so(StreamChannel.cpp-L1787)  ProcessName:python3.12(98500)     Description:[StartProxy][0]Stream proxy start, Socket mode, GvspDstPort[47818], bResendEnable[1], GvspTimeout[300], ResendTimeInterval[10], SCPS[1500], nPayloadSize[6295104], 3DSpecMode[0], CompressMode[0], bSupportAnnounceBuffer[0]
Info    2026-08-19 13:59:31:989  DevID:MV-CU060-10GC(DA1691703)  Source-Line:libMVGigEVisionSDK.so(GigEVisionGVSP.cpp-L0690)  ProcessName:python3.12(98500)     Description:[GVSPThreadProc]GvspTimeout[300], ResendEnable[1], ResendTimeInterval[10], ResendRetryTimes[20], ResendTimeout[50], MaxResendPktsNum[4276]
Info    2026-08-19 13:59:31:989  DevID:MV-CU060-10GC(DA1691703)  Source-Line:libMVGigEVisionSDK.so(GigEVisionManager.cpp-L2137)  ProcessName:python3.12(98500)     Description:[GiGEVision_StartAcquisition]m_nPrivilegeMode[1]
Info    2026-08-19 13:59:31:990  DevID:MV-CU060-10GC(DA1691703)  Source-Line:libMVGigEVisionSDK.so(GigEVisionManager.cpp-L2164)  ProcessName:python3.12(98500)     Description:[GiGEVision_StartAcquisition][0] [GVCP]GvspSendIP[192.168.1.21], GvspSendPort[47818]
Info    2026-08-19 13:59:31:990  DevID:MV-CU060-10GC(DA1691703)  Source-Line:libMVGigEVisionSDK.so(GigEVisionManager.cpp-L2168)  ProcessName:python3.12(98500)     Description:[GiGEVision_StartAcquisition][0] Acquisition Start Success, use 3 ms
Info    2026-08-19 13:59:32:436  DevID:MV-CU060-10GC(DA1691703)  Source-Line:libMVGigEVisionSDK.so(GigEVisionGVSP.cpp-L0658)  ProcessName:python3.12(98500)     Description:[GVSPThread]GVSPThread End, ThreadId[135629195167424]
Warning 2026-08-19 13:59:32:436  DevID:MV-CU060-10GC(DA1691703)  Source-Line:libMVGigEVisionSDK.so(GigEVisionGVSP.cpp-L0775)  ProcessName:python3.12(98500)     Description:[GVSPResendThreadProc]WaitForSingleEvent(Timer) failed: 0x6e
Info    2026-08-19 13:59:32:436  DevID:MV-CU060-10GC(DA1691703)  Source-Line:libMVGigEVisionSDK.so(GigEVisionGVSP.cpp-L0673)  ProcessName:python3.12(98500)     Description:[GVSPResendThread]GVSPResendThread End, ThreadId[135629203560128]
Info    2026-08-19 13:59:32:436  DevID:MV-CU060-10GC(DA1691703)  Source-Line:libMVGigEVisionSDK.so(StreamChannel.cpp-L1069)  ProcessName:python3.12(98500)     Description:[Stop][0] [Socket Mode] GetCount[5], GetCountSucceed[5], NetReceive[5], ThrowAbnormalImage[0], NetLostFrame[0], ThrowInBufList[0], LostPackets[0]
Info    2026-08-19 13:59:32:436  DevID:MV-CU060-10GC(DA1691703)  Source-Line:libMVGigEVisionSDK.so(GigEVisionManager.cpp-L2238)  ProcessName:python3.12(98500)     Description:[GiGEVision_StopAcquisition][0] Acquisition Stop Success, use 1 ms
Info    2026-08-19 13:59:58:311  DevID:MV-CU060-10GC(DA1691703)  Source-Line:libMVGigEVisionSDK.so(GigEVisionBufferManager.cpp-L0382)  ProcessName:python3.12(98500)     Description:[GigEBufferManager_Init]Main Buffer List'Length is 2, Lock Buffer List's Length is 1
Info    2026-08-19 13:59:58:311  DevID:MV-CU060-10GC(DA1691703)  Source-Line:libMVGigEVisionSDK.so(GigEVisionGVSP.cpp-L0656)  ProcessName:python3.12(98500)     Description:[GVSPThread]GVSPThread Start, ThreadId[135629203560128]
Info    2026-08-19 13:59:58:311  DevID:MV-CU060-10GC(DA1691703)  Source-Line:libMVGigEVisionSDK.so(StreamChannel.cpp-L1787)  ProcessName:python3.12(98500)     Description:[StartProxy][0]Stream proxy start, Socket mode, GvspDstPort[47818], bResendEnable[1], GvspTimeout[300], ResendTimeInterval[10], SCPS[1500], nPayloadSize[6295104], 3DSpecMode[0], CompressMode[0], bSupportAnnounceBuffer[0]
Info    2026-08-19 13:59:58:312  DevID:MV-CU060-10GC(DA1691703)  Source-Line:libMVGigEVisionSDK.so(GigEVisionGVSP.cpp-L0671)  ProcessName:python3.12(98500)     Description:[GVSPResendThread]GVSPResendThread Start, ThreadId[135629195167424]
Info    2026-08-19 13:59:58:312  DevID:MV-CU060-10GC(DA1691703)  Source-Line:libMVGigEVisionSDK.so(GigEVisionGVSP.cpp-L0690)  ProcessName:python3.12(98500)     Description:[GVSPThreadProc]GvspTimeout[300], ResendEnable[1], ResendTimeInterval[10], ResendRetryTimes[20], ResendTimeout[50], MaxResendPktsNum[4276]
Info    2026-08-19 13:59:58:312  DevID:MV-CU060-10GC(DA1691703)  Source-Line:libMVGigEVisionSDK.so(GigEVisionManager.cpp-L2137)  ProcessName:python3.12(98500)     Description:[GiGEVision_StartAcquisition]m_nPrivilegeMode[1]
Info    2026-08-19 13:59:58:313  DevID:MV-CU060-10GC(DA1691703)  Source-Line:libMVGigEVisionSDK.so(GigEVisionManager.cpp-L2164)  ProcessName:python3.12(98500)     Description:[GiGEVision_StartAcquisition][0] [GVCP]GvspSendIP[192.168.1.21], GvspSendPort[47818]
Info    2026-08-19 13:59:58:313  DevID:MV-CU060-10GC(DA1691703)  Source-Line:libMVGigEVisionSDK.so(GigEVisionManager.cpp-L2168)  ProcessName:python3.12(98500)     Description:[GiGEVision_StartAcquisition][0] Acquisition Start Success, use 3 ms
Info    2026-08-19 13:59:58:777  DevID:MV-CU060-10GC(DA1691703)  Source-Line:libMVGigEVisionSDK.so(GigEVisionGVSP.cpp-L0673)  ProcessName:python3.12(98500)     Description:[GVSPResendThread]GVSPResendThread End, ThreadId[135629195167424]
Info    2026-08-19 13:59:58:780  DevID:MV-CU060-10GC(DA1691703)  Source-Line:libMVGigEVisionSDK.so(GigEVisionGVSP.cpp-L0658)  ProcessName:python3.12(98500)     Description:[GVSPThread]GVSPThread End, ThreadId[135629203560128]
Info    2026-08-19 13:59:58:780  DevID:MV-CU060-10GC(DA1691703)  Source-Line:libMVGigEVisionSDK.so(StreamChannel.cpp-L1069)  ProcessName:python3.12(98500)     Description:[Stop][0] [Socket Mode] GetCount[5], GetCountSucceed[5], NetReceive[5], ThrowAbnormalImage[0], NetLostFrame[0], ThrowInBufList[0], LostPackets[0]
Info    2026-08-19 13:59:58:780  DevID:MV-CU060-10GC(DA1691703)  Source-Line:libMVGigEVisionSDK.so(GigEVisionManager.cpp-L2238)  ProcessName:python3.12(98500)     Description:[GiGEVision_StopAcquisition][0] Acquisition Stop Success, use 5 ms
Info    2026-08-19 14:00:24:911  DevID:MV-CU060-10GC(DA1691703)  Source-Line:libMVGigEVisionSDK.so(GigEVisionBufferManager.cpp-L0382)  ProcessName:python3.12(98500)     Description:[GigEBufferManager_Init]Main Buffer List'Length is 2, Lock Buffer List's Length is 1
Info    2026-08-19 14:00:24:911  DevID:MV-CU060-10GC(DA1691703)  Source-Line:libMVGigEVisionSDK.so(GigEVisionGVSP.cpp-L0656)  ProcessName:python3.12(98500)     Description:[GVSPThread]GVSPThread Start, ThreadId[135629195167424]
Info    2026-08-19 14:00:24:912  DevID:MV-CU060-10GC(DA1691703)  Source-Line:libMVGigEVisionSDK.so(StreamChannel.cpp-L1787)  ProcessName:python3.12(98500)     Description:[StartProxy][0]Stream proxy start, Socket mode, GvspDstPort[47818], bResendEnable[1], GvspTimeout[300], ResendTimeInterval[10], SCPS[1500], nPayloadSize[6295104], 3DSpecMode[0], CompressMode[0], bSupportAnnounceBuffer[0]
Info    2026-08-19 14:00:24:912  DevID:MV-CU060-10GC(DA1691703)  Source-Line:libMVGigEVisionSDK.so(GigEVisionGVSP.cpp-L0671)  ProcessName:python3.12(98500)     Description:[GVSPResendThread]GVSPResendThread Start, ThreadId[135629203560128]
Info    2026-08-19 14:00:24:912  DevID:MV-CU060-10GC(DA1691703)  Source-Line:libMVGigEVisionSDK.so(GigEVisionGVSP.cpp-L0690)  ProcessName:python3.12(98500)     Description:[GVSPThreadProc]GvspTimeout[300], ResendEnable[1], ResendTimeInterval[10], ResendRetryTimes[20], ResendTimeout[50], MaxResendPktsNum[4276]
Info    2026-08-19 14:00:24:912  DevID:MV-CU060-10GC(DA1691703)  Source-Line:libMVGigEVisionSDK.so(GigEVisionManager.cpp-L2137)  ProcessName:python3.12(98500)     Description:[GiGEVision_StartAcquisition]m_nPrivilegeMode[1]
Info    2026-08-19 14:00:24:913  DevID:MV-CU060-10GC(DA1691703)  Source-Line:libMVGigEVisionSDK.so(GigEVisionManager.cpp-L2164)  ProcessName:python3.12(98500)     Description:[GiGEVision_StartAcquisition][0] [GVCP]GvspSendIP[192.168.1.21], GvspSendPort[47818]
Info    2026-08-19 14:00:24:913  DevID:MV-CU060-10GC(DA1691703)  Source-Line:libMVGigEVisionSDK.so(GigEVisionManager.cpp-L2168)  ProcessName:python3.12(98500)     Description:[GiGEVision_StartAcquisition][0] Acquisition Start Success, use 3 ms
Info    2026-08-19 14:00:25:366  DevID:MV-CU060-10GC(DA1691703)  Source-Line:libMVGigEVisionSDK.so(GigEVisionGVSP.cpp-L0658)  ProcessName:python3.12(98500)     Description:[GVSPThread]GVSPThread End, ThreadId[135629195167424]
Warning 2026-08-19 14:00:25:366  DevID:MV-CU060-10GC(DA1691703)  Source-Line:libMVGigEVisionSDK.so(GigEVisionGVSP.cpp-L0775)  ProcessName:python3.12(98500)     Description:[GVSPResendThreadProc]WaitForSingleEvent(Timer) failed: 0x6e
Info    2026-08-19 14:00:25:366  DevID:MV-CU060-10GC(DA1691703)  Source-Line:libMVGigEVisionSDK.so(GigEVisionGVSP.cpp-L0673)  ProcessName:python3.12(98500)     Description:[GVSPResendThread]GVSPResendThread End, ThreadId[135629203560128]
Info    2026-08-19 14:00:25:366  DevID:MV-CU060-10GC(DA1691703)  Source-Line:libMVGigEVisionSDK.so(StreamChannel.cpp-L1069)  ProcessName:python3.12(98500)     Description:[Stop][0] [Socket Mode] GetCount[5], GetCountSucceed[5], NetReceive[5], ThrowAbnormalImage[0], NetLostFrame[0], ThrowInBufList[0], LostPackets[0]
Info    2026-08-19 14:00:25:366  DevID:MV-CU060-10GC(DA1691703)  Source-Line:libMVGigEVisionSDK.so(GigEVisionManager.cpp-L2238)  ProcessName:python3.12(98500)     Description:[GiGEVision_StopAcquisition][0] Acquisition Stop Success, use 9 ms
Info    2026-08-19 14:00:25:999  DevID:MV-CU060-10GC(DA1691703)  Source-Line:libMVGigEVisionSDK.so(GigEVisionBufferManager.cpp-L0382)  ProcessName:python3.12(98500)     Description:[GigEBufferManager_Init]Main Buffer List'Length is 2, Lock Buffer List's Length is 1
Info    2026-08-19 14:00:25:999  DevID:MV-CU060-10GC(DA1691703)  Source-Line:libMVGigEVisionSDK.so(GigEVisionGVSP.cpp-L0656)  ProcessName:python3.12(98500)     Description:[GVSPThread]GVSPThread Start, ThreadId[135629203560128]
Info    2026-08-19 14:00:25:999  DevID:MV-CU060-10GC(DA1691703)  Source-Line:libMVGigEVisionSDK.so(StreamChannel.cpp-L1787)  ProcessName:python3.12(98500)     Description:[StartProxy][0]Stream proxy start, Socket mode, GvspDstPort[47818], bResendEnable[1], GvspTimeout[300], ResendTimeInterval[10], SCPS[1500], nPayloadSize[6295104], 3DSpecMode[0], CompressMode[0], bSupportAnnounceBuffer[0]
Info    2026-08-19 14:00:25:999  DevID:MV-CU060-10GC(DA1691703)  Source-Line:libMVGigEVisionSDK.so(GigEVisionGVSP.cpp-L0671)  ProcessName:python3.12(98500)     Description:[GVSPResendThread]GVSPResendThread Start, ThreadId[135629195167424]
Info    2026-08-19 14:00:25:000  DevID:MV-CU060-10GC(DA1691703)  Source-Line:libMVGigEVisionSDK.so(GigEVisionGVSP.cpp-L0690)  ProcessName:python3.12(98500)     Description:[GVSPThreadProc]GvspTimeout[300], ResendEnable[1], ResendTimeInterval[10], ResendRetryTimes[20], ResendTimeout[50], MaxResendPktsNum[4276]
Info    2026-08-19 14:00:25:000  DevID:MV-CU060-10GC(DA1691703)  Source-Line:libMVGigEVisionSDK.so(GigEVisionManager.cpp-L2137)  ProcessName:python3.12(98500)     Description:[GiGEVision_StartAcquisition]m_nPrivilegeMode[1]
Info    2026-08-19 14:00:26:001  DevID:MV-CU060-10GC(DA1691703)  Source-Line:libMVGigEVisionSDK.so(GigEVisionManager.cpp-L2164)  ProcessName:python3.12(98500)     Description:[GiGEVision_StartAcquisition][0] [GVCP]GvspSendIP[192.168.1.21], GvspSendPort[47818]
Info    2026-08-19 14:00:26:001  DevID:MV-CU060-10GC(DA1691703)  Source-Line:libMVGigEVisionSDK.so(GigEVisionManager.cpp-L2168)  ProcessName:python3.12(98500)     Description:[GiGEVision_StartAcquisition][0] Acquisition Start Success, use 3 ms
Info    2026-08-19 14:00:26:445  DevID:MV-CU060-10GC(DA1691703)  Source-Line:libMVGigEVisionSDK.so(GigEVisionGVSP.cpp-L0658)  ProcessName:python3.12(98500)     Description:[GVSPThread]GVSPThread End, ThreadId[135629203560128]
Warning 2026-08-19 14:00:26:446  DevID:MV-CU060-10GC(DA1691703)  Source-Line:libMVGigEVisionSDK.so(GigEVisionGVSP.cpp-L0775)  ProcessName:python3.12(98500)     Description:[GVSPResendThreadProc]WaitForSingleEvent(Timer) failed: 0x6e
Info    2026-08-19 14:00:26:446  DevID:MV-CU060-10GC(DA1691703)  Source-Line:libMVGigEVisionSDK.so(GigEVisionGVSP.cpp-L0673)  ProcessName:python3.12(98500)     Description:[GVSPResendThread]GVSPResendThread End, ThreadId[135629195167424]
Info    2026-08-19 14:00:26:446  DevID:MV-CU060-10GC(DA1691703)  Source-Line:libMVGigEVisionSDK.so(StreamChannel.cpp-L1069)  ProcessName:python3.12(98500)     Description:[Stop][0] [Socket Mode] GetCount[5], GetCountSucceed[5], NetReceive[5], ThrowAbnormalImage[0], NetLostFrame[0], ThrowInBufList[0], LostPackets[0]
Info    2026-08-19 14:00:26:446  DevID:MV-CU060-10GC(DA1691703)  Source-Line:libMVGigEVisionSDK.so(GigEVisionManager.cpp-L2238)  ProcessName:python3.12(98500)     Description:[GiGEVision_StopAcquisition][0] Acquisition Stop Success, use 9 ms
Info    2026-08-19 14:00:27:090  DevID:MV-CU060-10GC(DA1691703)  Source-Line:libMVGigEVisionSDK.so(GigEVisionBufferManager.cpp-L0382)  ProcessName:python3.12(98500)     Description:[GigEBufferManager_Init]Main Buffer List'Length is 2, Lock Buffer List's Length is 1
Info    2026-08-19 14:00:27:090  DevID:MV-CU060-10GC(DA1691703)  Source-Line:libMVGigEVisionSDK.so(GigEVisionGVSP.cpp-L0656)  ProcessName:python3.12(98500)     Description:[GVSPThread]GVSPThread Start, ThreadId[135629195167424]
Info    2026-08-19 14:00:27:090  DevID:MV-CU060-10GC(DA1691703)  Source-Line:libMVGigEVisionSDK.so(GigEVisionGVSP.cpp-L0690)  ProcessName:python3.12(98500)     Description:[GVSPThreadProc]GvspTimeout[300], ResendEnable[1], ResendTimeInterval[10], ResendRetryTimes[20], ResendTimeout[50], MaxResendPktsNum[4276]
Info    2026-08-19 14:00:27:090  DevID:MV-CU060-10GC(DA1691703)  Source-Line:libMVGigEVisionSDK.so(StreamChannel.cpp-L1787)  ProcessName:python3.12(98500)     Description:[StartProxy][0]Stream proxy start, Socket mode, GvspDstPort[47818], bResendEnable[1], GvspTimeout[300], ResendTimeInterval[10], SCPS[1500], nPayloadSize[6295104], 3DSpecMode[0], CompressMode[0], bSupportAnnounceBuffer[0]
Info    2026-08-19 14:00:27:091  DevID:MV-CU060-10GC(DA1691703)  Source-Line:libMVGigEVisionSDK.so(GigEVisionGVSP.cpp-L0671)  ProcessName:python3.12(98500)     Description:[GVSPResendThread]GVSPResendThread Start, ThreadId[135629203560128]
Info    2026-08-19 14:00:27:091  DevID:MV-CU060-10GC(DA1691703)  Source-Line:libMVGigEVisionSDK.so(GigEVisionManager.cpp-L2137)  ProcessName:python3.12(98500)     Description:[GiGEVision_StartAcquisition]m_nPrivilegeMode[1]
Info    2026-08-19 14:00:27:092  DevID:MV-CU060-10GC(DA1691703)  Source-Line:libMVGigEVisionSDK.so(GigEVisionManager.cpp-L2164)  ProcessName:python3.12(98500)     Description:[GiGEVision_StartAcquisition][0] [GVCP]GvspSendIP[192.168.1.21], GvspSendPort[47818]
Info    2026-08-19 14:00:27:092  DevID:MV-CU060-10GC(DA1691703)  Source-Line:libMVGigEVisionSDK.so(GigEVisionManager.cpp-L2168)  ProcessName:python3.12(98500)     Description:[GiGEVision_StartAcquisition][0] Acquisition Start Success, use 3 ms
Info    2026-08-19 14:00:27:538  DevID:MV-CU060-10GC(DA1691703)  Source-Line:libMVGigEVisionSDK.so(GigEVisionGVSP.cpp-L0673)  ProcessName:python3.12(98500)     Description:[GVSPResendThread]GVSPResendThread End, ThreadId[135629203560128]
Info    2026-08-19 14:00:27:541  DevID:MV-CU060-10GC(DA1691703)  Source-Line:libMVGigEVisionSDK.so(GigEVisionGVSP.cpp-L0658)  ProcessName:python3.12(98500)     Description:[GVSPThread]GVSPThread End, ThreadId[135629195167424]
Info    2026-08-19 14:00:27:541  DevID:MV-CU060-10GC(DA1691703)  Source-Line:libMVGigEVisionSDK.so(StreamChannel.cpp-L1069)  ProcessName:python3.12(98500)     Description:[Stop][0] [Socket Mode] GetCount[5], GetCountSucceed[5], NetReceive[5], ThrowAbnormalImage[0], NetLostFrame[0], ThrowInBufList[0], LostPackets[0]
Info    2026-08-19 14:00:27:541  DevID:MV-CU060-10GC(DA1691703)  Source-Line:libMVGigEVisionSDK.so(GigEVisionManager.cpp-L2238)  ProcessName:python3.12(98500)     Description:[GiGEVision_StopAcquisition][0] Acquisition Stop Success, use 4 ms
Info    2026-08-19 14:01:33:248  DevID:MV-CU060-10GC(DA1691703)  Source-Line:libMVGigEVisionSDK.so(StreamChannel.cpp-L3372)  ProcessName:python3.12(98500)     Description:[PrintfCurrentDevIpAndPort][0] TransmissionType[0], GvspSendIP[192.168.1.21], GvspSendPort[47818], GvspDstIP[192.168.1.21], GvspDstPort[47818]
Info    2026-08-19 14:01:33:250  DevID:MV-CU060-10GC(DA1691703)  Source-Line:libMVGigEVisionSDK.so(GigEVisionManager.cpp-L1602)  ProcessName:python3.12(98500)     Description:[GiGEVision_DisConnectDevice]Disconnect device
Info    2026-08-19 14:01:33:251  DevID:MV-CU060-10GC(DA1691703)  Source-Line:libMVGigEVisionSDK.so(StreamChannel.cpp-L3372)  ProcessName:python3.12(98500)     Description:[PrintfCurrentDevIpAndPort][0] TransmissionType[0], GvspSendIP[192.168.1.21], GvspSendPort[47818], GvspDstIP[192.168.1.21], GvspDstPort[47818]
Info    2026-08-19 14:01:33:251  DevID:MV-CU060-10GC(DA1691703)  Source-Line:libMVGigEVisionSDK.so(StreamChannel.cpp-L0580)  ProcessName:python3.12(98500)     Description:[StreamInterEventThread]GigE StreamInterEventThread End, ThreadId[2709501632]
Info    2026-08-19 14:01:33:360  DevID:MV-CU060-10GC(DA1691703)  Source-Line:libMVGigEVisionSDK.so(GigEVisionMsgChannel.cpp-L0592)  ProcessName:python3.12(98500)     Description:[EventThreadProc]GigEVision EventThreadProc End get  nAllEventNumber [0]
Info    2026-08-19 14:01:33:360  DevID:MV-CU060-10GC(DA1691703)  Source-Line:libMVGigEVisionSDK.so(GigEVisionMsgChannel.cpp-L0283)  ProcessName:python3.12(98500)     Description:[EventThread]GigE EventThread End, ThreadId[135629736232640]
Info    2026-08-19 14:01:33:362  DevID:MV-CU060-10GC(DA1691703)  Source-Line:libMVGigEVisionSDK.so(GigEVisionGVCP.cpp-L0053)  ProcessName:python3.12(98500)     Description:[GVCP_KeepAliveProc]GVCP HeartBeatThread End, ThreadId[135629744625344]
Info    2026-08-19 14:01:38:843  DevID:MV-CU060-10GC(DA1691703)  Source-Line:libMVGigEVisionSDK.so(GigEVisionManager.cpp-L0271)  ProcessName:python3.12(115438)     Description:[Init]Current dynamic library path[/opt/MVS/lib/64/libMVGigEVisionSDK.so]
Warning 2026-08-19 14:01:38:844  DevID:MV-CU060-10GC(DA1691703)  Source-Line:libMVGigEVisionSDK.so(GigEVisionManager.cpp-L0369)  ProcessName:python3.12(115438)     Description:[Init]Driver  Version Match failed, Socket mode start! DriverInstalled[0x80000006], DriverVersion[0x0]
Info    2026-08-19 14:01:38:844  DevID:MV-CU060-10GC(DA1691703)  Source-Line:libMVGigEVisionSDK.so(GigEVisionManager.cpp-L1588)  ProcessName:python3.12(115438)     Description:[GiGEVision_SetNetModule]Connecting device, GvspDstIP[192.168.1.21], GvspDstPort[34187], DeviceIP[192.168.1.20]
Info    2026-08-19 14:01:38:846  DevID:MV-CU060-10GC(DA1691703)  Source-Line:libMVGigEVisionSDK.so(GigEVisionManager.cpp-L3997)  ProcessName:python3.12(115438)     Description:[InitStreamModule]Stream Channel Num: 1
Info    2026-08-19 14:01:38:847  DevID:MV-CU060-10GC(DA1691703)  Source-Line:libMVGigEVisionSDK.so(GigEVisionManager.cpp-L4021)  ProcessName:python3.12(115438)     Description:[InitStreamModule]Stream Moudle Get All Stream Capability.
Info    2026-08-19 14:01:38:847  DevID:MV-CU060-10GC(DA1691703)  Source-Line:libMVGigEVisionSDK.so(GigEVisionManager.cpp-L4024)  ProcessName:python3.12(115438)     Description:[InitStreamModule]Stream 0 Capability: 0x0
Info    2026-08-19 14:01:38:847  DevID:MV-CU060-10GC(DA1691703)  Source-Line:libMVGigEVisionSDK.so(StreamChannel.cpp-L3372)  ProcessName:python3.12(115438)     Description:[PrintfCurrentDevIpAndPort][0] TransmissionType[0], GvspSendIP[192.168.1.21], GvspSendPort[37351], GvspDstIP[192.168.1.21], GvspDstPort[37351]
Info    2026-08-19 14:01:38:856  DevID:MV-CU060-10GC(DA1691703)  Source-Line:libMVGigEVisionSDK.so(GigEVisionMsgChannel.cpp-L0281)  ProcessName:python3.12(115438)     Description:[EventThread]GigE EventThread Start, ThreadId[128553974744768]
Info    2026-08-19 14:01:38:856  DevID:MV-CU060-10GC(DA1691703)  Source-Line:libMVGigEVisionSDK.so(GigEVisionMsgChannel.cpp-L0321)  ProcessName:python3.12(115438)     Description:[EventThreadProc]GigEVision EventThreadProc Begin .
Info    2026-08-19 14:01:38:858  DevID:MV-CU060-10GC(DA1691703)  Source-Line:libMVGigEVisionSDK.so(GigEVisionGVCP.cpp-L0051)  ProcessName:python3.12(115438)     Description:[GVCP_KeepAliveProc]GVCP HeartBeatThread Start, ThreadId[128553983137472]
Info    2026-08-19 14:01:47:071  DevID:MV-CU060-10GC(DA1691703)  Source-Line:libMVGigEVisionSDK.so(StreamChannel.cpp-L1558)  ProcessName:python3.12(115438)     Description:[StartProxy]Set ImageNodeNum [1]  GrabStrategy [0] success!
Info    2026-08-19 14:01:47:071  DevID:MV-CU060-10GC(DA1691703)  Source-Line:libMVGigEVisionSDK.so(StreamChannel.cpp-L1581)  ProcessName:python3.12(115438)     Description:[StartProxy]Backup Node Size[6295104]
Info    2026-08-19 14:01:47:071  DevID:MV-CU060-10GC(DA1691703)  Source-Line:libMVGigEVisionSDK.so(GigEVisionBufferManager.cpp-L0382)  ProcessName:python3.12(115438)     Description:[GigEBufferManager_Init]Main Buffer List'Length is 2, Lock Buffer List's Length is 1
Info    2026-08-19 14:01:47:071  DevID:MV-CU060-10GC(DA1691703)  Source-Line:libMVGigEVisionSDK.so(GigEVisionGVSP.cpp-L0656)  ProcessName:python3.12(115438)     Description:[GVSPThread]GVSPThread Start, ThreadId[910153408]
Info    2026-08-19 14:01:47:071  DevID:MV-CU060-10GC(DA1691703)  Source-Line:libMVGigEVisionSDK.so(GigEVisionGVSP.cpp-L0690)  ProcessName:python3.12(115438)     Description:[GVSPThreadProc]GvspTimeout[300], ResendEnable[1], ResendTimeInterval[10], ResendRetryTimes[20], ResendTimeout[50], MaxResendPktsNum[4276]
Info    2026-08-19 14:01:47:071  DevID:MV-CU060-10GC(DA1691703)  Source-Line:libMVGigEVisionSDK.so(StreamChannel.cpp-L1787)  ProcessName:python3.12(115438)     Description:[StartProxy][0]Stream proxy start, Socket mode, GvspDstPort[37351], bResendEnable[1], GvspTimeout[300], ResendTimeInterval[10], SCPS[1500], nPayloadSize[6295104], 3DSpecMode[0], CompressMode[0], bSupportAnnounceBuffer[0]
Info    2026-08-19 14:01:47:071  DevID:MV-CU060-10GC(DA1691703)  Source-Line:libMVGigEVisionSDK.so(GigEVisionManager.cpp-L2137)  ProcessName:python3.12(115438)     Description:[GiGEVision_StartAcquisition]m_nPrivilegeMode[1]
Info    2026-08-19 14:01:47:071  DevID:MV-CU060-10GC(DA1691703)  Source-Line:libMVGigEVisionSDK.so(GigEVisionGVSP.cpp-L0671)  ProcessName:python3.12(115438)     Description:[GVSPResendThread]GVSPResendThread Start, ThreadId[901760704]
Info    2026-08-19 14:01:47:071  DevID:MV-CU060-10GC(DA1691703)  Source-Line:libMVGigEVisionSDK.so(StreamChannel.cpp-L0578)  ProcessName:python3.12(115438)     Description:[StreamInterEventThread]GigE StreamInterEventThread Start, ThreadId[893368000]
Info    2026-08-19 14:01:47:073  DevID:MV-CU060-10GC(DA1691703)  Source-Line:libMVGigEVisionSDK.so(GigEVisionManager.cpp-L2164)  ProcessName:python3.12(115438)     Description:[GiGEVision_StartAcquisition][0] [GVCP]GvspSendIP[192.168.1.21], GvspSendPort[37351]
Info    2026-08-19 14:01:47:073  DevID:MV-CU060-10GC(DA1691703)  Source-Line:libMVGigEVisionSDK.so(GigEVisionManager.cpp-L2168)  ProcessName:python3.12(115438)     Description:[GiGEVision_StartAcquisition][0] Acquisition Start Success, use 6 ms
Info    2026-08-19 14:01:47:603  DevID:MV-CU060-10GC(DA1691703)  Source-Line:libMVGigEVisionSDK.so(GigEVisionGVSP.cpp-L0658)  ProcessName:python3.12(115438)     Description:[GVSPThread]GVSPThread End, ThreadId[910153408]
Warning 2026-08-19 14:01:47:603  DevID:MV-CU060-10GC(DA1691703)  Source-Line:libMVGigEVisionSDK.so(GigEVisionGVSP.cpp-L0775)  ProcessName:python3.12(115438)     Description:[GVSPResendThreadProc]WaitForSingleEvent(Timer) failed: 0x6e
Info    2026-08-19 14:01:47:603  DevID:MV-CU060-10GC(DA1691703)  Source-Line:libMVGigEVisionSDK.so(GigEVisionGVSP.cpp-L0673)  ProcessName:python3.12(115438)     Description:[GVSPResendThread]GVSPResendThread End, ThreadId[901760704]
Info    2026-08-19 14:01:47:603  DevID:MV-CU060-10GC(DA1691703)  Source-Line:libMVGigEVisionSDK.so(StreamChannel.cpp-L1069)  ProcessName:python3.12(115438)     Description:[Stop][0] [Socket Mode] GetCount[5], GetCountSucceed[5], NetReceive[6], ThrowAbnormalImage[0], NetLostFrame[0], ThrowInBufList[0], LostPackets[0]
Info    2026-08-19 14:01:47:603  DevID:MV-CU060-10GC(DA1691703)  Source-Line:libMVGigEVisionSDK.so(GigEVisionManager.cpp-L2238)  ProcessName:python3.12(115438)     Description:[GiGEVision_StopAcquisition][0] Acquisition Stop Success, use 4 ms
Info    2026-08-19 14:01:48:806  DevID:MV-CU060-10GC(DA1691703)  Source-Line:libMVGigEVisionSDK.so(GigEVisionBufferManager.cpp-L0382)  ProcessName:python3.12(115438)     Description:[GigEBufferManager_Init]Main Buffer List'Length is 2, Lock Buffer List's Length is 1
Info    2026-08-19 14:01:48:807  DevID:MV-CU060-10GC(DA1691703)  Source-Line:libMVGigEVisionSDK.so(GigEVisionGVSP.cpp-L0656)  ProcessName:python3.12(115438)     Description:[GVSPThread]GVSPThread Start, ThreadId[128553567897280]
Info    2026-08-19 14:01:48:807  DevID:MV-CU060-10GC(DA1691703)  Source-Line:libMVGigEVisionSDK.so(StreamChannel.cpp-L1787)  ProcessName:python3.12(115438)     Description:[StartProxy][0]Stream proxy start, Socket mode, GvspDstPort[37351], bResendEnable[1], GvspTimeout[300], ResendTimeInterval[10], SCPS[1500], nPayloadSize[6295104], 3DSpecMode[0], CompressMode[0], bSupportAnnounceBuffer[0]
Info    2026-08-19 14:01:48:807  DevID:MV-CU060-10GC(DA1691703)  Source-Line:libMVGigEVisionSDK.so(GigEVisionGVSP.cpp-L0671)  ProcessName:python3.12(115438)     Description:[GVSPResendThread]GVSPResendThread Start, ThreadId[128553576289984]
Info    2026-08-19 14:01:48:807  DevID:MV-CU060-10GC(DA1691703)  Source-Line:libMVGigEVisionSDK.so(GigEVisionGVSP.cpp-L0690)  ProcessName:python3.12(115438)     Description:[GVSPThreadProc]GvspTimeout[300], ResendEnable[1], ResendTimeInterval[10], ResendRetryTimes[20], ResendTimeout[50], MaxResendPktsNum[4276]
Info    2026-08-19 14:01:48:807  DevID:MV-CU060-10GC(DA1691703)  Source-Line:libMVGigEVisionSDK.so(GigEVisionManager.cpp-L2137)  ProcessName:python3.12(115438)     Description:[GiGEVision_StartAcquisition]m_nPrivilegeMode[1]
Info    2026-08-19 14:01:48:808  DevID:MV-CU060-10GC(DA1691703)  Source-Line:libMVGigEVisionSDK.so(GigEVisionManager.cpp-L2164)  ProcessName:python3.12(115438)     Description:[GiGEVision_StartAcquisition][0] [GVCP]GvspSendIP[192.168.1.21], GvspSendPort[37351]
Info    2026-08-19 14:01:48:808  DevID:MV-CU060-10GC(DA1691703)  Source-Line:libMVGigEVisionSDK.so(GigEVisionManager.cpp-L2168)  ProcessName:python3.12(115438)     Description:[GiGEVision_StartAcquisition][0] Acquisition Start Success, use 3 ms
Info    2026-08-19 14:01:49:214  DevID:MV-CU060-10GC(DA1691703)  Source-Line:libMVGigEVisionSDK.so(GigEVisionGVSP.cpp-L0438)  ProcessName:python3.12(115438)     Description:[TrimOutputQueue]TrimOutputQueue ThrowInBufList[1]
Warning 2026-08-19 14:01:49:277  DevID:MV-CU060-10GC(DA1691703)  Source-Line:libMVGigEVisionSDK.so(StreamChannel.cpp-L3070)  ProcessName:python3.12(115438)     Description:[GetImageBuffer][GetImageBuffer]The frame number is not continuous, PreFrameNum[3], CurFrameNum[140724603453445]
Info    2026-08-19 14:01:49:348  DevID:MV-CU060-10GC(DA1691703)  Source-Line:libMVGigEVisionSDK.so(GigEVisionGVSP.cpp-L0438)  ProcessName:python3.12(115438)     Description:[TrimOutputQueue]TrimOutputQueue ThrowInBufList[2]
Warning 2026-08-19 14:01:49:367  DevID:MV-CU060-10GC(DA1691703)  Source-Line:libMVGigEVisionSDK.so(StreamChannel.cpp-L3070)  ProcessName:python3.12(115438)     Description:[GetImageBuffer][GetImageBuffer]The frame number is not continuous, PreFrameNum[5], CurFrameNum[140724603453447]
Info    2026-08-19 14:01:49:443  DevID:MV-CU060-10GC(DA1691703)  Source-Line:libMVGigEVisionSDK.so(GigEVisionGVSP.cpp-L0673)  ProcessName:python3.12(115438)     Description:[GVSPResendThread]GVSPResendThread End, ThreadId[128553576289984]
Info    2026-08-19 14:01:49:446  DevID:MV-CU060-10GC(DA1691703)  Source-Line:libMVGigEVisionSDK.so(GigEVisionGVSP.cpp-L0658)  ProcessName:python3.12(115438)     Description:[GVSPThread]GVSPThread End, ThreadId[128553567897280]
Info    2026-08-19 14:01:49:446  DevID:MV-CU060-10GC(DA1691703)  Source-Line:libMVGigEVisionSDK.so(StreamChannel.cpp-L1069)  ProcessName:python3.12(115438)     Description:[Stop][0] [Socket Mode] GetCount[5], GetCountSucceed[5], NetReceive[8], ThrowAbnormalImage[0], NetLostFrame[0], ThrowInBufList[2], LostPackets[0]
Info    2026-08-19 14:01:49:446  DevID:MV-CU060-10GC(DA1691703)  Source-Line:libMVGigEVisionSDK.so(GigEVisionManager.cpp-L2238)  ProcessName:python3.12(115438)     Description:[GiGEVision_StopAcquisition][0] Acquisition Stop Success, use 6 ms
Info    2026-08-19 14:01:50:222  DevID:MV-CU060-10GC(DA1691703)  Source-Line:libMVGigEVisionSDK.so(GigEVisionBufferManager.cpp-L0382)  ProcessName:python3.12(115438)     Description:[GigEBufferManager_Init]Main Buffer List'Length is 2, Lock Buffer List's Length is 1
Info    2026-08-19 14:01:50:222  DevID:MV-CU060-10GC(DA1691703)  Source-Line:libMVGigEVisionSDK.so(GigEVisionGVSP.cpp-L0656)  ProcessName:python3.12(115438)     Description:[GVSPThread]GVSPThread Start, ThreadId[128553576289984]
Info    2026-08-19 14:01:50:222  DevID:MV-CU060-10GC(DA1691703)  Source-Line:libMVGigEVisionSDK.so(StreamChannel.cpp-L1787)  ProcessName:python3.12(115438)     Description:[StartProxy][0]Stream proxy start, Socket mode, GvspDstPort[37351], bResendEnable[1], GvspTimeout[300], ResendTimeInterval[10], SCPS[1500], nPayloadSize[6295104], 3DSpecMode[0], CompressMode[0], bSupportAnnounceBuffer[0]
Info    2026-08-19 14:01:50:222  DevID:MV-CU060-10GC(DA1691703)  Source-Line:libMVGigEVisionSDK.so(GigEVisionGVSP.cpp-L0690)  ProcessName:python3.12(115438)     Description:[GVSPThreadProc]GvspTimeout[300], ResendEnable[1], ResendTimeInterval[10], ResendRetryTimes[20], ResendTimeout[50], MaxResendPktsNum[4276]
Info    2026-08-19 14:01:50:222  DevID:MV-CU060-10GC(DA1691703)  Source-Line:libMVGigEVisionSDK.so(GigEVisionManager.cpp-L2137)  ProcessName:python3.12(115438)     Description:[GiGEVision_StartAcquisition]m_nPrivilegeMode[1]
Info    2026-08-19 14:01:50:222  DevID:MV-CU060-10GC(DA1691703)  Source-Line:libMVGigEVisionSDK.so(GigEVisionGVSP.cpp-L0671)  ProcessName:python3.12(115438)     Description:[GVSPResendThread]GVSPResendThread Start, ThreadId[128553567897280]
Info    2026-08-19 14:01:50:224  DevID:MV-CU060-10GC(DA1691703)  Source-Line:libMVGigEVisionSDK.so(GigEVisionManager.cpp-L2164)  ProcessName:python3.12(115438)     Description:[GiGEVision_StartAcquisition][0] [GVCP]GvspSendIP[192.168.1.21], GvspSendPort[37351]
Info    2026-08-19 14:01:50:224  DevID:MV-CU060-10GC(DA1691703)  Source-Line:libMVGigEVisionSDK.so(GigEVisionManager.cpp-L2168)  ProcessName:python3.12(115438)     Description:[GiGEVision_StartAcquisition][0] Acquisition Start Success, use 3 ms
Info    2026-08-19 14:01:50:562  DevID:MV-CU060-10GC(DA1691703)  Source-Line:libMVGigEVisionSDK.so(GigEVisionGVSP.cpp-L0438)  ProcessName:python3.12(115438)     Description:[TrimOutputQueue]TrimOutputQueue ThrowInBufList[1]
Warning 2026-08-19 14:01:50:565  DevID:MV-CU060-10GC(DA1691703)  Source-Line:libMVGigEVisionSDK.so(StreamChannel.cpp-L3070)  ProcessName:python3.12(115438)     Description:[GetImageBuffer][GetImageBuffer]The frame number is not continuous, PreFrameNum[2], CurFrameNum[140724603453444]
Info    2026-08-19 14:01:50:763  DevID:MV-CU060-10GC(DA1691703)  Source-Line:libMVGigEVisionSDK.so(GigEVisionGVSP.cpp-L0438)  ProcessName:python3.12(115438)     Description:[TrimOutputQueue]TrimOutputQueue ThrowInBufList[2]
Warning 2026-08-19 14:01:50:766  DevID:MV-CU060-10GC(DA1691703)  Source-Line:libMVGigEVisionSDK.so(StreamChannel.cpp-L3070)  ProcessName:python3.12(115438)     Description:[GetImageBuffer][GetImageBuffer]The frame number is not continuous, PreFrameNum[5], CurFrameNum[140724603453447]
Info    2026-08-19 14:01:50:836  DevID:MV-CU060-10GC(DA1691703)  Source-Line:libMVGigEVisionSDK.so(GigEVisionGVSP.cpp-L0673)  ProcessName:python3.12(115438)     Description:[GVSPResendThread]GVSPResendThread End, ThreadId[128553567897280]
Info    2026-08-19 14:01:50:838  DevID:MV-CU060-10GC(DA1691703)  Source-Line:libMVGigEVisionSDK.so(GigEVisionGVSP.cpp-L0658)  ProcessName:python3.12(115438)     Description:[GVSPThread]GVSPThread End, ThreadId[128553576289984]
Info    2026-08-19 14:01:50:838  DevID:MV-CU060-10GC(DA1691703)  Source-Line:libMVGigEVisionSDK.so(StreamChannel.cpp-L1069)  ProcessName:python3.12(115438)     Description:[Stop][0] [Socket Mode] GetCount[5], GetCountSucceed[5], NetReceive[7], ThrowAbnormalImage[0], NetLostFrame[0], ThrowInBufList[2], LostPackets[0]
Info    2026-08-19 14:01:50:838  DevID:MV-CU060-10GC(DA1691703)  Source-Line:libMVGigEVisionSDK.so(GigEVisionManager.cpp-L2238)  ProcessName:python3.12(115438)     Description:[GiGEVision_StopAcquisition][0] Acquisition Stop Success, use 8 ms
Info    2026-08-19 14:02:14:357  DevID:MV-CU060-10GC(DA1691703)  Source-Line:libMVGigEVisionSDK.so(GigEVisionBufferManager.cpp-L0382)  ProcessName:python3.12(115438)     Description:[GigEBufferManager_Init]Main Buffer List'Length is 2, Lock Buffer List's Length is 1
Info    2026-08-19 14:02:14:357  DevID:MV-CU060-10GC(DA1691703)  Source-Line:libMVGigEVisionSDK.so(GigEVisionGVSP.cpp-L0656)  ProcessName:python3.12(115438)     Description:[GVSPThread]GVSPThread Start, ThreadId[128553567897280]
Info    2026-08-19 14:02:14:357  DevID:MV-CU060-10GC(DA1691703)  Source-Line:libMVGigEVisionSDK.so(GigEVisionGVSP.cpp-L0671)  ProcessName:python3.12(115438)     Description:[GVSPResendThread]GVSPResendThread Start, ThreadId[128553576289984]
Info    2026-08-19 14:02:14:357  DevID:MV-CU060-10GC(DA1691703)  Source-Line:libMVGigEVisionSDK.so(StreamChannel.cpp-L1787)  ProcessName:python3.12(115438)     Description:[StartProxy][0]Stream proxy start, Socket mode, GvspDstPort[37351], bResendEnable[1], GvspTimeout[300], ResendTimeInterval[10], SCPS[1500], nPayloadSize[6295104], 3DSpecMode[0], CompressMode[0], bSupportAnnounceBuffer[0]
Info    2026-08-19 14:02:14:357  DevID:MV-CU060-10GC(DA1691703)  Source-Line:libMVGigEVisionSDK.so(GigEVisionGVSP.cpp-L0690)  ProcessName:python3.12(115438)     Description:[GVSPThreadProc]GvspTimeout[300], ResendEnable[1], ResendTimeInterval[10], ResendRetryTimes[20], ResendTimeout[50], MaxResendPktsNum[4276]
Info    2026-08-19 14:02:14:357  DevID:MV-CU060-10GC(DA1691703)  Source-Line:libMVGigEVisionSDK.so(GigEVisionManager.cpp-L2137)  ProcessName:python3.12(115438)     Description:[GiGEVision_StartAcquisition]m_nPrivilegeMode[1]
Info    2026-08-19 14:02:14:359  DevID:MV-CU060-10GC(DA1691703)  Source-Line:libMVGigEVisionSDK.so(GigEVisionManager.cpp-L2164)  ProcessName:python3.12(115438)     Description:[GiGEVision_StartAcquisition][0] [GVCP]GvspSendIP[192.168.1.21], GvspSendPort[37351]
Info    2026-08-19 14:02:14:359  DevID:MV-CU060-10GC(DA1691703)  Source-Line:libMVGigEVisionSDK.so(GigEVisionManager.cpp-L2168)  ProcessName:python3.12(115438)     Description:[GiGEVision_StartAcquisition][0] Acquisition Start Success, use 3 ms
Info    2026-08-19 14:02:14:812  DevID:MV-CU060-10GC(DA1691703)  Source-Line:libMVGigEVisionSDK.so(GigEVisionGVSP.cpp-L0658)  ProcessName:python3.12(115438)     Description:[GVSPThread]GVSPThread End, ThreadId[128553567897280]
Warning 2026-08-19 14:02:14:812  DevID:MV-CU060-10GC(DA1691703)  Source-Line:libMVGigEVisionSDK.so(GigEVisionGVSP.cpp-L0775)  ProcessName:python3.12(115438)     Description:[GVSPResendThreadProc]WaitForSingleEvent(Timer) failed: 0x6e
Info    2026-08-19 14:02:14:812  DevID:MV-CU060-10GC(DA1691703)  Source-Line:libMVGigEVisionSDK.so(GigEVisionGVSP.cpp-L0673)  ProcessName:python3.12(115438)     Description:[GVSPResendThread]GVSPResendThread End, ThreadId[128553576289984]
Info    2026-08-19 14:02:14:812  DevID:MV-CU060-10GC(DA1691703)  Source-Line:libMVGigEVisionSDK.so(StreamChannel.cpp-L1069)  ProcessName:python3.12(115438)     Description:[Stop][0] [Socket Mode] GetCount[5], GetCountSucceed[5], NetReceive[5], ThrowAbnormalImage[0], NetLostFrame[0], ThrowInBufList[0], LostPackets[0]
Info    2026-08-19 14:02:14:812  DevID:MV-CU060-10GC(DA1691703)  Source-Line:libMVGigEVisionSDK.so(GigEVisionManager.cpp-L2238)  ProcessName:python3.12(115438)     Description:[GiGEVision_StopAcquisition][0] Acquisition Stop Success, use 1 ms
Info    2026-08-19 14:02:41:606  DevID:MV-CU060-10GC(DA1691703)  Source-Line:libMVGigEVisionSDK.so(GigEVisionBufferManager.cpp-L0382)  ProcessName:python3.12(115438)     Description:[GigEBufferManager_Init]Main Buffer List'Length is 2, Lock Buffer List's Length is 1
Info    2026-08-19 14:02:41:607  DevID:MV-CU060-10GC(DA1691703)  Source-Line:libMVGigEVisionSDK.so(GigEVisionGVSP.cpp-L0656)  ProcessName:python3.12(115438)     Description:[GVSPThread]GVSPThread Start, ThreadId[128553576289984]
Info    2026-08-19 14:02:41:607  DevID:MV-CU060-10GC(DA1691703)  Source-Line:libMVGigEVisionSDK.so(StreamChannel.cpp-L1787)  ProcessName:python3.12(115438)     Description:[StartProxy][0]Stream proxy start, Socket mode, GvspDstPort[37351], bResendEnable[1], GvspTimeout[300], ResendTimeInterval[10], SCPS[1500], nPayloadSize[6295104], 3DSpecMode[0], CompressMode[0], bSupportAnnounceBuffer[0]
Info    2026-08-19 14:02:41:607  DevID:MV-CU060-10GC(DA1691703)  Source-Line:libMVGigEVisionSDK.so(GigEVisionGVSP.cpp-L0671)  ProcessName:python3.12(115438)     Description:[GVSPResendThread]GVSPResendThread Start, ThreadId[128553567897280]
Info    2026-08-19 14:02:41:607  DevID:MV-CU060-10GC(DA1691703)  Source-Line:libMVGigEVisionSDK.so(GigEVisionGVSP.cpp-L0690)  ProcessName:python3.12(115438)     Description:[GVSPThreadProc]GvspTimeout[300], ResendEnable[1], ResendTimeInterval[10], ResendRetryTimes[20], ResendTimeout[50], MaxResendPktsNum[4276]
Info    2026-08-19 14:02:41:607  DevID:MV-CU060-10GC(DA1691703)  Source-Line:libMVGigEVisionSDK.so(GigEVisionManager.cpp-L2137)  ProcessName:python3.12(115438)     Description:[GiGEVision_StartAcquisition]m_nPrivilegeMode[1]
Info    2026-08-19 14:02:41:609  DevID:MV-CU060-10GC(DA1691703)  Source-Line:libMVGigEVisionSDK.so(GigEVisionManager.cpp-L2164)  ProcessName:python3.12(115438)     Description:[GiGEVision_StartAcquisition][0] [GVCP]GvspSendIP[192.168.1.21], GvspSendPort[37351]
Info    2026-08-19 14:02:41:609  DevID:MV-CU060-10GC(DA1691703)  Source-Line:libMVGigEVisionSDK.so(GigEVisionManager.cpp-L2168)  ProcessName:python3.12(115438)     Description:[GiGEVision_StartAcquisition][0] Acquisition Start Success, use 4 ms
Info    2026-08-19 14:02:42:125  DevID:MV-CU060-10GC(DA1691703)  Source-Line:libMVGigEVisionSDK.so(GigEVisionGVSP.cpp-L0673)  ProcessName:python3.12(115438)     Description:[GVSPResendThread]GVSPResendThread End, ThreadId[128553567897280]
Info    2026-08-19 14:02:42:126  DevID:MV-CU060-10GC(DA1691703)  Source-Line:libMVGigEVisionSDK.so(GigEVisionGVSP.cpp-L0658)  ProcessName:python3.12(115438)     Description:[GVSPThread]GVSPThread End, ThreadId[128553576289984]
Info    2026-08-19 14:02:42:126  DevID:MV-CU060-10GC(DA1691703)  Source-Line:libMVGigEVisionSDK.so(StreamChannel.cpp-L1069)  ProcessName:python3.12(115438)     Description:[Stop][0] [Socket Mode] GetCount[5], GetCountSucceed[5], NetReceive[6], ThrowAbnormalImage[0], NetLostFrame[0], ThrowInBufList[0], LostPackets[0]
Info    2026-08-19 14:02:42:126  DevID:MV-CU060-10GC(DA1691703)  Source-Line:libMVGigEVisionSDK.so(GigEVisionManager.cpp-L2238)  ProcessName:python3.12(115438)     Description:[GiGEVision_StopAcquisition][0] Acquisition Stop Success, use 5 ms
Info    2026-08-19 14:03:09:435  DevID:MV-CU060-10GC(DA1691703)  Source-Line:libMVGigEVisionSDK.so(GigEVisionBufferManager.cpp-L0382)  ProcessName:python3.12(115438)     Description:[GigEBufferManager_Init]Main Buffer List'Length is 2, Lock Buffer List's Length is 1
Info    2026-08-19 14:03:09:435  DevID:MV-CU060-10GC(DA1691703)  Source-Line:libMVGigEVisionSDK.so(GigEVisionGVSP.cpp-L0656)  ProcessName:python3.12(115438)     Description:[GVSPThread]GVSPThread Start, ThreadId[128553567897280]
Info    2026-08-19 14:03:09:435  DevID:MV-CU060-10GC(DA1691703)  Source-Line:libMVGigEVisionSDK.so(GigEVisionGVSP.cpp-L0671)  ProcessName:python3.12(115438)     Description:[GVSPResendThread]GVSPResendThread Start, ThreadId[128553576289984]
Info    2026-08-19 14:03:09:435  DevID:MV-CU060-10GC(DA1691703)  Source-Line:libMVGigEVisionSDK.so(StreamChannel.cpp-L1787)  ProcessName:python3.12(115438)     Description:[StartProxy][0]Stream proxy start, Socket mode, GvspDstPort[37351], bResendEnable[1], GvspTimeout[300], ResendTimeInterval[10], SCPS[1500], nPayloadSize[6295104], 3DSpecMode[0], CompressMode[0], bSupportAnnounceBuffer[0]
Info    2026-08-19 14:03:09:435  DevID:MV-CU060-10GC(DA1691703)  Source-Line:libMVGigEVisionSDK.so(GigEVisionGVSP.cpp-L0690)  ProcessName:python3.12(115438)     Description:[GVSPThreadProc]GvspTimeout[300], ResendEnable[1], ResendTimeInterval[10], ResendRetryTimes[20], ResendTimeout[50], MaxResendPktsNum[4276]
Info    2026-08-19 14:03:09:435  DevID:MV-CU060-10GC(DA1691703)  Source-Line:libMVGigEVisionSDK.so(GigEVisionManager.cpp-L2137)  ProcessName:python3.12(115438)     Description:[GiGEVision_StartAcquisition]m_nPrivilegeMode[1]
Info    2026-08-19 14:03:09:437  DevID:MV-CU060-10GC(DA1691703)  Source-Line:libMVGigEVisionSDK.so(GigEVisionManager.cpp-L2164)  ProcessName:python3.12(115438)     Description:[GiGEVision_StartAcquisition][0] [GVCP]GvspSendIP[192.168.1.21], GvspSendPort[37351]
Info    2026-08-19 14:03:09:437  DevID:MV-CU060-10GC(DA1691703)  Source-Line:libMVGigEVisionSDK.so(GigEVisionManager.cpp-L2168)  ProcessName:python3.12(115438)     Description:[GiGEVision_StartAcquisition][0] Acquisition Start Success, use 3 ms
Info    2026-08-19 14:03:09:957  DevID:MV-CU060-10GC(DA1691703)  Source-Line:libMVGigEVisionSDK.so(GigEVisionGVSP.cpp-L0658)  ProcessName:python3.12(115438)     Description:[GVSPThread]GVSPThread End, ThreadId[128553567897280]
Warning 2026-08-19 14:03:09:957  DevID:MV-CU060-10GC(DA1691703)  Source-Line:libMVGigEVisionSDK.so(GigEVisionGVSP.cpp-L0775)  ProcessName:python3.12(115438)     Description:[GVSPResendThreadProc]WaitForSingleEvent(Timer) failed: 0x6e
Info    2026-08-19 14:03:09:957  DevID:MV-CU060-10GC(DA1691703)  Source-Line:libMVGigEVisionSDK.so(GigEVisionGVSP.cpp-L0673)  ProcessName:python3.12(115438)     Description:[GVSPResendThread]GVSPResendThread End, ThreadId[128553576289984]
Info    2026-08-19 14:03:09:958  DevID:MV-CU060-10GC(DA1691703)  Source-Line:libMVGigEVisionSDK.so(StreamChannel.cpp-L1069)  ProcessName:python3.12(115438)     Description:[Stop][0] [Socket Mode] GetCount[5], GetCountSucceed[5], NetReceive[6], ThrowAbnormalImage[0], NetLostFrame[0], ThrowInBufList[0], LostPackets[0]
Info    2026-08-19 14:03:09:958  DevID:MV-CU060-10GC(DA1691703)  Source-Line:libMVGigEVisionSDK.so(GigEVisionManager.cpp-L2238)  ProcessName:python3.12(115438)     Description:[GiGEVision_StopAcquisition][0] Acquisition Stop Success, use 5 ms
Info    2026-08-19 14:03:37:406  DevID:MV-CU060-10GC(DA1691703)  Source-Line:libMVGigEVisionSDK.so(GigEVisionBufferManager.cpp-L0382)  ProcessName:python3.12(115438)     Description:[GigEBufferManager_Init]Main Buffer List'Length is 2, Lock Buffer List's Length is 1
Info    2026-08-19 14:03:37:407  DevID:MV-CU060-10GC(DA1691703)  Source-Line:libMVGigEVisionSDK.so(GigEVisionGVSP.cpp-L0656)  ProcessName:python3.12(115438)     Description:[GVSPThread]GVSPThread Start, ThreadId[128553576289984]
Info    2026-08-19 14:03:37:407  DevID:MV-CU060-10GC(DA1691703)  Source-Line:libMVGigEVisionSDK.so(GigEVisionGVSP.cpp-L0690)  ProcessName:python3.12(115438)     Description:[GVSPThreadProc]GvspTimeout[300], ResendEnable[1], ResendTimeInterval[10], ResendRetryTimes[20], ResendTimeout[50], MaxResendPktsNum[4276]
Info    2026-08-19 14:03:37:407  DevID:MV-CU060-10GC(DA1691703)  Source-Line:libMVGigEVisionSDK.so(StreamChannel.cpp-L1787)  ProcessName:python3.12(115438)     Description:[StartProxy][0]Stream proxy start, Socket mode, GvspDstPort[37351], bResendEnable[1], GvspTimeout[300], ResendTimeInterval[10], SCPS[1500], nPayloadSize[6295104], 3DSpecMode[0], CompressMode[0], bSupportAnnounceBuffer[0]
Info    2026-08-19 14:03:37:407  DevID:MV-CU060-10GC(DA1691703)  Source-Line:libMVGigEVisionSDK.so(GigEVisionGVSP.cpp-L0671)  ProcessName:python3.12(115438)     Description:[GVSPResendThread]GVSPResendThread Start, ThreadId[128553567897280]
Info    2026-08-19 14:03:37:407  DevID:MV-CU060-10GC(DA1691703)  Source-Line:libMVGigEVisionSDK.so(GigEVisionManager.cpp-L2137)  ProcessName:python3.12(115438)     Description:[GiGEVision_StartAcquisition]m_nPrivilegeMode[1]
Info    2026-08-19 14:03:37:408  DevID:MV-CU060-10GC(DA1691703)  Source-Line:libMVGigEVisionSDK.so(GigEVisionManager.cpp-L2164)  ProcessName:python3.12(115438)     Description:[GiGEVision_StartAcquisition][0] [GVCP]GvspSendIP[192.168.1.21], GvspSendPort[37351]
Info    2026-08-19 14:03:37:408  DevID:MV-CU060-10GC(DA1691703)  Source-Line:libMVGigEVisionSDK.so(GigEVisionManager.cpp-L2168)  ProcessName:python3.12(115438)     Description:[GiGEVision_StartAcquisition][0] Acquisition Start Success, use 3 ms
Info    2026-08-19 14:03:37:927  DevID:MV-CU060-10GC(DA1691703)  Source-Line:libMVGigEVisionSDK.so(GigEVisionGVSP.cpp-L0673)  ProcessName:python3.12(115438)     Description:[GVSPResendThread]GVSPResendThread End, ThreadId[128553567897280]
Info    2026-08-19 14:03:37:929  DevID:MV-CU060-10GC(DA1691703)  Source-Line:libMVGigEVisionSDK.so(GigEVisionGVSP.cpp-L0658)  ProcessName:python3.12(115438)     Description:[GVSPThread]GVSPThread End, ThreadId[128553576289984]
Info    2026-08-19 14:03:37:929  DevID:MV-CU060-10GC(DA1691703)  Source-Line:libMVGigEVisionSDK.so(StreamChannel.cpp-L1069)  ProcessName:python3.12(115438)     Description:[Stop][0] [Socket Mode] GetCount[5], GetCountSucceed[5], NetReceive[6], ThrowAbnormalImage[0], NetLostFrame[0], ThrowInBufList[0], LostPackets[0]
Info    2026-08-19 14:03:37:929  DevID:MV-CU060-10GC(DA1691703)  Source-Line:libMVGigEVisionSDK.so(GigEVisionManager.cpp-L2238)  ProcessName:python3.12(115438)     Description:[GiGEVision_StopAcquisition][0] Acquisition Stop Success, use 6 ms
Info    2026-08-19 14:03:38:692  DevID:MV-CU060-10GC(DA1691703)  Source-Line:libMVGigEVisionSDK.so(GigEVisionBufferManager.cpp-L0382)  ProcessName:python3.12(115438)     Description:[GigEBufferManager_Init]Main Buffer List'Length is 2, Lock Buffer List's Length is 1
Info    2026-08-19 14:03:38:692  DevID:MV-CU060-10GC(DA1691703)  Source-Line:libMVGigEVisionSDK.so(GigEVisionGVSP.cpp-L0656)  ProcessName:python3.12(115438)     Description:[GVSPThread]GVSPThread Start, ThreadId[128553567897280]
Info    2026-08-19 14:03:38:692  DevID:MV-CU060-10GC(DA1691703)  Source-Line:libMVGigEVisionSDK.so(GigEVisionGVSP.cpp-L0690)  ProcessName:python3.12(115438)     Description:[GVSPThreadProc]GvspTimeout[300], ResendEnable[1], ResendTimeInterval[10], ResendRetryTimes[20], ResendTimeout[50], MaxResendPktsNum[4276]
Info    2026-08-19 14:03:38:692  DevID:MV-CU060-10GC(DA1691703)  Source-Line:libMVGigEVisionSDK.so(StreamChannel.cpp-L1787)  ProcessName:python3.12(115438)     Description:[StartProxy][0]Stream proxy start, Socket mode, GvspDstPort[37351], bResendEnable[1], GvspTimeout[300], ResendTimeInterval[10], SCPS[1500], nPayloadSize[6295104], 3DSpecMode[0], CompressMode[0], bSupportAnnounceBuffer[0]
Info    2026-08-19 14:03:38:692  DevID:MV-CU060-10GC(DA1691703)  Source-Line:libMVGigEVisionSDK.so(GigEVisionGVSP.cpp-L0671)  ProcessName:python3.12(115438)     Description:[GVSPResendThread]GVSPResendThread Start, ThreadId[128553576289984]
Info    2026-08-19 14:03:38:692  DevID:MV-CU060-10GC(DA1691703)  Source-Line:libMVGigEVisionSDK.so(GigEVisionManager.cpp-L2137)  ProcessName:python3.12(115438)     Description:[GiGEVision_StartAcquisition]m_nPrivilegeMode[1]
Info    2026-08-19 14:03:38:694  DevID:MV-CU060-10GC(DA1691703)  Source-Line:libMVGigEVisionSDK.so(GigEVisionManager.cpp-L2164)  ProcessName:python3.12(115438)     Description:[GiGEVision_StartAcquisition][0] [GVCP]GvspSendIP[192.168.1.21], GvspSendPort[37351]
Info    2026-08-19 14:03:38:694  DevID:MV-CU060-10GC(DA1691703)  Source-Line:libMVGigEVisionSDK.so(GigEVisionManager.cpp-L2168)  ProcessName:python3.12(115438)     Description:[GiGEVision_StartAcquisition][0] Acquisition Start Success, use 3 ms
Info    2026-08-19 14:03:39:112  DevID:MV-CU060-10GC(DA1691703)  Source-Line:libMVGigEVisionSDK.so(GigEVisionGVSP.cpp-L0438)  ProcessName:python3.12(115438)     Description:[TrimOutputQueue]TrimOutputQueue ThrowInBufList[1]
Warning 2026-08-19 14:03:39:166  DevID:MV-CU060-10GC(DA1691703)  Source-Line:libMVGigEVisionSDK.so(StreamChannel.cpp-L3070)  ProcessName:python3.12(115438)     Description:[GetImageBuffer][GetImageBuffer]The frame number is not continuous, PreFrameNum[3], CurFrameNum[140724603453445]
Info    2026-08-19 14:03:39:233  DevID:MV-CU060-10GC(DA1691703)  Source-Line:libMVGigEVisionSDK.so(GigEVisionGVSP.cpp-L0438)  ProcessName:python3.12(115438)     Description:[TrimOutputQueue]TrimOutputQueue ThrowInBufList[2]
Warning 2026-08-19 14:03:39:278  DevID:MV-CU060-10GC(DA1691703)  Source-Line:libMVGigEVisionSDK.so(StreamChannel.cpp-L3070)  ProcessName:python3.12(115438)     Description:[GetImageBuffer][GetImageBuffer]The frame number is not continuous, PreFrameNum[5], CurFrameNum[140724603453447]
Info    2026-08-19 14:03:39:368  DevID:MV-CU060-10GC(DA1691703)  Source-Line:libMVGigEVisionSDK.so(GigEVisionGVSP.cpp-L0658)  ProcessName:python3.12(115438)     Description:[GVSPThread]GVSPThread End, ThreadId[128553567897280]
Warning 2026-08-19 14:03:39:368  DevID:MV-CU060-10GC(DA1691703)  Source-Line:libMVGigEVisionSDK.so(GigEVisionGVSP.cpp-L0775)  ProcessName:python3.12(115438)     Description:[GVSPResendThreadProc]WaitForSingleEvent(Timer) failed: 0x6e
Info    2026-08-19 14:03:39:368  DevID:MV-CU060-10GC(DA1691703)  Source-Line:libMVGigEVisionSDK.so(GigEVisionGVSP.cpp-L0673)  ProcessName:python3.12(115438)     Description:[GVSPResendThread]GVSPResendThread End, ThreadId[128553576289984]
Info    2026-08-19 14:03:39:368  DevID:MV-CU060-10GC(DA1691703)  Source-Line:libMVGigEVisionSDK.so(StreamChannel.cpp-L1069)  ProcessName:python3.12(115438)     Description:[Stop][0] [Socket Mode] GetCount[5], GetCountSucceed[5], NetReceive[8], ThrowAbnormalImage[0], NetLostFrame[0], ThrowInBufList[2], LostPackets[0]
Info    2026-08-19 14:03:39:368  DevID:MV-CU060-10GC(DA1691703)  Source-Line:libMVGigEVisionSDK.so(GigEVisionManager.cpp-L2238)  ProcessName:python3.12(115438)     Description:[GiGEVision_StopAcquisition][0] Acquisition Stop Success, use 4 ms
Info    2026-08-19 14:03:40:138  DevID:MV-CU060-10GC(DA1691703)  Source-Line:libMVGigEVisionSDK.so(GigEVisionBufferManager.cpp-L0382)  ProcessName:python3.12(115438)     Description:[GigEBufferManager_Init]Main Buffer List'Length is 2, Lock Buffer List's Length is 1
Info    2026-08-19 14:03:40:138  DevID:MV-CU060-10GC(DA1691703)  Source-Line:libMVGigEVisionSDK.so(GigEVisionGVSP.cpp-L0656)  ProcessName:python3.12(115438)     Description:[GVSPThread]GVSPThread Start, ThreadId[128553576289984]
Info    2026-08-19 14:03:40:138  DevID:MV-CU060-10GC(DA1691703)  Source-Line:libMVGigEVisionSDK.so(StreamChannel.cpp-L1787)  ProcessName:python3.12(115438)     Description:[StartProxy][0]Stream proxy start, Socket mode, GvspDstPort[37351], bResendEnable[1], GvspTimeout[300], ResendTimeInterval[10], SCPS[1500], nPayloadSize[6295104], 3DSpecMode[0], CompressMode[0], bSupportAnnounceBuffer[0]
Info    2026-08-19 14:03:40:138  DevID:MV-CU060-10GC(DA1691703)  Source-Line:libMVGigEVisionSDK.so(GigEVisionGVSP.cpp-L0690)  ProcessName:python3.12(115438)     Description:[GVSPThreadProc]GvspTimeout[300], ResendEnable[1], ResendTimeInterval[10], ResendRetryTimes[20], ResendTimeout[50], MaxResendPktsNum[4276]
Info    2026-08-19 14:03:40:138  DevID:MV-CU060-10GC(DA1691703)  Source-Line:libMVGigEVisionSDK.so(GigEVisionManager.cpp-L2137)  ProcessName:python3.12(115438)     Description:[GiGEVision_StartAcquisition]m_nPrivilegeMode[1]
Info    2026-08-19 14:03:40:138  DevID:MV-CU060-10GC(DA1691703)  Source-Line:libMVGigEVisionSDK.so(GigEVisionGVSP.cpp-L0671)  ProcessName:python3.12(115438)     Description:[GVSPResendThread]GVSPResendThread Start, ThreadId[128553567897280]
Info    2026-08-19 14:03:40:140  DevID:MV-CU060-10GC(DA1691703)  Source-Line:libMVGigEVisionSDK.so(GigEVisionManager.cpp-L2164)  ProcessName:python3.12(115438)     Description:[GiGEVision_StartAcquisition][0] [GVCP]GvspSendIP[192.168.1.21], GvspSendPort[37351]
Info    2026-08-19 14:03:40:140  DevID:MV-CU060-10GC(DA1691703)  Source-Line:libMVGigEVisionSDK.so(GigEVisionManager.cpp-L2168)  ProcessName:python3.12(115438)     Description:[GiGEVision_StartAcquisition][0] Acquisition Start Success, use 3 ms
Info    2026-08-19 14:03:40:477  DevID:MV-CU060-10GC(DA1691703)  Source-Line:libMVGigEVisionSDK.so(GigEVisionGVSP.cpp-L0438)  ProcessName:python3.12(115438)     Description:[TrimOutputQueue]TrimOutputQueue ThrowInBufList[1]
Warning 2026-08-19 14:03:40:495  DevID:MV-CU060-10GC(DA1691703)  Source-Line:libMVGigEVisionSDK.so(StreamChannel.cpp-L3070)  ProcessName:python3.12(115438)     Description:[GetImageBuffer][GetImageBuffer]The frame number is not continuous, PreFrameNum[2], CurFrameNum[140724603453444]
Info    2026-08-19 14:03:40:679  DevID:MV-CU060-10GC(DA1691703)  Source-Line:libMVGigEVisionSDK.so(GigEVisionGVSP.cpp-L0438)  ProcessName:python3.12(115438)     Description:[TrimOutputQueue]TrimOutputQueue ThrowInBufList[2]
Warning 2026-08-19 14:03:40:719  DevID:MV-CU060-10GC(DA1691703)  Source-Line:libMVGigEVisionSDK.so(StreamChannel.cpp-L3070)  ProcessName:python3.12(115438)     Description:[GetImageBuffer][GetImageBuffer]The frame number is not continuous, PreFrameNum[5], CurFrameNum[140724603453447]
Info    2026-08-19 14:03:40:814  DevID:MV-CU060-10GC(DA1691703)  Source-Line:libMVGigEVisionSDK.so(GigEVisionGVSP.cpp-L0438)  ProcessName:python3.12(115438)     Description:[TrimOutputQueue]TrimOutputQueue ThrowInBufList[3]
Info    2026-08-19 14:03:40:837  DevID:MV-CU060-10GC(DA1691703)  Source-Line:libMVGigEVisionSDK.so(GigEVisionGVSP.cpp-L0658)  ProcessName:python3.12(115438)     Description:[GVSPThread]GVSPThread End, ThreadId[128553576289984]
Warning 2026-08-19 14:03:40:837  DevID:MV-CU060-10GC(DA1691703)  Source-Line:libMVGigEVisionSDK.so(GigEVisionGVSP.cpp-L0775)  ProcessName:python3.12(115438)     Description:[GVSPResendThreadProc]WaitForSingleEvent(Timer) failed: 0x6e
Info    2026-08-19 14:03:40:837  DevID:MV-CU060-10GC(DA1691703)  Source-Line:libMVGigEVisionSDK.so(GigEVisionGVSP.cpp-L0673)  ProcessName:python3.12(115438)     Description:[GVSPResendThread]GVSPResendThread End, ThreadId[128553567897280]
Info    2026-08-19 14:03:40:837  DevID:MV-CU060-10GC(DA1691703)  Source-Line:libMVGigEVisionSDK.so(StreamChannel.cpp-L1069)  ProcessName:python3.12(115438)     Description:[Stop][0] [Socket Mode] GetCount[5], GetCountSucceed[5], NetReceive[9], ThrowAbnormalImage[0], NetLostFrame[0], ThrowInBufList[3], LostPackets[0]
Info    2026-08-19 14:03:40:837  DevID:MV-CU060-10GC(DA1691703)  Source-Line:libMVGigEVisionSDK.so(GigEVisionManager.cpp-L2238)  ProcessName:python3.12(115438)     Description:[GiGEVision_StopAcquisition][0] Acquisition Stop Success, use 4 ms
Info    2026-08-19 14:03:53:454  DevID:MV-CU060-10GC(DA1691703)  Source-Line:libMVGigEVisionSDK.so(GigEVisionBufferManager.cpp-L0382)  ProcessName:python3.12(115438)     Description:[GigEBufferManager_Init]Main Buffer List'Length is 2, Lock Buffer List's Length is 1
Info    2026-08-19 14:03:53:454  DevID:MV-CU060-10GC(DA1691703)  Source-Line:libMVGigEVisionSDK.so(GigEVisionGVSP.cpp-L0656)  ProcessName:python3.12(115438)     Description:[GVSPThread]GVSPThread Start, ThreadId[128553567897280]
Info    2026-08-19 14:03:53:454  DevID:MV-CU060-10GC(DA1691703)  Source-Line:libMVGigEVisionSDK.so(GigEVisionGVSP.cpp-L0690)  ProcessName:python3.12(115438)     Description:[GVSPThreadProc]GvspTimeout[300], ResendEnable[1], ResendTimeInterval[10], ResendRetryTimes[20], ResendTimeout[50], MaxResendPktsNum[4276]
Info    2026-08-19 14:03:53:454  DevID:MV-CU060-10GC(DA1691703)  Source-Line:libMVGigEVisionSDK.so(StreamChannel.cpp-L1787)  ProcessName:python3.12(115438)     Description:[StartProxy][0]Stream proxy start, Socket mode, GvspDstPort[37351], bResendEnable[1], GvspTimeout[300], ResendTimeInterval[10], SCPS[1500], nPayloadSize[6295104], 3DSpecMode[0], CompressMode[0], bSupportAnnounceBuffer[0]
Info    2026-08-19 14:03:53:454  DevID:MV-CU060-10GC(DA1691703)  Source-Line:libMVGigEVisionSDK.so(GigEVisionGVSP.cpp-L0671)  ProcessName:python3.12(115438)     Description:[GVSPResendThread]GVSPResendThread Start, ThreadId[128553576289984]
Info    2026-08-19 14:03:53:454  DevID:MV-CU060-10GC(DA1691703)  Source-Line:libMVGigEVisionSDK.so(GigEVisionManager.cpp-L2137)  ProcessName:python3.12(115438)     Description:[GiGEVision_StartAcquisition]m_nPrivilegeMode[1]
Info    2026-08-19 14:03:53:456  DevID:MV-CU060-10GC(DA1691703)  Source-Line:libMVGigEVisionSDK.so(GigEVisionManager.cpp-L2164)  ProcessName:python3.12(115438)     Description:[GiGEVision_StartAcquisition][0] [GVCP]GvspSendIP[192.168.1.21], GvspSendPort[37351]
Info    2026-08-19 14:03:53:456  DevID:MV-CU060-10GC(DA1691703)  Source-Line:libMVGigEVisionSDK.so(GigEVisionManager.cpp-L2168)  ProcessName:python3.12(115438)     Description:[GiGEVision_StartAcquisition][0] Acquisition Start Success, use 4 ms
Info    2026-08-19 14:03:53:924  DevID:MV-CU060-10GC(DA1691703)  Source-Line:libMVGigEVisionSDK.so(GigEVisionGVSP.cpp-L0658)  ProcessName:python3.12(115438)     Description:[GVSPThread]GVSPThread End, ThreadId[128553567897280]
Warning 2026-08-19 14:03:53:924  DevID:MV-CU060-10GC(DA1691703)  Source-Line:libMVGigEVisionSDK.so(GigEVisionGVSP.cpp-L0775)  ProcessName:python3.12(115438)     Description:[GVSPResendThreadProc]WaitForSingleEvent(Timer) failed: 0x6e
Info    2026-08-19 14:03:53:924  DevID:MV-CU060-10GC(DA1691703)  Source-Line:libMVGigEVisionSDK.so(GigEVisionGVSP.cpp-L0673)  ProcessName:python3.12(115438)     Description:[GVSPResendThread]GVSPResendThread End, ThreadId[128553576289984]
Info    2026-08-19 14:03:53:924  DevID:MV-CU060-10GC(DA1691703)  Source-Line:libMVGigEVisionSDK.so(StreamChannel.cpp-L1069)  ProcessName:python3.12(115438)     Description:[Stop][0] [Socket Mode] GetCount[5], GetCountSucceed[5], NetReceive[5], ThrowAbnormalImage[0], NetLostFrame[0], ThrowInBufList[0], LostPackets[0]
Info    2026-08-19 14:03:53:924  DevID:MV-CU060-10GC(DA1691703)  Source-Line:libMVGigEVisionSDK.so(GigEVisionManager.cpp-L2238)  ProcessName:python3.12(115438)     Description:[GiGEVision_StopAcquisition][0] Acquisition Stop Success, use 10 ms
Info    2026-08-19 14:04:19:551  DevID:MV-CU060-10GC(DA1691703)  Source-Line:libMVGigEVisionSDK.so(GigEVisionBufferManager.cpp-L0382)  ProcessName:python3.12(115438)     Description:[GigEBufferManager_Init]Main Buffer List'Length is 2, Lock Buffer List's Length is 1
Info    2026-08-19 14:04:19:551  DevID:MV-CU060-10GC(DA1691703)  Source-Line:libMVGigEVisionSDK.so(GigEVisionGVSP.cpp-L0656)  ProcessName:python3.12(115438)     Description:[GVSPThread]GVSPThread Start, ThreadId[128553576289984]
Info    2026-08-19 14:04:19:551  DevID:MV-CU060-10GC(DA1691703)  Source-Line:libMVGigEVisionSDK.so(StreamChannel.cpp-L1787)  ProcessName:python3.12(115438)     Description:[StartProxy][0]Stream proxy start, Socket mode, GvspDstPort[37351], bResendEnable[1], GvspTimeout[300], ResendTimeInterval[10], SCPS[1500], nPayloadSize[6295104], 3DSpecMode[0], CompressMode[0], bSupportAnnounceBuffer[0]
Info    2026-08-19 14:04:19:551  DevID:MV-CU060-10GC(DA1691703)  Source-Line:libMVGigEVisionSDK.so(GigEVisionGVSP.cpp-L0671)  ProcessName:python3.12(115438)     Description:[GVSPResendThread]GVSPResendThread Start, ThreadId[128553567897280]
Info    2026-08-19 14:04:19:551  DevID:MV-CU060-10GC(DA1691703)  Source-Line:libMVGigEVisionSDK.so(GigEVisionGVSP.cpp-L0690)  ProcessName:python3.12(115438)     Description:[GVSPThreadProc]GvspTimeout[300], ResendEnable[1], ResendTimeInterval[10], ResendRetryTimes[20], ResendTimeout[50], MaxResendPktsNum[4276]
Info    2026-08-19 14:04:19:551  DevID:MV-CU060-10GC(DA1691703)  Source-Line:libMVGigEVisionSDK.so(GigEVisionManager.cpp-L2137)  ProcessName:python3.12(115438)     Description:[GiGEVision_StartAcquisition]m_nPrivilegeMode[1]
Info    2026-08-19 14:04:19:553  DevID:MV-CU060-10GC(DA1691703)  Source-Line:libMVGigEVisionSDK.so(GigEVisionManager.cpp-L2164)  ProcessName:python3.12(115438)     Description:[GiGEVision_StartAcquisition][0] [GVCP]GvspSendIP[192.168.1.21], GvspSendPort[37351]
Info    2026-08-19 14:04:19:553  DevID:MV-CU060-10GC(DA1691703)  Source-Line:libMVGigEVisionSDK.so(GigEVisionManager.cpp-L2168)  ProcessName:python3.12(115438)     Description:[GiGEVision_StartAcquisition][0] Acquisition Start Success, use 3 ms
Info    2026-08-19 14:04:20:058  DevID:MV-CU060-10GC(DA1691703)  Source-Line:libMVGigEVisionSDK.so(GigEVisionGVSP.cpp-L0673)  ProcessName:python3.12(115438)     Description:[GVSPResendThread]GVSPResendThread End, ThreadId[128553567897280]
Info    2026-08-19 14:04:20:062  DevID:MV-CU060-10GC(DA1691703)  Source-Line:libMVGigEVisionSDK.so(GigEVisionGVSP.cpp-L0658)  ProcessName:python3.12(115438)     Description:[GVSPThread]GVSPThread End, ThreadId[128553576289984]
Info    2026-08-19 14:04:20:062  DevID:MV-CU060-10GC(DA1691703)  Source-Line:libMVGigEVisionSDK.so(StreamChannel.cpp-L1069)  ProcessName:python3.12(115438)     Description:[Stop][0] [Socket Mode] GetCount[5], GetCountSucceed[5], NetReceive[6], ThrowAbnormalImage[0], NetLostFrame[0], ThrowInBufList[0], LostPackets[0]
Info    2026-08-19 14:04:20:062  DevID:MV-CU060-10GC(DA1691703)  Source-Line:libMVGigEVisionSDK.so(GigEVisionManager.cpp-L2238)  ProcessName:python3.12(115438)     Description:[GiGEVision_StopAcquisition][0] Acquisition Stop Success, use 7 ms
Info    2026-08-19 14:04:24:552  DevID:MV-CU060-10GC(DA1691703)  Source-Line:libMVGigEVisionSDK.so(GigEVisionBufferManager.cpp-L0382)  ProcessName:python3.12(115438)     Description:[GigEBufferManager_Init]Main Buffer List'Length is 2, Lock Buffer List's Length is 1
Info    2026-08-19 14:04:24:552  DevID:MV-CU060-10GC(DA1691703)  Source-Line:libMVGigEVisionSDK.so(StreamChannel.cpp-L1787)  ProcessName:python3.12(115438)     Description:[StartProxy][0]Stream proxy start, Socket mode, GvspDstPort[37351], bResendEnable[1], GvspTimeout[300], ResendTimeInterval[10], SCPS[1500], nPayloadSize[6295104], 3DSpecMode[0], CompressMode[0], bSupportAnnounceBuffer[0]
Info    2026-08-19 14:04:24:552  DevID:MV-CU060-10GC(DA1691703)  Source-Line:libMVGigEVisionSDK.so(GigEVisionGVSP.cpp-L0656)  ProcessName:python3.12(115438)     Description:[GVSPThread]GVSPThread Start, ThreadId[128553567897280]
Info    2026-08-19 14:04:24:552  DevID:MV-CU060-10GC(DA1691703)  Source-Line:libMVGigEVisionSDK.so(GigEVisionGVSP.cpp-L0671)  ProcessName:python3.12(115438)     Description:[GVSPResendThread]GVSPResendThread Start, ThreadId[128553576289984]
Info    2026-08-19 14:04:24:552  DevID:MV-CU060-10GC(DA1691703)  Source-Line:libMVGigEVisionSDK.so(GigEVisionGVSP.cpp-L0690)  ProcessName:python3.12(115438)     Description:[GVSPThreadProc]GvspTimeout[300], ResendEnable[1], ResendTimeInterval[10], ResendRetryTimes[20], ResendTimeout[50], MaxResendPktsNum[4276]
Info    2026-08-19 14:04:24:552  DevID:MV-CU060-10GC(DA1691703)  Source-Line:libMVGigEVisionSDK.so(GigEVisionManager.cpp-L2137)  ProcessName:python3.12(115438)     Description:[GiGEVision_StartAcquisition]m_nPrivilegeMode[1]
Info    2026-08-19 14:04:24:554  DevID:MV-CU060-10GC(DA1691703)  Source-Line:libMVGigEVisionSDK.so(GigEVisionManager.cpp-L2164)  ProcessName:python3.12(115438)     Description:[GiGEVision_StartAcquisition][0] [GVCP]GvspSendIP[192.168.1.21], GvspSendPort[37351]
Info    2026-08-19 14:04:24:554  DevID:MV-CU060-10GC(DA1691703)  Source-Line:libMVGigEVisionSDK.so(GigEVisionManager.cpp-L2168)  ProcessName:python3.12(115438)     Description:[GiGEVision_StartAcquisition][0] Acquisition Start Success, use 4 ms
Info    2026-08-19 14:04:24:959  DevID:MV-CU060-10GC(DA1691703)  Source-Line:libMVGigEVisionSDK.so(GigEVisionGVSP.cpp-L0438)  ProcessName:python3.12(115438)     Description:[TrimOutputQueue]TrimOutputQueue ThrowInBufList[1]
Warning 2026-08-19 14:04:24:965  DevID:MV-CU060-10GC(DA1691703)  Source-Line:libMVGigEVisionSDK.so(StreamChannel.cpp-L3070)  ProcessName:python3.12(115438)     Description:[GetImageBuffer][GetImageBuffer]The frame number is not continuous, PreFrameNum[3], CurFrameNum[140724603453445]
Info    2026-08-19 14:04:25:171  DevID:MV-CU060-10GC(DA1691703)  Source-Line:libMVGigEVisionSDK.so(GigEVisionGVSP.cpp-L0658)  ProcessName:python3.12(115438)     Description:[GVSPThread]GVSPThread End, ThreadId[128553567897280]
Warning 2026-08-19 14:04:25:171  DevID:MV-CU060-10GC(DA1691703)  Source-Line:libMVGigEVisionSDK.so(GigEVisionGVSP.cpp-L0775)  ProcessName:python3.12(115438)     Description:[GVSPResendThreadProc]WaitForSingleEvent(Timer) failed: 0x6e
Info    2026-08-19 14:04:25:171  DevID:MV-CU060-10GC(DA1691703)  Source-Line:libMVGigEVisionSDK.so(GigEVisionGVSP.cpp-L0673)  ProcessName:python3.12(115438)     Description:[GVSPResendThread]GVSPResendThread End, ThreadId[128553576289984]
Info    2026-08-19 14:04:25:171  DevID:MV-CU060-10GC(DA1691703)  Source-Line:libMVGigEVisionSDK.so(StreamChannel.cpp-L1069)  ProcessName:python3.12(115438)     Description:[Stop][0] [Socket Mode] GetCount[5], GetCountSucceed[5], NetReceive[7], ThrowAbnormalImage[0], NetLostFrame[0], ThrowInBufList[1], LostPackets[0]
Info    2026-08-19 14:04:25:171  DevID:MV-CU060-10GC(DA1691703)  Source-Line:libMVGigEVisionSDK.so(GigEVisionManager.cpp-L2238)  ProcessName:python3.12(115438)     Description:[GiGEVision_StopAcquisition][0] Acquisition Stop Success, use 6 ms
Info    2026-08-19 14:04:54:732  DevID:MV-CU060-10GC(DA1691703)  Source-Line:libMVGigEVisionSDK.so(GigEVisionBufferManager.cpp-L0382)  ProcessName:python3.12(115438)     Description:[GigEBufferManager_Init]Main Buffer List'Length is 2, Lock Buffer List's Length is 1
Info    2026-08-19 14:04:54:732  DevID:MV-CU060-10GC(DA1691703)  Source-Line:libMVGigEVisionSDK.so(GigEVisionGVSP.cpp-L0656)  ProcessName:python3.12(115438)     Description:[GVSPThread]GVSPThread Start, ThreadId[128553576289984]
Info    2026-08-19 14:04:54:732  DevID:MV-CU060-10GC(DA1691703)  Source-Line:libMVGigEVisionSDK.so(GigEVisionGVSP.cpp-L0690)  ProcessName:python3.12(115438)     Description:[GVSPThreadProc]GvspTimeout[300], ResendEnable[1], ResendTimeInterval[10], ResendRetryTimes[20], ResendTimeout[50], MaxResendPktsNum[4276]
Info    2026-08-19 14:04:54:732  DevID:MV-CU060-10GC(DA1691703)  Source-Line:libMVGigEVisionSDK.so(StreamChannel.cpp-L1787)  ProcessName:python3.12(115438)     Description:[StartProxy][0]Stream proxy start, Socket mode, GvspDstPort[37351], bResendEnable[1], GvspTimeout[300], ResendTimeInterval[10], SCPS[1500], nPayloadSize[6295104], 3DSpecMode[0], CompressMode[0], bSupportAnnounceBuffer[0]
Info    2026-08-19 14:04:54:732  DevID:MV-CU060-10GC(DA1691703)  Source-Line:libMVGigEVisionSDK.so(GigEVisionManager.cpp-L2137)  ProcessName:python3.12(115438)     Description:[GiGEVision_StartAcquisition]m_nPrivilegeMode[1]
Info    2026-08-19 14:04:54:733  DevID:MV-CU060-10GC(DA1691703)  Source-Line:libMVGigEVisionSDK.so(GigEVisionGVSP.cpp-L0671)  ProcessName:python3.12(115438)     Description:[GVSPResendThread]GVSPResendThread Start, ThreadId[128553567897280]
Info    2026-08-19 14:04:54:735  DevID:MV-CU060-10GC(DA1691703)  Source-Line:libMVGigEVisionSDK.so(GigEVisionManager.cpp-L2164)  ProcessName:python3.12(115438)     Description:[GiGEVision_StartAcquisition][0] [GVCP]GvspSendIP[192.168.1.21], GvspSendPort[37351]
Info    2026-08-19 14:04:54:735  DevID:MV-CU060-10GC(DA1691703)  Source-Line:libMVGigEVisionSDK.so(GigEVisionManager.cpp-L2168)  ProcessName:python3.12(115438)     Description:[GiGEVision_StartAcquisition][0] Acquisition Start Success, use 5 ms
Info    2026-08-19 14:04:55:140  DevID:MV-CU060-10GC(DA1691703)  Source-Line:libMVGigEVisionSDK.so(GigEVisionGVSP.cpp-L0438)  ProcessName:python3.12(115438)     Description:[TrimOutputQueue]TrimOutputQueue ThrowInBufList[1]
Warning 2026-08-19 14:04:55:177  DevID:MV-CU060-10GC(DA1691703)  Source-Line:libMVGigEVisionSDK.so(StreamChannel.cpp-L3070)  ProcessName:python3.12(115438)     Description:[GetImageBuffer][GetImageBuffer]The frame number is not continuous, PreFrameNum[3], CurFrameNum[140724603453445]
Info    2026-08-19 14:04:55:275  DevID:MV-CU060-10GC(DA1691703)  Source-Line:libMVGigEVisionSDK.so(GigEVisionGVSP.cpp-L0438)  ProcessName:python3.12(115438)     Description:[TrimOutputQueue]TrimOutputQueue ThrowInBufList[2]
Warning 2026-08-19 14:04:55:287  DevID:MV-CU060-10GC(DA1691703)  Source-Line:libMVGigEVisionSDK.so(StreamChannel.cpp-L3070)  ProcessName:python3.12(115438)     Description:[GetImageBuffer][GetImageBuffer]The frame number is not continuous, PreFrameNum[5], CurFrameNum[140724603453447]
Info    2026-08-19 14:04:55:386  DevID:MV-CU060-10GC(DA1691703)  Source-Line:libMVGigEVisionSDK.so(GigEVisionGVSP.cpp-L0658)  ProcessName:python3.12(115438)     Description:[GVSPThread]GVSPThread End, ThreadId[128553576289984]
Info    2026-08-19 14:04:55:386  DevID:MV-CU060-10GC(DA1691703)  Source-Line:libMVGigEVisionSDK.so(GigEVisionGVSP.cpp-L0673)  ProcessName:python3.12(115438)     Description:[GVSPResendThread]GVSPResendThread End, ThreadId[128553567897280]
Info    2026-08-19 14:04:55:386  DevID:MV-CU060-10GC(DA1691703)  Source-Line:libMVGigEVisionSDK.so(StreamChannel.cpp-L1069)  ProcessName:python3.12(115438)     Description:[Stop][0] [Socket Mode] GetCount[5], GetCountSucceed[5], NetReceive[8], ThrowAbnormalImage[0], NetLostFrame[0], ThrowInBufList[2], LostPackets[0]
Info    2026-08-19 14:04:55:387  DevID:MV-CU060-10GC(DA1691703)  Source-Line:libMVGigEVisionSDK.so(GigEVisionManager.cpp-L2238)  ProcessName:python3.12(115438)     Description:[GiGEVision_StopAcquisition][0] Acquisition Stop Success, use 1 ms
Info    2026-08-19 14:04:59:330  DevID:MV-CU060-10GC(DA1691703)  Source-Line:libMVGigEVisionSDK.so(GigEVisionBufferManager.cpp-L0382)  ProcessName:python3.12(115438)     Description:[GigEBufferManager_Init]Main Buffer List'Length is 2, Lock Buffer List's Length is 1
Info    2026-08-19 14:04:59:330  DevID:MV-CU060-10GC(DA1691703)  Source-Line:libMVGigEVisionSDK.so(GigEVisionGVSP.cpp-L0656)  ProcessName:python3.12(115438)     Description:[GVSPThread]GVSPThread Start, ThreadId[128553567897280]
Info    2026-08-19 14:04:59:330  DevID:MV-CU060-10GC(DA1691703)  Source-Line:libMVGigEVisionSDK.so(StreamChannel.cpp-L1787)  ProcessName:python3.12(115438)     Description:[StartProxy][0]Stream proxy start, Socket mode, GvspDstPort[37351], bResendEnable[1], GvspTimeout[300], ResendTimeInterval[10], SCPS[1500], nPayloadSize[6295104], 3DSpecMode[0], CompressMode[0], bSupportAnnounceBuffer[0]
Info    2026-08-19 14:04:59:330  DevID:MV-CU060-10GC(DA1691703)  Source-Line:libMVGigEVisionSDK.so(GigEVisionGVSP.cpp-L0690)  ProcessName:python3.12(115438)     Description:[GVSPThreadProc]GvspTimeout[300], ResendEnable[1], ResendTimeInterval[10], ResendRetryTimes[20], ResendTimeout[50], MaxResendPktsNum[4276]
Info    2026-08-19 14:04:59:330  DevID:MV-CU060-10GC(DA1691703)  Source-Line:libMVGigEVisionSDK.so(GigEVisionManager.cpp-L2137)  ProcessName:python3.12(115438)     Description:[GiGEVision_StartAcquisition]m_nPrivilegeMode[1]
Info    2026-08-19 14:04:59:330  DevID:MV-CU060-10GC(DA1691703)  Source-Line:libMVGigEVisionSDK.so(GigEVisionGVSP.cpp-L0671)  ProcessName:python3.12(115438)     Description:[GVSPResendThread]GVSPResendThread Start, ThreadId[128553576289984]
Info    2026-08-19 14:04:59:332  DevID:MV-CU060-10GC(DA1691703)  Source-Line:libMVGigEVisionSDK.so(GigEVisionManager.cpp-L2164)  ProcessName:python3.12(115438)     Description:[GiGEVision_StartAcquisition][0] [GVCP]GvspSendIP[192.168.1.21], GvspSendPort[37351]
Info    2026-08-19 14:04:59:332  DevID:MV-CU060-10GC(DA1691703)  Source-Line:libMVGigEVisionSDK.so(GigEVisionManager.cpp-L2168)  ProcessName:python3.12(115438)     Description:[GiGEVision_StartAcquisition][0] Acquisition Start Success, use 3 ms
Info    2026-08-19 14:04:59:680  DevID:MV-CU060-10GC(DA1691703)  Source-Line:libMVGigEVisionSDK.so(GigEVisionGVSP.cpp-L0438)  ProcessName:python3.12(115438)     Description:[TrimOutputQueue]TrimOutputQueue ThrowInBufList[1]
Warning 2026-08-19 14:04:59:692  DevID:MV-CU060-10GC(DA1691703)  Source-Line:libMVGigEVisionSDK.so(StreamChannel.cpp-L3070)  ProcessName:python3.12(115438)     Description:[GetImageBuffer][GetImageBuffer]The frame number is not continuous, PreFrameNum[2], CurFrameNum[140724603453444]
Info    2026-08-19 14:04:59:888  DevID:MV-CU060-10GC(DA1691703)  Source-Line:libMVGigEVisionSDK.so(GigEVisionGVSP.cpp-L0438)  ProcessName:python3.12(115438)     Description:[TrimOutputQueue]TrimOutputQueue ThrowInBufList[2]
Warning 2026-08-19 14:04:59:929  DevID:MV-CU060-10GC(DA1691703)  Source-Line:libMVGigEVisionSDK.so(StreamChannel.cpp-L3070)  ProcessName:python3.12(115438)     Description:[GetImageBuffer][GetImageBuffer]The frame number is not continuous, PreFrameNum[5], CurFrameNum[140724603453447]
Info    2026-08-19 14:05:00:024  DevID:MV-CU060-10GC(DA1691703)  Source-Line:libMVGigEVisionSDK.so(GigEVisionGVSP.cpp-L0438)  ProcessName:python3.12(115438)     Description:[TrimOutputQueue]TrimOutputQueue ThrowInBufList[3]
Info    2026-08-19 14:05:00:070  DevID:MV-CU060-10GC(DA1691703)  Source-Line:libMVGigEVisionSDK.so(GigEVisionGVSP.cpp-L0673)  ProcessName:python3.12(115438)     Description:[GVSPResendThread]GVSPResendThread End, ThreadId[128553576289984]
Info    2026-08-19 14:05:00:073  DevID:MV-CU060-10GC(DA1691703)  Source-Line:libMVGigEVisionSDK.so(GigEVisionGVSP.cpp-L0658)  ProcessName:python3.12(115438)     Description:[GVSPThread]GVSPThread End, ThreadId[128553567897280]
Info    2026-08-19 14:05:00:074  DevID:MV-CU060-10GC(DA1691703)  Source-Line:libMVGigEVisionSDK.so(StreamChannel.cpp-L1069)  ProcessName:python3.12(115438)     Description:[Stop][0] [Socket Mode] GetCount[5], GetCountSucceed[5], NetReceive[9], ThrowAbnormalImage[0], NetLostFrame[0], ThrowInBufList[3], LostPackets[0]
Info    2026-08-19 14:05:00:074  DevID:MV-CU060-10GC(DA1691703)  Source-Line:libMVGigEVisionSDK.so(GigEVisionManager.cpp-L2238)  ProcessName:python3.12(115438)     Description:[GiGEVision_StopAcquisition][0] Acquisition Stop Success, use 8 ms
Info    2026-08-19 14:05:03:628  DevID:MV-CU060-10GC(DA1691703)  Source-Line:libMVGigEVisionSDK.so(GigEVisionBufferManager.cpp-L0382)  ProcessName:python3.12(115438)     Description:[GigEBufferManager_Init]Main Buffer List'Length is 2, Lock Buffer List's Length is 1
Info    2026-08-19 14:05:03:628  DevID:MV-CU060-10GC(DA1691703)  Source-Line:libMVGigEVisionSDK.so(StreamChannel.cpp-L1787)  ProcessName:python3.12(115438)     Description:[StartProxy][0]Stream proxy start, Socket mode, GvspDstPort[37351], bResendEnable[1], GvspTimeout[300], ResendTimeInterval[10], SCPS[1500], nPayloadSize[6295104], 3DSpecMode[0], CompressMode[0], bSupportAnnounceBuffer[0]
Info    2026-08-19 14:05:03:628  DevID:MV-CU060-10GC(DA1691703)  Source-Line:libMVGigEVisionSDK.so(GigEVisionGVSP.cpp-L0671)  ProcessName:python3.12(115438)     Description:[GVSPResendThread]GVSPResendThread Start, ThreadId[128553567897280]
Info    2026-08-19 14:05:03:628  DevID:MV-CU060-10GC(DA1691703)  Source-Line:libMVGigEVisionSDK.so(GigEVisionManager.cpp-L2137)  ProcessName:python3.12(115438)     Description:[GiGEVision_StartAcquisition]m_nPrivilegeMode[1]
Info    2026-08-19 14:05:03:628  DevID:MV-CU060-10GC(DA1691703)  Source-Line:libMVGigEVisionSDK.so(GigEVisionGVSP.cpp-L0656)  ProcessName:python3.12(115438)     Description:[GVSPThread]GVSPThread Start, ThreadId[128553576289984]
Info    2026-08-19 14:05:03:628  DevID:MV-CU060-10GC(DA1691703)  Source-Line:libMVGigEVisionSDK.so(GigEVisionGVSP.cpp-L0690)  ProcessName:python3.12(115438)     Description:[GVSPThreadProc]GvspTimeout[300], ResendEnable[1], ResendTimeInterval[10], ResendRetryTimes[20], ResendTimeout[50], MaxResendPktsNum[4276]
Info    2026-08-19 14:05:03:630  DevID:MV-CU060-10GC(DA1691703)  Source-Line:libMVGigEVisionSDK.so(GigEVisionManager.cpp-L2164)  ProcessName:python3.12(115438)     Description:[GiGEVision_StartAcquisition][0] [GVCP]GvspSendIP[192.168.1.21], GvspSendPort[37351]
Info    2026-08-19 14:05:03:630  DevID:MV-CU060-10GC(DA1691703)  Source-Line:libMVGigEVisionSDK.so(GigEVisionManager.cpp-L2168)  ProcessName:python3.12(115438)     Description:[GiGEVision_StartAcquisition][0] Acquisition Start Success, use 3 ms
Info    2026-08-19 14:05:04:073  DevID:MV-CU060-10GC(DA1691703)  Source-Line:libMVGigEVisionSDK.so(GigEVisionGVSP.cpp-L0658)  ProcessName:python3.12(115438)     Description:[GVSPThread]GVSPThread End, ThreadId[128553576289984]
Warning 2026-08-19 14:05:04:073  DevID:MV-CU060-10GC(DA1691703)  Source-Line:libMVGigEVisionSDK.so(GigEVisionGVSP.cpp-L0775)  ProcessName:python3.12(115438)     Description:[GVSPResendThreadProc]WaitForSingleEvent(Timer) failed: 0x6e
Info    2026-08-19 14:05:04:073  DevID:MV-CU060-10GC(DA1691703)  Source-Line:libMVGigEVisionSDK.so(GigEVisionGVSP.cpp-L0673)  ProcessName:python3.12(115438)     Description:[GVSPResendThread]GVSPResendThread End, ThreadId[128553567897280]
Info    2026-08-19 14:05:04:073  DevID:MV-CU060-10GC(DA1691703)  Source-Line:libMVGigEVisionSDK.so(StreamChannel.cpp-L1069)  ProcessName:python3.12(115438)     Description:[Stop][0] [Socket Mode] GetCount[5], GetCountSucceed[5], NetReceive[5], ThrowAbnormalImage[0], NetLostFrame[0], ThrowInBufList[0], LostPackets[0]
Info    2026-08-19 14:05:04:073  DevID:MV-CU060-10GC(DA1691703)  Source-Line:libMVGigEVisionSDK.so(GigEVisionManager.cpp-L2238)  ProcessName:python3.12(115438)     Description:[GiGEVision_StopAcquisition][0] Acquisition Stop Success, use 7 ms
Info    2026-08-19 14:22:23:492  DevID:MV-CU060-10GC(DA1691703)  Source-Line:libMVGigEVisionSDK.so(GigEVisionBufferManager.cpp-L0382)  ProcessName:python3.12(115438)     Description:[GigEBufferManager_Init]Main Buffer List'Length is 2, Lock Buffer List's Length is 1
Info    2026-08-19 14:22:23:493  DevID:MV-CU060-10GC(DA1691703)  Source-Line:libMVGigEVisionSDK.so(GigEVisionGVSP.cpp-L0656)  ProcessName:python3.12(115438)     Description:[GVSPThread]GVSPThread Start, ThreadId[128553567897280]
Info    2026-08-19 14:22:23:493  DevID:MV-CU060-10GC(DA1691703)  Source-Line:libMVGigEVisionSDK.so(StreamChannel.cpp-L1787)  ProcessName:python3.12(115438)     Description:[StartProxy][0]Stream proxy start, Socket mode, GvspDstPort[37351], bResendEnable[1], GvspTimeout[300], ResendTimeInterval[10], SCPS[1500], nPayloadSize[6295104], 3DSpecMode[0], CompressMode[0], bSupportAnnounceBuffer[0]
Info    2026-08-19 14:22:23:493  DevID:MV-CU060-10GC(DA1691703)  Source-Line:libMVGigEVisionSDK.so(GigEVisionGVSP.cpp-L0690)  ProcessName:python3.12(115438)     Description:[GVSPThreadProc]GvspTimeout[300], ResendEnable[1], ResendTimeInterval[10], ResendRetryTimes[20], ResendTimeout[50], MaxResendPktsNum[4276]
Info    2026-08-19 14:22:23:493  DevID:MV-CU060-10GC(DA1691703)  Source-Line:libMVGigEVisionSDK.so(GigEVisionGVSP.cpp-L0671)  ProcessName:python3.12(115438)     Description:[GVSPResendThread]GVSPResendThread Start, ThreadId[128553576289984]
Info    2026-08-19 14:22:23:493  DevID:MV-CU060-10GC(DA1691703)  Source-Line:libMVGigEVisionSDK.so(GigEVisionManager.cpp-L2137)  ProcessName:python3.12(115438)     Description:[GiGEVision_StartAcquisition]m_nPrivilegeMode[1]
Info    2026-08-19 14:22:23:495  DevID:MV-CU060-10GC(DA1691703)  Source-Line:libMVGigEVisionSDK.so(GigEVisionManager.cpp-L2164)  ProcessName:python3.12(115438)     Description:[GiGEVision_StartAcquisition][0] [GVCP]GvspSendIP[192.168.1.21], GvspSendPort[37351]
Info    2026-08-19 14:22:23:495  DevID:MV-CU060-10GC(DA1691703)  Source-Line:libMVGigEVisionSDK.so(GigEVisionManager.cpp-L2168)  ProcessName:python3.12(115438)     Description:[GiGEVision_StartAcquisition][0] Acquisition Start Success, use 3 ms
Info    2026-08-19 14:22:23:937  DevID:MV-CU060-10GC(DA1691703)  Source-Line:libMVGigEVisionSDK.so(GigEVisionGVSP.cpp-L0658)  ProcessName:python3.12(115438)     Description:[GVSPThread]GVSPThread End, ThreadId[128553567897280]
Warning 2026-08-19 14:22:23:937  DevID:MV-CU060-10GC(DA1691703)  Source-Line:libMVGigEVisionSDK.so(GigEVisionGVSP.cpp-L0775)  ProcessName:python3.12(115438)     Description:[GVSPResendThreadProc]WaitForSingleEvent(Timer) failed: 0x6e
Info    2026-08-19 14:22:23:937  DevID:MV-CU060-10GC(DA1691703)  Source-Line:libMVGigEVisionSDK.so(GigEVisionGVSP.cpp-L0673)  ProcessName:python3.12(115438)     Description:[GVSPResendThread]GVSPResendThread End, ThreadId[128553576289984]
Info    2026-08-19 14:22:23:937  DevID:MV-CU060-10GC(DA1691703)  Source-Line:libMVGigEVisionSDK.so(StreamChannel.cpp-L1069)  ProcessName:python3.12(115438)     Description:[Stop][0] [Socket Mode] GetCount[5], GetCountSucceed[5], NetReceive[5], ThrowAbnormalImage[0], NetLostFrame[0], ThrowInBufList[0], LostPackets[0]
Info    2026-08-19 14:22:23:937  DevID:MV-CU060-10GC(DA1691703)  Source-Line:libMVGigEVisionSDK.so(GigEVisionManager.cpp-L2238)  ProcessName:python3.12(115438)     Description:[GiGEVision_StopAcquisition][0] Acquisition Stop Success, use 3 ms
Info    2026-08-19 14:22:40:977  DevID:MV-CU060-10GC(DA1691703)  Source-Line:libMVGigEVisionSDK.so(GigEVisionBufferManager.cpp-L0382)  ProcessName:python3.12(115438)     Description:[GigEBufferManager_Init]Main Buffer List'Length is 2, Lock Buffer List's Length is 1
Info    2026-08-19 14:22:40:977  DevID:MV-CU060-10GC(DA1691703)  Source-Line:libMVGigEVisionSDK.so(GigEVisionGVSP.cpp-L0656)  ProcessName:python3.12(115438)     Description:[GVSPThread]GVSPThread Start, ThreadId[128553576289984]
Info    2026-08-19 14:22:40:977  DevID:MV-CU060-10GC(DA1691703)  Source-Line:libMVGigEVisionSDK.so(StreamChannel.cpp-L1787)  ProcessName:python3.12(115438)     Description:[StartProxy][0]Stream proxy start, Socket mode, GvspDstPort[37351], bResendEnable[1], GvspTimeout[300], ResendTimeInterval[10], SCPS[1500], nPayloadSize[6295104], 3DSpecMode[0], CompressMode[0], bSupportAnnounceBuffer[0]
Info    2026-08-19 14:22:40:977  DevID:MV-CU060-10GC(DA1691703)  Source-Line:libMVGigEVisionSDK.so(GigEVisionGVSP.cpp-L0690)  ProcessName:python3.12(115438)     Description:[GVSPThreadProc]GvspTimeout[300], ResendEnable[1], ResendTimeInterval[10], ResendRetryTimes[20], ResendTimeout[50], MaxResendPktsNum[4276]
Info    2026-08-19 14:22:40:977  DevID:MV-CU060-10GC(DA1691703)  Source-Line:libMVGigEVisionSDK.so(GigEVisionGVSP.cpp-L0671)  ProcessName:python3.12(115438)     Description:[GVSPResendThread]GVSPResendThread Start, ThreadId[128553567897280]
Info    2026-08-19 14:22:40:977  DevID:MV-CU060-10GC(DA1691703)  Source-Line:libMVGigEVisionSDK.so(GigEVisionManager.cpp-L2137)  ProcessName:python3.12(115438)     Description:[GiGEVision_StartAcquisition]m_nPrivilegeMode[1]
Info    2026-08-19 14:22:40:980  DevID:MV-CU060-10GC(DA1691703)  Source-Line:libMVGigEVisionSDK.so(GigEVisionManager.cpp-L2164)  ProcessName:python3.12(115438)     Description:[GiGEVision_StartAcquisition][0] [GVCP]GvspSendIP[192.168.1.21], GvspSendPort[37351]
Info    2026-08-19 14:22:40:980  DevID:MV-CU060-10GC(DA1691703)  Source-Line:libMVGigEVisionSDK.so(GigEVisionManager.cpp-L2168)  ProcessName:python3.12(115438)     Description:[GiGEVision_StartAcquisition][0] Acquisition Start Success, use 4 ms
Info    2026-08-19 14:22:41:385  DevID:MV-CU060-10GC(DA1691703)  Source-Line:libMVGigEVisionSDK.so(GigEVisionGVSP.cpp-L0438)  ProcessName:python3.12(115438)     Description:[TrimOutputQueue]TrimOutputQueue ThrowInBufList[1]
Warning 2026-08-19 14:22:41:419  DevID:MV-CU060-10GC(DA1691703)  Source-Line:libMVGigEVisionSDK.so(StreamChannel.cpp-L3070)  ProcessName:python3.12(115438)     Description:[GetImageBuffer][GetImageBuffer]The frame number is not continuous, PreFrameNum[3], CurFrameNum[140724603453445]
Info    2026-08-19 14:22:41:520  DevID:MV-CU060-10GC(DA1691703)  Source-Line:libMVGigEVisionSDK.so(GigEVisionGVSP.cpp-L0438)  ProcessName:python3.12(115438)     Description:[TrimOutputQueue]TrimOutputQueue ThrowInBufList[2]
Warning 2026-08-19 14:22:41:528  DevID:MV-CU060-10GC(DA1691703)  Source-Line:libMVGigEVisionSDK.so(StreamChannel.cpp-L3070)  ProcessName:python3.12(115438)     Description:[GetImageBuffer][GetImageBuffer]The frame number is not continuous, PreFrameNum[5], CurFrameNum[140724603453447]
Info    2026-08-19 14:22:41:654  DevID:MV-CU060-10GC(DA1691703)  Source-Line:libMVGigEVisionSDK.so(GigEVisionGVSP.cpp-L0673)  ProcessName:python3.12(115438)     Description:[GVSPResendThread]GVSPResendThread End, ThreadId[128553567897280]
Info    2026-08-19 14:22:41:655  DevID:MV-CU060-10GC(DA1691703)  Source-Line:libMVGigEVisionSDK.so(GigEVisionGVSP.cpp-L0658)  ProcessName:python3.12(115438)     Description:[GVSPThread]GVSPThread End, ThreadId[128553576289984]
Info    2026-08-19 14:22:41:655  DevID:MV-CU060-10GC(DA1691703)  Source-Line:libMVGigEVisionSDK.so(StreamChannel.cpp-L1069)  ProcessName:python3.12(115438)     Description:[Stop][0] [Socket Mode] GetCount[5], GetCountSucceed[5], NetReceive[8], ThrowAbnormalImage[0], NetLostFrame[0], ThrowInBufList[2], LostPackets[0]
Info    2026-08-19 14:22:41:655  DevID:MV-CU060-10GC(DA1691703)  Source-Line:libMVGigEVisionSDK.so(GigEVisionManager.cpp-L2238)  ProcessName:python3.12(115438)     Description:[GiGEVision_StopAcquisition][0] Acquisition Stop Success, use 10 ms
Info    2026-08-19 14:23:11:062  DevID:MV-CU060-10GC(DA1691703)  Source-Line:libMVGigEVisionSDK.so(GigEVisionBufferManager.cpp-L0382)  ProcessName:python3.12(115438)     Description:[GigEBufferManager_Init]Main Buffer List'Length is 2, Lock Buffer List's Length is 1
Info    2026-08-19 14:23:11:062  DevID:MV-CU060-10GC(DA1691703)  Source-Line:libMVGigEVisionSDK.so(GigEVisionGVSP.cpp-L0656)  ProcessName:python3.12(115438)     Description:[GVSPThread]GVSPThread Start, ThreadId[128553567897280]
Info    2026-08-19 14:23:11:062  DevID:MV-CU060-10GC(DA1691703)  Source-Line:libMVGigEVisionSDK.so(GigEVisionGVSP.cpp-L0690)  ProcessName:python3.12(115438)     Description:[GVSPThreadProc]GvspTimeout[300], ResendEnable[1], ResendTimeInterval[10], ResendRetryTimes[20], ResendTimeout[50], MaxResendPktsNum[4276]
Info    2026-08-19 14:23:11:062  DevID:MV-CU060-10GC(DA1691703)  Source-Line:libMVGigEVisionSDK.so(StreamChannel.cpp-L1787)  ProcessName:python3.12(115438)     Description:[StartProxy][0]Stream proxy start, Socket mode, GvspDstPort[37351], bResendEnable[1], GvspTimeout[300], ResendTimeInterval[10], SCPS[1500], nPayloadSize[6295104], 3DSpecMode[0], CompressMode[0], bSupportAnnounceBuffer[0]
Info    2026-08-19 14:23:11:062  DevID:MV-CU060-10GC(DA1691703)  Source-Line:libMVGigEVisionSDK.so(GigEVisionManager.cpp-L2137)  ProcessName:python3.12(115438)     Description:[GiGEVision_StartAcquisition]m_nPrivilegeMode[1]
Info    2026-08-19 14:23:11:062  DevID:MV-CU060-10GC(DA1691703)  Source-Line:libMVGigEVisionSDK.so(GigEVisionGVSP.cpp-L0671)  ProcessName:python3.12(115438)     Description:[GVSPResendThread]GVSPResendThread Start, ThreadId[128553576289984]
Info    2026-08-19 14:23:11:064  DevID:MV-CU060-10GC(DA1691703)  Source-Line:libMVGigEVisionSDK.so(GigEVisionManager.cpp-L2164)  ProcessName:python3.12(115438)     Description:[GiGEVision_StartAcquisition][0] [GVCP]GvspSendIP[192.168.1.21], GvspSendPort[37351]
Info    2026-08-19 14:23:11:064  DevID:MV-CU060-10GC(DA1691703)  Source-Line:libMVGigEVisionSDK.so(GigEVisionManager.cpp-L2168)  ProcessName:python3.12(115438)     Description:[GiGEVision_StartAcquisition][0] Acquisition Start Success, use 3 ms
Info    2026-08-19 14:23:11:604  DevID:MV-CU060-10GC(DA1691703)  Source-Line:libMVGigEVisionSDK.so(GigEVisionGVSP.cpp-L0438)  ProcessName:python3.12(115438)     Description:[TrimOutputQueue]TrimOutputQueue ThrowInBufList[1]
Info    2026-08-19 14:23:11:637  DevID:MV-CU060-10GC(DA1691703)  Source-Line:libMVGigEVisionSDK.so(GigEVisionGVSP.cpp-L0673)  ProcessName:python3.12(115438)     Description:[GVSPResendThread]GVSPResendThread End, ThreadId[128553576289984]
Info    2026-08-19 14:23:11:638  DevID:MV-CU060-10GC(DA1691703)  Source-Line:libMVGigEVisionSDK.so(GigEVisionGVSP.cpp-L0658)  ProcessName:python3.12(115438)     Description:[GVSPThread]GVSPThread End, ThreadId[128553567897280]
Info    2026-08-19 14:23:11:638  DevID:MV-CU060-10GC(DA1691703)  Source-Line:libMVGigEVisionSDK.so(StreamChannel.cpp-L1069)  ProcessName:python3.12(115438)     Description:[Stop][0] [Socket Mode] GetCount[5], GetCountSucceed[5], NetReceive[7], ThrowAbnormalImage[0], NetLostFrame[0], ThrowInBufList[1], LostPackets[0]
Info    2026-08-19 14:23:11:638  DevID:MV-CU060-10GC(DA1691703)  Source-Line:libMVGigEVisionSDK.so(GigEVisionManager.cpp-L2238)  ProcessName:python3.12(115438)     Description:[GiGEVision_StopAcquisition][0] Acquisition Stop Success, use 3 ms
Info    2026-08-19 14:23:36:819  DevID:MV-CU060-10GC(DA1691703)  Source-Line:libMVGigEVisionSDK.so(GigEVisionBufferManager.cpp-L0382)  ProcessName:python3.12(115438)     Description:[GigEBufferManager_Init]Main Buffer List'Length is 2, Lock Buffer List's Length is 1
Info    2026-08-19 14:23:36:819  DevID:MV-CU060-10GC(DA1691703)  Source-Line:libMVGigEVisionSDK.so(GigEVisionGVSP.cpp-L0656)  ProcessName:python3.12(115438)     Description:[GVSPThread]GVSPThread Start, ThreadId[128553576289984]
Info    2026-08-19 14:23:36:819  DevID:MV-CU060-10GC(DA1691703)  Source-Line:libMVGigEVisionSDK.so(StreamChannel.cpp-L1787)  ProcessName:python3.12(115438)     Description:[StartProxy][0]Stream proxy start, Socket mode, GvspDstPort[37351], bResendEnable[1], GvspTimeout[300], ResendTimeInterval[10], SCPS[1500], nPayloadSize[6295104], 3DSpecMode[0], CompressMode[0], bSupportAnnounceBuffer[0]
Info    2026-08-19 14:23:36:819  DevID:MV-CU060-10GC(DA1691703)  Source-Line:libMVGigEVisionSDK.so(GigEVisionGVSP.cpp-L0671)  ProcessName:python3.12(115438)     Description:[GVSPResendThread]GVSPResendThread Start, ThreadId[128553567897280]
Info    2026-08-19 14:23:36:819  DevID:MV-CU060-10GC(DA1691703)  Source-Line:libMVGigEVisionSDK.so(GigEVisionGVSP.cpp-L0690)  ProcessName:python3.12(115438)     Description:[GVSPThreadProc]GvspTimeout[300], ResendEnable[1], ResendTimeInterval[10], ResendRetryTimes[20], ResendTimeout[50], MaxResendPktsNum[4276]
Info    2026-08-19 14:23:36:819  DevID:MV-CU060-10GC(DA1691703)  Source-Line:libMVGigEVisionSDK.so(GigEVisionManager.cpp-L2137)  ProcessName:python3.12(115438)     Description:[GiGEVision_StartAcquisition]m_nPrivilegeMode[1]
Info    2026-08-19 14:23:36:821  DevID:MV-CU060-10GC(DA1691703)  Source-Line:libMVGigEVisionSDK.so(GigEVisionManager.cpp-L2164)  ProcessName:python3.12(115438)     Description:[GiGEVision_StartAcquisition][0] [GVCP]GvspSendIP[192.168.1.21], GvspSendPort[37351]
Info    2026-08-19 14:23:36:821  DevID:MV-CU060-10GC(DA1691703)  Source-Line:libMVGigEVisionSDK.so(GigEVisionManager.cpp-L2168)  ProcessName:python3.12(115438)     Description:[GiGEVision_StartAcquisition][0] Acquisition Start Success, use 3 ms
Info    2026-08-19 14:23:37:256  DevID:MV-CU060-10GC(DA1691703)  Source-Line:libMVGigEVisionSDK.so(GigEVisionGVSP.cpp-L0673)  ProcessName:python3.12(115438)     Description:[GVSPResendThread]GVSPResendThread End, ThreadId[128553567897280]
Info    2026-08-19 14:23:37:262  DevID:MV-CU060-10GC(DA1691703)  Source-Line:libMVGigEVisionSDK.so(GigEVisionGVSP.cpp-L0658)  ProcessName:python3.12(115438)     Description:[GVSPThread]GVSPThread End, ThreadId[128553576289984]
Info    2026-08-19 14:23:37:262  DevID:MV-CU060-10GC(DA1691703)  Source-Line:libMVGigEVisionSDK.so(StreamChannel.cpp-L1069)  ProcessName:python3.12(115438)     Description:[Stop][0] [Socket Mode] GetCount[5], GetCountSucceed[5], NetReceive[5], ThrowAbnormalImage[0], NetLostFrame[0], ThrowInBufList[0], LostPackets[0]
Info    2026-08-19 14:23:37:262  DevID:MV-CU060-10GC(DA1691703)  Source-Line:libMVGigEVisionSDK.so(GigEVisionManager.cpp-L2238)  ProcessName:python3.12(115438)     Description:[GiGEVision_StopAcquisition][0] Acquisition Stop Success, use 7 ms
Info    2026-08-19 14:24:04:459  DevID:MV-CU060-10GC(DA1691703)  Source-Line:libMVGigEVisionSDK.so(GigEVisionBufferManager.cpp-L0382)  ProcessName:python3.12(115438)     Description:[GigEBufferManager_Init]Main Buffer List'Length is 2, Lock Buffer List's Length is 1
Info    2026-08-19 14:24:04:459  DevID:MV-CU060-10GC(DA1691703)  Source-Line:libMVGigEVisionSDK.so(GigEVisionGVSP.cpp-L0656)  ProcessName:python3.12(115438)     Description:[GVSPThread]GVSPThread Start, ThreadId[128553567897280]
Info    2026-08-19 14:24:04:459  DevID:MV-CU060-10GC(DA1691703)  Source-Line:libMVGigEVisionSDK.so(GigEVisionGVSP.cpp-L0671)  ProcessName:python3.12(115438)     Description:[GVSPResendThread]GVSPResendThread Start, ThreadId[128553576289984]
Info    2026-08-19 14:24:04:459  DevID:MV-CU060-10GC(DA1691703)  Source-Line:libMVGigEVisionSDK.so(StreamChannel.cpp-L1787)  ProcessName:python3.12(115438)     Description:[StartProxy][0]Stream proxy start, Socket mode, GvspDstPort[37351], bResendEnable[1], GvspTimeout[300], ResendTimeInterval[10], SCPS[1500], nPayloadSize[6295104], 3DSpecMode[0], CompressMode[0], bSupportAnnounceBuffer[0]
Info    2026-08-19 14:24:04:459  DevID:MV-CU060-10GC(DA1691703)  Source-Line:libMVGigEVisionSDK.so(GigEVisionManager.cpp-L2137)  ProcessName:python3.12(115438)     Description:[GiGEVision_StartAcquisition]m_nPrivilegeMode[1]
Info    2026-08-19 14:24:04:459  DevID:MV-CU060-10GC(DA1691703)  Source-Line:libMVGigEVisionSDK.so(GigEVisionGVSP.cpp-L0690)  ProcessName:python3.12(115438)     Description:[GVSPThreadProc]GvspTimeout[300], ResendEnable[1], ResendTimeInterval[10], ResendRetryTimes[20], ResendTimeout[50], MaxResendPktsNum[4276]
Info    2026-08-19 14:24:04:461  DevID:MV-CU060-10GC(DA1691703)  Source-Line:libMVGigEVisionSDK.so(GigEVisionManager.cpp-L2164)  ProcessName:python3.12(115438)     Description:[GiGEVision_StartAcquisition][0] [GVCP]GvspSendIP[192.168.1.21], GvspSendPort[37351]
Info    2026-08-19 14:24:04:461  DevID:MV-CU060-10GC(DA1691703)  Source-Line:libMVGigEVisionSDK.so(GigEVisionManager.cpp-L2168)  ProcessName:python3.12(115438)     Description:[GiGEVision_StartAcquisition][0] Acquisition Start Success, use 3 ms
Info    2026-08-19 14:24:04:917  DevID:MV-CU060-10GC(DA1691703)  Source-Line:libMVGigEVisionSDK.so(GigEVisionGVSP.cpp-L0658)  ProcessName:python3.12(115438)     Description:[GVSPThread]GVSPThread End, ThreadId[128553567897280]
Warning 2026-08-19 14:24:04:917  DevID:MV-CU060-10GC(DA1691703)  Source-Line:libMVGigEVisionSDK.so(GigEVisionGVSP.cpp-L0775)  ProcessName:python3.12(115438)     Description:[GVSPResendThreadProc]WaitForSingleEvent(Timer) failed: 0x6e
Info    2026-08-19 14:24:04:917  DevID:MV-CU060-10GC(DA1691703)  Source-Line:libMVGigEVisionSDK.so(GigEVisionGVSP.cpp-L0673)  ProcessName:python3.12(115438)     Description:[GVSPResendThread]GVSPResendThread End, ThreadId[128553576289984]
Info    2026-08-19 14:24:04:917  DevID:MV-CU060-10GC(DA1691703)  Source-Line:libMVGigEVisionSDK.so(StreamChannel.cpp-L1069)  ProcessName:python3.12(115438)     Description:[Stop][0] [Socket Mode] GetCount[5], GetCountSucceed[5], NetReceive[5], ThrowAbnormalImage[0], NetLostFrame[0], ThrowInBufList[0], LostPackets[0]
Info    2026-08-19 14:24:04:917  DevID:MV-CU060-10GC(DA1691703)  Source-Line:libMVGigEVisionSDK.so(GigEVisionManager.cpp-L2238)  ProcessName:python3.12(115438)     Description:[GiGEVision_StopAcquisition][0] Acquisition Stop Success, use 1 ms
Info    2026-08-19 14:24:31:350  DevID:MV-CU060-10GC(DA1691703)  Source-Line:libMVGigEVisionSDK.so(GigEVisionBufferManager.cpp-L0382)  ProcessName:python3.12(115438)     Description:[GigEBufferManager_Init]Main Buffer List'Length is 2, Lock Buffer List's Length is 1
Info    2026-08-19 14:24:31:350  DevID:MV-CU060-10GC(DA1691703)  Source-Line:libMVGigEVisionSDK.so(GigEVisionGVSP.cpp-L0656)  ProcessName:python3.12(115438)     Description:[GVSPThread]GVSPThread Start, ThreadId[128553576289984]
Info    2026-08-19 14:24:31:350  DevID:MV-CU060-10GC(DA1691703)  Source-Line:libMVGigEVisionSDK.so(StreamChannel.cpp-L1787)  ProcessName:python3.12(115438)     Description:[StartProxy][0]Stream proxy start, Socket mode, GvspDstPort[37351], bResendEnable[1], GvspTimeout[300], ResendTimeInterval[10], SCPS[1500], nPayloadSize[6295104], 3DSpecMode[0], CompressMode[0], bSupportAnnounceBuffer[0]
Info    2026-08-19 14:24:31:350  DevID:MV-CU060-10GC(DA1691703)  Source-Line:libMVGigEVisionSDK.so(GigEVisionGVSP.cpp-L0690)  ProcessName:python3.12(115438)     Description:[GVSPThreadProc]GvspTimeout[300], ResendEnable[1], ResendTimeInterval[10], ResendRetryTimes[20], ResendTimeout[50], MaxResendPktsNum[4276]
Info    2026-08-19 14:24:31:350  DevID:MV-CU060-10GC(DA1691703)  Source-Line:libMVGigEVisionSDK.so(GigEVisionGVSP.cpp-L0671)  ProcessName:python3.12(115438)     Description:[GVSPResendThread]GVSPResendThread Start, ThreadId[128553567897280]
Info    2026-08-19 14:24:31:350  DevID:MV-CU060-10GC(DA1691703)  Source-Line:libMVGigEVisionSDK.so(GigEVisionManager.cpp-L2137)  ProcessName:python3.12(115438)     Description:[GiGEVision_StartAcquisition]m_nPrivilegeMode[1]
Info    2026-08-19 14:24:31:352  DevID:MV-CU060-10GC(DA1691703)  Source-Line:libMVGigEVisionSDK.so(GigEVisionManager.cpp-L2164)  ProcessName:python3.12(115438)     Description:[GiGEVision_StartAcquisition][0] [GVCP]GvspSendIP[192.168.1.21], GvspSendPort[37351]
Info    2026-08-19 14:24:31:352  DevID:MV-CU060-10GC(DA1691703)  Source-Line:libMVGigEVisionSDK.so(GigEVisionManager.cpp-L2168)  ProcessName:python3.12(115438)     Description:[GiGEVision_StartAcquisition][0] Acquisition Start Success, use 3 ms
Info    2026-08-19 14:24:31:819  DevID:MV-CU060-10GC(DA1691703)  Source-Line:libMVGigEVisionSDK.so(GigEVisionGVSP.cpp-L0673)  ProcessName:python3.12(115438)     Description:[GVSPResendThread]GVSPResendThread End, ThreadId[128553567897280]
Info    2026-08-19 14:24:31:825  DevID:MV-CU060-10GC(DA1691703)  Source-Line:libMVGigEVisionSDK.so(GigEVisionGVSP.cpp-L0658)  ProcessName:python3.12(115438)     Description:[GVSPThread]GVSPThread End, ThreadId[128553576289984]
Info    2026-08-19 14:24:31:825  DevID:MV-CU060-10GC(DA1691703)  Source-Line:libMVGigEVisionSDK.so(StreamChannel.cpp-L1069)  ProcessName:python3.12(115438)     Description:[Stop][0] [Socket Mode] GetCount[5], GetCountSucceed[5], NetReceive[5], ThrowAbnormalImage[0], NetLostFrame[0], ThrowInBufList[0], LostPackets[0]
Info    2026-08-19 14:24:31:825  DevID:MV-CU060-10GC(DA1691703)  Source-Line:libMVGigEVisionSDK.so(GigEVisionManager.cpp-L2238)  ProcessName:python3.12(115438)     Description:[GiGEVision_StopAcquisition][0] Acquisition Stop Success, use 9 ms
Info    2026-08-19 14:24:59:121  DevID:MV-CU060-10GC(DA1691703)  Source-Line:libMVGigEVisionSDK.so(GigEVisionBufferManager.cpp-L0382)  ProcessName:python3.12(115438)     Description:[GigEBufferManager_Init]Main Buffer List'Length is 2, Lock Buffer List's Length is 1
Info    2026-08-19 14:24:59:121  DevID:MV-CU060-10GC(DA1691703)  Source-Line:libMVGigEVisionSDK.so(GigEVisionGVSP.cpp-L0656)  ProcessName:python3.12(115438)     Description:[GVSPThread]GVSPThread Start, ThreadId[128553567897280]
Info    2026-08-19 14:24:59:121  DevID:MV-CU060-10GC(DA1691703)  Source-Line:libMVGigEVisionSDK.so(GigEVisionGVSP.cpp-L0671)  ProcessName:python3.12(115438)     Description:[GVSPResendThread]GVSPResendThread Start, ThreadId[128553576289984]
Info    2026-08-19 14:24:59:121  DevID:MV-CU060-10GC(DA1691703)  Source-Line:libMVGigEVisionSDK.so(StreamChannel.cpp-L1787)  ProcessName:python3.12(115438)     Description:[StartProxy][0]Stream proxy start, Socket mode, GvspDstPort[37351], bResendEnable[1], GvspTimeout[300], ResendTimeInterval[10], SCPS[1500], nPayloadSize[6295104], 3DSpecMode[0], CompressMode[0], bSupportAnnounceBuffer[0]
Info    2026-08-19 14:24:59:121  DevID:MV-CU060-10GC(DA1691703)  Source-Line:libMVGigEVisionSDK.so(GigEVisionManager.cpp-L2137)  ProcessName:python3.12(115438)     Description:[GiGEVision_StartAcquisition]m_nPrivilegeMode[1]
Info    2026-08-19 14:24:59:121  DevID:MV-CU060-10GC(DA1691703)  Source-Line:libMVGigEVisionSDK.so(GigEVisionGVSP.cpp-L0690)  ProcessName:python3.12(115438)     Description:[GVSPThreadProc]GvspTimeout[300], ResendEnable[1], ResendTimeInterval[10], ResendRetryTimes[20], ResendTimeout[50], MaxResendPktsNum[4276]
Info    2026-08-19 14:24:59:123  DevID:MV-CU060-10GC(DA1691703)  Source-Line:libMVGigEVisionSDK.so(GigEVisionManager.cpp-L2164)  ProcessName:python3.12(115438)     Description:[GiGEVision_StartAcquisition][0] [GVCP]GvspSendIP[192.168.1.21], GvspSendPort[37351]
Info    2026-08-19 14:24:59:123  DevID:MV-CU060-10GC(DA1691703)  Source-Line:libMVGigEVisionSDK.so(GigEVisionManager.cpp-L2168)  ProcessName:python3.12(115438)     Description:[GiGEVision_StartAcquisition][0] Acquisition Start Success, use 3 ms
Info    2026-08-19 14:24:59:619  DevID:MV-CU060-10GC(DA1691703)  Source-Line:libMVGigEVisionSDK.so(GigEVisionGVSP.cpp-L0673)  ProcessName:python3.12(115438)     Description:[GVSPResendThread]GVSPResendThread End, ThreadId[128553576289984]
Info    2026-08-19 14:24:59:625  DevID:MV-CU060-10GC(DA1691703)  Source-Line:libMVGigEVisionSDK.so(GigEVisionGVSP.cpp-L0658)  ProcessName:python3.12(115438)     Description:[GVSPThread]GVSPThread End, ThreadId[128553567897280]
Info    2026-08-19 14:24:59:625  DevID:MV-CU060-10GC(DA1691703)  Source-Line:libMVGigEVisionSDK.so(StreamChannel.cpp-L1069)  ProcessName:python3.12(115438)     Description:[Stop][0] [Socket Mode] GetCount[5], GetCountSucceed[5], NetReceive[6], ThrowAbnormalImage[0], NetLostFrame[0], ThrowInBufList[0], LostPackets[0]
Info    2026-08-19 14:24:59:625  DevID:MV-CU060-10GC(DA1691703)  Source-Line:libMVGigEVisionSDK.so(GigEVisionManager.cpp-L2238)  ProcessName:python3.12(115438)     Description:[GiGEVision_StopAcquisition][0] Acquisition Stop Success, use 9 ms
Info    2026-08-19 14:25:26:546  DevID:MV-CU060-10GC(DA1691703)  Source-Line:libMVGigEVisionSDK.so(GigEVisionBufferManager.cpp-L0382)  ProcessName:python3.12(115438)     Description:[GigEBufferManager_Init]Main Buffer List'Length is 2, Lock Buffer List's Length is 1
Info    2026-08-19 14:25:26:546  DevID:MV-CU060-10GC(DA1691703)  Source-Line:libMVGigEVisionSDK.so(GigEVisionGVSP.cpp-L0656)  ProcessName:python3.12(115438)     Description:[GVSPThread]GVSPThread Start, ThreadId[128553576289984]
Info    2026-08-19 14:25:26:546  DevID:MV-CU060-10GC(DA1691703)  Source-Line:libMVGigEVisionSDK.so(GigEVisionGVSP.cpp-L0671)  ProcessName:python3.12(115438)     Description:[GVSPResendThread]GVSPResendThread Start, ThreadId[128553567897280]
Info    2026-08-19 14:25:26:546  DevID:MV-CU060-10GC(DA1691703)  Source-Line:libMVGigEVisionSDK.so(StreamChannel.cpp-L1787)  ProcessName:python3.12(115438)     Description:[StartProxy][0]Stream proxy start, Socket mode, GvspDstPort[37351], bResendEnable[1], GvspTimeout[300], ResendTimeInterval[10], SCPS[1500], nPayloadSize[6295104], 3DSpecMode[0], CompressMode[0], bSupportAnnounceBuffer[0]
Info    2026-08-19 14:25:26:546  DevID:MV-CU060-10GC(DA1691703)  Source-Line:libMVGigEVisionSDK.so(GigEVisionGVSP.cpp-L0690)  ProcessName:python3.12(115438)     Description:[GVSPThreadProc]GvspTimeout[300], ResendEnable[1], ResendTimeInterval[10], ResendRetryTimes[20], ResendTimeout[50], MaxResendPktsNum[4276]
Info    2026-08-19 14:25:26:546  DevID:MV-CU060-10GC(DA1691703)  Source-Line:libMVGigEVisionSDK.so(GigEVisionManager.cpp-L2137)  ProcessName:python3.12(115438)     Description:[GiGEVision_StartAcquisition]m_nPrivilegeMode[1]
Info    2026-08-19 14:25:26:548  DevID:MV-CU060-10GC(DA1691703)  Source-Line:libMVGigEVisionSDK.so(GigEVisionManager.cpp-L2164)  ProcessName:python3.12(115438)     Description:[GiGEVision_StartAcquisition][0] [GVCP]GvspSendIP[192.168.1.21], GvspSendPort[37351]
Info    2026-08-19 14:25:26:548  DevID:MV-CU060-10GC(DA1691703)  Source-Line:libMVGigEVisionSDK.so(GigEVisionManager.cpp-L2168)  ProcessName:python3.12(115438)     Description:[GiGEVision_StartAcquisition][0] Acquisition Start Success, use 4 ms
Info    2026-08-19 14:25:26:000  DevID:MV-CU060-10GC(DA1691703)  Source-Line:libMVGigEVisionSDK.so(GigEVisionGVSP.cpp-L0658)  ProcessName:python3.12(115438)     Description:[GVSPThread]GVSPThread End, ThreadId[128553576289984]
Warning 2026-08-19 14:25:26:000  DevID:MV-CU060-10GC(DA1691703)  Source-Line:libMVGigEVisionSDK.so(GigEVisionGVSP.cpp-L0775)  ProcessName:python3.12(115438)     Description:[GVSPResendThreadProc]WaitForSingleEvent(Timer) failed: 0x6e
Info    2026-08-19 14:25:26:000  DevID:MV-CU060-10GC(DA1691703)  Source-Line:libMVGigEVisionSDK.so(GigEVisionGVSP.cpp-L0673)  ProcessName:python3.12(115438)     Description:[GVSPResendThread]GVSPResendThread End, ThreadId[128553567897280]
Info    2026-08-19 14:25:26:000  DevID:MV-CU060-10GC(DA1691703)  Source-Line:libMVGigEVisionSDK.so(StreamChannel.cpp-L1069)  ProcessName:python3.12(115438)     Description:[Stop][0] [Socket Mode] GetCount[5], GetCountSucceed[5], NetReceive[5], ThrowAbnormalImage[0], NetLostFrame[0], ThrowInBufList[0], LostPackets[0]
Info    2026-08-19 14:25:26:000  DevID:MV-CU060-10GC(DA1691703)  Source-Line:libMVGigEVisionSDK.so(GigEVisionManager.cpp-L2238)  ProcessName:python3.12(115438)     Description:[GiGEVision_StopAcquisition][0] Acquisition Stop Success, use 3 ms
Info    2026-08-19 14:25:52:920  DevID:MV-CU060-10GC(DA1691703)  Source-Line:libMVGigEVisionSDK.so(GigEVisionBufferManager.cpp-L0382)  ProcessName:python3.12(115438)     Description:[GigEBufferManager_Init]Main Buffer List'Length is 2, Lock Buffer List's Length is 1
Info    2026-08-19 14:25:52:921  DevID:MV-CU060-10GC(DA1691703)  Source-Line:libMVGigEVisionSDK.so(GigEVisionGVSP.cpp-L0656)  ProcessName:python3.12(115438)     Description:[GVSPThread]GVSPThread Start, ThreadId[128553567897280]
Info    2026-08-19 14:25:52:921  DevID:MV-CU060-10GC(DA1691703)  Source-Line:libMVGigEVisionSDK.so(GigEVisionGVSP.cpp-L0690)  ProcessName:python3.12(115438)     Description:[GVSPThreadProc]GvspTimeout[300], ResendEnable[1], ResendTimeInterval[10], ResendRetryTimes[20], ResendTimeout[50], MaxResendPktsNum[4276]
Info    2026-08-19 14:25:52:921  DevID:MV-CU060-10GC(DA1691703)  Source-Line:libMVGigEVisionSDK.so(StreamChannel.cpp-L1787)  ProcessName:python3.12(115438)     Description:[StartProxy][0]Stream proxy start, Socket mode, GvspDstPort[37351], bResendEnable[1], GvspTimeout[300], ResendTimeInterval[10], SCPS[1500], nPayloadSize[6295104], 3DSpecMode[0], CompressMode[0], bSupportAnnounceBuffer[0]
Info    2026-08-19 14:25:52:921  DevID:MV-CU060-10GC(DA1691703)  Source-Line:libMVGigEVisionSDK.so(GigEVisionGVSP.cpp-L0671)  ProcessName:python3.12(115438)     Description:[GVSPResendThread]GVSPResendThread Start, ThreadId[128553576289984]
Info    2026-08-19 14:25:52:921  DevID:MV-CU060-10GC(DA1691703)  Source-Line:libMVGigEVisionSDK.so(GigEVisionManager.cpp-L2137)  ProcessName:python3.12(115438)     Description:[GiGEVision_StartAcquisition]m_nPrivilegeMode[1]
Info    2026-08-19 14:25:52:922  DevID:MV-CU060-10GC(DA1691703)  Source-Line:libMVGigEVisionSDK.so(GigEVisionManager.cpp-L2164)  ProcessName:python3.12(115438)     Description:[GiGEVision_StartAcquisition][0] [GVCP]GvspSendIP[192.168.1.21], GvspSendPort[37351]
Info    2026-08-19 14:25:52:922  DevID:MV-CU060-10GC(DA1691703)  Source-Line:libMVGigEVisionSDK.so(GigEVisionManager.cpp-L2168)  ProcessName:python3.12(115438)     Description:[GiGEVision_StartAcquisition][0] Acquisition Start Success, use 3 ms
Info    2026-08-19 14:25:53:382  DevID:MV-CU060-10GC(DA1691703)  Source-Line:libMVGigEVisionSDK.so(GigEVisionGVSP.cpp-L0658)  ProcessName:python3.12(115438)     Description:[GVSPThread]GVSPThread End, ThreadId[128553567897280]
Warning 2026-08-19 14:25:53:383  DevID:MV-CU060-10GC(DA1691703)  Source-Line:libMVGigEVisionSDK.so(GigEVisionGVSP.cpp-L0775)  ProcessName:python3.12(115438)     Description:[GVSPResendThreadProc]WaitForSingleEvent(Timer) failed: 0x6e
Info    2026-08-19 14:25:53:383  DevID:MV-CU060-10GC(DA1691703)  Source-Line:libMVGigEVisionSDK.so(GigEVisionGVSP.cpp-L0673)  ProcessName:python3.12(115438)     Description:[GVSPResendThread]GVSPResendThread End, ThreadId[128553576289984]
Info    2026-08-19 14:25:53:383  DevID:MV-CU060-10GC(DA1691703)  Source-Line:libMVGigEVisionSDK.so(StreamChannel.cpp-L1069)  ProcessName:python3.12(115438)     Description:[Stop][0] [Socket Mode] GetCount[5], GetCountSucceed[5], NetReceive[5], ThrowAbnormalImage[0], NetLostFrame[0], ThrowInBufList[0], LostPackets[0]
Info    2026-08-19 14:25:53:383  DevID:MV-CU060-10GC(DA1691703)  Source-Line:libMVGigEVisionSDK.so(GigEVisionManager.cpp-L2238)  ProcessName:python3.12(115438)     Description:[GiGEVision_StopAcquisition][0] Acquisition Stop Success, use 6 ms
Info    2026-08-19 14:26:21:278  DevID:MV-CU060-10GC(DA1691703)  Source-Line:libMVGigEVisionSDK.so(GigEVisionBufferManager.cpp-L0382)  ProcessName:python3.12(115438)     Description:[GigEBufferManager_Init]Main Buffer List'Length is 2, Lock Buffer List's Length is 1
Info    2026-08-19 14:26:21:278  DevID:MV-CU060-10GC(DA1691703)  Source-Line:libMVGigEVisionSDK.so(GigEVisionGVSP.cpp-L0656)  ProcessName:python3.12(115438)     Description:[GVSPThread]GVSPThread Start, ThreadId[128553576289984]
Info    2026-08-19 14:26:21:278  DevID:MV-CU060-10GC(DA1691703)  Source-Line:libMVGigEVisionSDK.so(GigEVisionGVSP.cpp-L0671)  ProcessName:python3.12(115438)     Description:[GVSPResendThread]GVSPResendThread Start, ThreadId[128553567897280]
Info    2026-08-19 14:26:21:278  DevID:MV-CU060-10GC(DA1691703)  Source-Line:libMVGigEVisionSDK.so(StreamChannel.cpp-L1787)  ProcessName:python3.12(115438)     Description:[StartProxy][0]Stream proxy start, Socket mode, GvspDstPort[37351], bResendEnable[1], GvspTimeout[300], ResendTimeInterval[10], SCPS[1500], nPayloadSize[6295104], 3DSpecMode[0], CompressMode[0], bSupportAnnounceBuffer[0]
Info    2026-08-19 14:26:21:278  DevID:MV-CU060-10GC(DA1691703)  Source-Line:libMVGigEVisionSDK.so(GigEVisionGVSP.cpp-L0690)  ProcessName:python3.12(115438)     Description:[GVSPThreadProc]GvspTimeout[300], ResendEnable[1], ResendTimeInterval[10], ResendRetryTimes[20], ResendTimeout[50], MaxResendPktsNum[4276]
Info    2026-08-19 14:26:21:278  DevID:MV-CU060-10GC(DA1691703)  Source-Line:libMVGigEVisionSDK.so(GigEVisionManager.cpp-L2137)  ProcessName:python3.12(115438)     Description:[GiGEVision_StartAcquisition]m_nPrivilegeMode[1]
Info    2026-08-19 14:26:21:280  DevID:MV-CU060-10GC(DA1691703)  Source-Line:libMVGigEVisionSDK.so(GigEVisionManager.cpp-L2164)  ProcessName:python3.12(115438)     Description:[GiGEVision_StartAcquisition][0] [GVCP]GvspSendIP[192.168.1.21], GvspSendPort[37351]
Info    2026-08-19 14:26:21:280  DevID:MV-CU060-10GC(DA1691703)  Source-Line:libMVGigEVisionSDK.so(GigEVisionManager.cpp-L2168)  ProcessName:python3.12(115438)     Description:[GiGEVision_StartAcquisition][0] Acquisition Start Success, use 3 ms
Info    2026-08-19 14:26:21:731  DevID:MV-CU060-10GC(DA1691703)  Source-Line:libMVGigEVisionSDK.so(GigEVisionGVSP.cpp-L0658)  ProcessName:python3.12(115438)     Description:[GVSPThread]GVSPThread End, ThreadId[128553576289984]
Warning 2026-08-19 14:26:21:731  DevID:MV-CU060-10GC(DA1691703)  Source-Line:libMVGigEVisionSDK.so(GigEVisionGVSP.cpp-L0775)  ProcessName:python3.12(115438)     Description:[GVSPResendThreadProc]WaitForSingleEvent(Timer) failed: 0x6e
Info    2026-08-19 14:26:21:731  DevID:MV-CU060-10GC(DA1691703)  Source-Line:libMVGigEVisionSDK.so(GigEVisionGVSP.cpp-L0673)  ProcessName:python3.12(115438)     Description:[GVSPResendThread]GVSPResendThread End, ThreadId[128553567897280]
Info    2026-08-19 14:26:21:731  DevID:MV-CU060-10GC(DA1691703)  Source-Line:libMVGigEVisionSDK.so(StreamChannel.cpp-L1069)  ProcessName:python3.12(115438)     Description:[Stop][0] [Socket Mode] GetCount[5], GetCountSucceed[5], NetReceive[5], ThrowAbnormalImage[0], NetLostFrame[0], ThrowInBufList[0], LostPackets[0]
Info    2026-08-19 14:26:21:731  DevID:MV-CU060-10GC(DA1691703)  Source-Line:libMVGigEVisionSDK.so(GigEVisionManager.cpp-L2238)  ProcessName:python3.12(115438)     Description:[GiGEVision_StopAcquisition][0] Acquisition Stop Success, use 2 ms
Info    2026-08-19 14:26:47:285  DevID:MV-CU060-10GC(DA1691703)  Source-Line:libMVGigEVisionSDK.so(GigEVisionBufferManager.cpp-L0382)  ProcessName:python3.12(115438)     Description:[GigEBufferManager_Init]Main Buffer List'Length is 2, Lock Buffer List's Length is 1
Info    2026-08-19 14:26:47:285  DevID:MV-CU060-10GC(DA1691703)  Source-Line:libMVGigEVisionSDK.so(GigEVisionGVSP.cpp-L0656)  ProcessName:python3.12(115438)     Description:[GVSPThread]GVSPThread Start, ThreadId[128553567897280]
Info    2026-08-19 14:26:47:285  DevID:MV-CU060-10GC(DA1691703)  Source-Line:libMVGigEVisionSDK.so(GigEVisionGVSP.cpp-L0671)  ProcessName:python3.12(115438)     Description:[GVSPResendThread]GVSPResendThread Start, ThreadId[128553576289984]
Info    2026-08-19 14:26:47:285  DevID:MV-CU060-10GC(DA1691703)  Source-Line:libMVGigEVisionSDK.so(StreamChannel.cpp-L1787)  ProcessName:python3.12(115438)     Description:[StartProxy][0]Stream proxy start, Socket mode, GvspDstPort[37351], bResendEnable[1], GvspTimeout[300], ResendTimeInterval[10], SCPS[1500], nPayloadSize[6295104], 3DSpecMode[0], CompressMode[0], bSupportAnnounceBuffer[0]
Info    2026-08-19 14:26:47:285  DevID:MV-CU060-10GC(DA1691703)  Source-Line:libMVGigEVisionSDK.so(GigEVisionGVSP.cpp-L0690)  ProcessName:python3.12(115438)     Description:[GVSPThreadProc]GvspTimeout[300], ResendEnable[1], ResendTimeInterval[10], ResendRetryTimes[20], ResendTimeout[50], MaxResendPktsNum[4276]
Info    2026-08-19 14:26:47:285  DevID:MV-CU060-10GC(DA1691703)  Source-Line:libMVGigEVisionSDK.so(GigEVisionManager.cpp-L2137)  ProcessName:python3.12(115438)     Description:[GiGEVision_StartAcquisition]m_nPrivilegeMode[1]
Info    2026-08-19 14:26:47:287  DevID:MV-CU060-10GC(DA1691703)  Source-Line:libMVGigEVisionSDK.so(GigEVisionManager.cpp-L2164)  ProcessName:python3.12(115438)     Description:[GiGEVision_StartAcquisition][0] [GVCP]GvspSendIP[192.168.1.21], GvspSendPort[37351]
Info    2026-08-19 14:26:47:287  DevID:MV-CU060-10GC(DA1691703)  Source-Line:libMVGigEVisionSDK.so(GigEVisionManager.cpp-L2168)  ProcessName:python3.12(115438)     Description:[GiGEVision_StartAcquisition][0] Acquisition Start Success, use 3 ms
Info    2026-08-19 14:26:47:836  DevID:MV-CU060-10GC(DA1691703)  Source-Line:libMVGigEVisionSDK.so(GigEVisionGVSP.cpp-L0673)  ProcessName:python3.12(115438)     Description:[GVSPResendThread]GVSPResendThread End, ThreadId[128553576289984]
Info    2026-08-19 14:26:47:838  DevID:MV-CU060-10GC(DA1691703)  Source-Line:libMVGigEVisionSDK.so(GigEVisionGVSP.cpp-L0658)  ProcessName:python3.12(115438)     Description:[GVSPThread]GVSPThread End, ThreadId[128553567897280]
Info    2026-08-19 14:26:47:838  DevID:MV-CU060-10GC(DA1691703)  Source-Line:libMVGigEVisionSDK.so(StreamChannel.cpp-L1069)  ProcessName:python3.12(115438)     Description:[Stop][0] [Socket Mode] GetCount[5], GetCountSucceed[5], NetReceive[6], ThrowAbnormalImage[0], NetLostFrame[0], ThrowInBufList[0], LostPackets[0]
Info    2026-08-19 14:26:47:838  DevID:MV-CU060-10GC(DA1691703)  Source-Line:libMVGigEVisionSDK.so(GigEVisionManager.cpp-L2238)  ProcessName:python3.12(115438)     Description:[GiGEVision_StopAcquisition][0] Acquisition Stop Success, use 10 ms
Info    2026-08-19 14:27:13:488  DevID:MV-CU060-10GC(DA1691703)  Source-Line:libMVGigEVisionSDK.so(GigEVisionBufferManager.cpp-L0382)  ProcessName:python3.12(115438)     Description:[GigEBufferManager_Init]Main Buffer List'Length is 2, Lock Buffer List's Length is 1
Info    2026-08-19 14:27:13:488  DevID:MV-CU060-10GC(DA1691703)  Source-Line:libMVGigEVisionSDK.so(StreamChannel.cpp-L1787)  ProcessName:python3.12(115438)     Description:[StartProxy][0]Stream proxy start, Socket mode, GvspDstPort[37351], bResendEnable[1], GvspTimeout[300], ResendTimeInterval[10], SCPS[1500], nPayloadSize[6295104], 3DSpecMode[0], CompressMode[0], bSupportAnnounceBuffer[0]
Info    2026-08-19 14:27:13:488  DevID:MV-CU060-10GC(DA1691703)  Source-Line:libMVGigEVisionSDK.so(GigEVisionGVSP.cpp-L0656)  ProcessName:python3.12(115438)     Description:[GVSPThread]GVSPThread Start, ThreadId[128553576289984]
Info    2026-08-19 14:27:13:488  DevID:MV-CU060-10GC(DA1691703)  Source-Line:libMVGigEVisionSDK.so(GigEVisionGVSP.cpp-L0690)  ProcessName:python3.12(115438)     Description:[GVSPThreadProc]GvspTimeout[300], ResendEnable[1], ResendTimeInterval[10], ResendRetryTimes[20], ResendTimeout[50], MaxResendPktsNum[4276]
Info    2026-08-19 14:27:13:488  DevID:MV-CU060-10GC(DA1691703)  Source-Line:libMVGigEVisionSDK.so(GigEVisionGVSP.cpp-L0671)  ProcessName:python3.12(115438)     Description:[GVSPResendThread]GVSPResendThread Start, ThreadId[128553567897280]
Info    2026-08-19 14:27:13:488  DevID:MV-CU060-10GC(DA1691703)  Source-Line:libMVGigEVisionSDK.so(GigEVisionManager.cpp-L2137)  ProcessName:python3.12(115438)     Description:[GiGEVision_StartAcquisition]m_nPrivilegeMode[1]
Info    2026-08-19 14:27:13:490  DevID:MV-CU060-10GC(DA1691703)  Source-Line:libMVGigEVisionSDK.so(GigEVisionManager.cpp-L2164)  ProcessName:python3.12(115438)     Description:[GiGEVision_StartAcquisition][0] [GVCP]GvspSendIP[192.168.1.21], GvspSendPort[37351]
Info    2026-08-19 14:27:13:490  DevID:MV-CU060-10GC(DA1691703)  Source-Line:libMVGigEVisionSDK.so(GigEVisionManager.cpp-L2168)  ProcessName:python3.12(115438)     Description:[GiGEVision_StartAcquisition][0] Acquisition Start Success, use 4 ms
Info    2026-08-19 14:27:13:940  DevID:MV-CU060-10GC(DA1691703)  Source-Line:libMVGigEVisionSDK.so(GigEVisionGVSP.cpp-L0673)  ProcessName:python3.12(115438)     Description:[GVSPResendThread]GVSPResendThread End, ThreadId[128553567897280]
Info    2026-08-19 14:27:13:942  DevID:MV-CU060-10GC(DA1691703)  Source-Line:libMVGigEVisionSDK.so(GigEVisionGVSP.cpp-L0658)  ProcessName:python3.12(115438)     Description:[GVSPThread]GVSPThread End, ThreadId[128553576289984]
Info    2026-08-19 14:27:13:942  DevID:MV-CU060-10GC(DA1691703)  Source-Line:libMVGigEVisionSDK.so(StreamChannel.cpp-L1069)  ProcessName:python3.12(115438)     Description:[Stop][0] [Socket Mode] GetCount[5], GetCountSucceed[5], NetReceive[5], ThrowAbnormalImage[0], NetLostFrame[0], ThrowInBufList[0], LostPackets[0]
Info    2026-08-19 14:27:13:942  DevID:MV-CU060-10GC(DA1691703)  Source-Line:libMVGigEVisionSDK.so(GigEVisionManager.cpp-L2238)  ProcessName:python3.12(115438)     Description:[GiGEVision_StopAcquisition][0] Acquisition Stop Success, use 3 ms
Info    2026-08-19 14:27:40:019  DevID:MV-CU060-10GC(DA1691703)  Source-Line:libMVGigEVisionSDK.so(GigEVisionBufferManager.cpp-L0382)  ProcessName:python3.12(115438)     Description:[GigEBufferManager_Init]Main Buffer List'Length is 2, Lock Buffer List's Length is 1
Info    2026-08-19 14:27:40:020  DevID:MV-CU060-10GC(DA1691703)  Source-Line:libMVGigEVisionSDK.so(GigEVisionGVSP.cpp-L0656)  ProcessName:python3.12(115438)     Description:[GVSPThread]GVSPThread Start, ThreadId[128553567897280]
Info    2026-08-19 14:27:40:020  DevID:MV-CU060-10GC(DA1691703)  Source-Line:libMVGigEVisionSDK.so(GigEVisionGVSP.cpp-L0690)  ProcessName:python3.12(115438)     Description:[GVSPThreadProc]GvspTimeout[300], ResendEnable[1], ResendTimeInterval[10], ResendRetryTimes[20], ResendTimeout[50], MaxResendPktsNum[4276]
Info    2026-08-19 14:27:40:020  DevID:MV-CU060-10GC(DA1691703)  Source-Line:libMVGigEVisionSDK.so(StreamChannel.cpp-L1787)  ProcessName:python3.12(115438)     Description:[StartProxy][0]Stream proxy start, Socket mode, GvspDstPort[37351], bResendEnable[1], GvspTimeout[300], ResendTimeInterval[10], SCPS[1500], nPayloadSize[6295104], 3DSpecMode[0], CompressMode[0], bSupportAnnounceBuffer[0]
Info    2026-08-19 14:27:40:020  DevID:MV-CU060-10GC(DA1691703)  Source-Line:libMVGigEVisionSDK.so(GigEVisionGVSP.cpp-L0671)  ProcessName:python3.12(115438)     Description:[GVSPResendThread]GVSPResendThread Start, ThreadId[128553576289984]
Info    2026-08-19 14:27:40:020  DevID:MV-CU060-10GC(DA1691703)  Source-Line:libMVGigEVisionSDK.so(GigEVisionManager.cpp-L2137)  ProcessName:python3.12(115438)     Description:[GiGEVision_StartAcquisition]m_nPrivilegeMode[1]
Info    2026-08-19 14:27:40:022  DevID:MV-CU060-10GC(DA1691703)  Source-Line:libMVGigEVisionSDK.so(GigEVisionManager.cpp-L2164)  ProcessName:python3.12(115438)     Description:[GiGEVision_StartAcquisition][0] [GVCP]GvspSendIP[192.168.1.21], GvspSendPort[37351]
Info    2026-08-19 14:27:40:022  DevID:MV-CU060-10GC(DA1691703)  Source-Line:libMVGigEVisionSDK.so(GigEVisionManager.cpp-L2168)  ProcessName:python3.12(115438)     Description:[GiGEVision_StartAcquisition][0] Acquisition Start Success, use 3 ms
Info    2026-08-19 14:27:40:476  DevID:MV-CU060-10GC(DA1691703)  Source-Line:libMVGigEVisionSDK.so(GigEVisionGVSP.cpp-L0658)  ProcessName:python3.12(115438)     Description:[GVSPThread]GVSPThread End, ThreadId[128553567897280]
Warning 2026-08-19 14:27:40:476  DevID:MV-CU060-10GC(DA1691703)  Source-Line:libMVGigEVisionSDK.so(GigEVisionGVSP.cpp-L0775)  ProcessName:python3.12(115438)     Description:[GVSPResendThreadProc]WaitForSingleEvent(Timer) failed: 0x6e
Info    2026-08-19 14:27:40:476  DevID:MV-CU060-10GC(DA1691703)  Source-Line:libMVGigEVisionSDK.so(GigEVisionGVSP.cpp-L0673)  ProcessName:python3.12(115438)     Description:[GVSPResendThread]GVSPResendThread End, ThreadId[128553576289984]
Info    2026-08-19 14:27:40:476  DevID:MV-CU060-10GC(DA1691703)  Source-Line:libMVGigEVisionSDK.so(StreamChannel.cpp-L1069)  ProcessName:python3.12(115438)     Description:[Stop][0] [Socket Mode] GetCount[5], GetCountSucceed[5], NetReceive[5], ThrowAbnormalImage[0], NetLostFrame[0], ThrowInBufList[0], LostPackets[0]
Info    2026-08-19 14:27:40:476  DevID:MV-CU060-10GC(DA1691703)  Source-Line:libMVGigEVisionSDK.so(GigEVisionManager.cpp-L2238)  ProcessName:python3.12(115438)     Description:[GiGEVision_StopAcquisition][0] Acquisition Stop Success, use 7 ms
Info    2026-08-19 14:28:06:381  DevID:MV-CU060-10GC(DA1691703)  Source-Line:libMVGigEVisionSDK.so(GigEVisionBufferManager.cpp-L0382)  ProcessName:python3.12(115438)     Description:[GigEBufferManager_Init]Main Buffer List'Length is 2, Lock Buffer List's Length is 1
Info    2026-08-19 14:28:06:381  DevID:MV-CU060-10GC(DA1691703)  Source-Line:libMVGigEVisionSDK.so(GigEVisionGVSP.cpp-L0656)  ProcessName:python3.12(115438)     Description:[GVSPThread]GVSPThread Start, ThreadId[128553576289984]
Info    2026-08-19 14:28:06:381  DevID:MV-CU060-10GC(DA1691703)  Source-Line:libMVGigEVisionSDK.so(GigEVisionGVSP.cpp-L0671)  ProcessName:python3.12(115438)     Description:[GVSPResendThread]GVSPResendThread Start, ThreadId[128553567897280]
Info    2026-08-19 14:28:06:381  DevID:MV-CU060-10GC(DA1691703)  Source-Line:libMVGigEVisionSDK.so(StreamChannel.cpp-L1787)  ProcessName:python3.12(115438)     Description:[StartProxy][0]Stream proxy start, Socket mode, GvspDstPort[37351], bResendEnable[1], GvspTimeout[300], ResendTimeInterval[10], SCPS[1500], nPayloadSize[6295104], 3DSpecMode[0], CompressMode[0], bSupportAnnounceBuffer[0]
Info    2026-08-19 14:28:06:381  DevID:MV-CU060-10GC(DA1691703)  Source-Line:libMVGigEVisionSDK.so(GigEVisionGVSP.cpp-L0690)  ProcessName:python3.12(115438)     Description:[GVSPThreadProc]GvspTimeout[300], ResendEnable[1], ResendTimeInterval[10], ResendRetryTimes[20], ResendTimeout[50], MaxResendPktsNum[4276]
Info    2026-08-19 14:28:06:381  DevID:MV-CU060-10GC(DA1691703)  Source-Line:libMVGigEVisionSDK.so(GigEVisionManager.cpp-L2137)  ProcessName:python3.12(115438)     Description:[GiGEVision_StartAcquisition]m_nPrivilegeMode[1]
Info    2026-08-19 14:28:06:383  DevID:MV-CU060-10GC(DA1691703)  Source-Line:libMVGigEVisionSDK.so(GigEVisionManager.cpp-L2164)  ProcessName:python3.12(115438)     Description:[GiGEVision_StartAcquisition][0] [GVCP]GvspSendIP[192.168.1.21], GvspSendPort[37351]
Info    2026-08-19 14:28:06:383  DevID:MV-CU060-10GC(DA1691703)  Source-Line:libMVGigEVisionSDK.so(GigEVisionManager.cpp-L2168)  ProcessName:python3.12(115438)     Description:[GiGEVision_StartAcquisition][0] Acquisition Start Success, use 4 ms
Info    2026-08-19 14:28:06:871  DevID:MV-CU060-10GC(DA1691703)  Source-Line:libMVGigEVisionSDK.so(GigEVisionGVSP.cpp-L0673)  ProcessName:python3.12(115438)     Description:[GVSPResendThread]GVSPResendThread End, ThreadId[128553567897280]
Info    2026-08-19 14:28:06:879  DevID:MV-CU060-10GC(DA1691703)  Source-Line:libMVGigEVisionSDK.so(GigEVisionGVSP.cpp-L0658)  ProcessName:python3.12(115438)     Description:[GVSPThread]GVSPThread End, ThreadId[128553576289984]
Info    2026-08-19 14:28:06:879  DevID:MV-CU060-10GC(DA1691703)  Source-Line:libMVGigEVisionSDK.so(StreamChannel.cpp-L1069)  ProcessName:python3.12(115438)     Description:[Stop][0] [Socket Mode] GetCount[5], GetCountSucceed[5], NetReceive[6], ThrowAbnormalImage[0], NetLostFrame[0], ThrowInBufList[0], LostPackets[0]
Info    2026-08-19 14:28:06:879  DevID:MV-CU060-10GC(DA1691703)  Source-Line:libMVGigEVisionSDK.so(GigEVisionManager.cpp-L2238)  ProcessName:python3.12(115438)     Description:[GiGEVision_StopAcquisition][0] Acquisition Stop Success, use 10 ms
Info    2026-08-19 14:28:34:007  DevID:MV-CU060-10GC(DA1691703)  Source-Line:libMVGigEVisionSDK.so(GigEVisionBufferManager.cpp-L0382)  ProcessName:python3.12(115438)     Description:[GigEBufferManager_Init]Main Buffer List'Length is 2, Lock Buffer List's Length is 1
Info    2026-08-19 14:28:34:007  DevID:MV-CU060-10GC(DA1691703)  Source-Line:libMVGigEVisionSDK.so(GigEVisionGVSP.cpp-L0656)  ProcessName:python3.12(115438)     Description:[GVSPThread]GVSPThread Start, ThreadId[128553567897280]
Info    2026-08-19 14:28:34:007  DevID:MV-CU060-10GC(DA1691703)  Source-Line:libMVGigEVisionSDK.so(StreamChannel.cpp-L1787)  ProcessName:python3.12(115438)     Description:[StartProxy][0]Stream proxy start, Socket mode, GvspDstPort[37351], bResendEnable[1], GvspTimeout[300], ResendTimeInterval[10], SCPS[1500], nPayloadSize[6295104], 3DSpecMode[0], CompressMode[0], bSupportAnnounceBuffer[0]
Info    2026-08-19 14:28:34:007  DevID:MV-CU060-10GC(DA1691703)  Source-Line:libMVGigEVisionSDK.so(GigEVisionGVSP.cpp-L0690)  ProcessName:python3.12(115438)     Description:[GVSPThreadProc]GvspTimeout[300], ResendEnable[1], ResendTimeInterval[10], ResendRetryTimes[20], ResendTimeout[50], MaxResendPktsNum[4276]
Info    2026-08-19 14:28:34:007  DevID:MV-CU060-10GC(DA1691703)  Source-Line:libMVGigEVisionSDK.so(GigEVisionGVSP.cpp-L0671)  ProcessName:python3.12(115438)     Description:[GVSPResendThread]GVSPResendThread Start, ThreadId[128553576289984]
Info    2026-08-19 14:28:34:007  DevID:MV-CU060-10GC(DA1691703)  Source-Line:libMVGigEVisionSDK.so(GigEVisionManager.cpp-L2137)  ProcessName:python3.12(115438)     Description:[GiGEVision_StartAcquisition]m_nPrivilegeMode[1]
Info    2026-08-19 14:28:34:009  DevID:MV-CU060-10GC(DA1691703)  Source-Line:libMVGigEVisionSDK.so(GigEVisionManager.cpp-L2164)  ProcessName:python3.12(115438)     Description:[GiGEVision_StartAcquisition][0] [GVCP]GvspSendIP[192.168.1.21], GvspSendPort[37351]
Info    2026-08-19 14:28:34:009  DevID:MV-CU060-10GC(DA1691703)  Source-Line:libMVGigEVisionSDK.so(GigEVisionManager.cpp-L2168)  ProcessName:python3.12(115438)     Description:[GiGEVision_StartAcquisition][0] Acquisition Start Success, use 4 ms
Info    2026-08-19 14:28:34:414  DevID:MV-CU060-10GC(DA1691703)  Source-Line:libMVGigEVisionSDK.so(GigEVisionGVSP.cpp-L0438)  ProcessName:python3.12(115438)     Description:[TrimOutputQueue]TrimOutputQueue ThrowInBufList[1]
Warning 2026-08-19 14:28:34:424  DevID:MV-CU060-10GC(DA1691703)  Source-Line:libMVGigEVisionSDK.so(StreamChannel.cpp-L3070)  ProcessName:python3.12(115438)     Description:[GetImageBuffer][GetImageBuffer]The frame number is not continuous, PreFrameNum[3], CurFrameNum[140724603453445]
Info    2026-08-19 14:28:34:616  DevID:MV-CU060-10GC(DA1691703)  Source-Line:libMVGigEVisionSDK.so(GigEVisionGVSP.cpp-L0438)  ProcessName:python3.12(115438)     Description:[TrimOutputQueue]TrimOutputQueue ThrowInBufList[2]
Info    2026-08-19 14:28:34:658  DevID:MV-CU060-10GC(DA1691703)  Source-Line:libMVGigEVisionSDK.so(GigEVisionGVSP.cpp-L0658)  ProcessName:python3.12(115438)     Description:[GVSPThread]GVSPThread End, ThreadId[128553567897280]
Warning 2026-08-19 14:28:34:658  DevID:MV-CU060-10GC(DA1691703)  Source-Line:libMVGigEVisionSDK.so(GigEVisionGVSP.cpp-L0775)  ProcessName:python3.12(115438)     Description:[GVSPResendThreadProc]WaitForSingleEvent(Timer) failed: 0x6e
Info    2026-08-19 14:28:34:658  DevID:MV-CU060-10GC(DA1691703)  Source-Line:libMVGigEVisionSDK.so(GigEVisionGVSP.cpp-L0673)  ProcessName:python3.12(115438)     Description:[GVSPResendThread]GVSPResendThread End, ThreadId[128553576289984]
Info    2026-08-19 14:28:34:658  DevID:MV-CU060-10GC(DA1691703)  Source-Line:libMVGigEVisionSDK.so(StreamChannel.cpp-L1069)  ProcessName:python3.12(115438)     Description:[Stop][0] [Socket Mode] GetCount[5], GetCountSucceed[5], NetReceive[8], ThrowAbnormalImage[0], NetLostFrame[0], ThrowInBufList[2], LostPackets[0]
Info    2026-08-19 14:28:34:658  DevID:MV-CU060-10GC(DA1691703)  Source-Line:libMVGigEVisionSDK.so(GigEVisionManager.cpp-L2238)  ProcessName:python3.12(115438)     Description:[GiGEVision_StopAcquisition][0] Acquisition Stop Success, use 9 ms
Info    2026-08-19 14:29:00:099  DevID:MV-CU060-10GC(DA1691703)  Source-Line:libMVGigEVisionSDK.so(GigEVisionBufferManager.cpp-L0382)  ProcessName:python3.12(115438)     Description:[GigEBufferManager_Init]Main Buffer List'Length is 2, Lock Buffer List's Length is 1
Info    2026-08-19 14:29:00:099  DevID:MV-CU060-10GC(DA1691703)  Source-Line:libMVGigEVisionSDK.so(GigEVisionGVSP.cpp-L0656)  ProcessName:python3.12(115438)     Description:[GVSPThread]GVSPThread Start, ThreadId[128553576289984]
Info    2026-08-19 14:29:00:099  DevID:MV-CU060-10GC(DA1691703)  Source-Line:libMVGigEVisionSDK.so(GigEVisionGVSP.cpp-L0671)  ProcessName:python3.12(115438)     Description:[GVSPResendThread]GVSPResendThread Start, ThreadId[128553567897280]
Info    2026-08-19 14:29:00:099  DevID:MV-CU060-10GC(DA1691703)  Source-Line:libMVGigEVisionSDK.so(StreamChannel.cpp-L1787)  ProcessName:python3.12(115438)     Description:[StartProxy][0]Stream proxy start, Socket mode, GvspDstPort[37351], bResendEnable[1], GvspTimeout[300], ResendTimeInterval[10], SCPS[1500], nPayloadSize[6295104], 3DSpecMode[0], CompressMode[0], bSupportAnnounceBuffer[0]
Info    2026-08-19 14:29:00:099  DevID:MV-CU060-10GC(DA1691703)  Source-Line:libMVGigEVisionSDK.so(GigEVisionGVSP.cpp-L0690)  ProcessName:python3.12(115438)     Description:[GVSPThreadProc]GvspTimeout[300], ResendEnable[1], ResendTimeInterval[10], ResendRetryTimes[20], ResendTimeout[50], MaxResendPktsNum[4276]
Info    2026-08-19 14:29:00:099  DevID:MV-CU060-10GC(DA1691703)  Source-Line:libMVGigEVisionSDK.so(GigEVisionManager.cpp-L2137)  ProcessName:python3.12(115438)     Description:[GiGEVision_StartAcquisition]m_nPrivilegeMode[1]
Info    2026-08-19 14:29:00:101  DevID:MV-CU060-10GC(DA1691703)  Source-Line:libMVGigEVisionSDK.so(GigEVisionManager.cpp-L2164)  ProcessName:python3.12(115438)     Description:[GiGEVision_StartAcquisition][0] [GVCP]GvspSendIP[192.168.1.21], GvspSendPort[37351]
Info    2026-08-19 14:29:00:101  DevID:MV-CU060-10GC(DA1691703)  Source-Line:libMVGigEVisionSDK.so(GigEVisionManager.cpp-L2168)  ProcessName:python3.12(115438)     Description:[GiGEVision_StartAcquisition][0] Acquisition Start Success, use 3 ms
Info    2026-08-19 14:29:00:550  DevID:MV-CU060-10GC(DA1691703)  Source-Line:libMVGigEVisionSDK.so(GigEVisionGVSP.cpp-L0658)  ProcessName:python3.12(115438)     Description:[GVSPThread]GVSPThread End, ThreadId[128553576289984]
Warning 2026-08-19 14:29:00:550  DevID:MV-CU060-10GC(DA1691703)  Source-Line:libMVGigEVisionSDK.so(GigEVisionGVSP.cpp-L0775)  ProcessName:python3.12(115438)     Description:[GVSPResendThreadProc]WaitForSingleEvent(Timer) failed: 0x6e
Info    2026-08-19 14:29:00:550  DevID:MV-CU060-10GC(DA1691703)  Source-Line:libMVGigEVisionSDK.so(GigEVisionGVSP.cpp-L0673)  ProcessName:python3.12(115438)     Description:[GVSPResendThread]GVSPResendThread End, ThreadId[128553567897280]
Info    2026-08-19 14:29:00:551  DevID:MV-CU060-10GC(DA1691703)  Source-Line:libMVGigEVisionSDK.so(StreamChannel.cpp-L1069)  ProcessName:python3.12(115438)     Description:[Stop][0] [Socket Mode] GetCount[5], GetCountSucceed[5], NetReceive[5], ThrowAbnormalImage[0], NetLostFrame[0], ThrowInBufList[0], LostPackets[0]
Info    2026-08-19 14:29:00:551  DevID:MV-CU060-10GC(DA1691703)  Source-Line:libMVGigEVisionSDK.so(GigEVisionManager.cpp-L2238)  ProcessName:python3.12(115438)     Description:[GiGEVision_StopAcquisition][0] Acquisition Stop Success, use 1 ms
Info    2026-08-19 14:29:28:807  DevID:MV-CU060-10GC(DA1691703)  Source-Line:libMVGigEVisionSDK.so(GigEVisionBufferManager.cpp-L0382)  ProcessName:python3.12(115438)     Description:[GigEBufferManager_Init]Main Buffer List'Length is 2, Lock Buffer List's Length is 1
Info    2026-08-19 14:29:28:808  DevID:MV-CU060-10GC(DA1691703)  Source-Line:libMVGigEVisionSDK.so(GigEVisionGVSP.cpp-L0656)  ProcessName:python3.12(115438)     Description:[GVSPThread]GVSPThread Start, ThreadId[128553567897280]
Info    2026-08-19 14:29:28:808  DevID:MV-CU060-10GC(DA1691703)  Source-Line:libMVGigEVisionSDK.so(StreamChannel.cpp-L1787)  ProcessName:python3.12(115438)     Description:[StartProxy][0]Stream proxy start, Socket mode, GvspDstPort[37351], bResendEnable[1], GvspTimeout[300], ResendTimeInterval[10], SCPS[1500], nPayloadSize[6295104], 3DSpecMode[0], CompressMode[0], bSupportAnnounceBuffer[0]
Info    2026-08-19 14:29:28:808  DevID:MV-CU060-10GC(DA1691703)  Source-Line:libMVGigEVisionSDK.so(GigEVisionGVSP.cpp-L0690)  ProcessName:python3.12(115438)     Description:[GVSPThreadProc]GvspTimeout[300], ResendEnable[1], ResendTimeInterval[10], ResendRetryTimes[20], ResendTimeout[50], MaxResendPktsNum[4276]
Info    2026-08-19 14:29:28:808  DevID:MV-CU060-10GC(DA1691703)  Source-Line:libMVGigEVisionSDK.so(GigEVisionManager.cpp-L2137)  ProcessName:python3.12(115438)     Description:[GiGEVision_StartAcquisition]m_nPrivilegeMode[1]
Info    2026-08-19 14:29:28:808  DevID:MV-CU060-10GC(DA1691703)  Source-Line:libMVGigEVisionSDK.so(GigEVisionGVSP.cpp-L0671)  ProcessName:python3.12(115438)     Description:[GVSPResendThread]GVSPResendThread Start, ThreadId[128553576289984]
Info    2026-08-19 14:29:28:810  DevID:MV-CU060-10GC(DA1691703)  Source-Line:libMVGigEVisionSDK.so(GigEVisionManager.cpp-L2164)  ProcessName:python3.12(115438)     Description:[GiGEVision_StartAcquisition][0] [GVCP]GvspSendIP[192.168.1.21], GvspSendPort[37351]
Info    2026-08-19 14:29:28:810  DevID:MV-CU060-10GC(DA1691703)  Source-Line:libMVGigEVisionSDK.so(GigEVisionManager.cpp-L2168)  ProcessName:python3.12(115438)     Description:[GiGEVision_StartAcquisition][0] Acquisition Start Success, use 3 ms
Info    2026-08-19 14:29:29:263  DevID:MV-CU060-10GC(DA1691703)  Source-Line:libMVGigEVisionSDK.so(GigEVisionGVSP.cpp-L0658)  ProcessName:python3.12(115438)     Description:[GVSPThread]GVSPThread End, ThreadId[128553567897280]
Warning 2026-08-19 14:29:29:263  DevID:MV-CU060-10GC(DA1691703)  Source-Line:libMVGigEVisionSDK.so(GigEVisionGVSP.cpp-L0775)  ProcessName:python3.12(115438)     Description:[GVSPResendThreadProc]WaitForSingleEvent(Timer) failed: 0x6e
Info    2026-08-19 14:29:29:263  DevID:MV-CU060-10GC(DA1691703)  Source-Line:libMVGigEVisionSDK.so(GigEVisionGVSP.cpp-L0673)  ProcessName:python3.12(115438)     Description:[GVSPResendThread]GVSPResendThread End, ThreadId[128553576289984]
Info    2026-08-19 14:29:29:263  DevID:MV-CU060-10GC(DA1691703)  Source-Line:libMVGigEVisionSDK.so(StreamChannel.cpp-L1069)  ProcessName:python3.12(115438)     Description:[Stop][0] [Socket Mode] GetCount[5], GetCountSucceed[5], NetReceive[5], ThrowAbnormalImage[0], NetLostFrame[0], ThrowInBufList[0], LostPackets[0]
Info    2026-08-19 14:29:29:263  DevID:MV-CU060-10GC(DA1691703)  Source-Line:libMVGigEVisionSDK.so(GigEVisionManager.cpp-L2238)  ProcessName:python3.12(115438)     Description:[GiGEVision_StopAcquisition][0] Acquisition Stop Success, use 3 ms
Info    2026-08-19 14:29:57:106  DevID:MV-CU060-10GC(DA1691703)  Source-Line:libMVGigEVisionSDK.so(GigEVisionBufferManager.cpp-L0382)  ProcessName:python3.12(115438)     Description:[GigEBufferManager_Init]Main Buffer List'Length is 2, Lock Buffer List's Length is 1
Info    2026-08-19 14:29:57:106  DevID:MV-CU060-10GC(DA1691703)  Source-Line:libMVGigEVisionSDK.so(GigEVisionGVSP.cpp-L0656)  ProcessName:python3.12(115438)     Description:[GVSPThread]GVSPThread Start, ThreadId[128553576289984]
Info    2026-08-19 14:29:57:106  DevID:MV-CU060-10GC(DA1691703)  Source-Line:libMVGigEVisionSDK.so(GigEVisionGVSP.cpp-L0690)  ProcessName:python3.12(115438)     Description:[GVSPThreadProc]GvspTimeout[300], ResendEnable[1], ResendTimeInterval[10], ResendRetryTimes[20], ResendTimeout[50], MaxResendPktsNum[4276]
Info    2026-08-19 14:29:57:106  DevID:MV-CU060-10GC(DA1691703)  Source-Line:libMVGigEVisionSDK.so(GigEVisionGVSP.cpp-L0671)  ProcessName:python3.12(115438)     Description:[GVSPResendThread]GVSPResendThread Start, ThreadId[128553567897280]
Info    2026-08-19 14:29:57:106  DevID:MV-CU060-10GC(DA1691703)  Source-Line:libMVGigEVisionSDK.so(StreamChannel.cpp-L1787)  ProcessName:python3.12(115438)     Description:[StartProxy][0]Stream proxy start, Socket mode, GvspDstPort[37351], bResendEnable[1], GvspTimeout[300], ResendTimeInterval[10], SCPS[1500], nPayloadSize[6295104], 3DSpecMode[0], CompressMode[0], bSupportAnnounceBuffer[0]
Info    2026-08-19 14:29:57:106  DevID:MV-CU060-10GC(DA1691703)  Source-Line:libMVGigEVisionSDK.so(GigEVisionManager.cpp-L2137)  ProcessName:python3.12(115438)     Description:[GiGEVision_StartAcquisition]m_nPrivilegeMode[1]
Info    2026-08-19 14:29:57:108  DevID:MV-CU060-10GC(DA1691703)  Source-Line:libMVGigEVisionSDK.so(GigEVisionManager.cpp-L2164)  ProcessName:python3.12(115438)     Description:[GiGEVision_StartAcquisition][0] [GVCP]GvspSendIP[192.168.1.21], GvspSendPort[37351]
Info    2026-08-19 14:29:57:108  DevID:MV-CU060-10GC(DA1691703)  Source-Line:libMVGigEVisionSDK.so(GigEVisionManager.cpp-L2168)  ProcessName:python3.12(115438)     Description:[GiGEVision_StartAcquisition][0] Acquisition Start Success, use 3 ms
Info    2026-08-19 14:29:57:551  DevID:MV-CU060-10GC(DA1691703)  Source-Line:libMVGigEVisionSDK.so(GigEVisionGVSP.cpp-L0673)  ProcessName:python3.12(115438)     Description:[GVSPResendThread]GVSPResendThread End, ThreadId[128553567897280]
Info    2026-08-19 14:29:57:553  DevID:MV-CU060-10GC(DA1691703)  Source-Line:libMVGigEVisionSDK.so(GigEVisionGVSP.cpp-L0658)  ProcessName:python3.12(115438)     Description:[GVSPThread]GVSPThread End, ThreadId[128553576289984]
Info    2026-08-19 14:29:57:553  DevID:MV-CU060-10GC(DA1691703)  Source-Line:libMVGigEVisionSDK.so(StreamChannel.cpp-L1069)  ProcessName:python3.12(115438)     Description:[Stop][0] [Socket Mode] GetCount[5], GetCountSucceed[5], NetReceive[5], ThrowAbnormalImage[0], NetLostFrame[0], ThrowInBufList[0], LostPackets[0]
Info    2026-08-19 14:29:57:553  DevID:MV-CU060-10GC(DA1691703)  Source-Line:libMVGigEVisionSDK.so(GigEVisionManager.cpp-L2238)  ProcessName:python3.12(115438)     Description:[GiGEVision_StopAcquisition][0] Acquisition Stop Success, use 3 ms
Info    2026-08-19 14:30:24:405  DevID:MV-CU060-10GC(DA1691703)  Source-Line:libMVGigEVisionSDK.so(GigEVisionBufferManager.cpp-L0382)  ProcessName:python3.12(115438)     Description:[GigEBufferManager_Init]Main Buffer List'Length is 2, Lock Buffer List's Length is 1
Info    2026-08-19 14:30:24:405  DevID:MV-CU060-10GC(DA1691703)  Source-Line:libMVGigEVisionSDK.so(GigEVisionGVSP.cpp-L0656)  ProcessName:python3.12(115438)     Description:[GVSPThread]GVSPThread Start, ThreadId[128553567897280]
Info    2026-08-19 14:30:24:405  DevID:MV-CU060-10GC(DA1691703)  Source-Line:libMVGigEVisionSDK.so(StreamChannel.cpp-L1787)  ProcessName:python3.12(115438)     Description:[StartProxy][0]Stream proxy start, Socket mode, GvspDstPort[37351], bResendEnable[1], GvspTimeout[300], ResendTimeInterval[10], SCPS[1500], nPayloadSize[6295104], 3DSpecMode[0], CompressMode[0], bSupportAnnounceBuffer[0]
Info    2026-08-19 14:30:24:406  DevID:MV-CU060-10GC(DA1691703)  Source-Line:libMVGigEVisionSDK.so(GigEVisionGVSP.cpp-L0690)  ProcessName:python3.12(115438)     Description:[GVSPThreadProc]GvspTimeout[300], ResendEnable[1], ResendTimeInterval[10], ResendRetryTimes[20], ResendTimeout[50], MaxResendPktsNum[4276]
Info    2026-08-19 14:30:24:406  DevID:MV-CU060-10GC(DA1691703)  Source-Line:libMVGigEVisionSDK.so(GigEVisionGVSP.cpp-L0671)  ProcessName:python3.12(115438)     Description:[GVSPResendThread]GVSPResendThread Start, ThreadId[128553576289984]
Info    2026-08-19 14:30:24:406  DevID:MV-CU060-10GC(DA1691703)  Source-Line:libMVGigEVisionSDK.so(GigEVisionManager.cpp-L2137)  ProcessName:python3.12(115438)     Description:[GiGEVision_StartAcquisition]m_nPrivilegeMode[1]
Info    2026-08-19 14:30:24:407  DevID:MV-CU060-10GC(DA1691703)  Source-Line:libMVGigEVisionSDK.so(GigEVisionManager.cpp-L2164)  ProcessName:python3.12(115438)     Description:[GiGEVision_StartAcquisition][0] [GVCP]GvspSendIP[192.168.1.21], GvspSendPort[37351]
Info    2026-08-19 14:30:24:407  DevID:MV-CU060-10GC(DA1691703)  Source-Line:libMVGigEVisionSDK.so(GigEVisionManager.cpp-L2168)  ProcessName:python3.12(115438)     Description:[GiGEVision_StartAcquisition][0] Acquisition Start Success, use 3 ms
Info    2026-08-19 14:30:24:872  DevID:MV-CU060-10GC(DA1691703)  Source-Line:libMVGigEVisionSDK.so(GigEVisionGVSP.cpp-L0658)  ProcessName:python3.12(115438)     Description:[GVSPThread]GVSPThread End, ThreadId[128553567897280]
Warning 2026-08-19 14:30:24:872  DevID:MV-CU060-10GC(DA1691703)  Source-Line:libMVGigEVisionSDK.so(GigEVisionGVSP.cpp-L0775)  ProcessName:python3.12(115438)     Description:[GVSPResendThreadProc]WaitForSingleEvent(Timer) failed: 0x6e
Info    2026-08-19 14:30:24:872  DevID:MV-CU060-10GC(DA1691703)  Source-Line:libMVGigEVisionSDK.so(GigEVisionGVSP.cpp-L0673)  ProcessName:python3.12(115438)     Description:[GVSPResendThread]GVSPResendThread End, ThreadId[128553576289984]
Info    2026-08-19 14:30:24:872  DevID:MV-CU060-10GC(DA1691703)  Source-Line:libMVGigEVisionSDK.so(StreamChannel.cpp-L1069)  ProcessName:python3.12(115438)     Description:[Stop][0] [Socket Mode] GetCount[5], GetCountSucceed[5], NetReceive[5], ThrowAbnormalImage[0], NetLostFrame[0], ThrowInBufList[0], LostPackets[0]
Info    2026-08-19 14:30:24:872  DevID:MV-CU060-10GC(DA1691703)  Source-Line:libMVGigEVisionSDK.so(GigEVisionManager.cpp-L2238)  ProcessName:python3.12(115438)     Description:[GiGEVision_StopAcquisition][0] Acquisition Stop Success, use 2 ms
Info    2026-08-19 14:30:50:821  DevID:MV-CU060-10GC(DA1691703)  Source-Line:libMVGigEVisionSDK.so(GigEVisionBufferManager.cpp-L0382)  ProcessName:python3.12(115438)     Description:[GigEBufferManager_Init]Main Buffer List'Length is 2, Lock Buffer List's Length is 1
Info    2026-08-19 14:30:50:822  DevID:MV-CU060-10GC(DA1691703)  Source-Line:libMVGigEVisionSDK.so(GigEVisionGVSP.cpp-L0656)  ProcessName:python3.12(115438)     Description:[GVSPThread]GVSPThread Start, ThreadId[128553576289984]
Info    2026-08-19 14:30:50:822  DevID:MV-CU060-10GC(DA1691703)  Source-Line:libMVGigEVisionSDK.so(GigEVisionGVSP.cpp-L0671)  ProcessName:python3.12(115438)     Description:[GVSPResendThread]GVSPResendThread Start, ThreadId[128553567897280]
Info    2026-08-19 14:30:50:822  DevID:MV-CU060-10GC(DA1691703)  Source-Line:libMVGigEVisionSDK.so(StreamChannel.cpp-L1787)  ProcessName:python3.12(115438)     Description:[StartProxy][0]Stream proxy start, Socket mode, GvspDstPort[37351], bResendEnable[1], GvspTimeout[300], ResendTimeInterval[10], SCPS[1500], nPayloadSize[6295104], 3DSpecMode[0], CompressMode[0], bSupportAnnounceBuffer[0]
Info    2026-08-19 14:30:50:822  DevID:MV-CU060-10GC(DA1691703)  Source-Line:libMVGigEVisionSDK.so(GigEVisionGVSP.cpp-L0690)  ProcessName:python3.12(115438)     Description:[GVSPThreadProc]GvspTimeout[300], ResendEnable[1], ResendTimeInterval[10], ResendRetryTimes[20], ResendTimeout[50], MaxResendPktsNum[4276]
Info    2026-08-19 14:30:50:822  DevID:MV-CU060-10GC(DA1691703)  Source-Line:libMVGigEVisionSDK.so(GigEVisionManager.cpp-L2137)  ProcessName:python3.12(115438)     Description:[GiGEVision_StartAcquisition]m_nPrivilegeMode[1]
Info    2026-08-19 14:30:50:824  DevID:MV-CU060-10GC(DA1691703)  Source-Line:libMVGigEVisionSDK.so(GigEVisionManager.cpp-L2164)  ProcessName:python3.12(115438)     Description:[GiGEVision_StartAcquisition][0] [GVCP]GvspSendIP[192.168.1.21], GvspSendPort[37351]
Info    2026-08-19 14:30:50:824  DevID:MV-CU060-10GC(DA1691703)  Source-Line:libMVGigEVisionSDK.so(GigEVisionManager.cpp-L2168)  ProcessName:python3.12(115438)     Description:[GiGEVision_StartAcquisition][0] Acquisition Start Success, use 3 ms
Info    2026-08-19 14:30:51:322  DevID:MV-CU060-10GC(DA1691703)  Source-Line:libMVGigEVisionSDK.so(GigEVisionGVSP.cpp-L0673)  ProcessName:python3.12(115438)     Description:[GVSPResendThread]GVSPResendThread End, ThreadId[128553567897280]
Info    2026-08-19 14:30:51:326  DevID:MV-CU060-10GC(DA1691703)  Source-Line:libMVGigEVisionSDK.so(GigEVisionGVSP.cpp-L0658)  ProcessName:python3.12(115438)     Description:[GVSPThread]GVSPThread End, ThreadId[128553576289984]
Info    2026-08-19 14:30:51:327  DevID:MV-CU060-10GC(DA1691703)  Source-Line:libMVGigEVisionSDK.so(StreamChannel.cpp-L1069)  ProcessName:python3.12(115438)     Description:[Stop][0] [Socket Mode] GetCount[5], GetCountSucceed[5], NetReceive[6], ThrowAbnormalImage[0], NetLostFrame[0], ThrowInBufList[0], LostPackets[0]
Info    2026-08-19 14:30:51:327  DevID:MV-CU060-10GC(DA1691703)  Source-Line:libMVGigEVisionSDK.so(GigEVisionManager.cpp-L2238)  ProcessName:python3.12(115438)     Description:[GiGEVision_StopAcquisition][0] Acquisition Stop Success, use 6 ms
Info    2026-08-19 14:31:18:237  DevID:MV-CU060-10GC(DA1691703)  Source-Line:libMVGigEVisionSDK.so(GigEVisionBufferManager.cpp-L0382)  ProcessName:python3.12(115438)     Description:[GigEBufferManager_Init]Main Buffer List'Length is 2, Lock Buffer List's Length is 1
Info    2026-08-19 14:31:18:238  DevID:MV-CU060-10GC(DA1691703)  Source-Line:libMVGigEVisionSDK.so(GigEVisionGVSP.cpp-L0656)  ProcessName:python3.12(115438)     Description:[GVSPThread]GVSPThread Start, ThreadId[128553567897280]
Info    2026-08-19 14:31:18:238  DevID:MV-CU060-10GC(DA1691703)  Source-Line:libMVGigEVisionSDK.so(StreamChannel.cpp-L1787)  ProcessName:python3.12(115438)     Description:[StartProxy][0]Stream proxy start, Socket mode, GvspDstPort[37351], bResendEnable[1], GvspTimeout[300], ResendTimeInterval[10], SCPS[1500], nPayloadSize[6295104], 3DSpecMode[0], CompressMode[0], bSupportAnnounceBuffer[0]
Info    2026-08-19 14:31:18:238  DevID:MV-CU060-10GC(DA1691703)  Source-Line:libMVGigEVisionSDK.so(GigEVisionGVSP.cpp-L0690)  ProcessName:python3.12(115438)     Description:[GVSPThreadProc]GvspTimeout[300], ResendEnable[1], ResendTimeInterval[10], ResendRetryTimes[20], ResendTimeout[50], MaxResendPktsNum[4276]
Info    2026-08-19 14:31:18:238  DevID:MV-CU060-10GC(DA1691703)  Source-Line:libMVGigEVisionSDK.so(GigEVisionManager.cpp-L2137)  ProcessName:python3.12(115438)     Description:[GiGEVision_StartAcquisition]m_nPrivilegeMode[1]
Info    2026-08-19 14:31:18:238  DevID:MV-CU060-10GC(DA1691703)  Source-Line:libMVGigEVisionSDK.so(GigEVisionGVSP.cpp-L0671)  ProcessName:python3.12(115438)     Description:[GVSPResendThread]GVSPResendThread Start, ThreadId[128553576289984]
Info    2026-08-19 14:31:18:239  DevID:MV-CU060-10GC(DA1691703)  Source-Line:libMVGigEVisionSDK.so(GigEVisionManager.cpp-L2164)  ProcessName:python3.12(115438)     Description:[GiGEVision_StartAcquisition][0] [GVCP]GvspSendIP[192.168.1.21], GvspSendPort[37351]
Info    2026-08-19 14:31:18:240  DevID:MV-CU060-10GC(DA1691703)  Source-Line:libMVGigEVisionSDK.so(GigEVisionManager.cpp-L2168)  ProcessName:python3.12(115438)     Description:[GiGEVision_StartAcquisition][0] Acquisition Start Success, use 3 ms
Info    2026-08-19 14:31:18:684  DevID:MV-CU060-10GC(DA1691703)  Source-Line:libMVGigEVisionSDK.so(GigEVisionGVSP.cpp-L0658)  ProcessName:python3.12(115438)     Description:[GVSPThread]GVSPThread End, ThreadId[128553567897280]
Warning 2026-08-19 14:31:18:684  DevID:MV-CU060-10GC(DA1691703)  Source-Line:libMVGigEVisionSDK.so(GigEVisionGVSP.cpp-L0775)  ProcessName:python3.12(115438)     Description:[GVSPResendThreadProc]WaitForSingleEvent(Timer) failed: 0x6e
Info    2026-08-19 14:31:18:684  DevID:MV-CU060-10GC(DA1691703)  Source-Line:libMVGigEVisionSDK.so(GigEVisionGVSP.cpp-L0673)  ProcessName:python3.12(115438)     Description:[GVSPResendThread]GVSPResendThread End, ThreadId[128553576289984]
Info    2026-08-19 14:31:18:684  DevID:MV-CU060-10GC(DA1691703)  Source-Line:libMVGigEVisionSDK.so(StreamChannel.cpp-L1069)  ProcessName:python3.12(115438)     Description:[Stop][0] [Socket Mode] GetCount[5], GetCountSucceed[5], NetReceive[5], ThrowAbnormalImage[0], NetLostFrame[0], ThrowInBufList[0], LostPackets[0]
Info    2026-08-19 14:31:18:684  DevID:MV-CU060-10GC(DA1691703)  Source-Line:libMVGigEVisionSDK.so(GigEVisionManager.cpp-L2238)  ProcessName:python3.12(115438)     Description:[GiGEVision_StopAcquisition][0] Acquisition Stop Success, use 3 ms
Info    2026-08-19 14:31:19:481  DevID:MV-CU060-10GC(DA1691703)  Source-Line:libMVGigEVisionSDK.so(GigEVisionBufferManager.cpp-L0382)  ProcessName:python3.12(115438)     Description:[GigEBufferManager_Init]Main Buffer List'Length is 2, Lock Buffer List's Length is 1
Info    2026-08-19 14:31:19:482  DevID:MV-CU060-10GC(DA1691703)  Source-Line:libMVGigEVisionSDK.so(GigEVisionGVSP.cpp-L0656)  ProcessName:python3.12(115438)     Description:[GVSPThread]GVSPThread Start, ThreadId[128553576289984]
Info    2026-08-19 14:31:19:482  DevID:MV-CU060-10GC(DA1691703)  Source-Line:libMVGigEVisionSDK.so(StreamChannel.cpp-L1787)  ProcessName:python3.12(115438)     Description:[StartProxy][0]Stream proxy start, Socket mode, GvspDstPort[37351], bResendEnable[1], GvspTimeout[300], ResendTimeInterval[10], SCPS[1500], nPayloadSize[6295104], 3DSpecMode[0], CompressMode[0], bSupportAnnounceBuffer[0]
Info    2026-08-19 14:31:19:482  DevID:MV-CU060-10GC(DA1691703)  Source-Line:libMVGigEVisionSDK.so(GigEVisionGVSP.cpp-L0690)  ProcessName:python3.12(115438)     Description:[GVSPThreadProc]GvspTimeout[300], ResendEnable[1], ResendTimeInterval[10], ResendRetryTimes[20], ResendTimeout[50], MaxResendPktsNum[4276]
Info    2026-08-19 14:31:19:482  DevID:MV-CU060-10GC(DA1691703)  Source-Line:libMVGigEVisionSDK.so(GigEVisionManager.cpp-L2137)  ProcessName:python3.12(115438)     Description:[GiGEVision_StartAcquisition]m_nPrivilegeMode[1]
Info    2026-08-19 14:31:19:482  DevID:MV-CU060-10GC(DA1691703)  Source-Line:libMVGigEVisionSDK.so(GigEVisionGVSP.cpp-L0671)  ProcessName:python3.12(115438)     Description:[GVSPResendThread]GVSPResendThread Start, ThreadId[128553567897280]
Info    2026-08-19 14:31:19:483  DevID:MV-CU060-10GC(DA1691703)  Source-Line:libMVGigEVisionSDK.so(GigEVisionManager.cpp-L2164)  ProcessName:python3.12(115438)     Description:[GiGEVision_StartAcquisition][0] [GVCP]GvspSendIP[192.168.1.21], GvspSendPort[37351]
Info    2026-08-19 14:31:19:483  DevID:MV-CU060-10GC(DA1691703)  Source-Line:libMVGigEVisionSDK.so(GigEVisionManager.cpp-L2168)  ProcessName:python3.12(115438)     Description:[GiGEVision_StartAcquisition][0] Acquisition Start Success, use 3 ms
Info    2026-08-19 14:31:19:945  DevID:MV-CU060-10GC(DA1691703)  Source-Line:libMVGigEVisionSDK.so(GigEVisionGVSP.cpp-L0658)  ProcessName:python3.12(115438)     Description:[GVSPThread]GVSPThread End, ThreadId[128553576289984]
Warning 2026-08-19 14:31:19:945  DevID:MV-CU060-10GC(DA1691703)  Source-Line:libMVGigEVisionSDK.so(GigEVisionGVSP.cpp-L0775)  ProcessName:python3.12(115438)     Description:[GVSPResendThreadProc]WaitForSingleEvent(Timer) failed: 0x6e
Info    2026-08-19 14:31:19:945  DevID:MV-CU060-10GC(DA1691703)  Source-Line:libMVGigEVisionSDK.so(GigEVisionGVSP.cpp-L0673)  ProcessName:python3.12(115438)     Description:[GVSPResendThread]GVSPResendThread End, ThreadId[128553567897280]
Info    2026-08-19 14:31:19:945  DevID:MV-CU060-10GC(DA1691703)  Source-Line:libMVGigEVisionSDK.so(StreamChannel.cpp-L1069)  ProcessName:python3.12(115438)     Description:[Stop][0] [Socket Mode] GetCount[5], GetCountSucceed[5], NetReceive[5], ThrowAbnormalImage[0], NetLostFrame[0], ThrowInBufList[0], LostPackets[0]
Info    2026-08-19 14:31:19:945  DevID:MV-CU060-10GC(DA1691703)  Source-Line:libMVGigEVisionSDK.so(GigEVisionManager.cpp-L2238)  ProcessName:python3.12(115438)     Description:[GiGEVision_StopAcquisition][0] Acquisition Stop Success, use 4 ms
Info    2026-08-19 14:31:47:816  DevID:MV-CU060-10GC(DA1691703)  Source-Line:libMVGigEVisionSDK.so(GigEVisionBufferManager.cpp-L0382)  ProcessName:python3.12(115438)     Description:[GigEBufferManager_Init]Main Buffer List'Length is 2, Lock Buffer List's Length is 1
Info    2026-08-19 14:31:47:817  DevID:MV-CU060-10GC(DA1691703)  Source-Line:libMVGigEVisionSDK.so(GigEVisionGVSP.cpp-L0656)  ProcessName:python3.12(115438)     Description:[GVSPThread]GVSPThread Start, ThreadId[128553567897280]
Info    2026-08-19 14:31:47:817  DevID:MV-CU060-10GC(DA1691703)  Source-Line:libMVGigEVisionSDK.so(StreamChannel.cpp-L1787)  ProcessName:python3.12(115438)     Description:[StartProxy][0]Stream proxy start, Socket mode, GvspDstPort[37351], bResendEnable[1], GvspTimeout[300], ResendTimeInterval[10], SCPS[1500], nPayloadSize[6295104], 3DSpecMode[0], CompressMode[0], bSupportAnnounceBuffer[0]
Info    2026-08-19 14:31:47:817  DevID:MV-CU060-10GC(DA1691703)  Source-Line:libMVGigEVisionSDK.so(GigEVisionGVSP.cpp-L0671)  ProcessName:python3.12(115438)     Description:[GVSPResendThread]GVSPResendThread Start, ThreadId[128553576289984]
Info    2026-08-19 14:31:47:817  DevID:MV-CU060-10GC(DA1691703)  Source-Line:libMVGigEVisionSDK.so(GigEVisionGVSP.cpp-L0690)  ProcessName:python3.12(115438)     Description:[GVSPThreadProc]GvspTimeout[300], ResendEnable[1], ResendTimeInterval[10], ResendRetryTimes[20], ResendTimeout[50], MaxResendPktsNum[4276]
Info    2026-08-19 14:31:47:817  DevID:MV-CU060-10GC(DA1691703)  Source-Line:libMVGigEVisionSDK.so(GigEVisionManager.cpp-L2137)  ProcessName:python3.12(115438)     Description:[GiGEVision_StartAcquisition]m_nPrivilegeMode[1]
Info    2026-08-19 14:31:47:818  DevID:MV-CU060-10GC(DA1691703)  Source-Line:libMVGigEVisionSDK.so(GigEVisionManager.cpp-L2164)  ProcessName:python3.12(115438)     Description:[GiGEVision_StartAcquisition][0] [GVCP]GvspSendIP[192.168.1.21], GvspSendPort[37351]
Info    2026-08-19 14:31:47:818  DevID:MV-CU060-10GC(DA1691703)  Source-Line:libMVGigEVisionSDK.so(GigEVisionManager.cpp-L2168)  ProcessName:python3.12(115438)     Description:[GiGEVision_StartAcquisition][0] Acquisition Start Success, use 3 ms
Info    2026-08-19 14:31:48:224  DevID:MV-CU060-10GC(DA1691703)  Source-Line:libMVGigEVisionSDK.so(GigEVisionGVSP.cpp-L0438)  ProcessName:python3.12(115438)     Description:[TrimOutputQueue]TrimOutputQueue ThrowInBufList[1]
Warning 2026-08-19 14:31:48:250  DevID:MV-CU060-10GC(DA1691703)  Source-Line:libMVGigEVisionSDK.so(StreamChannel.cpp-L3070)  ProcessName:python3.12(115438)     Description:[GetImageBuffer][GetImageBuffer]The frame number is not continuous, PreFrameNum[3], CurFrameNum[140724603453445]
Info    2026-08-19 14:31:48:406  DevID:MV-CU060-10GC(DA1691703)  Source-Line:libMVGigEVisionSDK.so(GigEVisionGVSP.cpp-L0438)  ProcessName:python3.12(115438)     Description:[TrimOutputQueue]TrimOutputQueue ThrowInBufList[2]
Warning 2026-08-19 14:31:48:406  DevID:MV-CU060-10GC(DA1691703)  Source-Line:libMVGigEVisionSDK.so(StreamChannel.cpp-L3070)  ProcessName:python3.12(115438)     Description:[GetImageBuffer][GetImageBuffer]The frame number is not continuous, PreFrameNum[5], CurFrameNum[140724603453447]
Info    2026-08-19 14:31:48:572  DevID:MV-CU060-10GC(DA1691703)  Source-Line:libMVGigEVisionSDK.so(GigEVisionGVSP.cpp-L0658)  ProcessName:python3.12(115438)     Description:[GVSPThread]GVSPThread End, ThreadId[128553567897280]
Warning 2026-08-19 14:31:48:572  DevID:MV-CU060-10GC(DA1691703)  Source-Line:libMVGigEVisionSDK.so(GigEVisionGVSP.cpp-L0775)  ProcessName:python3.12(115438)     Description:[GVSPResendThreadProc]WaitForSingleEvent(Timer) failed: 0x6e
Info    2026-08-19 14:31:48:572  DevID:MV-CU060-10GC(DA1691703)  Source-Line:libMVGigEVisionSDK.so(GigEVisionGVSP.cpp-L0673)  ProcessName:python3.12(115438)     Description:[GVSPResendThread]GVSPResendThread End, ThreadId[128553576289984]
Info    2026-08-19 14:31:48:572  DevID:MV-CU060-10GC(DA1691703)  Source-Line:libMVGigEVisionSDK.so(StreamChannel.cpp-L1069)  ProcessName:python3.12(115438)     Description:[Stop][0] [Socket Mode] GetCount[5], GetCountSucceed[5], NetReceive[8], ThrowAbnormalImage[0], NetLostFrame[0], ThrowInBufList[2], LostPackets[0]
Info    2026-08-19 14:31:48:572  DevID:MV-CU060-10GC(DA1691703)  Source-Line:libMVGigEVisionSDK.so(GigEVisionManager.cpp-L2238)  ProcessName:python3.12(115438)     Description:[GiGEVision_StopAcquisition][0] Acquisition Stop Success, use 2 ms
Info    2026-08-19 14:32:14:606  DevID:MV-CU060-10GC(DA1691703)  Source-Line:libMVGigEVisionSDK.so(GigEVisionBufferManager.cpp-L0382)  ProcessName:python3.12(115438)     Description:[GigEBufferManager_Init]Main Buffer List'Length is 2, Lock Buffer List's Length is 1
Info    2026-08-19 14:32:14:633  DevID:MV-CU060-10GC(DA1691703)  Source-Line:libMVGigEVisionSDK.so(GigEVisionGVSP.cpp-L0656)  ProcessName:python3.12(115438)     Description:[GVSPThread]GVSPThread Start, ThreadId[128553576289984]
Info    2026-08-19 14:32:14:633  DevID:MV-CU060-10GC(DA1691703)  Source-Line:libMVGigEVisionSDK.so(GigEVisionGVSP.cpp-L0671)  ProcessName:python3.12(115438)     Description:[GVSPResendThread]GVSPResendThread Start, ThreadId[128553567897280]
Info    2026-08-19 14:32:14:633  DevID:MV-CU060-10GC(DA1691703)  Source-Line:libMVGigEVisionSDK.so(GigEVisionGVSP.cpp-L0690)  ProcessName:python3.12(115438)     Description:[GVSPThreadProc]GvspTimeout[300], ResendEnable[1], ResendTimeInterval[10], ResendRetryTimes[20], ResendTimeout[50], MaxResendPktsNum[4276]
Info    2026-08-19 14:32:14:633  DevID:MV-CU060-10GC(DA1691703)  Source-Line:libMVGigEVisionSDK.so(StreamChannel.cpp-L1787)  ProcessName:python3.12(115438)     Description:[StartProxy][0]Stream proxy start, Socket mode, GvspDstPort[37351], bResendEnable[1], GvspTimeout[300], ResendTimeInterval[10], SCPS[1500], nPayloadSize[6295104], 3DSpecMode[0], CompressMode[0], bSupportAnnounceBuffer[0]
Info    2026-08-19 14:32:14:633  DevID:MV-CU060-10GC(DA1691703)  Source-Line:libMVGigEVisionSDK.so(GigEVisionManager.cpp-L2137)  ProcessName:python3.12(115438)     Description:[GiGEVision_StartAcquisition]m_nPrivilegeMode[1]
Info    2026-08-19 14:32:14:635  DevID:MV-CU060-10GC(DA1691703)  Source-Line:libMVGigEVisionSDK.so(GigEVisionManager.cpp-L2164)  ProcessName:python3.12(115438)     Description:[GiGEVision_StartAcquisition][0] [GVCP]GvspSendIP[192.168.1.21], GvspSendPort[37351]
Info    2026-08-19 14:32:14:635  DevID:MV-CU060-10GC(DA1691703)  Source-Line:libMVGigEVisionSDK.so(GigEVisionManager.cpp-L2168)  ProcessName:python3.12(115438)     Description:[GiGEVision_StartAcquisition][0] Acquisition Start Success, use 31 ms
Info    2026-08-19 14:32:15:170  DevID:MV-CU060-10GC(DA1691703)  Source-Line:libMVGigEVisionSDK.so(GigEVisionGVSP.cpp-L0673)  ProcessName:python3.12(115438)     Description:[GVSPResendThread]GVSPResendThread End, ThreadId[128553567897280]
Info    2026-08-19 14:32:15:179  DevID:MV-CU060-10GC(DA1691703)  Source-Line:libMVGigEVisionSDK.so(GigEVisionGVSP.cpp-L0658)  ProcessName:python3.12(115438)     Description:[GVSPThread]GVSPThread End, ThreadId[128553576289984]
Info    2026-08-19 14:32:15:179  DevID:MV-CU060-10GC(DA1691703)  Source-Line:libMVGigEVisionSDK.so(StreamChannel.cpp-L1069)  ProcessName:python3.12(115438)     Description:[Stop][0] [Socket Mode] GetCount[5], GetCountSucceed[5], NetReceive[6], ThrowAbnormalImage[0], NetLostFrame[0], ThrowInBufList[0], LostPackets[0]
Info    2026-08-19 14:32:15:179  DevID:MV-CU060-10GC(DA1691703)  Source-Line:libMVGigEVisionSDK.so(GigEVisionManager.cpp-L2238)  ProcessName:python3.12(115438)     Description:[GiGEVision_StopAcquisition][0] Acquisition Stop Success, use 10 ms
Info    2026-08-19 14:32:39:990  DevID:MV-CU060-10GC(DA1691703)  Source-Line:libMVGigEVisionSDK.so(GigEVisionBufferManager.cpp-L0382)  ProcessName:python3.12(115438)     Description:[GigEBufferManager_Init]Main Buffer List'Length is 2, Lock Buffer List's Length is 1
Info    2026-08-19 14:32:39:991  DevID:MV-CU060-10GC(DA1691703)  Source-Line:libMVGigEVisionSDK.so(GigEVisionGVSP.cpp-L0656)  ProcessName:python3.12(115438)     Description:[GVSPThread]GVSPThread Start, ThreadId[128553567897280]
Info    2026-08-19 14:32:39:991  DevID:MV-CU060-10GC(DA1691703)  Source-Line:libMVGigEVisionSDK.so(StreamChannel.cpp-L1787)  ProcessName:python3.12(115438)     Description:[StartProxy][0]Stream proxy start, Socket mode, GvspDstPort[37351], bResendEnable[1], GvspTimeout[300], ResendTimeInterval[10], SCPS[1500], nPayloadSize[6295104], 3DSpecMode[0], CompressMode[0], bSupportAnnounceBuffer[0]
Info    2026-08-19 14:32:39:991  DevID:MV-CU060-10GC(DA1691703)  Source-Line:libMVGigEVisionSDK.so(GigEVisionGVSP.cpp-L0671)  ProcessName:python3.12(115438)     Description:[GVSPResendThread]GVSPResendThread Start, ThreadId[128553576289984]
Info    2026-08-19 14:32:39:991  DevID:MV-CU060-10GC(DA1691703)  Source-Line:libMVGigEVisionSDK.so(GigEVisionGVSP.cpp-L0690)  ProcessName:python3.12(115438)     Description:[GVSPThreadProc]GvspTimeout[300], ResendEnable[1], ResendTimeInterval[10], ResendRetryTimes[20], ResendTimeout[50], MaxResendPktsNum[4276]
Info    2026-08-19 14:32:39:991  DevID:MV-CU060-10GC(DA1691703)  Source-Line:libMVGigEVisionSDK.so(GigEVisionManager.cpp-L2137)  ProcessName:python3.12(115438)     Description:[GiGEVision_StartAcquisition]m_nPrivilegeMode[1]
Info    2026-08-19 14:32:39:993  DevID:MV-CU060-10GC(DA1691703)  Source-Line:libMVGigEVisionSDK.so(GigEVisionManager.cpp-L2164)  ProcessName:python3.12(115438)     Description:[GiGEVision_StartAcquisition][0] [GVCP]GvspSendIP[192.168.1.21], GvspSendPort[37351]
Info    2026-08-19 14:32:39:993  DevID:MV-CU060-10GC(DA1691703)  Source-Line:libMVGigEVisionSDK.so(GigEVisionManager.cpp-L2168)  ProcessName:python3.12(115438)     Description:[GiGEVision_StartAcquisition][0] Acquisition Start Success, use 4 ms
Info    2026-08-19 14:32:40:458  DevID:MV-CU060-10GC(DA1691703)  Source-Line:libMVGigEVisionSDK.so(GigEVisionGVSP.cpp-L0673)  ProcessName:python3.12(115438)     Description:[GVSPResendThread]GVSPResendThread End, ThreadId[128553576289984]
Info    2026-08-19 14:32:40:458  DevID:MV-CU060-10GC(DA1691703)  Source-Line:libMVGigEVisionSDK.so(GigEVisionGVSP.cpp-L0658)  ProcessName:python3.12(115438)     Description:[GVSPThread]GVSPThread End, ThreadId[128553567897280]
Info    2026-08-19 14:32:40:459  DevID:MV-CU060-10GC(DA1691703)  Source-Line:libMVGigEVisionSDK.so(StreamChannel.cpp-L1069)  ProcessName:python3.12(115438)     Description:[Stop][0] [Socket Mode] GetCount[5], GetCountSucceed[5], NetReceive[5], ThrowAbnormalImage[0], NetLostFrame[0], ThrowInBufList[0], LostPackets[0]
Info    2026-08-19 14:32:40:459  DevID:MV-CU060-10GC(DA1691703)  Source-Line:libMVGigEVisionSDK.so(GigEVisionManager.cpp-L2238)  ProcessName:python3.12(115438)     Description:[GiGEVision_StopAcquisition][0] Acquisition Stop Success, use 10 ms
Info    2026-08-19 14:33:07:617  DevID:MV-CU060-10GC(DA1691703)  Source-Line:libMVGigEVisionSDK.so(GigEVisionBufferManager.cpp-L0382)  ProcessName:python3.12(115438)     Description:[GigEBufferManager_Init]Main Buffer List'Length is 2, Lock Buffer List's Length is 1
Info    2026-08-19 14:33:07:618  DevID:MV-CU060-10GC(DA1691703)  Source-Line:libMVGigEVisionSDK.so(GigEVisionGVSP.cpp-L0656)  ProcessName:python3.12(115438)     Description:[GVSPThread]GVSPThread Start, ThreadId[128553576289984]
Info    2026-08-19 14:33:07:618  DevID:MV-CU060-10GC(DA1691703)  Source-Line:libMVGigEVisionSDK.so(GigEVisionGVSP.cpp-L0671)  ProcessName:python3.12(115438)     Description:[GVSPResendThread]GVSPResendThread Start, ThreadId[128553567897280]
Info    2026-08-19 14:33:07:618  DevID:MV-CU060-10GC(DA1691703)  Source-Line:libMVGigEVisionSDK.so(StreamChannel.cpp-L1787)  ProcessName:python3.12(115438)     Description:[StartProxy][0]Stream proxy start, Socket mode, GvspDstPort[37351], bResendEnable[1], GvspTimeout[300], ResendTimeInterval[10], SCPS[1500], nPayloadSize[6295104], 3DSpecMode[0], CompressMode[0], bSupportAnnounceBuffer[0]
Info    2026-08-19 14:33:07:618  DevID:MV-CU060-10GC(DA1691703)  Source-Line:libMVGigEVisionSDK.so(GigEVisionGVSP.cpp-L0690)  ProcessName:python3.12(115438)     Description:[GVSPThreadProc]GvspTimeout[300], ResendEnable[1], ResendTimeInterval[10], ResendRetryTimes[20], ResendTimeout[50], MaxResendPktsNum[4276]
Info    2026-08-19 14:33:07:618  DevID:MV-CU060-10GC(DA1691703)  Source-Line:libMVGigEVisionSDK.so(GigEVisionManager.cpp-L2137)  ProcessName:python3.12(115438)     Description:[GiGEVision_StartAcquisition]m_nPrivilegeMode[1]
Info    2026-08-19 14:33:07:620  DevID:MV-CU060-10GC(DA1691703)  Source-Line:libMVGigEVisionSDK.so(GigEVisionManager.cpp-L2164)  ProcessName:python3.12(115438)     Description:[GiGEVision_StartAcquisition][0] [GVCP]GvspSendIP[192.168.1.21], GvspSendPort[37351]
Info    2026-08-19 14:33:07:620  DevID:MV-CU060-10GC(DA1691703)  Source-Line:libMVGigEVisionSDK.so(GigEVisionManager.cpp-L2168)  ProcessName:python3.12(115438)     Description:[GiGEVision_StartAcquisition][0] Acquisition Start Success, use 3 ms
Info    2026-08-19 14:33:08:071  DevID:MV-CU060-10GC(DA1691703)  Source-Line:libMVGigEVisionSDK.so(GigEVisionGVSP.cpp-L0673)  ProcessName:python3.12(115438)     Description:[GVSPResendThread]GVSPResendThread End, ThreadId[128553567897280]
Info    2026-08-19 14:33:08:075  DevID:MV-CU060-10GC(DA1691703)  Source-Line:libMVGigEVisionSDK.so(GigEVisionGVSP.cpp-L0658)  ProcessName:python3.12(115438)     Description:[GVSPThread]GVSPThread End, ThreadId[128553576289984]
Info    2026-08-19 14:33:08:075  DevID:MV-CU060-10GC(DA1691703)  Source-Line:libMVGigEVisionSDK.so(StreamChannel.cpp-L1069)  ProcessName:python3.12(115438)     Description:[Stop][0] [Socket Mode] GetCount[5], GetCountSucceed[5], NetReceive[5], ThrowAbnormalImage[0], NetLostFrame[0], ThrowInBufList[0], LostPackets[0]
Info    2026-08-19 14:33:08:075  DevID:MV-CU060-10GC(DA1691703)  Source-Line:libMVGigEVisionSDK.so(GigEVisionManager.cpp-L2238)  ProcessName:python3.12(115438)     Description:[GiGEVision_StopAcquisition][0] Acquisition Stop Success, use 8 ms
Info    2026-08-19 14:33:35:015  DevID:MV-CU060-10GC(DA1691703)  Source-Line:libMVGigEVisionSDK.so(GigEVisionBufferManager.cpp-L0382)  ProcessName:python3.12(115438)     Description:[GigEBufferManager_Init]Main Buffer List'Length is 2, Lock Buffer List's Length is 1
Info    2026-08-19 14:33:35:016  DevID:MV-CU060-10GC(DA1691703)  Source-Line:libMVGigEVisionSDK.so(GigEVisionGVSP.cpp-L0656)  ProcessName:python3.12(115438)     Description:[GVSPThread]GVSPThread Start, ThreadId[128553567897280]
Info    2026-08-19 14:33:35:016  DevID:MV-CU060-10GC(DA1691703)  Source-Line:libMVGigEVisionSDK.so(GigEVisionGVSP.cpp-L0690)  ProcessName:python3.12(115438)     Description:[GVSPThreadProc]GvspTimeout[300], ResendEnable[1], ResendTimeInterval[10], ResendRetryTimes[20], ResendTimeout[50], MaxResendPktsNum[4276]
Info    2026-08-19 14:33:35:016  DevID:MV-CU060-10GC(DA1691703)  Source-Line:libMVGigEVisionSDK.so(StreamChannel.cpp-L1787)  ProcessName:python3.12(115438)     Description:[StartProxy][0]Stream proxy start, Socket mode, GvspDstPort[37351], bResendEnable[1], GvspTimeout[300], ResendTimeInterval[10], SCPS[1500], nPayloadSize[6295104], 3DSpecMode[0], CompressMode[0], bSupportAnnounceBuffer[0]
Info    2026-08-19 14:33:35:016  DevID:MV-CU060-10GC(DA1691703)  Source-Line:libMVGigEVisionSDK.so(GigEVisionGVSP.cpp-L0671)  ProcessName:python3.12(115438)     Description:[GVSPResendThread]GVSPResendThread Start, ThreadId[128553576289984]
Info    2026-08-19 14:33:35:016  DevID:MV-CU060-10GC(DA1691703)  Source-Line:libMVGigEVisionSDK.so(GigEVisionManager.cpp-L2137)  ProcessName:python3.12(115438)     Description:[GiGEVision_StartAcquisition]m_nPrivilegeMode[1]
Info    2026-08-19 14:33:35:017  DevID:MV-CU060-10GC(DA1691703)  Source-Line:libMVGigEVisionSDK.so(GigEVisionManager.cpp-L2164)  ProcessName:python3.12(115438)     Description:[GiGEVision_StartAcquisition][0] [GVCP]GvspSendIP[192.168.1.21], GvspSendPort[37351]
Info    2026-08-19 14:33:35:017  DevID:MV-CU060-10GC(DA1691703)  Source-Line:libMVGigEVisionSDK.so(GigEVisionManager.cpp-L2168)  ProcessName:python3.12(115438)     Description:[GiGEVision_StartAcquisition][0] Acquisition Start Success, use 3 ms
Info    2026-08-19 14:33:35:471  DevID:MV-CU060-10GC(DA1691703)  Source-Line:libMVGigEVisionSDK.so(GigEVisionGVSP.cpp-L0673)  ProcessName:python3.12(115438)     Description:[GVSPResendThread]GVSPResendThread End, ThreadId[128553576289984]
Info    2026-08-19 14:33:35:473  DevID:MV-CU060-10GC(DA1691703)  Source-Line:libMVGigEVisionSDK.so(GigEVisionGVSP.cpp-L0658)  ProcessName:python3.12(115438)     Description:[GVSPThread]GVSPThread End, ThreadId[128553567897280]
Info    2026-08-19 14:33:35:473  DevID:MV-CU060-10GC(DA1691703)  Source-Line:libMVGigEVisionSDK.so(StreamChannel.cpp-L1069)  ProcessName:python3.12(115438)     Description:[Stop][0] [Socket Mode] GetCount[5], GetCountSucceed[5], NetReceive[5], ThrowAbnormalImage[0], NetLostFrame[0], ThrowInBufList[0], LostPackets[0]
Info    2026-08-19 14:33:35:473  DevID:MV-CU060-10GC(DA1691703)  Source-Line:libMVGigEVisionSDK.so(GigEVisionManager.cpp-L2238)  ProcessName:python3.12(115438)     Description:[GiGEVision_StopAcquisition][0] Acquisition Stop Success, use 7 ms
Info    2026-08-19 14:34:02:998  DevID:MV-CU060-10GC(DA1691703)  Source-Line:libMVGigEVisionSDK.so(GigEVisionBufferManager.cpp-L0382)  ProcessName:python3.12(115438)     Description:[GigEBufferManager_Init]Main Buffer List'Length is 2, Lock Buffer List's Length is 1
Info    2026-08-19 14:34:02:998  DevID:MV-CU060-10GC(DA1691703)  Source-Line:libMVGigEVisionSDK.so(GigEVisionGVSP.cpp-L0656)  ProcessName:python3.12(115438)     Description:[GVSPThread]GVSPThread Start, ThreadId[128553576289984]
Info    2026-08-19 14:34:02:998  DevID:MV-CU060-10GC(DA1691703)  Source-Line:libMVGigEVisionSDK.so(StreamChannel.cpp-L1787)  ProcessName:python3.12(115438)     Description:[StartProxy][0]Stream proxy start, Socket mode, GvspDstPort[37351], bResendEnable[1], GvspTimeout[300], ResendTimeInterval[10], SCPS[1500], nPayloadSize[6295104], 3DSpecMode[0], CompressMode[0], bSupportAnnounceBuffer[0]
Info    2026-08-19 14:34:02:998  DevID:MV-CU060-10GC(DA1691703)  Source-Line:libMVGigEVisionSDK.so(GigEVisionGVSP.cpp-L0671)  ProcessName:python3.12(115438)     Description:[GVSPResendThread]GVSPResendThread Start, ThreadId[128553567897280]
Info    2026-08-19 14:34:02:999  DevID:MV-CU060-10GC(DA1691703)  Source-Line:libMVGigEVisionSDK.so(GigEVisionGVSP.cpp-L0690)  ProcessName:python3.12(115438)     Description:[GVSPThreadProc]GvspTimeout[300], ResendEnable[1], ResendTimeInterval[10], ResendRetryTimes[20], ResendTimeout[50], MaxResendPktsNum[4276]
Info    2026-08-19 14:34:02:999  DevID:MV-CU060-10GC(DA1691703)  Source-Line:libMVGigEVisionSDK.so(GigEVisionManager.cpp-L2137)  ProcessName:python3.12(115438)     Description:[GiGEVision_StartAcquisition]m_nPrivilegeMode[1]
Info    2026-08-19 14:34:02:000  DevID:MV-CU060-10GC(DA1691703)  Source-Line:libMVGigEVisionSDK.so(GigEVisionManager.cpp-L2164)  ProcessName:python3.12(115438)     Description:[GiGEVision_StartAcquisition][0] [GVCP]GvspSendIP[192.168.1.21], GvspSendPort[37351]
Info    2026-08-19 14:34:02:000  DevID:MV-CU060-10GC(DA1691703)  Source-Line:libMVGigEVisionSDK.so(GigEVisionManager.cpp-L2168)  ProcessName:python3.12(115438)     Description:[GiGEVision_StartAcquisition][0] Acquisition Start Success, use 3 ms
Info    2026-08-19 14:34:03:338  DevID:MV-CU060-10GC(DA1691703)  Source-Line:libMVGigEVisionSDK.so(GigEVisionGVSP.cpp-L0438)  ProcessName:python3.12(115438)     Description:[TrimOutputQueue]TrimOutputQueue ThrowInBufList[1]
Warning 2026-08-19 14:34:03:345  DevID:MV-CU060-10GC(DA1691703)  Source-Line:libMVGigEVisionSDK.so(StreamChannel.cpp-L3070)  ProcessName:python3.12(115438)     Description:[GetImageBuffer][GetImageBuffer]The frame number is not continuous, PreFrameNum[2], CurFrameNum[140724603453444]
Info    2026-08-19 14:34:03:560  DevID:MV-CU060-10GC(DA1691703)  Source-Line:libMVGigEVisionSDK.so(GigEVisionGVSP.cpp-L0438)  ProcessName:python3.12(115438)     Description:[TrimOutputQueue]TrimOutputQueue ThrowInBufList[2]
Warning 2026-08-19 14:34:03:588  DevID:MV-CU060-10GC(DA1691703)  Source-Line:libMVGigEVisionSDK.so(StreamChannel.cpp-L3070)  ProcessName:python3.12(115438)     Description:[GetImageBuffer][GetImageBuffer]The frame number is not continuous, PreFrameNum[5], CurFrameNum[140724603453447]
Info    2026-08-19 14:34:03:700  DevID:MV-CU060-10GC(DA1691703)  Source-Line:libMVGigEVisionSDK.so(GigEVisionGVSP.cpp-L0438)  ProcessName:python3.12(115438)     Description:[TrimOutputQueue]TrimOutputQueue ThrowInBufList[3]
Info    2026-08-19 14:34:03:749  DevID:MV-CU060-10GC(DA1691703)  Source-Line:libMVGigEVisionSDK.so(GigEVisionGVSP.cpp-L0658)  ProcessName:python3.12(115438)     Description:[GVSPThread]GVSPThread End, ThreadId[128553576289984]
Warning 2026-08-19 14:34:03:749  DevID:MV-CU060-10GC(DA1691703)  Source-Line:libMVGigEVisionSDK.so(GigEVisionGVSP.cpp-L0775)  ProcessName:python3.12(115438)     Description:[GVSPResendThreadProc]WaitForSingleEvent(Timer) failed: 0x6e
Info    2026-08-19 14:34:03:749  DevID:MV-CU060-10GC(DA1691703)  Source-Line:libMVGigEVisionSDK.so(GigEVisionGVSP.cpp-L0673)  ProcessName:python3.12(115438)     Description:[GVSPResendThread]GVSPResendThread End, ThreadId[128553567897280]
Info    2026-08-19 14:34:03:750  DevID:MV-CU060-10GC(DA1691703)  Source-Line:libMVGigEVisionSDK.so(StreamChannel.cpp-L1069)  ProcessName:python3.12(115438)     Description:[Stop][0] [Socket Mode] GetCount[5], GetCountSucceed[5], NetReceive[9], ThrowAbnormalImage[0], NetLostFrame[0], ThrowInBufList[3], LostPackets[0]
Info    2026-08-19 14:34:03:750  DevID:MV-CU060-10GC(DA1691703)  Source-Line:libMVGigEVisionSDK.so(GigEVisionManager.cpp-L2238)  ProcessName:python3.12(115438)     Description:[GiGEVision_StopAcquisition][0] Acquisition Stop Success, use 4 ms
Info    2026-08-19 14:34:30:954  DevID:MV-CU060-10GC(DA1691703)  Source-Line:libMVGigEVisionSDK.so(GigEVisionBufferManager.cpp-L0382)  ProcessName:python3.12(115438)     Description:[GigEBufferManager_Init]Main Buffer List'Length is 2, Lock Buffer List's Length is 1
Info    2026-08-19 14:34:30:954  DevID:MV-CU060-10GC(DA1691703)  Source-Line:libMVGigEVisionSDK.so(GigEVisionGVSP.cpp-L0656)  ProcessName:python3.12(115438)     Description:[GVSPThread]GVSPThread Start, ThreadId[128553567897280]
Info    2026-08-19 14:34:30:954  DevID:MV-CU060-10GC(DA1691703)  Source-Line:libMVGigEVisionSDK.so(GigEVisionGVSP.cpp-L0690)  ProcessName:python3.12(115438)     Description:[GVSPThreadProc]GvspTimeout[300], ResendEnable[1], ResendTimeInterval[10], ResendRetryTimes[20], ResendTimeout[50], MaxResendPktsNum[4276]
Info    2026-08-19 14:34:30:954  DevID:MV-CU060-10GC(DA1691703)  Source-Line:libMVGigEVisionSDK.so(GigEVisionGVSP.cpp-L0671)  ProcessName:python3.12(115438)     Description:[GVSPResendThread]GVSPResendThread Start, ThreadId[128553576289984]
Info    2026-08-19 14:34:30:954  DevID:MV-CU060-10GC(DA1691703)  Source-Line:libMVGigEVisionSDK.so(StreamChannel.cpp-L1787)  ProcessName:python3.12(115438)     Description:[StartProxy][0]Stream proxy start, Socket mode, GvspDstPort[37351], bResendEnable[1], GvspTimeout[300], ResendTimeInterval[10], SCPS[1500], nPayloadSize[6295104], 3DSpecMode[0], CompressMode[0], bSupportAnnounceBuffer[0]
Info    2026-08-19 14:34:30:954  DevID:MV-CU060-10GC(DA1691703)  Source-Line:libMVGigEVisionSDK.so(GigEVisionManager.cpp-L2137)  ProcessName:python3.12(115438)     Description:[GiGEVision_StartAcquisition]m_nPrivilegeMode[1]
Info    2026-08-19 14:34:30:956  DevID:MV-CU060-10GC(DA1691703)  Source-Line:libMVGigEVisionSDK.so(GigEVisionManager.cpp-L2164)  ProcessName:python3.12(115438)     Description:[GiGEVision_StartAcquisition][0] [GVCP]GvspSendIP[192.168.1.21], GvspSendPort[37351]
Info    2026-08-19 14:34:30:956  DevID:MV-CU060-10GC(DA1691703)  Source-Line:libMVGigEVisionSDK.so(GigEVisionManager.cpp-L2168)  ProcessName:python3.12(115438)     Description:[GiGEVision_StartAcquisition][0] Acquisition Start Success, use 3 ms
Info    2026-08-19 14:34:31:450  DevID:MV-CU060-10GC(DA1691703)  Source-Line:libMVGigEVisionSDK.so(GigEVisionGVSP.cpp-L0673)  ProcessName:python3.12(115438)     Description:[GVSPResendThread]GVSPResendThread End, ThreadId[128553576289984]
Info    2026-08-19 14:34:31:453  DevID:MV-CU060-10GC(DA1691703)  Source-Line:libMVGigEVisionSDK.so(GigEVisionGVSP.cpp-L0658)  ProcessName:python3.12(115438)     Description:[GVSPThread]GVSPThread End, ThreadId[128553567897280]
Info    2026-08-19 14:34:31:453  DevID:MV-CU060-10GC(DA1691703)  Source-Line:libMVGigEVisionSDK.so(StreamChannel.cpp-L1069)  ProcessName:python3.12(115438)     Description:[Stop][0] [Socket Mode] GetCount[5], GetCountSucceed[5], NetReceive[6], ThrowAbnormalImage[0], NetLostFrame[0], ThrowInBufList[0], LostPackets[0]
Info    2026-08-19 14:34:31:453  DevID:MV-CU060-10GC(DA1691703)  Source-Line:libMVGigEVisionSDK.so(GigEVisionManager.cpp-L2238)  ProcessName:python3.12(115438)     Description:[GiGEVision_StopAcquisition][0] Acquisition Stop Success, use 8 ms
Info    2026-08-19 14:34:58:119  DevID:MV-CU060-10GC(DA1691703)  Source-Line:libMVGigEVisionSDK.so(GigEVisionBufferManager.cpp-L0382)  ProcessName:python3.12(115438)     Description:[GigEBufferManager_Init]Main Buffer List'Length is 2, Lock Buffer List's Length is 1
Info    2026-08-19 14:34:58:119  DevID:MV-CU060-10GC(DA1691703)  Source-Line:libMVGigEVisionSDK.so(GigEVisionGVSP.cpp-L0656)  ProcessName:python3.12(115438)     Description:[GVSPThread]GVSPThread Start, ThreadId[128553576289984]
Info    2026-08-19 14:34:58:119  DevID:MV-CU060-10GC(DA1691703)  Source-Line:libMVGigEVisionSDK.so(GigEVisionGVSP.cpp-L0690)  ProcessName:python3.12(115438)     Description:[GVSPThreadProc]GvspTimeout[300], ResendEnable[1], ResendTimeInterval[10], ResendRetryTimes[20], ResendTimeout[50], MaxResendPktsNum[4276]
Info    2026-08-19 14:34:58:119  DevID:MV-CU060-10GC(DA1691703)  Source-Line:libMVGigEVisionSDK.so(GigEVisionGVSP.cpp-L0671)  ProcessName:python3.12(115438)     Description:[GVSPResendThread]GVSPResendThread Start, ThreadId[128553567897280]
Info    2026-08-19 14:34:58:119  DevID:MV-CU060-10GC(DA1691703)  Source-Line:libMVGigEVisionSDK.so(StreamChannel.cpp-L1787)  ProcessName:python3.12(115438)     Description:[StartProxy][0]Stream proxy start, Socket mode, GvspDstPort[37351], bResendEnable[1], GvspTimeout[300], ResendTimeInterval[10], SCPS[1500], nPayloadSize[6295104], 3DSpecMode[0], CompressMode[0], bSupportAnnounceBuffer[0]
Info    2026-08-19 14:34:58:119  DevID:MV-CU060-10GC(DA1691703)  Source-Line:libMVGigEVisionSDK.so(GigEVisionManager.cpp-L2137)  ProcessName:python3.12(115438)     Description:[GiGEVision_StartAcquisition]m_nPrivilegeMode[1]
Info    2026-08-19 14:34:58:121  DevID:MV-CU060-10GC(DA1691703)  Source-Line:libMVGigEVisionSDK.so(GigEVisionManager.cpp-L2164)  ProcessName:python3.12(115438)     Description:[GiGEVision_StartAcquisition][0] [GVCP]GvspSendIP[192.168.1.21], GvspSendPort[37351]
Info    2026-08-19 14:34:58:121  DevID:MV-CU060-10GC(DA1691703)  Source-Line:libMVGigEVisionSDK.so(GigEVisionManager.cpp-L2168)  ProcessName:python3.12(115438)     Description:[GiGEVision_StartAcquisition][0] Acquisition Start Success, use 3 ms
Info    2026-08-19 14:34:58:587  DevID:MV-CU060-10GC(DA1691703)  Source-Line:libMVGigEVisionSDK.so(GigEVisionGVSP.cpp-L0658)  ProcessName:python3.12(115438)     Description:[GVSPThread]GVSPThread End, ThreadId[128553576289984]
Warning 2026-08-19 14:34:58:588  DevID:MV-CU060-10GC(DA1691703)  Source-Line:libMVGigEVisionSDK.so(GigEVisionGVSP.cpp-L0775)  ProcessName:python3.12(115438)     Description:[GVSPResendThreadProc]WaitForSingleEvent(Timer) failed: 0x6e
Info    2026-08-19 14:34:58:588  DevID:MV-CU060-10GC(DA1691703)  Source-Line:libMVGigEVisionSDK.so(GigEVisionGVSP.cpp-L0673)  ProcessName:python3.12(115438)     Description:[GVSPResendThread]GVSPResendThread End, ThreadId[128553567897280]
Info    2026-08-19 14:34:58:588  DevID:MV-CU060-10GC(DA1691703)  Source-Line:libMVGigEVisionSDK.so(StreamChannel.cpp-L1069)  ProcessName:python3.12(115438)     Description:[Stop][0] [Socket Mode] GetCount[5], GetCountSucceed[5], NetReceive[5], ThrowAbnormalImage[0], NetLostFrame[0], ThrowInBufList[0], LostPackets[0]
Info    2026-08-19 14:34:58:588  DevID:MV-CU060-10GC(DA1691703)  Source-Line:libMVGigEVisionSDK.so(GigEVisionManager.cpp-L2238)  ProcessName:python3.12(115438)     Description:[GiGEVision_StopAcquisition][0] Acquisition Stop Success, use 4 ms
Info    2026-08-19 14:35:26:003  DevID:MV-CU060-10GC(DA1691703)  Source-Line:libMVGigEVisionSDK.so(GigEVisionBufferManager.cpp-L0382)  ProcessName:python3.12(115438)     Description:[GigEBufferManager_Init]Main Buffer List'Length is 2, Lock Buffer List's Length is 1
Info    2026-08-19 14:35:26:003  DevID:MV-CU060-10GC(DA1691703)  Source-Line:libMVGigEVisionSDK.so(GigEVisionGVSP.cpp-L0656)  ProcessName:python3.12(115438)     Description:[GVSPThread]GVSPThread Start, ThreadId[128553567897280]
Info    2026-08-19 14:35:26:003  DevID:MV-CU060-10GC(DA1691703)  Source-Line:libMVGigEVisionSDK.so(StreamChannel.cpp-L1787)  ProcessName:python3.12(115438)     Description:[StartProxy][0]Stream proxy start, Socket mode, GvspDstPort[37351], bResendEnable[1], GvspTimeout[300], ResendTimeInterval[10], SCPS[1500], nPayloadSize[6295104], 3DSpecMode[0], CompressMode[0], bSupportAnnounceBuffer[0]
Info    2026-08-19 14:35:26:003  DevID:MV-CU060-10GC(DA1691703)  Source-Line:libMVGigEVisionSDK.so(GigEVisionGVSP.cpp-L0671)  ProcessName:python3.12(115438)     Description:[GVSPResendThread]GVSPResendThread Start, ThreadId[128553576289984]
Info    2026-08-19 14:35:26:003  DevID:MV-CU060-10GC(DA1691703)  Source-Line:libMVGigEVisionSDK.so(GigEVisionManager.cpp-L2137)  ProcessName:python3.12(115438)     Description:[GiGEVision_StartAcquisition]m_nPrivilegeMode[1]
Info    2026-08-19 14:35:26:003  DevID:MV-CU060-10GC(DA1691703)  Source-Line:libMVGigEVisionSDK.so(GigEVisionGVSP.cpp-L0690)  ProcessName:python3.12(115438)     Description:[GVSPThreadProc]GvspTimeout[300], ResendEnable[1], ResendTimeInterval[10], ResendRetryTimes[20], ResendTimeout[50], MaxResendPktsNum[4276]
Info    2026-08-19 14:35:26:005  DevID:MV-CU060-10GC(DA1691703)  Source-Line:libMVGigEVisionSDK.so(GigEVisionManager.cpp-L2164)  ProcessName:python3.12(115438)     Description:[GiGEVision_StartAcquisition][0] [GVCP]GvspSendIP[192.168.1.21], GvspSendPort[37351]
Info    2026-08-19 14:35:26:005  DevID:MV-CU060-10GC(DA1691703)  Source-Line:libMVGigEVisionSDK.so(GigEVisionManager.cpp-L2168)  ProcessName:python3.12(115438)     Description:[GiGEVision_StartAcquisition][0] Acquisition Start Success, use 3 ms
Info    2026-08-19 14:35:26:475  DevID:MV-CU060-10GC(DA1691703)  Source-Line:libMVGigEVisionSDK.so(GigEVisionGVSP.cpp-L0658)  ProcessName:python3.12(115438)     Description:[GVSPThread]GVSPThread End, ThreadId[128553567897280]
Warning 2026-08-19 14:35:26:475  DevID:MV-CU060-10GC(DA1691703)  Source-Line:libMVGigEVisionSDK.so(GigEVisionGVSP.cpp-L0775)  ProcessName:python3.12(115438)     Description:[GVSPResendThreadProc]WaitForSingleEvent(Timer) failed: 0x6e
Info    2026-08-19 14:35:26:475  DevID:MV-CU060-10GC(DA1691703)  Source-Line:libMVGigEVisionSDK.so(GigEVisionGVSP.cpp-L0673)  ProcessName:python3.12(115438)     Description:[GVSPResendThread]GVSPResendThread End, ThreadId[128553576289984]
Info    2026-08-19 14:35:26:475  DevID:MV-CU060-10GC(DA1691703)  Source-Line:libMVGigEVisionSDK.so(StreamChannel.cpp-L1069)  ProcessName:python3.12(115438)     Description:[Stop][0] [Socket Mode] GetCount[5], GetCountSucceed[5], NetReceive[5], ThrowAbnormalImage[0], NetLostFrame[0], ThrowInBufList[0], LostPackets[0]
Info    2026-08-19 14:35:26:475  DevID:MV-CU060-10GC(DA1691703)  Source-Line:libMVGigEVisionSDK.so(GigEVisionManager.cpp-L2238)  ProcessName:python3.12(115438)     Description:[GiGEVision_StopAcquisition][0] Acquisition Stop Success, use 2 ms
Info    2026-08-19 14:35:52:124  DevID:MV-CU060-10GC(DA1691703)  Source-Line:libMVGigEVisionSDK.so(GigEVisionBufferManager.cpp-L0382)  ProcessName:python3.12(115438)     Description:[GigEBufferManager_Init]Main Buffer List'Length is 2, Lock Buffer List's Length is 1
Info    2026-08-19 14:35:52:124  DevID:MV-CU060-10GC(DA1691703)  Source-Line:libMVGigEVisionSDK.so(GigEVisionGVSP.cpp-L0656)  ProcessName:python3.12(115438)     Description:[GVSPThread]GVSPThread Start, ThreadId[128553576289984]
Info    2026-08-19 14:35:52:124  DevID:MV-CU060-10GC(DA1691703)  Source-Line:libMVGigEVisionSDK.so(StreamChannel.cpp-L1787)  ProcessName:python3.12(115438)     Description:[StartProxy][0]Stream proxy start, Socket mode, GvspDstPort[37351], bResendEnable[1], GvspTimeout[300], ResendTimeInterval[10], SCPS[1500], nPayloadSize[6295104], 3DSpecMode[0], CompressMode[0], bSupportAnnounceBuffer[0]
Info    2026-08-19 14:35:52:124  DevID:MV-CU060-10GC(DA1691703)  Source-Line:libMVGigEVisionSDK.so(GigEVisionGVSP.cpp-L0690)  ProcessName:python3.12(115438)     Description:[GVSPThreadProc]GvspTimeout[300], ResendEnable[1], ResendTimeInterval[10], ResendRetryTimes[20], ResendTimeout[50], MaxResendPktsNum[4276]
Info    2026-08-19 14:35:52:124  DevID:MV-CU060-10GC(DA1691703)  Source-Line:libMVGigEVisionSDK.so(GigEVisionManager.cpp-L2137)  ProcessName:python3.12(115438)     Description:[GiGEVision_StartAcquisition]m_nPrivilegeMode[1]
Info    2026-08-19 14:35:52:124  DevID:MV-CU060-10GC(DA1691703)  Source-Line:libMVGigEVisionSDK.so(GigEVisionGVSP.cpp-L0671)  ProcessName:python3.12(115438)     Description:[GVSPResendThread]GVSPResendThread Start, ThreadId[128553567897280]
Info    2026-08-19 14:35:52:126  DevID:MV-CU060-10GC(DA1691703)  Source-Line:libMVGigEVisionSDK.so(GigEVisionManager.cpp-L2164)  ProcessName:python3.12(115438)     Description:[GiGEVision_StartAcquisition][0] [GVCP]GvspSendIP[192.168.1.21], GvspSendPort[37351]
Info    2026-08-19 14:35:52:126  DevID:MV-CU060-10GC(DA1691703)  Source-Line:libMVGigEVisionSDK.so(GigEVisionManager.cpp-L2168)  ProcessName:python3.12(115438)     Description:[GiGEVision_StartAcquisition][0] Acquisition Start Success, use 3 ms
Info    2026-08-19 14:35:52:595  DevID:MV-CU060-10GC(DA1691703)  Source-Line:libMVGigEVisionSDK.so(GigEVisionGVSP.cpp-L0658)  ProcessName:python3.12(115438)     Description:[GVSPThread]GVSPThread End, ThreadId[128553576289984]
Warning 2026-08-19 14:35:52:595  DevID:MV-CU060-10GC(DA1691703)  Source-Line:libMVGigEVisionSDK.so(GigEVisionGVSP.cpp-L0775)  ProcessName:python3.12(115438)     Description:[GVSPResendThreadProc]WaitForSingleEvent(Timer) failed: 0x6e
Info    2026-08-19 14:35:52:595  DevID:MV-CU060-10GC(DA1691703)  Source-Line:libMVGigEVisionSDK.so(GigEVisionGVSP.cpp-L0673)  ProcessName:python3.12(115438)     Description:[GVSPResendThread]GVSPResendThread End, ThreadId[128553567897280]
Info    2026-08-19 14:35:52:595  DevID:MV-CU060-10GC(DA1691703)  Source-Line:libMVGigEVisionSDK.so(StreamChannel.cpp-L1069)  ProcessName:python3.12(115438)     Description:[Stop][0] [Socket Mode] GetCount[5], GetCountSucceed[5], NetReceive[5], ThrowAbnormalImage[0], NetLostFrame[0], ThrowInBufList[0], LostPackets[0]
Info    2026-08-19 14:35:52:595  DevID:MV-CU060-10GC(DA1691703)  Source-Line:libMVGigEVisionSDK.so(GigEVisionManager.cpp-L2238)  ProcessName:python3.12(115438)     Description:[GiGEVision_StopAcquisition][0] Acquisition Stop Success, use 3 ms
Info    2026-08-19 14:35:53:248  DevID:MV-CU060-10GC(DA1691703)  Source-Line:libMVGigEVisionSDK.so(GigEVisionBufferManager.cpp-L0382)  ProcessName:python3.12(115438)     Description:[GigEBufferManager_Init]Main Buffer List'Length is 2, Lock Buffer List's Length is 1
Info    2026-08-19 14:35:53:248  DevID:MV-CU060-10GC(DA1691703)  Source-Line:libMVGigEVisionSDK.so(GigEVisionGVSP.cpp-L0656)  ProcessName:python3.12(115438)     Description:[GVSPThread]GVSPThread Start, ThreadId[128553567897280]
Info    2026-08-19 14:35:53:248  DevID:MV-CU060-10GC(DA1691703)  Source-Line:libMVGigEVisionSDK.so(GigEVisionGVSP.cpp-L0690)  ProcessName:python3.12(115438)     Description:[GVSPThreadProc]GvspTimeout[300], ResendEnable[1], ResendTimeInterval[10], ResendRetryTimes[20], ResendTimeout[50], MaxResendPktsNum[4276]
Info    2026-08-19 14:35:53:248  DevID:MV-CU060-10GC(DA1691703)  Source-Line:libMVGigEVisionSDK.so(GigEVisionGVSP.cpp-L0671)  ProcessName:python3.12(115438)     Description:[GVSPResendThread]GVSPResendThread Start, ThreadId[128553576289984]
Info    2026-08-19 14:35:53:248  DevID:MV-CU060-10GC(DA1691703)  Source-Line:libMVGigEVisionSDK.so(StreamChannel.cpp-L1787)  ProcessName:python3.12(115438)     Description:[StartProxy][0]Stream proxy start, Socket mode, GvspDstPort[37351], bResendEnable[1], GvspTimeout[300], ResendTimeInterval[10], SCPS[1500], nPayloadSize[6295104], 3DSpecMode[0], CompressMode[0], bSupportAnnounceBuffer[0]
Info    2026-08-19 14:35:53:248  DevID:MV-CU060-10GC(DA1691703)  Source-Line:libMVGigEVisionSDK.so(GigEVisionManager.cpp-L2137)  ProcessName:python3.12(115438)     Description:[GiGEVision_StartAcquisition]m_nPrivilegeMode[1]
Info    2026-08-19 14:35:53:250  DevID:MV-CU060-10GC(DA1691703)  Source-Line:libMVGigEVisionSDK.so(GigEVisionManager.cpp-L2164)  ProcessName:python3.12(115438)     Description:[GiGEVision_StartAcquisition][0] [GVCP]GvspSendIP[192.168.1.21], GvspSendPort[37351]
Info    2026-08-19 14:35:53:250  DevID:MV-CU060-10GC(DA1691703)  Source-Line:libMVGigEVisionSDK.so(GigEVisionManager.cpp-L2168)  ProcessName:python3.12(115438)     Description:[GiGEVision_StartAcquisition][0] Acquisition Start Success, use 3 ms
Info    2026-08-19 14:35:53:705  DevID:MV-CU060-10GC(DA1691703)  Source-Line:libMVGigEVisionSDK.so(GigEVisionGVSP.cpp-L0658)  ProcessName:python3.12(115438)     Description:[GVSPThread]GVSPThread End, ThreadId[128553567897280]
Warning 2026-08-19 14:35:53:705  DevID:MV-CU060-10GC(DA1691703)  Source-Line:libMVGigEVisionSDK.so(GigEVisionGVSP.cpp-L0775)  ProcessName:python3.12(115438)     Description:[GVSPResendThreadProc]WaitForSingleEvent(Timer) failed: 0x6e
Info    2026-08-19 14:35:53:705  DevID:MV-CU060-10GC(DA1691703)  Source-Line:libMVGigEVisionSDK.so(GigEVisionGVSP.cpp-L0673)  ProcessName:python3.12(115438)     Description:[GVSPResendThread]GVSPResendThread End, ThreadId[128553576289984]
Info    2026-08-19 14:35:53:705  DevID:MV-CU060-10GC(DA1691703)  Source-Line:libMVGigEVisionSDK.so(StreamChannel.cpp-L1069)  ProcessName:python3.12(115438)     Description:[Stop][0] [Socket Mode] GetCount[5], GetCountSucceed[5], NetReceive[5], ThrowAbnormalImage[0], NetLostFrame[0], ThrowInBufList[0], LostPackets[0]
Info    2026-08-19 14:35:53:705  DevID:MV-CU060-10GC(DA1691703)  Source-Line:libMVGigEVisionSDK.so(GigEVisionManager.cpp-L2238)  ProcessName:python3.12(115438)     Description:[GiGEVision_StopAcquisition][0] Acquisition Stop Success, use 3 ms
Info    2026-08-19 14:35:54:354  DevID:MV-CU060-10GC(DA1691703)  Source-Line:libMVGigEVisionSDK.so(GigEVisionBufferManager.cpp-L0382)  ProcessName:python3.12(115438)     Description:[GigEBufferManager_Init]Main Buffer List'Length is 2, Lock Buffer List's Length is 1
Info    2026-08-19 14:35:54:354  DevID:MV-CU060-10GC(DA1691703)  Source-Line:libMVGigEVisionSDK.so(GigEVisionGVSP.cpp-L0656)  ProcessName:python3.12(115438)     Description:[GVSPThread]GVSPThread Start, ThreadId[128553576289984]
Info    2026-08-19 14:35:54:355  DevID:MV-CU060-10GC(DA1691703)  Source-Line:libMVGigEVisionSDK.so(GigEVisionGVSP.cpp-L0690)  ProcessName:python3.12(115438)     Description:[GVSPThreadProc]GvspTimeout[300], ResendEnable[1], ResendTimeInterval[10], ResendRetryTimes[20], ResendTimeout[50], MaxResendPktsNum[4276]
Info    2026-08-19 14:35:54:355  DevID:MV-CU060-10GC(DA1691703)  Source-Line:libMVGigEVisionSDK.so(StreamChannel.cpp-L1787)  ProcessName:python3.12(115438)     Description:[StartProxy][0]Stream proxy start, Socket mode, GvspDstPort[37351], bResendEnable[1], GvspTimeout[300], ResendTimeInterval[10], SCPS[1500], nPayloadSize[6295104], 3DSpecMode[0], CompressMode[0], bSupportAnnounceBuffer[0]
Info    2026-08-19 14:35:54:355  DevID:MV-CU060-10GC(DA1691703)  Source-Line:libMVGigEVisionSDK.so(GigEVisionGVSP.cpp-L0671)  ProcessName:python3.12(115438)     Description:[GVSPResendThread]GVSPResendThread Start, ThreadId[128553567897280]
Info    2026-08-19 14:35:54:355  DevID:MV-CU060-10GC(DA1691703)  Source-Line:libMVGigEVisionSDK.so(GigEVisionManager.cpp-L2137)  ProcessName:python3.12(115438)     Description:[GiGEVision_StartAcquisition]m_nPrivilegeMode[1]
Info    2026-08-19 14:35:54:356  DevID:MV-CU060-10GC(DA1691703)  Source-Line:libMVGigEVisionSDK.so(GigEVisionManager.cpp-L2164)  ProcessName:python3.12(115438)     Description:[GiGEVision_StartAcquisition][0] [GVCP]GvspSendIP[192.168.1.21], GvspSendPort[37351]
Info    2026-08-19 14:35:54:356  DevID:MV-CU060-10GC(DA1691703)  Source-Line:libMVGigEVisionSDK.so(GigEVisionManager.cpp-L2168)  ProcessName:python3.12(115438)     Description:[GiGEVision_StartAcquisition][0] Acquisition Start Success, use 4 ms
Info    2026-08-19 14:35:54:814  DevID:MV-CU060-10GC(DA1691703)  Source-Line:libMVGigEVisionSDK.so(GigEVisionGVSP.cpp-L0658)  ProcessName:python3.12(115438)     Description:[GVSPThread]GVSPThread End, ThreadId[128553576289984]
Warning 2026-08-19 14:35:54:815  DevID:MV-CU060-10GC(DA1691703)  Source-Line:libMVGigEVisionSDK.so(GigEVisionGVSP.cpp-L0775)  ProcessName:python3.12(115438)     Description:[GVSPResendThreadProc]WaitForSingleEvent(Timer) failed: 0x6e
Info    2026-08-19 14:35:54:815  DevID:MV-CU060-10GC(DA1691703)  Source-Line:libMVGigEVisionSDK.so(GigEVisionGVSP.cpp-L0673)  ProcessName:python3.12(115438)     Description:[GVSPResendThread]GVSPResendThread End, ThreadId[128553567897280]
Info    2026-08-19 14:35:54:815  DevID:MV-CU060-10GC(DA1691703)  Source-Line:libMVGigEVisionSDK.so(StreamChannel.cpp-L1069)  ProcessName:python3.12(115438)     Description:[Stop][0] [Socket Mode] GetCount[5], GetCountSucceed[5], NetReceive[5], ThrowAbnormalImage[0], NetLostFrame[0], ThrowInBufList[0], LostPackets[0]
Info    2026-08-19 14:35:54:815  DevID:MV-CU060-10GC(DA1691703)  Source-Line:libMVGigEVisionSDK.so(GigEVisionManager.cpp-L2238)  ProcessName:python3.12(115438)     Description:[GiGEVision_StopAcquisition][0] Acquisition Stop Success, use 2 ms
Info    2026-08-19 16:11:00:984  DevID:MV-CU060-10GC(DA1691703)  Source-Line:libMVGigEVisionSDK.so(StreamChannel.cpp-L3372)  ProcessName:python3.12(115438)     Description:[PrintfCurrentDevIpAndPort][0] TransmissionType[0], GvspSendIP[192.168.1.21], GvspSendPort[37351], GvspDstIP[192.168.1.21], GvspDstPort[37351]
Info    2026-08-19 16:11:00:985  DevID:MV-CU060-10GC(DA1691703)  Source-Line:libMVGigEVisionSDK.so(GigEVisionManager.cpp-L1602)  ProcessName:python3.12(115438)     Description:[GiGEVision_DisConnectDevice]Disconnect device
Info    2026-08-19 16:11:00:985  DevID:MV-CU060-10GC(DA1691703)  Source-Line:libMVGigEVisionSDK.so(StreamChannel.cpp-L3372)  ProcessName:python3.12(115438)     Description:[PrintfCurrentDevIpAndPort][0] TransmissionType[0], GvspSendIP[192.168.1.21], GvspSendPort[37351], GvspDstIP[192.168.1.21], GvspDstPort[37351]
Info    2026-08-19 16:11:00:986  DevID:MV-CU060-10GC(DA1691703)  Source-Line:libMVGigEVisionSDK.so(StreamChannel.cpp-L0580)  ProcessName:python3.12(115438)     Description:[StreamInterEventThread]GigE StreamInterEventThread End, ThreadId[893368000]
Info    2026-08-19 16:11:01:088  DevID:MV-CU060-10GC(DA1691703)  Source-Line:libMVGigEVisionSDK.so(GigEVisionMsgChannel.cpp-L0592)  ProcessName:python3.12(115438)     Description:[EventThreadProc]GigEVision EventThreadProc End get  nAllEventNumber [0]
Info    2026-08-19 16:11:01:088  DevID:MV-CU060-10GC(DA1691703)  Source-Line:libMVGigEVisionSDK.so(GigEVisionMsgChannel.cpp-L0283)  ProcessName:python3.12(115438)     Description:[EventThread]GigE EventThread End, ThreadId[128553974744768]
Info    2026-08-19 16:11:01:089  DevID:MV-CU060-10GC(DA1691703)  Source-Line:libMVGigEVisionSDK.so(GigEVisionGVCP.cpp-L0053)  ProcessName:python3.12(115438)     Description:[GVCP_KeepAliveProc]GVCP HeartBeatThread End, ThreadId[128553983137472]
Info    2026-08-19 17:18:19:013  DevID:MV-CU060-10GC(DA1691703)  Source-Line:libMVGigEVisionSDK.so(GigEVisionManager.cpp-L0271)  ProcessName:python3.12(154514)     Description:[Init]Current dynamic library path[/opt/MVS/lib/64/libMVGigEVisionSDK.so]
Warning 2026-08-19 17:18:19:014  DevID:MV-CU060-10GC(DA1691703)  Source-Line:libMVGigEVisionSDK.so(GigEVisionManager.cpp-L0369)  ProcessName:python3.12(154514)     Description:[Init]Driver  Version Match failed, Socket mode start! DriverInstalled[0x80000006], DriverVersion[0x0]
Info    2026-08-19 17:18:19:014  DevID:MV-CU060-10GC(DA1691703)  Source-Line:libMVGigEVisionSDK.so(GigEVisionManager.cpp-L1588)  ProcessName:python3.12(154514)     Description:[GiGEVision_SetNetModule]Connecting device, GvspDstIP[192.168.1.21], GvspDstPort[40937], DeviceIP[192.168.1.20]
Info    2026-08-19 17:18:19:016  DevID:MV-CU060-10GC(DA1691703)  Source-Line:libMVGigEVisionSDK.so(GigEVisionManager.cpp-L3997)  ProcessName:python3.12(154514)     Description:[InitStreamModule]Stream Channel Num: 1
Info    2026-08-19 17:18:19:016  DevID:MV-CU060-10GC(DA1691703)  Source-Line:libMVGigEVisionSDK.so(GigEVisionManager.cpp-L4021)  ProcessName:python3.12(154514)     Description:[InitStreamModule]Stream Moudle Get All Stream Capability.
Info    2026-08-19 17:18:19:016  DevID:MV-CU060-10GC(DA1691703)  Source-Line:libMVGigEVisionSDK.so(GigEVisionManager.cpp-L4024)  ProcessName:python3.12(154514)     Description:[InitStreamModule]Stream 0 Capability: 0x0
Info    2026-08-19 17:18:19:016  DevID:MV-CU060-10GC(DA1691703)  Source-Line:libMVGigEVisionSDK.so(StreamChannel.cpp-L3372)  ProcessName:python3.12(154514)     Description:[PrintfCurrentDevIpAndPort][0] TransmissionType[0], GvspSendIP[192.168.1.21], GvspSendPort[33828], GvspDstIP[192.168.1.21], GvspDstPort[33828]
Info    2026-08-19 17:18:19:025  DevID:MV-CU060-10GC(DA1691703)  Source-Line:libMVGigEVisionSDK.so(GigEVisionMsgChannel.cpp-L0281)  ProcessName:python3.12(154514)     Description:[EventThread]GigE EventThread Start, ThreadId[137578648946368]
Info    2026-08-19 17:18:19:025  DevID:MV-CU060-10GC(DA1691703)  Source-Line:libMVGigEVisionSDK.so(GigEVisionMsgChannel.cpp-L0321)  ProcessName:python3.12(154514)     Description:[EventThreadProc]GigEVision EventThreadProc Begin .
Info    2026-08-19 17:18:19:026  DevID:MV-CU060-10GC(DA1691703)  Source-Line:libMVGigEVisionSDK.so(GigEVisionGVCP.cpp-L0051)  ProcessName:python3.12(154514)     Description:[GVCP_KeepAliveProc]GVCP HeartBeatThread Start, ThreadId[137578657339072]
Info    2026-08-19 17:18:36:807  DevID:MV-CU060-10GC(DA1691703)  Source-Line:libMVGigEVisionSDK.so(StreamChannel.cpp-L1558)  ProcessName:python3.12(154514)     Description:[StartProxy]Set ImageNodeNum [1]  GrabStrategy [0] success!
Info    2026-08-19 17:18:36:807  DevID:MV-CU060-10GC(DA1691703)  Source-Line:libMVGigEVisionSDK.so(StreamChannel.cpp-L1581)  ProcessName:python3.12(154514)     Description:[StartProxy]Backup Node Size[6295104]
Info    2026-08-19 17:18:36:807  DevID:MV-CU060-10GC(DA1691703)  Source-Line:libMVGigEVisionSDK.so(GigEVisionBufferManager.cpp-L0382)  ProcessName:python3.12(154514)     Description:[GigEBufferManager_Init]Main Buffer List'Length is 2, Lock Buffer List's Length is 1
Info    2026-08-19 17:18:36:807  DevID:MV-CU060-10GC(DA1691703)  Source-Line:libMVGigEVisionSDK.so(GigEVisionGVSP.cpp-L0656)  ProcessName:python3.12(154514)     Description:[GVSPThread]GVSPThread Start, ThreadId[1790953152]
Info    2026-08-19 17:18:36:807  DevID:MV-CU060-10GC(DA1691703)  Source-Line:libMVGigEVisionSDK.so(GigEVisionGVSP.cpp-L0690)  ProcessName:python3.12(154514)     Description:[GVSPThreadProc]GvspTimeout[300], ResendEnable[1], ResendTimeInterval[10], ResendRetryTimes[20], ResendTimeout[50], MaxResendPktsNum[4276]
Info    2026-08-19 17:18:36:807  DevID:MV-CU060-10GC(DA1691703)  Source-Line:libMVGigEVisionSDK.so(GigEVisionGVSP.cpp-L0671)  ProcessName:python3.12(154514)     Description:[GVSPResendThread]GVSPResendThread Start, ThreadId[1782560448]
Info    2026-08-19 17:18:36:807  DevID:MV-CU060-10GC(DA1691703)  Source-Line:libMVGigEVisionSDK.so(StreamChannel.cpp-L1787)  ProcessName:python3.12(154514)     Description:[StartProxy][0]Stream proxy start, Socket mode, GvspDstPort[33828], bResendEnable[1], GvspTimeout[300], ResendTimeInterval[10], SCPS[1500], nPayloadSize[6295104], 3DSpecMode[0], CompressMode[0], bSupportAnnounceBuffer[0]
Info    2026-08-19 17:18:36:807  DevID:MV-CU060-10GC(DA1691703)  Source-Line:libMVGigEVisionSDK.so(GigEVisionManager.cpp-L2137)  ProcessName:python3.12(154514)     Description:[GiGEVision_StartAcquisition]m_nPrivilegeMode[1]
Info    2026-08-19 17:18:36:807  DevID:MV-CU060-10GC(DA1691703)  Source-Line:libMVGigEVisionSDK.so(StreamChannel.cpp-L0578)  ProcessName:python3.12(154514)     Description:[StreamInterEventThread]GigE StreamInterEventThread Start, ThreadId[1774167744]
Info    2026-08-19 17:18:36:809  DevID:MV-CU060-10GC(DA1691703)  Source-Line:libMVGigEVisionSDK.so(GigEVisionManager.cpp-L2164)  ProcessName:python3.12(154514)     Description:[GiGEVision_StartAcquisition][0] [GVCP]GvspSendIP[192.168.1.21], GvspSendPort[33828]
Info    2026-08-19 17:18:36:809  DevID:MV-CU060-10GC(DA1691703)  Source-Line:libMVGigEVisionSDK.so(GigEVisionManager.cpp-L2168)  ProcessName:python3.12(154514)     Description:[GiGEVision_StartAcquisition][0] Acquisition Start Success, use 5 ms
Info    2026-08-19 17:18:37:345  DevID:MV-CU060-10GC(DA1691703)  Source-Line:libMVGigEVisionSDK.so(GigEVisionGVSP.cpp-L0673)  ProcessName:python3.12(154514)     Description:[GVSPResendThread]GVSPResendThread End, ThreadId[1782560448]
Info    2026-08-19 17:18:37:346  DevID:MV-CU060-10GC(DA1691703)  Source-Line:libMVGigEVisionSDK.so(GigEVisionGVSP.cpp-L0658)  ProcessName:python3.12(154514)     Description:[GVSPThread]GVSPThread End, ThreadId[1790953152]
Info    2026-08-19 17:18:37:346  DevID:MV-CU060-10GC(DA1691703)  Source-Line:libMVGigEVisionSDK.so(StreamChannel.cpp-L1069)  ProcessName:python3.12(154514)     Description:[Stop][0] [Socket Mode] GetCount[5], GetCountSucceed[5], NetReceive[6], ThrowAbnormalImage[0], NetLostFrame[0], ThrowInBufList[0], LostPackets[0]
Info    2026-08-19 17:18:37:346  DevID:MV-CU060-10GC(DA1691703)  Source-Line:libMVGigEVisionSDK.so(GigEVisionManager.cpp-L2238)  ProcessName:python3.12(154514)     Description:[GiGEVision_StopAcquisition][0] Acquisition Stop Success, use 4 ms
Info    2026-08-19 17:18:40:658  DevID:MV-CU060-10GC(DA1691703)  Source-Line:libMVGigEVisionSDK.so(GigEVisionBufferManager.cpp-L0382)  ProcessName:python3.12(154514)     Description:[GigEBufferManager_Init]Main Buffer List'Length is 2, Lock Buffer List's Length is 1
Info    2026-08-19 17:18:40:658  DevID:MV-CU060-10GC(DA1691703)  Source-Line:libMVGigEVisionSDK.so(GigEVisionGVSP.cpp-L0656)  ProcessName:python3.12(154514)     Description:[GVSPThread]GVSPThread Start, ThreadId[137578174985920]
Info    2026-08-19 17:18:40:658  DevID:MV-CU060-10GC(DA1691703)  Source-Line:libMVGigEVisionSDK.so(StreamChannel.cpp-L1787)  ProcessName:python3.12(154514)     Description:[StartProxy][0]Stream proxy start, Socket mode, GvspDstPort[33828], bResendEnable[1], GvspTimeout[300], ResendTimeInterval[10], SCPS[1500], nPayloadSize[6295104], 3DSpecMode[0], CompressMode[0], bSupportAnnounceBuffer[0]
Info    2026-08-19 17:18:40:658  DevID:MV-CU060-10GC(DA1691703)  Source-Line:libMVGigEVisionSDK.so(GigEVisionGVSP.cpp-L0671)  ProcessName:python3.12(154514)     Description:[GVSPResendThread]GVSPResendThread Start, ThreadId[137578183378624]
Info    2026-08-19 17:18:40:658  DevID:MV-CU060-10GC(DA1691703)  Source-Line:libMVGigEVisionSDK.so(GigEVisionGVSP.cpp-L0690)  ProcessName:python3.12(154514)     Description:[GVSPThreadProc]GvspTimeout[300], ResendEnable[1], ResendTimeInterval[10], ResendRetryTimes[20], ResendTimeout[50], MaxResendPktsNum[4276]
Info    2026-08-19 17:18:40:658  DevID:MV-CU060-10GC(DA1691703)  Source-Line:libMVGigEVisionSDK.so(GigEVisionManager.cpp-L2137)  ProcessName:python3.12(154514)     Description:[GiGEVision_StartAcquisition]m_nPrivilegeMode[1]
Info    2026-08-19 17:18:40:660  DevID:MV-CU060-10GC(DA1691703)  Source-Line:libMVGigEVisionSDK.so(GigEVisionManager.cpp-L2164)  ProcessName:python3.12(154514)     Description:[GiGEVision_StartAcquisition][0] [GVCP]GvspSendIP[192.168.1.21], GvspSendPort[33828]
Info    2026-08-19 17:18:40:660  DevID:MV-CU060-10GC(DA1691703)  Source-Line:libMVGigEVisionSDK.so(GigEVisionManager.cpp-L2168)  ProcessName:python3.12(154514)     Description:[GiGEVision_StartAcquisition][0] Acquisition Start Success, use 3 ms
Info    2026-08-19 17:18:41:125  DevID:MV-CU060-10GC(DA1691703)  Source-Line:libMVGigEVisionSDK.so(GigEVisionGVSP.cpp-L0658)  ProcessName:python3.12(154514)     Description:[GVSPThread]GVSPThread End, ThreadId[137578174985920]
Warning 2026-08-19 17:18:41:125  DevID:MV-CU060-10GC(DA1691703)  Source-Line:libMVGigEVisionSDK.so(GigEVisionGVSP.cpp-L0775)  ProcessName:python3.12(154514)     Description:[GVSPResendThreadProc]WaitForSingleEvent(Timer) failed: 0x6e
Info    2026-08-19 17:18:41:125  DevID:MV-CU060-10GC(DA1691703)  Source-Line:libMVGigEVisionSDK.so(GigEVisionGVSP.cpp-L0673)  ProcessName:python3.12(154514)     Description:[GVSPResendThread]GVSPResendThread End, ThreadId[137578183378624]
Info    2026-08-19 17:18:41:125  DevID:MV-CU060-10GC(DA1691703)  Source-Line:libMVGigEVisionSDK.so(StreamChannel.cpp-L1069)  ProcessName:python3.12(154514)     Description:[Stop][0] [Socket Mode] GetCount[5], GetCountSucceed[5], NetReceive[5], ThrowAbnormalImage[0], NetLostFrame[0], ThrowInBufList[0], LostPackets[0]
Info    2026-08-19 17:18:41:125  DevID:MV-CU060-10GC(DA1691703)  Source-Line:libMVGigEVisionSDK.so(GigEVisionManager.cpp-L2238)  ProcessName:python3.12(154514)     Description:[GiGEVision_StopAcquisition][0] Acquisition Stop Success, use 3 ms
Info    2026-08-19 17:18:45:058  DevID:MV-CU060-10GC(DA1691703)  Source-Line:libMVGigEVisionSDK.so(GigEVisionBufferManager.cpp-L0382)  ProcessName:python3.12(154514)     Description:[GigEBufferManager_Init]Main Buffer List'Length is 2, Lock Buffer List's Length is 1
Info    2026-08-19 17:18:45:058  DevID:MV-CU060-10GC(DA1691703)  Source-Line:libMVGigEVisionSDK.so(GigEVisionGVSP.cpp-L0656)  ProcessName:python3.12(154514)     Description:[GVSPThread]GVSPThread Start, ThreadId[137578183378624]
Info    2026-08-19 17:18:45:058  DevID:MV-CU060-10GC(DA1691703)  Source-Line:libMVGigEVisionSDK.so(GigEVisionGVSP.cpp-L0690)  ProcessName:python3.12(154514)     Description:[GVSPThreadProc]GvspTimeout[300], ResendEnable[1], ResendTimeInterval[10], ResendRetryTimes[20], ResendTimeout[50], MaxResendPktsNum[4276]
Info    2026-08-19 17:18:45:058  DevID:MV-CU060-10GC(DA1691703)  Source-Line:libMVGigEVisionSDK.so(StreamChannel.cpp-L1787)  ProcessName:python3.12(154514)     Description:[StartProxy][0]Stream proxy start, Socket mode, GvspDstPort[33828], bResendEnable[1], GvspTimeout[300], ResendTimeInterval[10], SCPS[1500], nPayloadSize[6295104], 3DSpecMode[0], CompressMode[0], bSupportAnnounceBuffer[0]
Info    2026-08-19 17:18:45:058  DevID:MV-CU060-10GC(DA1691703)  Source-Line:libMVGigEVisionSDK.so(GigEVisionGVSP.cpp-L0671)  ProcessName:python3.12(154514)     Description:[GVSPResendThread]GVSPResendThread Start, ThreadId[137578174985920]
Info    2026-08-19 17:18:45:058  DevID:MV-CU060-10GC(DA1691703)  Source-Line:libMVGigEVisionSDK.so(GigEVisionManager.cpp-L2137)  ProcessName:python3.12(154514)     Description:[GiGEVision_StartAcquisition]m_nPrivilegeMode[1]
Info    2026-08-19 17:18:45:060  DevID:MV-CU060-10GC(DA1691703)  Source-Line:libMVGigEVisionSDK.so(GigEVisionManager.cpp-L2164)  ProcessName:python3.12(154514)     Description:[GiGEVision_StartAcquisition][0] [GVCP]GvspSendIP[192.168.1.21], GvspSendPort[33828]
Info    2026-08-19 17:18:45:060  DevID:MV-CU060-10GC(DA1691703)  Source-Line:libMVGigEVisionSDK.so(GigEVisionManager.cpp-L2168)  ProcessName:python3.12(154514)     Description:[GiGEVision_StartAcquisition][0] Acquisition Start Success, use 3 ms
Info    2026-08-19 17:18:45:533  DevID:MV-CU060-10GC(DA1691703)  Source-Line:libMVGigEVisionSDK.so(GigEVisionGVSP.cpp-L0673)  ProcessName:python3.12(154514)     Description:[GVSPResendThread]GVSPResendThread End, ThreadId[137578174985920]
Info    2026-08-19 17:18:45:534  DevID:MV-CU060-10GC(DA1691703)  Source-Line:libMVGigEVisionSDK.so(GigEVisionGVSP.cpp-L0658)  ProcessName:python3.12(154514)     Description:[GVSPThread]GVSPThread End, ThreadId[137578183378624]
Info    2026-08-19 17:18:45:534  DevID:MV-CU060-10GC(DA1691703)  Source-Line:libMVGigEVisionSDK.so(StreamChannel.cpp-L1069)  ProcessName:python3.12(154514)     Description:[Stop][0] [Socket Mode] GetCount[5], GetCountSucceed[5], NetReceive[5], ThrowAbnormalImage[0], NetLostFrame[0], ThrowInBufList[0], LostPackets[0]
Info    2026-08-19 17:18:45:534  DevID:MV-CU060-10GC(DA1691703)  Source-Line:libMVGigEVisionSDK.so(GigEVisionManager.cpp-L2238)  ProcessName:python3.12(154514)     Description:[GiGEVision_StopAcquisition][0] Acquisition Stop Success, use 2 ms
Info    2026-08-19 17:19:44:779  DevID:MV-CU060-10GC(DA1691703)  Source-Line:libMVGigEVisionSDK.so(GigEVisionBufferManager.cpp-L0382)  ProcessName:python3.12(154514)     Description:[GigEBufferManager_Init]Main Buffer List'Length is 2, Lock Buffer List's Length is 1
Info    2026-08-19 17:19:44:779  DevID:MV-CU060-10GC(DA1691703)  Source-Line:libMVGigEVisionSDK.so(GigEVisionGVSP.cpp-L0656)  ProcessName:python3.12(154514)     Description:[GVSPThread]GVSPThread Start, ThreadId[137578174985920]
Info    2026-08-19 17:19:44:779  DevID:MV-CU060-10GC(DA1691703)  Source-Line:libMVGigEVisionSDK.so(GigEVisionGVSP.cpp-L0671)  ProcessName:python3.12(154514)     Description:[GVSPResendThread]GVSPResendThread Start, ThreadId[137578183378624]
Info    2026-08-19 17:19:44:779  DevID:MV-CU060-10GC(DA1691703)  Source-Line:libMVGigEVisionSDK.so(StreamChannel.cpp-L1787)  ProcessName:python3.12(154514)     Description:[StartProxy][0]Stream proxy start, Socket mode, GvspDstPort[33828], bResendEnable[1], GvspTimeout[300], ResendTimeInterval[10], SCPS[1500], nPayloadSize[6295104], 3DSpecMode[0], CompressMode[0], bSupportAnnounceBuffer[0]
Info    2026-08-19 17:19:44:779  DevID:MV-CU060-10GC(DA1691703)  Source-Line:libMVGigEVisionSDK.so(GigEVisionGVSP.cpp-L0690)  ProcessName:python3.12(154514)     Description:[GVSPThreadProc]GvspTimeout[300], ResendEnable[1], ResendTimeInterval[10], ResendRetryTimes[20], ResendTimeout[50], MaxResendPktsNum[4276]
Info    2026-08-19 17:19:44:779  DevID:MV-CU060-10GC(DA1691703)  Source-Line:libMVGigEVisionSDK.so(GigEVisionManager.cpp-L2137)  ProcessName:python3.12(154514)     Description:[GiGEVision_StartAcquisition]m_nPrivilegeMode[1]
Info    2026-08-19 17:19:44:781  DevID:MV-CU060-10GC(DA1691703)  Source-Line:libMVGigEVisionSDK.so(GigEVisionManager.cpp-L2164)  ProcessName:python3.12(154514)     Description:[GiGEVision_StartAcquisition][0] [GVCP]GvspSendIP[192.168.1.21], GvspSendPort[33828]
Info    2026-08-19 17:19:44:781  DevID:MV-CU060-10GC(DA1691703)  Source-Line:libMVGigEVisionSDK.so(GigEVisionManager.cpp-L2168)  ProcessName:python3.12(154514)     Description:[GiGEVision_StartAcquisition][0] Acquisition Start Success, use 3 ms
Info    2026-08-19 17:19:45:051  DevID:MV-CU060-10GC(DA1691703)  Source-Line:libMVGigEVisionSDK.so(GigEVisionGVSP.cpp-L0438)  ProcessName:python3.12(154514)     Description:[TrimOutputQueue]TrimOutputQueue ThrowInBufList[1]
Warning 2026-08-19 17:19:45:059  DevID:MV-CU060-10GC(DA1691703)  Source-Line:libMVGigEVisionSDK.so(StreamChannel.cpp-L3070)  ProcessName:python3.12(154514)     Description:[GetImageBuffer][GetImageBuffer]The frame number is not continuous, PreFrameNum[1], CurFrameNum[140720308486147]
Info    2026-08-19 17:19:45:185  DevID:MV-CU060-10GC(DA1691703)  Source-Line:libMVGigEVisionSDK.so(GigEVisionGVSP.cpp-L0438)  ProcessName:python3.12(154514)     Description:[TrimOutputQueue]TrimOutputQueue ThrowInBufList[2]
Info    2026-08-19 17:19:45:253  DevID:MV-CU060-10GC(DA1691703)  Source-Line:libMVGigEVisionSDK.so(GigEVisionGVSP.cpp-L0438)  ProcessName:python3.12(154514)     Description:[TrimOutputQueue]TrimOutputQueue ThrowInBufList[3]
Warning 2026-08-19 17:19:45:320  DevID:MV-CU060-10GC(DA1691703)  Source-Line:libMVGigEVisionSDK.so(StreamChannel.cpp-L3070)  ProcessName:python3.12(154514)     Description:[GetImageBuffer][GetImageBuffer]The frame number is not continuous, PreFrameNum[3], CurFrameNum[140720308486150]
Info    2026-08-19 17:19:45:388  DevID:MV-CU060-10GC(DA1691703)  Source-Line:libMVGigEVisionSDK.so(GigEVisionGVSP.cpp-L0438)  ProcessName:python3.12(154514)     Description:[TrimOutputQueue]TrimOutputQueue ThrowInBufList[4]
Warning 2026-08-19 17:19:45:441  DevID:MV-CU060-10GC(DA1691703)  Source-Line:libMVGigEVisionSDK.so(StreamChannel.cpp-L3070)  ProcessName:python3.12(154514)     Description:[GetImageBuffer][GetImageBuffer]The frame number is not continuous, PreFrameNum[6], CurFrameNum[140720308486152]
Info    2026-08-19 17:19:45:522  DevID:MV-CU060-10GC(DA1691703)  Source-Line:libMVGigEVisionSDK.so(GigEVisionGVSP.cpp-L0438)  ProcessName:python3.12(154514)     Description:[TrimOutputQueue]TrimOutputQueue ThrowInBufList[5]
Warning 2026-08-19 17:19:45:566  DevID:MV-CU060-10GC(DA1691703)  Source-Line:libMVGigEVisionSDK.so(StreamChannel.cpp-L3070)  ProcessName:python3.12(154514)     Description:[GetImageBuffer][GetImageBuffer]The frame number is not continuous, PreFrameNum[8], CurFrameNum[140720308486154]
Info    2026-08-19 17:19:45:657  DevID:MV-CU060-10GC(DA1691703)  Source-Line:libMVGigEVisionSDK.so(GigEVisionGVSP.cpp-L0438)  ProcessName:python3.12(154514)     Description:[TrimOutputQueue]TrimOutputQueue ThrowInBufList[6]
Info    2026-08-19 17:19:45:708  DevID:MV-CU060-10GC(DA1691703)  Source-Line:libMVGigEVisionSDK.so(GigEVisionGVSP.cpp-L0658)  ProcessName:python3.12(154514)     Description:[GVSPThread]GVSPThread End, ThreadId[137578174985920]
Warning 2026-08-19 17:19:45:708  DevID:MV-CU060-10GC(DA1691703)  Source-Line:libMVGigEVisionSDK.so(GigEVisionGVSP.cpp-L0775)  ProcessName:python3.12(154514)     Description:[GVSPResendThreadProc]WaitForSingleEvent(Timer) failed: 0x6e
Info    2026-08-19 17:19:45:708  DevID:MV-CU060-10GC(DA1691703)  Source-Line:libMVGigEVisionSDK.so(GigEVisionGVSP.cpp-L0673)  ProcessName:python3.12(154514)     Description:[GVSPResendThread]GVSPResendThread End, ThreadId[137578183378624]
Info    2026-08-19 17:19:45:709  DevID:MV-CU060-10GC(DA1691703)  Source-Line:libMVGigEVisionSDK.so(StreamChannel.cpp-L1069)  ProcessName:python3.12(154514)     Description:[Stop][0] [Socket Mode] GetCount[5], GetCountSucceed[5], NetReceive[12], ThrowAbnormalImage[0], NetLostFrame[0], ThrowInBufList[6], LostPackets[0]
Info    2026-08-19 17:19:45:709  DevID:MV-CU060-10GC(DA1691703)  Source-Line:libMVGigEVisionSDK.so(GigEVisionManager.cpp-L2238)  ProcessName:python3.12(154514)     Description:[GiGEVision_StopAcquisition][0] Acquisition Stop Success, use 6 ms
Info    2026-08-19 17:20:09:971  DevID:MV-CU060-10GC(DA1691703)  Source-Line:libMVGigEVisionSDK.so(GigEVisionBufferManager.cpp-L0382)  ProcessName:python3.12(154514)     Description:[GigEBufferManager_Init]Main Buffer List'Length is 2, Lock Buffer List's Length is 1
Info    2026-08-19 17:20:09:971  DevID:MV-CU060-10GC(DA1691703)  Source-Line:libMVGigEVisionSDK.so(GigEVisionGVSP.cpp-L0656)  ProcessName:python3.12(154514)     Description:[GVSPThread]GVSPThread Start, ThreadId[137578183378624]
Info    2026-08-19 17:20:09:971  DevID:MV-CU060-10GC(DA1691703)  Source-Line:libMVGigEVisionSDK.so(StreamChannel.cpp-L1787)  ProcessName:python3.12(154514)     Description:[StartProxy][0]Stream proxy start, Socket mode, GvspDstPort[33828], bResendEnable[1], GvspTimeout[300], ResendTimeInterval[10], SCPS[1500], nPayloadSize[6295104], 3DSpecMode[0], CompressMode[0], bSupportAnnounceBuffer[0]
Info    2026-08-19 17:20:09:971  DevID:MV-CU060-10GC(DA1691703)  Source-Line:libMVGigEVisionSDK.so(GigEVisionGVSP.cpp-L0690)  ProcessName:python3.12(154514)     Description:[GVSPThreadProc]GvspTimeout[300], ResendEnable[1], ResendTimeInterval[10], ResendRetryTimes[20], ResendTimeout[50], MaxResendPktsNum[4276]
Info    2026-08-19 17:20:09:971  DevID:MV-CU060-10GC(DA1691703)  Source-Line:libMVGigEVisionSDK.so(GigEVisionGVSP.cpp-L0671)  ProcessName:python3.12(154514)     Description:[GVSPResendThread]GVSPResendThread Start, ThreadId[137578174985920]
Info    2026-08-19 17:20:09:971  DevID:MV-CU060-10GC(DA1691703)  Source-Line:libMVGigEVisionSDK.so(GigEVisionManager.cpp-L2137)  ProcessName:python3.12(154514)     Description:[GiGEVision_StartAcquisition]m_nPrivilegeMode[1]
Info    2026-08-19 17:20:09:973  DevID:MV-CU060-10GC(DA1691703)  Source-Line:libMVGigEVisionSDK.so(GigEVisionManager.cpp-L2164)  ProcessName:python3.12(154514)     Description:[GiGEVision_StartAcquisition][0] [GVCP]GvspSendIP[192.168.1.21], GvspSendPort[33828]
Info    2026-08-19 17:20:09:973  DevID:MV-CU060-10GC(DA1691703)  Source-Line:libMVGigEVisionSDK.so(GigEVisionManager.cpp-L2168)  ProcessName:python3.12(154514)     Description:[GiGEVision_StartAcquisition][0] Acquisition Start Success, use 4 ms
Info    2026-08-19 17:20:10:378  DevID:MV-CU060-10GC(DA1691703)  Source-Line:libMVGigEVisionSDK.so(GigEVisionGVSP.cpp-L0438)  ProcessName:python3.12(154514)     Description:[TrimOutputQueue]TrimOutputQueue ThrowInBufList[1]
Warning 2026-08-19 17:20:10:385  DevID:MV-CU060-10GC(DA1691703)  Source-Line:libMVGigEVisionSDK.so(StreamChannel.cpp-L3070)  ProcessName:python3.12(154514)     Description:[GetImageBuffer][GetImageBuffer]The frame number is not continuous, PreFrameNum[3], CurFrameNum[140720308486149]
Info    2026-08-19 17:20:10:580  DevID:MV-CU060-10GC(DA1691703)  Source-Line:libMVGigEVisionSDK.so(GigEVisionGVSP.cpp-L0438)  ProcessName:python3.12(154514)     Description:[TrimOutputQueue]TrimOutputQueue ThrowInBufList[2]
Info    2026-08-19 17:20:10:647  DevID:MV-CU060-10GC(DA1691703)  Source-Line:libMVGigEVisionSDK.so(GigEVisionGVSP.cpp-L0438)  ProcessName:python3.12(154514)     Description:[TrimOutputQueue]TrimOutputQueue ThrowInBufList[3]
Info    2026-08-19 17:20:10:670  DevID:MV-CU060-10GC(DA1691703)  Source-Line:libMVGigEVisionSDK.so(GigEVisionGVSP.cpp-L0658)  ProcessName:python3.12(154514)     Description:[GVSPThread]GVSPThread End, ThreadId[137578183378624]
Warning 2026-08-19 17:20:10:671  DevID:MV-CU060-10GC(DA1691703)  Source-Line:libMVGigEVisionSDK.so(GigEVisionGVSP.cpp-L0775)  ProcessName:python3.12(154514)     Description:[GVSPResendThreadProc]WaitForSingleEvent(Timer) failed: 0x6e
Info    2026-08-19 17:20:10:671  DevID:MV-CU060-10GC(DA1691703)  Source-Line:libMVGigEVisionSDK.so(GigEVisionGVSP.cpp-L0673)  ProcessName:python3.12(154514)     Description:[GVSPResendThread]GVSPResendThread End, ThreadId[137578174985920]
Info    2026-08-19 17:20:10:671  DevID:MV-CU060-10GC(DA1691703)  Source-Line:libMVGigEVisionSDK.so(StreamChannel.cpp-L1069)  ProcessName:python3.12(154514)     Description:[Stop][0] [Socket Mode] GetCount[5], GetCountSucceed[5], NetReceive[9], ThrowAbnormalImage[0], NetLostFrame[0], ThrowInBufList[3], LostPackets[0]
Info    2026-08-19 17:20:10:671  DevID:MV-CU060-10GC(DA1691703)  Source-Line:libMVGigEVisionSDK.so(GigEVisionManager.cpp-L2238)  ProcessName:python3.12(154514)     Description:[GiGEVision_StopAcquisition][0] Acquisition Stop Success, use 8 ms
Info    2026-08-19 17:20:39:157  DevID:MV-CU060-10GC(DA1691703)  Source-Line:libMVGigEVisionSDK.so(GigEVisionBufferManager.cpp-L0382)  ProcessName:python3.12(154514)     Description:[GigEBufferManager_Init]Main Buffer List'Length is 2, Lock Buffer List's Length is 1
Info    2026-08-19 17:20:39:158  DevID:MV-CU060-10GC(DA1691703)  Source-Line:libMVGigEVisionSDK.so(GigEVisionGVSP.cpp-L0656)  ProcessName:python3.12(154514)     Description:[GVSPThread]GVSPThread Start, ThreadId[137578174985920]
Info    2026-08-19 17:20:39:158  DevID:MV-CU060-10GC(DA1691703)  Source-Line:libMVGigEVisionSDK.so(StreamChannel.cpp-L1787)  ProcessName:python3.12(154514)     Description:[StartProxy][0]Stream proxy start, Socket mode, GvspDstPort[33828], bResendEnable[1], GvspTimeout[300], ResendTimeInterval[10], SCPS[1500], nPayloadSize[6295104], 3DSpecMode[0], CompressMode[0], bSupportAnnounceBuffer[0]
Info    2026-08-19 17:20:39:158  DevID:MV-CU060-10GC(DA1691703)  Source-Line:libMVGigEVisionSDK.so(GigEVisionGVSP.cpp-L0671)  ProcessName:python3.12(154514)     Description:[GVSPResendThread]GVSPResendThread Start, ThreadId[137578183378624]
Info    2026-08-19 17:20:39:158  DevID:MV-CU060-10GC(DA1691703)  Source-Line:libMVGigEVisionSDK.so(GigEVisionGVSP.cpp-L0690)  ProcessName:python3.12(154514)     Description:[GVSPThreadProc]GvspTimeout[300], ResendEnable[1], ResendTimeInterval[10], ResendRetryTimes[20], ResendTimeout[50], MaxResendPktsNum[4276]
Info    2026-08-19 17:20:39:158  DevID:MV-CU060-10GC(DA1691703)  Source-Line:libMVGigEVisionSDK.so(GigEVisionManager.cpp-L2137)  ProcessName:python3.12(154514)     Description:[GiGEVision_StartAcquisition]m_nPrivilegeMode[1]
Info    2026-08-19 17:20:39:160  DevID:MV-CU060-10GC(DA1691703)  Source-Line:libMVGigEVisionSDK.so(GigEVisionManager.cpp-L2164)  ProcessName:python3.12(154514)     Description:[GiGEVision_StartAcquisition][0] [GVCP]GvspSendIP[192.168.1.21], GvspSendPort[33828]
Info    2026-08-19 17:20:39:160  DevID:MV-CU060-10GC(DA1691703)  Source-Line:libMVGigEVisionSDK.so(GigEVisionManager.cpp-L2168)  ProcessName:python3.12(154514)     Description:[GiGEVision_StartAcquisition][0] Acquisition Start Success, use 3 ms
Info    2026-08-19 17:20:39:700  DevID:MV-CU060-10GC(DA1691703)  Source-Line:libMVGigEVisionSDK.so(GigEVisionGVSP.cpp-L0438)  ProcessName:python3.12(154514)     Description:[TrimOutputQueue]TrimOutputQueue ThrowInBufList[1]
Info    2026-08-19 17:20:39:720  DevID:MV-CU060-10GC(DA1691703)  Source-Line:libMVGigEVisionSDK.so(GigEVisionGVSP.cpp-L0673)  ProcessName:python3.12(154514)     Description:[GVSPResendThread]GVSPResendThread End, ThreadId[137578183378624]
Info    2026-08-19 17:20:39:723  DevID:MV-CU060-10GC(DA1691703)  Source-Line:libMVGigEVisionSDK.so(GigEVisionGVSP.cpp-L0658)  ProcessName:python3.12(154514)     Description:[GVSPThread]GVSPThread End, ThreadId[137578174985920]
Info    2026-08-19 17:20:39:724  DevID:MV-CU060-10GC(DA1691703)  Source-Line:libMVGigEVisionSDK.so(StreamChannel.cpp-L1069)  ProcessName:python3.12(154514)     Description:[Stop][0] [Socket Mode] GetCount[5], GetCountSucceed[5], NetReceive[7], ThrowAbnormalImage[0], NetLostFrame[0], ThrowInBufList[1], LostPackets[0]
Info    2026-08-19 17:20:39:724  DevID:MV-CU060-10GC(DA1691703)  Source-Line:libMVGigEVisionSDK.so(GigEVisionManager.cpp-L2238)  ProcessName:python3.12(154514)     Description:[GiGEVision_StopAcquisition][0] Acquisition Stop Success, use 11 ms
Info    2026-08-19 17:21:04:866  DevID:MV-CU060-10GC(DA1691703)  Source-Line:libMVGigEVisionSDK.so(GigEVisionBufferManager.cpp-L0382)  ProcessName:python3.12(154514)     Description:[GigEBufferManager_Init]Main Buffer List'Length is 2, Lock Buffer List's Length is 1
Info    2026-08-19 17:21:04:867  DevID:MV-CU060-10GC(DA1691703)  Source-Line:libMVGigEVisionSDK.so(GigEVisionGVSP.cpp-L0656)  ProcessName:python3.12(154514)     Description:[GVSPThread]GVSPThread Start, ThreadId[137578183378624]
Info    2026-08-19 17:21:04:867  DevID:MV-CU060-10GC(DA1691703)  Source-Line:libMVGigEVisionSDK.so(GigEVisionGVSP.cpp-L0690)  ProcessName:python3.12(154514)     Description:[GVSPThreadProc]GvspTimeout[300], ResendEnable[1], ResendTimeInterval[10], ResendRetryTimes[20], ResendTimeout[50], MaxResendPktsNum[4276]
Info    2026-08-19 17:21:04:867  DevID:MV-CU060-10GC(DA1691703)  Source-Line:libMVGigEVisionSDK.so(StreamChannel.cpp-L1787)  ProcessName:python3.12(154514)     Description:[StartProxy][0]Stream proxy start, Socket mode, GvspDstPort[33828], bResendEnable[1], GvspTimeout[300], ResendTimeInterval[10], SCPS[1500], nPayloadSize[6295104], 3DSpecMode[0], CompressMode[0], bSupportAnnounceBuffer[0]
Info    2026-08-19 17:21:04:867  DevID:MV-CU060-10GC(DA1691703)  Source-Line:libMVGigEVisionSDK.so(GigEVisionGVSP.cpp-L0671)  ProcessName:python3.12(154514)     Description:[GVSPResendThread]GVSPResendThread Start, ThreadId[137578174985920]
Info    2026-08-19 17:21:04:867  DevID:MV-CU060-10GC(DA1691703)  Source-Line:libMVGigEVisionSDK.so(GigEVisionManager.cpp-L2137)  ProcessName:python3.12(154514)     Description:[GiGEVision_StartAcquisition]m_nPrivilegeMode[1]
Info    2026-08-19 17:21:04:869  DevID:MV-CU060-10GC(DA1691703)  Source-Line:libMVGigEVisionSDK.so(GigEVisionManager.cpp-L2164)  ProcessName:python3.12(154514)     Description:[GiGEVision_StartAcquisition][0] [GVCP]GvspSendIP[192.168.1.21], GvspSendPort[33828]
Info    2026-08-19 17:21:04:869  DevID:MV-CU060-10GC(DA1691703)  Source-Line:libMVGigEVisionSDK.so(GigEVisionManager.cpp-L2168)  ProcessName:python3.12(154514)     Description:[GiGEVision_StartAcquisition][0] Acquisition Start Success, use 4 ms
Info    2026-08-19 17:21:05:367  DevID:MV-CU060-10GC(DA1691703)  Source-Line:libMVGigEVisionSDK.so(GigEVisionGVSP.cpp-L0658)  ProcessName:python3.12(154514)     Description:[GVSPThread]GVSPThread End, ThreadId[137578183378624]
Warning 2026-08-19 17:21:05:367  DevID:MV-CU060-10GC(DA1691703)  Source-Line:libMVGigEVisionSDK.so(GigEVisionGVSP.cpp-L0775)  ProcessName:python3.12(154514)     Description:[GVSPResendThreadProc]WaitForSingleEvent(Timer) failed: 0x6e
Info    2026-08-19 17:21:05:367  DevID:MV-CU060-10GC(DA1691703)  Source-Line:libMVGigEVisionSDK.so(GigEVisionGVSP.cpp-L0673)  ProcessName:python3.12(154514)     Description:[GVSPResendThread]GVSPResendThread End, ThreadId[137578174985920]
Info    2026-08-19 17:21:05:367  DevID:MV-CU060-10GC(DA1691703)  Source-Line:libMVGigEVisionSDK.so(StreamChannel.cpp-L1069)  ProcessName:python3.12(154514)     Description:[Stop][0] [Socket Mode] GetCount[5], GetCountSucceed[5], NetReceive[6], ThrowAbnormalImage[0], NetLostFrame[0], ThrowInBufList[0], LostPackets[0]
Info    2026-08-19 17:21:05:367  DevID:MV-CU060-10GC(DA1691703)  Source-Line:libMVGigEVisionSDK.so(GigEVisionManager.cpp-L2238)  ProcessName:python3.12(154514)     Description:[GiGEVision_StopAcquisition][0] Acquisition Stop Success, use 4 ms
Info    2026-08-19 17:21:33:183  DevID:MV-CU060-10GC(DA1691703)  Source-Line:libMVGigEVisionSDK.so(GigEVisionBufferManager.cpp-L0382)  ProcessName:python3.12(154514)     Description:[GigEBufferManager_Init]Main Buffer List'Length is 2, Lock Buffer List's Length is 1
Info    2026-08-19 17:21:33:183  DevID:MV-CU060-10GC(DA1691703)  Source-Line:libMVGigEVisionSDK.so(GigEVisionGVSP.cpp-L0656)  ProcessName:python3.12(154514)     Description:[GVSPThread]GVSPThread Start, ThreadId[137578174985920]
Info    2026-08-19 17:21:33:183  DevID:MV-CU060-10GC(DA1691703)  Source-Line:libMVGigEVisionSDK.so(StreamChannel.cpp-L1787)  ProcessName:python3.12(154514)     Description:[StartProxy][0]Stream proxy start, Socket mode, GvspDstPort[33828], bResendEnable[1], GvspTimeout[300], ResendTimeInterval[10], SCPS[1500], nPayloadSize[6295104], 3DSpecMode[0], CompressMode[0], bSupportAnnounceBuffer[0]
Info    2026-08-19 17:21:33:183  DevID:MV-CU060-10GC(DA1691703)  Source-Line:libMVGigEVisionSDK.so(GigEVisionManager.cpp-L2137)  ProcessName:python3.12(154514)     Description:[GiGEVision_StartAcquisition]m_nPrivilegeMode[1]
Info    2026-08-19 17:21:33:183  DevID:MV-CU060-10GC(DA1691703)  Source-Line:libMVGigEVisionSDK.so(GigEVisionGVSP.cpp-L0690)  ProcessName:python3.12(154514)     Description:[GVSPThreadProc]GvspTimeout[300], ResendEnable[1], ResendTimeInterval[10], ResendRetryTimes[20], ResendTimeout[50], MaxResendPktsNum[4276]
Info    2026-08-19 17:21:33:183  DevID:MV-CU060-10GC(DA1691703)  Source-Line:libMVGigEVisionSDK.so(GigEVisionGVSP.cpp-L0671)  ProcessName:python3.12(154514)     Description:[GVSPResendThread]GVSPResendThread Start, ThreadId[137578183378624]
Info    2026-08-19 17:21:33:185  DevID:MV-CU060-10GC(DA1691703)  Source-Line:libMVGigEVisionSDK.so(GigEVisionManager.cpp-L2164)  ProcessName:python3.12(154514)     Description:[GiGEVision_StartAcquisition][0] [GVCP]GvspSendIP[192.168.1.21], GvspSendPort[33828]
Info    2026-08-19 17:21:33:185  DevID:MV-CU060-10GC(DA1691703)  Source-Line:libMVGigEVisionSDK.so(GigEVisionManager.cpp-L2168)  ProcessName:python3.12(154514)     Description:[GiGEVision_StartAcquisition][0] Acquisition Start Success, use 3 ms
Info    2026-08-19 17:21:33:675  DevID:MV-CU060-10GC(DA1691703)  Source-Line:libMVGigEVisionSDK.so(GigEVisionGVSP.cpp-L0658)  ProcessName:python3.12(154514)     Description:[GVSPThread]GVSPThread End, ThreadId[137578174985920]
Warning 2026-08-19 17:21:33:675  DevID:MV-CU060-10GC(DA1691703)  Source-Line:libMVGigEVisionSDK.so(GigEVisionGVSP.cpp-L0775)  ProcessName:python3.12(154514)     Description:[GVSPResendThreadProc]WaitForSingleEvent(Timer) failed: 0x6e
Info    2026-08-19 17:21:33:675  DevID:MV-CU060-10GC(DA1691703)  Source-Line:libMVGigEVisionSDK.so(GigEVisionGVSP.cpp-L0673)  ProcessName:python3.12(154514)     Description:[GVSPResendThread]GVSPResendThread End, ThreadId[137578183378624]
Info    2026-08-19 17:21:33:675  DevID:MV-CU060-10GC(DA1691703)  Source-Line:libMVGigEVisionSDK.so(StreamChannel.cpp-L1069)  ProcessName:python3.12(154514)     Description:[Stop][0] [Socket Mode] GetCount[5], GetCountSucceed[5], NetReceive[6], ThrowAbnormalImage[0], NetLostFrame[0], ThrowInBufList[0], LostPackets[0]
Info    2026-08-19 17:21:33:675  DevID:MV-CU060-10GC(DA1691703)  Source-Line:libMVGigEVisionSDK.so(GigEVisionManager.cpp-L2238)  ProcessName:python3.12(154514)     Description:[GiGEVision_StopAcquisition][0] Acquisition Stop Success, use 2 ms
Info    2026-08-19 17:21:34:537  DevID:MV-CU060-10GC(DA1691703)  Source-Line:libMVGigEVisionSDK.so(GigEVisionBufferManager.cpp-L0382)  ProcessName:python3.12(154514)     Description:[GigEBufferManager_Init]Main Buffer List'Length is 2, Lock Buffer List's Length is 1
Info    2026-08-19 17:21:34:537  DevID:MV-CU060-10GC(DA1691703)  Source-Line:libMVGigEVisionSDK.so(GigEVisionGVSP.cpp-L0656)  ProcessName:python3.12(154514)     Description:[GVSPThread]GVSPThread Start, ThreadId[137578183378624]
Info    2026-08-19 17:21:34:537  DevID:MV-CU060-10GC(DA1691703)  Source-Line:libMVGigEVisionSDK.so(StreamChannel.cpp-L1787)  ProcessName:python3.12(154514)     Description:[StartProxy][0]Stream proxy start, Socket mode, GvspDstPort[33828], bResendEnable[1], GvspTimeout[300], ResendTimeInterval[10], SCPS[1500], nPayloadSize[6295104], 3DSpecMode[0], CompressMode[0], bSupportAnnounceBuffer[0]
Info    2026-08-19 17:21:34:537  DevID:MV-CU060-10GC(DA1691703)  Source-Line:libMVGigEVisionSDK.so(GigEVisionGVSP.cpp-L0690)  ProcessName:python3.12(154514)     Description:[GVSPThreadProc]GvspTimeout[300], ResendEnable[1], ResendTimeInterval[10], ResendRetryTimes[20], ResendTimeout[50], MaxResendPktsNum[4276]
Info    2026-08-19 17:21:34:537  DevID:MV-CU060-10GC(DA1691703)  Source-Line:libMVGigEVisionSDK.so(GigEVisionManager.cpp-L2137)  ProcessName:python3.12(154514)     Description:[GiGEVision_StartAcquisition]m_nPrivilegeMode[1]
Info    2026-08-19 17:21:34:537  DevID:MV-CU060-10GC(DA1691703)  Source-Line:libMVGigEVisionSDK.so(GigEVisionGVSP.cpp-L0671)  ProcessName:python3.12(154514)     Description:[GVSPResendThread]GVSPResendThread Start, ThreadId[137578174985920]
Info    2026-08-19 17:21:34:539  DevID:MV-CU060-10GC(DA1691703)  Source-Line:libMVGigEVisionSDK.so(GigEVisionManager.cpp-L2164)  ProcessName:python3.12(154514)     Description:[GiGEVision_StartAcquisition][0] [GVCP]GvspSendIP[192.168.1.21], GvspSendPort[33828]
Info    2026-08-19 17:21:34:539  DevID:MV-CU060-10GC(DA1691703)  Source-Line:libMVGigEVisionSDK.so(GigEVisionManager.cpp-L2168)  ProcessName:python3.12(154514)     Description:[GiGEVision_StartAcquisition][0] Acquisition Start Success, use 3 ms
Info    2026-08-19 17:21:35:078  DevID:MV-CU060-10GC(DA1691703)  Source-Line:libMVGigEVisionSDK.so(GigEVisionGVSP.cpp-L0438)  ProcessName:python3.12(154514)     Description:[TrimOutputQueue]TrimOutputQueue ThrowInBufList[1]
Info    2026-08-19 17:21:35:095  DevID:MV-CU060-10GC(DA1691703)  Source-Line:libMVGigEVisionSDK.so(GigEVisionGVSP.cpp-L0658)  ProcessName:python3.12(154514)     Description:[GVSPThread]GVSPThread End, ThreadId[137578183378624]
Warning 2026-08-19 17:21:35:095  DevID:MV-CU060-10GC(DA1691703)  Source-Line:libMVGigEVisionSDK.so(GigEVisionGVSP.cpp-L0775)  ProcessName:python3.12(154514)     Description:[GVSPResendThreadProc]WaitForSingleEvent(Timer) failed: 0x6e
Info    2026-08-19 17:21:35:095  DevID:MV-CU060-10GC(DA1691703)  Source-Line:libMVGigEVisionSDK.so(GigEVisionGVSP.cpp-L0673)  ProcessName:python3.12(154514)     Description:[GVSPResendThread]GVSPResendThread End, ThreadId[137578174985920]
Info    2026-08-19 17:21:35:095  DevID:MV-CU060-10GC(DA1691703)  Source-Line:libMVGigEVisionSDK.so(StreamChannel.cpp-L1069)  ProcessName:python3.12(154514)     Description:[Stop][0] [Socket Mode] GetCount[5], GetCountSucceed[5], NetReceive[7], ThrowAbnormalImage[0], NetLostFrame[0], ThrowInBufList[1], LostPackets[0]
Info    2026-08-19 17:21:35:095  DevID:MV-CU060-10GC(DA1691703)  Source-Line:libMVGigEVisionSDK.so(GigEVisionManager.cpp-L2238)  ProcessName:python3.12(154514)     Description:[GiGEVision_StopAcquisition][0] Acquisition Stop Success, use 2 ms
Info    2026-08-19 17:22:02:226  DevID:MV-CU060-10GC(DA1691703)  Source-Line:libMVGigEVisionSDK.so(GigEVisionBufferManager.cpp-L0382)  ProcessName:python3.12(154514)     Description:[GigEBufferManager_Init]Main Buffer List'Length is 2, Lock Buffer List's Length is 1
Info    2026-08-19 17:22:02:227  DevID:MV-CU060-10GC(DA1691703)  Source-Line:libMVGigEVisionSDK.so(GigEVisionGVSP.cpp-L0656)  ProcessName:python3.12(154514)     Description:[GVSPThread]GVSPThread Start, ThreadId[137578174985920]
Info    2026-08-19 17:22:02:227  DevID:MV-CU060-10GC(DA1691703)  Source-Line:libMVGigEVisionSDK.so(GigEVisionGVSP.cpp-L0671)  ProcessName:python3.12(154514)     Description:[GVSPResendThread]GVSPResendThread Start, ThreadId[137578183378624]
Info    2026-08-19 17:22:02:227  DevID:MV-CU060-10GC(DA1691703)  Source-Line:libMVGigEVisionSDK.so(StreamChannel.cpp-L1787)  ProcessName:python3.12(154514)     Description:[StartProxy][0]Stream proxy start, Socket mode, GvspDstPort[33828], bResendEnable[1], GvspTimeout[300], ResendTimeInterval[10], SCPS[1500], nPayloadSize[6295104], 3DSpecMode[0], CompressMode[0], bSupportAnnounceBuffer[0]
Info    2026-08-19 17:22:02:227  DevID:MV-CU060-10GC(DA1691703)  Source-Line:libMVGigEVisionSDK.so(GigEVisionGVSP.cpp-L0690)  ProcessName:python3.12(154514)     Description:[GVSPThreadProc]GvspTimeout[300], ResendEnable[1], ResendTimeInterval[10], ResendRetryTimes[20], ResendTimeout[50], MaxResendPktsNum[4276]
Info    2026-08-19 17:22:02:227  DevID:MV-CU060-10GC(DA1691703)  Source-Line:libMVGigEVisionSDK.so(GigEVisionManager.cpp-L2137)  ProcessName:python3.12(154514)     Description:[GiGEVision_StartAcquisition]m_nPrivilegeMode[1]
Info    2026-08-19 17:22:02:229  DevID:MV-CU060-10GC(DA1691703)  Source-Line:libMVGigEVisionSDK.so(GigEVisionManager.cpp-L2164)  ProcessName:python3.12(154514)     Description:[GiGEVision_StartAcquisition][0] [GVCP]GvspSendIP[192.168.1.21], GvspSendPort[33828]
Info    2026-08-19 17:22:02:229  DevID:MV-CU060-10GC(DA1691703)  Source-Line:libMVGigEVisionSDK.so(GigEVisionManager.cpp-L2168)  ProcessName:python3.12(154514)     Description:[GiGEVision_StartAcquisition][0] Acquisition Start Success, use 3 ms
Info    2026-08-19 17:22:02:724  DevID:MV-CU060-10GC(DA1691703)  Source-Line:libMVGigEVisionSDK.so(GigEVisionGVSP.cpp-L0673)  ProcessName:python3.12(154514)     Description:[GVSPResendThread]GVSPResendThread End, ThreadId[137578183378624]
Info    2026-08-19 17:22:02:728  DevID:MV-CU060-10GC(DA1691703)  Source-Line:libMVGigEVisionSDK.so(GigEVisionGVSP.cpp-L0658)  ProcessName:python3.12(154514)     Description:[GVSPThread]GVSPThread End, ThreadId[137578174985920]
Info    2026-08-19 17:22:02:729  DevID:MV-CU060-10GC(DA1691703)  Source-Line:libMVGigEVisionSDK.so(StreamChannel.cpp-L1069)  ProcessName:python3.12(154514)     Description:[Stop][0] [Socket Mode] GetCount[5], GetCountSucceed[5], NetReceive[6], ThrowAbnormalImage[0], NetLostFrame[0], ThrowInBufList[0], LostPackets[0]
Info    2026-08-19 17:22:02:729  DevID:MV-CU060-10GC(DA1691703)  Source-Line:libMVGigEVisionSDK.so(GigEVisionManager.cpp-L2238)  ProcessName:python3.12(154514)     Description:[GiGEVision_StopAcquisition][0] Acquisition Stop Success, use 5 ms
Info    2026-08-19 17:22:03:555  DevID:MV-CU060-10GC(DA1691703)  Source-Line:libMVGigEVisionSDK.so(GigEVisionBufferManager.cpp-L0382)  ProcessName:python3.12(154514)     Description:[GigEBufferManager_Init]Main Buffer List'Length is 2, Lock Buffer List's Length is 1
Info    2026-08-19 17:22:03:555  DevID:MV-CU060-10GC(DA1691703)  Source-Line:libMVGigEVisionSDK.so(GigEVisionGVSP.cpp-L0656)  ProcessName:python3.12(154514)     Description:[GVSPThread]GVSPThread Start, ThreadId[137578183378624]
Info    2026-08-19 17:22:03:555  DevID:MV-CU060-10GC(DA1691703)  Source-Line:libMVGigEVisionSDK.so(StreamChannel.cpp-L1787)  ProcessName:python3.12(154514)     Description:[StartProxy][0]Stream proxy start, Socket mode, GvspDstPort[33828], bResendEnable[1], GvspTimeout[300], ResendTimeInterval[10], SCPS[1500], nPayloadSize[6295104], 3DSpecMode[0], CompressMode[0], bSupportAnnounceBuffer[0]
Info    2026-08-19 17:22:03:555  DevID:MV-CU060-10GC(DA1691703)  Source-Line:libMVGigEVisionSDK.so(GigEVisionGVSP.cpp-L0690)  ProcessName:python3.12(154514)     Description:[GVSPThreadProc]GvspTimeout[300], ResendEnable[1], ResendTimeInterval[10], ResendRetryTimes[20], ResendTimeout[50], MaxResendPktsNum[4276]
Info    2026-08-19 17:22:03:556  DevID:MV-CU060-10GC(DA1691703)  Source-Line:libMVGigEVisionSDK.so(GigEVisionGVSP.cpp-L0671)  ProcessName:python3.12(154514)     Description:[GVSPResendThread]GVSPResendThread Start, ThreadId[137578174985920]
Info    2026-08-19 17:22:03:556  DevID:MV-CU060-10GC(DA1691703)  Source-Line:libMVGigEVisionSDK.so(GigEVisionManager.cpp-L2137)  ProcessName:python3.12(154514)     Description:[GiGEVision_StartAcquisition]m_nPrivilegeMode[1]
Info    2026-08-19 17:22:03:558  DevID:MV-CU060-10GC(DA1691703)  Source-Line:libMVGigEVisionSDK.so(GigEVisionManager.cpp-L2164)  ProcessName:python3.12(154514)     Description:[GiGEVision_StartAcquisition][0] [GVCP]GvspSendIP[192.168.1.21], GvspSendPort[33828]
Info    2026-08-19 17:22:03:558  DevID:MV-CU060-10GC(DA1691703)  Source-Line:libMVGigEVisionSDK.so(GigEVisionManager.cpp-L2168)  ProcessName:python3.12(154514)     Description:[GiGEVision_StartAcquisition][0] Acquisition Start Success, use 3 ms
Info    2026-08-19 17:22:04:097  DevID:MV-CU060-10GC(DA1691703)  Source-Line:libMVGigEVisionSDK.so(GigEVisionGVSP.cpp-L0438)  ProcessName:python3.12(154514)     Description:[TrimOutputQueue]TrimOutputQueue ThrowInBufList[1]
Info    2026-08-19 17:22:04:099  DevID:MV-CU060-10GC(DA1691703)  Source-Line:libMVGigEVisionSDK.so(GigEVisionGVSP.cpp-L0673)  ProcessName:python3.12(154514)     Description:[GVSPResendThread]GVSPResendThread End, ThreadId[137578174985920]
Info    2026-08-19 17:22:04:107  DevID:MV-CU060-10GC(DA1691703)  Source-Line:libMVGigEVisionSDK.so(GigEVisionGVSP.cpp-L0658)  ProcessName:python3.12(154514)     Description:[GVSPThread]GVSPThread End, ThreadId[137578183378624]
Info    2026-08-19 17:22:04:107  DevID:MV-CU060-10GC(DA1691703)  Source-Line:libMVGigEVisionSDK.so(StreamChannel.cpp-L1069)  ProcessName:python3.12(154514)     Description:[Stop][0] [Socket Mode] GetCount[5], GetCountSucceed[5], NetReceive[7], ThrowAbnormalImage[0], NetLostFrame[0], ThrowInBufList[1], LostPackets[0]
Info    2026-08-19 17:22:04:107  DevID:MV-CU060-10GC(DA1691703)  Source-Line:libMVGigEVisionSDK.so(GigEVisionManager.cpp-L2238)  ProcessName:python3.12(154514)     Description:[GiGEVision_StopAcquisition][0] Acquisition Stop Success, use 9 ms
Info    2026-08-19 17:22:04:997  DevID:MV-CU060-10GC(DA1691703)  Source-Line:libMVGigEVisionSDK.so(GigEVisionBufferManager.cpp-L0382)  ProcessName:python3.12(154514)     Description:[GigEBufferManager_Init]Main Buffer List'Length is 2, Lock Buffer List's Length is 1
Info    2026-08-19 17:22:04:997  DevID:MV-CU060-10GC(DA1691703)  Source-Line:libMVGigEVisionSDK.so(GigEVisionGVSP.cpp-L0656)  ProcessName:python3.12(154514)     Description:[GVSPThread]GVSPThread Start, ThreadId[137578174985920]
Info    2026-08-19 17:22:04:997  DevID:MV-CU060-10GC(DA1691703)  Source-Line:libMVGigEVisionSDK.so(StreamChannel.cpp-L1787)  ProcessName:python3.12(154514)     Description:[StartProxy][0]Stream proxy start, Socket mode, GvspDstPort[33828], bResendEnable[1], GvspTimeout[300], ResendTimeInterval[10], SCPS[1500], nPayloadSize[6295104], 3DSpecMode[0], CompressMode[0], bSupportAnnounceBuffer[0]
Info    2026-08-19 17:22:04:997  DevID:MV-CU060-10GC(DA1691703)  Source-Line:libMVGigEVisionSDK.so(GigEVisionGVSP.cpp-L0690)  ProcessName:python3.12(154514)     Description:[GVSPThreadProc]GvspTimeout[300], ResendEnable[1], ResendTimeInterval[10], ResendRetryTimes[20], ResendTimeout[50], MaxResendPktsNum[4276]
Info    2026-08-19 17:22:04:998  DevID:MV-CU060-10GC(DA1691703)  Source-Line:libMVGigEVisionSDK.so(GigEVisionGVSP.cpp-L0671)  ProcessName:python3.12(154514)     Description:[GVSPResendThread]GVSPResendThread Start, ThreadId[137578183378624]
Info    2026-08-19 17:22:04:998  DevID:MV-CU060-10GC(DA1691703)  Source-Line:libMVGigEVisionSDK.so(GigEVisionManager.cpp-L2137)  ProcessName:python3.12(154514)     Description:[GiGEVision_StartAcquisition]m_nPrivilegeMode[1]
Info    2026-08-19 17:22:04:000  DevID:MV-CU060-10GC(DA1691703)  Source-Line:libMVGigEVisionSDK.so(GigEVisionManager.cpp-L2164)  ProcessName:python3.12(154514)     Description:[GiGEVision_StartAcquisition][0] [GVCP]GvspSendIP[192.168.1.21], GvspSendPort[33828]
Info    2026-08-19 17:22:04:000  DevID:MV-CU060-10GC(DA1691703)  Source-Line:libMVGigEVisionSDK.so(GigEVisionManager.cpp-L2168)  ProcessName:python3.12(154514)     Description:[GiGEVision_StartAcquisition][0] Acquisition Start Success, use 3 ms
Info    2026-08-19 17:22:05:472  DevID:MV-CU060-10GC(DA1691703)  Source-Line:libMVGigEVisionSDK.so(GigEVisionGVSP.cpp-L0438)  ProcessName:python3.12(154514)     Description:[TrimOutputQueue]TrimOutputQueue ThrowInBufList[1]
Warning 2026-08-19 17:22:05:485  DevID:MV-CU060-10GC(DA1691703)  Source-Line:libMVGigEVisionSDK.so(StreamChannel.cpp-L3070)  ProcessName:python3.12(154514)     Description:[GetImageBuffer][GetImageBuffer]The frame number is not continuous, PreFrameNum[4], CurFrameNum[140720308486150]
Info    2026-08-19 17:22:05:578  DevID:MV-CU060-10GC(DA1691703)  Source-Line:libMVGigEVisionSDK.so(GigEVisionGVSP.cpp-L0658)  ProcessName:python3.12(154514)     Description:[GVSPThread]GVSPThread End, ThreadId[137578174985920]
Warning 2026-08-19 17:22:05:578  DevID:MV-CU060-10GC(DA1691703)  Source-Line:libMVGigEVisionSDK.so(GigEVisionGVSP.cpp-L0775)  ProcessName:python3.12(154514)     Description:[GVSPResendThreadProc]WaitForSingleEvent(Timer) failed: 0x6e
Info    2026-08-19 17:22:05:578  DevID:MV-CU060-10GC(DA1691703)  Source-Line:libMVGigEVisionSDK.so(GigEVisionGVSP.cpp-L0673)  ProcessName:python3.12(154514)     Description:[GVSPResendThread]GVSPResendThread End, ThreadId[137578183378624]
Info    2026-08-19 17:22:05:579  DevID:MV-CU060-10GC(DA1691703)  Source-Line:libMVGigEVisionSDK.so(StreamChannel.cpp-L1069)  ProcessName:python3.12(154514)     Description:[Stop][0] [Socket Mode] GetCount[5], GetCountSucceed[5], NetReceive[7], ThrowAbnormalImage[0], NetLostFrame[0], ThrowInBufList[1], LostPackets[0]
Info    2026-08-19 17:22:05:579  DevID:MV-CU060-10GC(DA1691703)  Source-Line:libMVGigEVisionSDK.so(GigEVisionManager.cpp-L2238)  ProcessName:python3.12(154514)     Description:[GiGEVision_StopAcquisition][0] Acquisition Stop Success, use 5 ms
Info    2026-08-19 18:12:35:799  DevID:MV-CU060-10GC(DA1691703)  Source-Line:libMVGigEVisionSDK.so(StreamChannel.cpp-L3372)  ProcessName:python3.12(154514)     Description:[PrintfCurrentDevIpAndPort][0] TransmissionType[0], GvspSendIP[192.168.1.21], GvspSendPort[33828], GvspDstIP[192.168.1.21], GvspDstPort[33828]
Info    2026-08-19 18:12:35:801  DevID:MV-CU060-10GC(DA1691703)  Source-Line:libMVGigEVisionSDK.so(GigEVisionManager.cpp-L1602)  ProcessName:python3.12(154514)     Description:[GiGEVision_DisConnectDevice]Disconnect device
Info    2026-08-19 18:12:35:801  DevID:MV-CU060-10GC(DA1691703)  Source-Line:libMVGigEVisionSDK.so(StreamChannel.cpp-L3372)  ProcessName:python3.12(154514)     Description:[PrintfCurrentDevIpAndPort][0] TransmissionType[0], GvspSendIP[192.168.1.21], GvspSendPort[33828], GvspDstIP[192.168.1.21], GvspDstPort[33828]
Info    2026-08-19 18:12:35:801  DevID:MV-CU060-10GC(DA1691703)  Source-Line:libMVGigEVisionSDK.so(StreamChannel.cpp-L0580)  ProcessName:python3.12(154514)     Description:[StreamInterEventThread]GigE StreamInterEventThread End, ThreadId[1774167744]
Info    2026-08-19 18:12:35:904  DevID:MV-CU060-10GC(DA1691703)  Source-Line:libMVGigEVisionSDK.so(GigEVisionMsgChannel.cpp-L0592)  ProcessName:python3.12(154514)     Description:[EventThreadProc]GigEVision EventThreadProc End get  nAllEventNumber [0]
Info    2026-08-19 18:12:35:905  DevID:MV-CU060-10GC(DA1691703)  Source-Line:libMVGigEVisionSDK.so(GigEVisionMsgChannel.cpp-L0283)  ProcessName:python3.12(154514)     Description:[EventThread]GigE EventThread End, ThreadId[137578648946368]
Info    2026-08-19 18:12:35:906  DevID:MV-CU060-10GC(DA1691703)  Source-Line:libMVGigEVisionSDK.so(GigEVisionGVCP.cpp-L0053)  ProcessName:python3.12(154514)     Description:[GVCP_KeepAliveProc]GVCP HeartBeatThread End, ThreadId[137578657339072]
Info    2026-08-20 10:17:33:122  DevID:MV-CU060-10GC(DA1691703)  Source-Line:libMVGigEVisionSDK.so(GigEVisionManager.cpp-L0271)  ProcessName:python3.12(14657)     Description:[Init]Current dynamic library path[/opt/MVS/lib/64/libMVGigEVisionSDK.so]
Warning 2026-08-20 10:17:33:123  DevID:MV-CU060-10GC(DA1691703)  Source-Line:libMVGigEVisionSDK.so(GigEVisionManager.cpp-L0369)  ProcessName:python3.12(14657)     Description:[Init]Driver  Version Match failed, Socket mode start! DriverInstalled[0x80000006], DriverVersion[0x0]
Info    2026-08-20 10:17:33:123  DevID:MV-CU060-10GC(DA1691703)  Source-Line:libMVGigEVisionSDK.so(GigEVisionManager.cpp-L1588)  ProcessName:python3.12(14657)     Description:[GiGEVision_SetNetModule]Connecting device, GvspDstIP[192.168.1.21], GvspDstPort[42797], DeviceIP[192.168.1.20]
Info    2026-08-20 10:17:33:125  DevID:MV-CU060-10GC(DA1691703)  Source-Line:libMVGigEVisionSDK.so(GigEVisionManager.cpp-L3997)  ProcessName:python3.12(14657)     Description:[InitStreamModule]Stream Channel Num: 1
Info    2026-08-20 10:17:33:126  DevID:MV-CU060-10GC(DA1691703)  Source-Line:libMVGigEVisionSDK.so(GigEVisionManager.cpp-L4021)  ProcessName:python3.12(14657)     Description:[InitStreamModule]Stream Moudle Get All Stream Capability.
Info    2026-08-20 10:17:33:126  DevID:MV-CU060-10GC(DA1691703)  Source-Line:libMVGigEVisionSDK.so(GigEVisionManager.cpp-L4024)  ProcessName:python3.12(14657)     Description:[InitStreamModule]Stream 0 Capability: 0x0
Info    2026-08-20 10:17:33:126  DevID:MV-CU060-10GC(DA1691703)  Source-Line:libMVGigEVisionSDK.so(StreamChannel.cpp-L3372)  ProcessName:python3.12(14657)     Description:[PrintfCurrentDevIpAndPort][0] TransmissionType[0], GvspSendIP[192.168.1.21], GvspSendPort[60306], GvspDstIP[192.168.1.21], GvspDstPort[60306]
Info    2026-08-20 10:17:33:135  DevID:MV-CU060-10GC(DA1691703)  Source-Line:libMVGigEVisionSDK.so(GigEVisionMsgChannel.cpp-L0281)  ProcessName:python3.12(14657)     Description:[EventThread]GigE EventThread Start, ThreadId[129416214603456]
Info    2026-08-20 10:17:33:135  DevID:MV-CU060-10GC(DA1691703)  Source-Line:libMVGigEVisionSDK.so(GigEVisionMsgChannel.cpp-L0321)  ProcessName:python3.12(14657)     Description:[EventThreadProc]GigEVision EventThreadProc Begin .
Info    2026-08-20 10:17:33:136  DevID:MV-CU060-10GC(DA1691703)  Source-Line:libMVGigEVisionSDK.so(GigEVisionGVCP.cpp-L0051)  ProcessName:python3.12(14657)     Description:[GVCP_KeepAliveProc]GVCP HeartBeatThread Start, ThreadId[129416222996160]
Info    2026-08-20 10:21:36:944  DevID:MV-CU060-10GC(DA1691703)  Source-Line:libMVGigEVisionSDK.so(StreamChannel.cpp-L1558)  ProcessName:python3.12(14657)     Description:[StartProxy]Set ImageNodeNum [1]  GrabStrategy [0] success!
Info    2026-08-20 10:21:36:944  DevID:MV-CU060-10GC(DA1691703)  Source-Line:libMVGigEVisionSDK.so(StreamChannel.cpp-L1581)  ProcessName:python3.12(14657)     Description:[StartProxy]Backup Node Size[6295104]
Info    2026-08-20 10:21:36:944  DevID:MV-CU060-10GC(DA1691703)  Source-Line:libMVGigEVisionSDK.so(GigEVisionBufferManager.cpp-L0382)  ProcessName:python3.12(14657)     Description:[GigEBufferManager_Init]Main Buffer List'Length is 2, Lock Buffer List's Length is 1
Info    2026-08-20 10:21:36:944  DevID:MV-CU060-10GC(DA1691703)  Source-Line:libMVGigEVisionSDK.so(GigEVisionGVSP.cpp-L0656)  ProcessName:python3.12(14657)     Description:[GVSPThread]GVSPThread Start, ThreadId[4294964928]
Info    2026-08-20 10:21:36:944  DevID:MV-CU060-10GC(DA1691703)  Source-Line:libMVGigEVisionSDK.so(GigEVisionGVSP.cpp-L0690)  ProcessName:python3.12(14657)     Description:[GVSPThreadProc]GvspTimeout[300], ResendEnable[1], ResendTimeInterval[10], ResendRetryTimes[20], ResendTimeout[50], MaxResendPktsNum[4276]
Info    2026-08-20 10:21:36:945  DevID:MV-CU060-10GC(DA1691703)  Source-Line:libMVGigEVisionSDK.so(StreamChannel.cpp-L1787)  ProcessName:python3.12(14657)     Description:[StartProxy][0]Stream proxy start, Socket mode, GvspDstPort[60306], bResendEnable[1], GvspTimeout[300], ResendTimeInterval[10], SCPS[1500], nPayloadSize[6295104], 3DSpecMode[0], CompressMode[0], bSupportAnnounceBuffer[0]
Info    2026-08-20 10:21:36:945  DevID:MV-CU060-10GC(DA1691703)  Source-Line:libMVGigEVisionSDK.so(GigEVisionManager.cpp-L2137)  ProcessName:python3.12(14657)     Description:[GiGEVision_StartAcquisition]m_nPrivilegeMode[1]
Info    2026-08-20 10:21:36:945  DevID:MV-CU060-10GC(DA1691703)  Source-Line:libMVGigEVisionSDK.so(GigEVisionGVSP.cpp-L0671)  ProcessName:python3.12(14657)     Description:[GVSPResendThread]GVSPResendThread Start, ThreadId[4286572224]
Info    2026-08-20 10:21:36:945  DevID:MV-CU060-10GC(DA1691703)  Source-Line:libMVGigEVisionSDK.so(StreamChannel.cpp-L0578)  ProcessName:python3.12(14657)     Description:[StreamInterEventThread]GigE StreamInterEventThread Start, ThreadId[4278179520]
Info    2026-08-20 10:21:36:947  DevID:MV-CU060-10GC(DA1691703)  Source-Line:libMVGigEVisionSDK.so(GigEVisionManager.cpp-L2164)  ProcessName:python3.12(14657)     Description:[GiGEVision_StartAcquisition][0] [GVCP]GvspSendIP[192.168.1.21], GvspSendPort[60306]
Info    2026-08-20 10:21:36:947  DevID:MV-CU060-10GC(DA1691703)  Source-Line:libMVGigEVisionSDK.so(GigEVisionManager.cpp-L2168)  ProcessName:python3.12(14657)     Description:[GiGEVision_StartAcquisition][0] Acquisition Start Success, use 7 ms
Info    2026-08-20 10:21:37:403  DevID:MV-CU060-10GC(DA1691703)  Source-Line:libMVGigEVisionSDK.so(GigEVisionGVSP.cpp-L0658)  ProcessName:python3.12(14657)     Description:[GVSPThread]GVSPThread End, ThreadId[4294964928]
Warning 2026-08-20 10:21:37:403  DevID:MV-CU060-10GC(DA1691703)  Source-Line:libMVGigEVisionSDK.so(GigEVisionGVSP.cpp-L0775)  ProcessName:python3.12(14657)     Description:[GVSPResendThreadProc]WaitForSingleEvent(Timer) failed: 0x6e
Info    2026-08-20 10:21:37:403  DevID:MV-CU060-10GC(DA1691703)  Source-Line:libMVGigEVisionSDK.so(GigEVisionGVSP.cpp-L0673)  ProcessName:python3.12(14657)     Description:[GVSPResendThread]GVSPResendThread End, ThreadId[4286572224]
Info    2026-08-20 10:21:37:403  DevID:MV-CU060-10GC(DA1691703)  Source-Line:libMVGigEVisionSDK.so(StreamChannel.cpp-L1069)  ProcessName:python3.12(14657)     Description:[Stop][0] [Socket Mode] GetCount[5], GetCountSucceed[5], NetReceive[5], ThrowAbnormalImage[0], NetLostFrame[0], ThrowInBufList[0], LostPackets[0]
Info    2026-08-20 10:21:37:403  DevID:MV-CU060-10GC(DA1691703)  Source-Line:libMVGigEVisionSDK.so(GigEVisionManager.cpp-L2238)  ProcessName:python3.12(14657)     Description:[GiGEVision_StopAcquisition][0] Acquisition Stop Success, use 4 ms
Info    2026-08-20 10:22:25:232  DevID:MV-CU060-10GC(DA1691703)  Source-Line:libMVGigEVisionSDK.so(GigEVisionBufferManager.cpp-L0382)  ProcessName:python3.12(14657)     Description:[GigEBufferManager_Init]Main Buffer List'Length is 2, Lock Buffer List's Length is 1
Info    2026-08-20 10:22:25:232  DevID:MV-CU060-10GC(DA1691703)  Source-Line:libMVGigEVisionSDK.so(GigEVisionGVSP.cpp-L0656)  ProcessName:python3.12(14657)     Description:[GVSPThread]GVSPThread Start, ThreadId[129415946168000]
Info    2026-08-20 10:22:25:232  DevID:MV-CU060-10GC(DA1691703)  Source-Line:libMVGigEVisionSDK.so(GigEVisionGVSP.cpp-L0690)  ProcessName:python3.12(14657)     Description:[GVSPThreadProc]GvspTimeout[300], ResendEnable[1], ResendTimeInterval[10], ResendRetryTimes[20], ResendTimeout[50], MaxResendPktsNum[4276]
Info    2026-08-20 10:22:25:232  DevID:MV-CU060-10GC(DA1691703)  Source-Line:libMVGigEVisionSDK.so(GigEVisionGVSP.cpp-L0671)  ProcessName:python3.12(14657)     Description:[GVSPResendThread]GVSPResendThread Start, ThreadId[129415954560704]
Info    2026-08-20 10:22:25:232  DevID:MV-CU060-10GC(DA1691703)  Source-Line:libMVGigEVisionSDK.so(StreamChannel.cpp-L1787)  ProcessName:python3.12(14657)     Description:[StartProxy][0]Stream proxy start, Socket mode, GvspDstPort[60306], bResendEnable[1], GvspTimeout[300], ResendTimeInterval[10], SCPS[1500], nPayloadSize[6295104], 3DSpecMode[0], CompressMode[0], bSupportAnnounceBuffer[0]
Info    2026-08-20 10:22:25:232  DevID:MV-CU060-10GC(DA1691703)  Source-Line:libMVGigEVisionSDK.so(GigEVisionManager.cpp-L2137)  ProcessName:python3.12(14657)     Description:[GiGEVision_StartAcquisition]m_nPrivilegeMode[1]
Info    2026-08-20 10:22:25:234  DevID:MV-CU060-10GC(DA1691703)  Source-Line:libMVGigEVisionSDK.so(GigEVisionManager.cpp-L2164)  ProcessName:python3.12(14657)     Description:[GiGEVision_StartAcquisition][0] [GVCP]GvspSendIP[192.168.1.21], GvspSendPort[60306]
Info    2026-08-20 10:22:25:234  DevID:MV-CU060-10GC(DA1691703)  Source-Line:libMVGigEVisionSDK.so(GigEVisionManager.cpp-L2168)  ProcessName:python3.12(14657)     Description:[GiGEVision_StartAcquisition][0] Acquisition Start Success, use 4 ms
Info    2026-08-20 10:22:25:740  DevID:MV-CU060-10GC(DA1691703)  Source-Line:libMVGigEVisionSDK.so(GigEVisionGVSP.cpp-L0673)  ProcessName:python3.12(14657)     Description:[GVSPResendThread]GVSPResendThread End, ThreadId[129415954560704]
Info    2026-08-20 10:22:25:741  DevID:MV-CU060-10GC(DA1691703)  Source-Line:libMVGigEVisionSDK.so(GigEVisionGVSP.cpp-L0658)  ProcessName:python3.12(14657)     Description:[GVSPThread]GVSPThread End, ThreadId[129415946168000]
Info    2026-08-20 10:22:25:741  DevID:MV-CU060-10GC(DA1691703)  Source-Line:libMVGigEVisionSDK.so(StreamChannel.cpp-L1069)  ProcessName:python3.12(14657)     Description:[Stop][0] [Socket Mode] GetCount[5], GetCountSucceed[5], NetReceive[6], ThrowAbnormalImage[0], NetLostFrame[0], ThrowInBufList[0], LostPackets[0]
Info    2026-08-20 10:22:25:741  DevID:MV-CU060-10GC(DA1691703)  Source-Line:libMVGigEVisionSDK.so(GigEVisionManager.cpp-L2238)  ProcessName:python3.12(14657)     Description:[GiGEVision_StopAcquisition][0] Acquisition Stop Success, use 8 ms
Info    2026-08-20 10:23:20:644  DevID:MV-CU060-10GC(DA1691703)  Source-Line:libMVGigEVisionSDK.so(GigEVisionBufferManager.cpp-L0382)  ProcessName:python3.12(14657)     Description:[GigEBufferManager_Init]Main Buffer List'Length is 2, Lock Buffer List's Length is 1
Info    2026-08-20 10:23:20:644  DevID:MV-CU060-10GC(DA1691703)  Source-Line:libMVGigEVisionSDK.so(GigEVisionGVSP.cpp-L0656)  ProcessName:python3.12(14657)     Description:[GVSPThread]GVSPThread Start, ThreadId[129415954560704]
Info    2026-08-20 10:23:20:644  DevID:MV-CU060-10GC(DA1691703)  Source-Line:libMVGigEVisionSDK.so(GigEVisionGVSP.cpp-L0690)  ProcessName:python3.12(14657)     Description:[GVSPThreadProc]GvspTimeout[300], ResendEnable[1], ResendTimeInterval[10], ResendRetryTimes[20], ResendTimeout[50], MaxResendPktsNum[4276]
Info    2026-08-20 10:23:20:644  DevID:MV-CU060-10GC(DA1691703)  Source-Line:libMVGigEVisionSDK.so(GigEVisionGVSP.cpp-L0671)  ProcessName:python3.12(14657)     Description:[GVSPResendThread]GVSPResendThread Start, ThreadId[129415946168000]
Info    2026-08-20 10:23:20:644  DevID:MV-CU060-10GC(DA1691703)  Source-Line:libMVGigEVisionSDK.so(StreamChannel.cpp-L1787)  ProcessName:python3.12(14657)     Description:[StartProxy][0]Stream proxy start, Socket mode, GvspDstPort[60306], bResendEnable[1], GvspTimeout[300], ResendTimeInterval[10], SCPS[1500], nPayloadSize[6295104], 3DSpecMode[0], CompressMode[0], bSupportAnnounceBuffer[0]
Info    2026-08-20 10:23:20:644  DevID:MV-CU060-10GC(DA1691703)  Source-Line:libMVGigEVisionSDK.so(GigEVisionManager.cpp-L2137)  ProcessName:python3.12(14657)     Description:[GiGEVision_StartAcquisition]m_nPrivilegeMode[1]
Info    2026-08-20 10:23:20:646  DevID:MV-CU060-10GC(DA1691703)  Source-Line:libMVGigEVisionSDK.so(GigEVisionManager.cpp-L2164)  ProcessName:python3.12(14657)     Description:[GiGEVision_StartAcquisition][0] [GVCP]GvspSendIP[192.168.1.21], GvspSendPort[60306]
Info    2026-08-20 10:23:20:646  DevID:MV-CU060-10GC(DA1691703)  Source-Line:libMVGigEVisionSDK.so(GigEVisionManager.cpp-L2168)  ProcessName:python3.12(14657)     Description:[GiGEVision_StartAcquisition][0] Acquisition Start Success, use 3 ms
Info    2026-08-20 10:23:21:097  DevID:MV-CU060-10GC(DA1691703)  Source-Line:libMVGigEVisionSDK.so(GigEVisionGVSP.cpp-L0658)  ProcessName:python3.12(14657)     Description:[GVSPThread]GVSPThread End, ThreadId[129415954560704]
Warning 2026-08-20 10:23:21:097  DevID:MV-CU060-10GC(DA1691703)  Source-Line:libMVGigEVisionSDK.so(GigEVisionGVSP.cpp-L0775)  ProcessName:python3.12(14657)     Description:[GVSPResendThreadProc]WaitForSingleEvent(Timer) failed: 0x6e
Info    2026-08-20 10:23:21:097  DevID:MV-CU060-10GC(DA1691703)  Source-Line:libMVGigEVisionSDK.so(GigEVisionGVSP.cpp-L0673)  ProcessName:python3.12(14657)     Description:[GVSPResendThread]GVSPResendThread End, ThreadId[129415946168000]
Info    2026-08-20 10:23:21:097  DevID:MV-CU060-10GC(DA1691703)  Source-Line:libMVGigEVisionSDK.so(StreamChannel.cpp-L1069)  ProcessName:python3.12(14657)     Description:[Stop][0] [Socket Mode] GetCount[5], GetCountSucceed[5], NetReceive[5], ThrowAbnormalImage[0], NetLostFrame[0], ThrowInBufList[0], LostPackets[0]
Info    2026-08-20 10:23:21:097  DevID:MV-CU060-10GC(DA1691703)  Source-Line:libMVGigEVisionSDK.so(GigEVisionManager.cpp-L2238)  ProcessName:python3.12(14657)     Description:[GiGEVision_StopAcquisition][0] Acquisition Stop Success, use 1 ms
Info    2026-08-20 10:25:10:034  DevID:MV-CU060-10GC(DA1691703)  Source-Line:libMVGigEVisionSDK.so(GigEVisionBufferManager.cpp-L0382)  ProcessName:python3.12(14657)     Description:[GigEBufferManager_Init]Main Buffer List'Length is 2, Lock Buffer List's Length is 1
Info    2026-08-20 10:25:10:034  DevID:MV-CU060-10GC(DA1691703)  Source-Line:libMVGigEVisionSDK.so(GigEVisionGVSP.cpp-L0656)  ProcessName:python3.12(14657)     Description:[GVSPThread]GVSPThread Start, ThreadId[129415946168000]
Info    2026-08-20 10:25:10:034  DevID:MV-CU060-10GC(DA1691703)  Source-Line:libMVGigEVisionSDK.so(GigEVisionGVSP.cpp-L0690)  ProcessName:python3.12(14657)     Description:[GVSPThreadProc]GvspTimeout[300], ResendEnable[1], ResendTimeInterval[10], ResendRetryTimes[20], ResendTimeout[50], MaxResendPktsNum[4276]
Info    2026-08-20 10:25:10:034  DevID:MV-CU060-10GC(DA1691703)  Source-Line:libMVGigEVisionSDK.so(GigEVisionGVSP.cpp-L0671)  ProcessName:python3.12(14657)     Description:[GVSPResendThread]GVSPResendThread Start, ThreadId[129415954560704]
Info    2026-08-20 10:25:10:034  DevID:MV-CU060-10GC(DA1691703)  Source-Line:libMVGigEVisionSDK.so(StreamChannel.cpp-L1787)  ProcessName:python3.12(14657)     Description:[StartProxy][0]Stream proxy start, Socket mode, GvspDstPort[60306], bResendEnable[1], GvspTimeout[300], ResendTimeInterval[10], SCPS[1500], nPayloadSize[6295104], 3DSpecMode[0], CompressMode[0], bSupportAnnounceBuffer[0]
Info    2026-08-20 10:25:10:034  DevID:MV-CU060-10GC(DA1691703)  Source-Line:libMVGigEVisionSDK.so(GigEVisionManager.cpp-L2137)  ProcessName:python3.12(14657)     Description:[GiGEVision_StartAcquisition]m_nPrivilegeMode[1]
Info    2026-08-20 10:25:10:036  DevID:MV-CU060-10GC(DA1691703)  Source-Line:libMVGigEVisionSDK.so(GigEVisionManager.cpp-L2164)  ProcessName:python3.12(14657)     Description:[GiGEVision_StartAcquisition][0] [GVCP]GvspSendIP[192.168.1.21], GvspSendPort[60306]
Info    2026-08-20 10:25:10:036  DevID:MV-CU060-10GC(DA1691703)  Source-Line:libMVGigEVisionSDK.so(GigEVisionManager.cpp-L2168)  ProcessName:python3.12(14657)     Description:[GiGEVision_StartAcquisition][0] Acquisition Start Success, use 3 ms
Info    2026-08-20 10:25:10:552  DevID:MV-CU060-10GC(DA1691703)  Source-Line:libMVGigEVisionSDK.so(GigEVisionGVSP.cpp-L0658)  ProcessName:python3.12(14657)     Description:[GVSPThread]GVSPThread End, ThreadId[129415946168000]
Warning 2026-08-20 10:25:10:552  DevID:MV-CU060-10GC(DA1691703)  Source-Line:libMVGigEVisionSDK.so(GigEVisionGVSP.cpp-L0775)  ProcessName:python3.12(14657)     Description:[GVSPResendThreadProc]WaitForSingleEvent(Timer) failed: 0x6e
Info    2026-08-20 10:25:10:552  DevID:MV-CU060-10GC(DA1691703)  Source-Line:libMVGigEVisionSDK.so(GigEVisionGVSP.cpp-L0673)  ProcessName:python3.12(14657)     Description:[GVSPResendThread]GVSPResendThread End, ThreadId[129415954560704]
Info    2026-08-20 10:25:10:552  DevID:MV-CU060-10GC(DA1691703)  Source-Line:libMVGigEVisionSDK.so(StreamChannel.cpp-L1069)  ProcessName:python3.12(14657)     Description:[Stop][0] [Socket Mode] GetCount[5], GetCountSucceed[5], NetReceive[6], ThrowAbnormalImage[0], NetLostFrame[0], ThrowInBufList[0], LostPackets[0]
Info    2026-08-20 10:25:10:552  DevID:MV-CU060-10GC(DA1691703)  Source-Line:libMVGigEVisionSDK.so(GigEVisionManager.cpp-L2238)  ProcessName:python3.12(14657)     Description:[GiGEVision_StopAcquisition][0] Acquisition Stop Success, use 2 ms
Info    2026-08-20 10:25:39:045  DevID:MV-CU060-10GC(DA1691703)  Source-Line:libMVGigEVisionSDK.so(GigEVisionBufferManager.cpp-L0382)  ProcessName:python3.12(14657)     Description:[GigEBufferManager_Init]Main Buffer List'Length is 2, Lock Buffer List's Length is 1
Info    2026-08-20 10:25:39:045  DevID:MV-CU060-10GC(DA1691703)  Source-Line:libMVGigEVisionSDK.so(GigEVisionGVSP.cpp-L0656)  ProcessName:python3.12(14657)     Description:[GVSPThread]GVSPThread Start, ThreadId[129415954560704]
Info    2026-08-20 10:25:39:045  DevID:MV-CU060-10GC(DA1691703)  Source-Line:libMVGigEVisionSDK.so(StreamChannel.cpp-L1787)  ProcessName:python3.12(14657)     Description:[StartProxy][0]Stream proxy start, Socket mode, GvspDstPort[60306], bResendEnable[1], GvspTimeout[300], ResendTimeInterval[10], SCPS[1500], nPayloadSize[6295104], 3DSpecMode[0], CompressMode[0], bSupportAnnounceBuffer[0]
Info    2026-08-20 10:25:39:045  DevID:MV-CU060-10GC(DA1691703)  Source-Line:libMVGigEVisionSDK.so(GigEVisionGVSP.cpp-L0690)  ProcessName:python3.12(14657)     Description:[GVSPThreadProc]GvspTimeout[300], ResendEnable[1], ResendTimeInterval[10], ResendRetryTimes[20], ResendTimeout[50], MaxResendPktsNum[4276]
Info    2026-08-20 10:25:39:045  DevID:MV-CU060-10GC(DA1691703)  Source-Line:libMVGigEVisionSDK.so(GigEVisionGVSP.cpp-L0671)  ProcessName:python3.12(14657)     Description:[GVSPResendThread]GVSPResendThread Start, ThreadId[129415946168000]
Info    2026-08-20 10:25:39:045  DevID:MV-CU060-10GC(DA1691703)  Source-Line:libMVGigEVisionSDK.so(GigEVisionManager.cpp-L2137)  ProcessName:python3.12(14657)     Description:[GiGEVision_StartAcquisition]m_nPrivilegeMode[1]
Info    2026-08-20 10:25:39:047  DevID:MV-CU060-10GC(DA1691703)  Source-Line:libMVGigEVisionSDK.so(GigEVisionManager.cpp-L2164)  ProcessName:python3.12(14657)     Description:[GiGEVision_StartAcquisition][0] [GVCP]GvspSendIP[192.168.1.21], GvspSendPort[60306]
Info    2026-08-20 10:25:39:047  DevID:MV-CU060-10GC(DA1691703)  Source-Line:libMVGigEVisionSDK.so(GigEVisionManager.cpp-L2168)  ProcessName:python3.12(14657)     Description:[GiGEVision_StartAcquisition][0] Acquisition Start Success, use 4 ms
Info    2026-08-20 10:25:39:567  DevID:MV-CU060-10GC(DA1691703)  Source-Line:libMVGigEVisionSDK.so(GigEVisionGVSP.cpp-L0658)  ProcessName:python3.12(14657)     Description:[GVSPThread]GVSPThread End, ThreadId[129415954560704]
Warning 2026-08-20 10:25:39:567  DevID:MV-CU060-10GC(DA1691703)  Source-Line:libMVGigEVisionSDK.so(GigEVisionGVSP.cpp-L0775)  ProcessName:python3.12(14657)     Description:[GVSPResendThreadProc]WaitForSingleEvent(Timer) failed: 0x6e
Info    2026-08-20 10:25:39:567  DevID:MV-CU060-10GC(DA1691703)  Source-Line:libMVGigEVisionSDK.so(GigEVisionGVSP.cpp-L0673)  ProcessName:python3.12(14657)     Description:[GVSPResendThread]GVSPResendThread End, ThreadId[129415946168000]
Info    2026-08-20 10:25:39:567  DevID:MV-CU060-10GC(DA1691703)  Source-Line:libMVGigEVisionSDK.so(StreamChannel.cpp-L1069)  ProcessName:python3.12(14657)     Description:[Stop][0] [Socket Mode] GetCount[5], GetCountSucceed[5], NetReceive[6], ThrowAbnormalImage[0], NetLostFrame[0], ThrowInBufList[0], LostPackets[0]
Info    2026-08-20 10:25:39:567  DevID:MV-CU060-10GC(DA1691703)  Source-Line:libMVGigEVisionSDK.so(GigEVisionManager.cpp-L2238)  ProcessName:python3.12(14657)     Description:[GiGEVision_StopAcquisition][0] Acquisition Stop Success, use 5 ms
Info    2026-08-20 10:26:05:107  DevID:MV-CU060-10GC(DA1691703)  Source-Line:libMVGigEVisionSDK.so(GigEVisionBufferManager.cpp-L0382)  ProcessName:python3.12(14657)     Description:[GigEBufferManager_Init]Main Buffer List'Length is 2, Lock Buffer List's Length is 1
Info    2026-08-20 10:26:05:107  DevID:MV-CU060-10GC(DA1691703)  Source-Line:libMVGigEVisionSDK.so(GigEVisionGVSP.cpp-L0656)  ProcessName:python3.12(14657)     Description:[GVSPThread]GVSPThread Start, ThreadId[129415946168000]
Info    2026-08-20 10:26:05:107  DevID:MV-CU060-10GC(DA1691703)  Source-Line:libMVGigEVisionSDK.so(StreamChannel.cpp-L1787)  ProcessName:python3.12(14657)     Description:[StartProxy][0]Stream proxy start, Socket mode, GvspDstPort[60306], bResendEnable[1], GvspTimeout[300], ResendTimeInterval[10], SCPS[1500], nPayloadSize[6295104], 3DSpecMode[0], CompressMode[0], bSupportAnnounceBuffer[0]
Info    2026-08-20 10:26:05:107  DevID:MV-CU060-10GC(DA1691703)  Source-Line:libMVGigEVisionSDK.so(GigEVisionGVSP.cpp-L0671)  ProcessName:python3.12(14657)     Description:[GVSPResendThread]GVSPResendThread Start, ThreadId[129415954560704]
Info    2026-08-20 10:26:05:107  DevID:MV-CU060-10GC(DA1691703)  Source-Line:libMVGigEVisionSDK.so(GigEVisionGVSP.cpp-L0690)  ProcessName:python3.12(14657)     Description:[GVSPThreadProc]GvspTimeout[300], ResendEnable[1], ResendTimeInterval[10], ResendRetryTimes[20], ResendTimeout[50], MaxResendPktsNum[4276]
Info    2026-08-20 10:26:05:107  DevID:MV-CU060-10GC(DA1691703)  Source-Line:libMVGigEVisionSDK.so(GigEVisionManager.cpp-L2137)  ProcessName:python3.12(14657)     Description:[GiGEVision_StartAcquisition]m_nPrivilegeMode[1]
Info    2026-08-20 10:26:05:109  DevID:MV-CU060-10GC(DA1691703)  Source-Line:libMVGigEVisionSDK.so(GigEVisionManager.cpp-L2164)  ProcessName:python3.12(14657)     Description:[GiGEVision_StartAcquisition][0] [GVCP]GvspSendIP[192.168.1.21], GvspSendPort[60306]
Info    2026-08-20 10:26:05:109  DevID:MV-CU060-10GC(DA1691703)  Source-Line:libMVGigEVisionSDK.so(GigEVisionManager.cpp-L2168)  ProcessName:python3.12(14657)     Description:[GiGEVision_StartAcquisition][0] Acquisition Start Success, use 3 ms
Info    2026-08-20 10:26:05:557  DevID:MV-CU060-10GC(DA1691703)  Source-Line:libMVGigEVisionSDK.so(GigEVisionGVSP.cpp-L0658)  ProcessName:python3.12(14657)     Description:[GVSPThread]GVSPThread End, ThreadId[129415946168000]
Warning 2026-08-20 10:26:05:557  DevID:MV-CU060-10GC(DA1691703)  Source-Line:libMVGigEVisionSDK.so(GigEVisionGVSP.cpp-L0775)  ProcessName:python3.12(14657)     Description:[GVSPResendThreadProc]WaitForSingleEvent(Timer) failed: 0x6e
Info    2026-08-20 10:26:05:557  DevID:MV-CU060-10GC(DA1691703)  Source-Line:libMVGigEVisionSDK.so(GigEVisionGVSP.cpp-L0673)  ProcessName:python3.12(14657)     Description:[GVSPResendThread]GVSPResendThread End, ThreadId[129415954560704]
Info    2026-08-20 10:26:05:557  DevID:MV-CU060-10GC(DA1691703)  Source-Line:libMVGigEVisionSDK.so(StreamChannel.cpp-L1069)  ProcessName:python3.12(14657)     Description:[Stop][0] [Socket Mode] GetCount[5], GetCountSucceed[5], NetReceive[5], ThrowAbnormalImage[0], NetLostFrame[0], ThrowInBufList[0], LostPackets[0]
Info    2026-08-20 10:26:05:557  DevID:MV-CU060-10GC(DA1691703)  Source-Line:libMVGigEVisionSDK.so(GigEVisionManager.cpp-L2238)  ProcessName:python3.12(14657)     Description:[GiGEVision_StopAcquisition][0] Acquisition Stop Success, use 5 ms
Info    2026-08-20 10:26:33:412  DevID:MV-CU060-10GC(DA1691703)  Source-Line:libMVGigEVisionSDK.so(GigEVisionBufferManager.cpp-L0382)  ProcessName:python3.12(14657)     Description:[GigEBufferManager_Init]Main Buffer List'Length is 2, Lock Buffer List's Length is 1
Info    2026-08-20 10:26:33:412  DevID:MV-CU060-10GC(DA1691703)  Source-Line:libMVGigEVisionSDK.so(GigEVisionGVSP.cpp-L0656)  ProcessName:python3.12(14657)     Description:[GVSPThread]GVSPThread Start, ThreadId[129415954560704]
Info    2026-08-20 10:26:33:412  DevID:MV-CU060-10GC(DA1691703)  Source-Line:libMVGigEVisionSDK.so(StreamChannel.cpp-L1787)  ProcessName:python3.12(14657)     Description:[StartProxy][0]Stream proxy start, Socket mode, GvspDstPort[60306], bResendEnable[1], GvspTimeout[300], ResendTimeInterval[10], SCPS[1500], nPayloadSize[6295104], 3DSpecMode[0], CompressMode[0], bSupportAnnounceBuffer[0]
Info    2026-08-20 10:26:33:412  DevID:MV-CU060-10GC(DA1691703)  Source-Line:libMVGigEVisionSDK.so(GigEVisionGVSP.cpp-L0671)  ProcessName:python3.12(14657)     Description:[GVSPResendThread]GVSPResendThread Start, ThreadId[129415946168000]
Info    2026-08-20 10:26:33:412  DevID:MV-CU060-10GC(DA1691703)  Source-Line:libMVGigEVisionSDK.so(GigEVisionGVSP.cpp-L0690)  ProcessName:python3.12(14657)     Description:[GVSPThreadProc]GvspTimeout[300], ResendEnable[1], ResendTimeInterval[10], ResendRetryTimes[20], ResendTimeout[50], MaxResendPktsNum[4276]
Info    2026-08-20 10:26:33:412  DevID:MV-CU060-10GC(DA1691703)  Source-Line:libMVGigEVisionSDK.so(GigEVisionManager.cpp-L2137)  ProcessName:python3.12(14657)     Description:[GiGEVision_StartAcquisition]m_nPrivilegeMode[1]
Info    2026-08-20 10:26:33:414  DevID:MV-CU060-10GC(DA1691703)  Source-Line:libMVGigEVisionSDK.so(GigEVisionManager.cpp-L2164)  ProcessName:python3.12(14657)     Description:[GiGEVision_StartAcquisition][0] [GVCP]GvspSendIP[192.168.1.21], GvspSendPort[60306]
Info    2026-08-20 10:26:33:414  DevID:MV-CU060-10GC(DA1691703)  Source-Line:libMVGigEVisionSDK.so(GigEVisionManager.cpp-L2168)  ProcessName:python3.12(14657)     Description:[GiGEVision_StartAcquisition][0] Acquisition Start Success, use 4 ms
Info    2026-08-20 10:26:33:864  DevID:MV-CU060-10GC(DA1691703)  Source-Line:libMVGigEVisionSDK.so(GigEVisionGVSP.cpp-L0658)  ProcessName:python3.12(14657)     Description:[GVSPThread]GVSPThread End, ThreadId[129415954560704]
Warning 2026-08-20 10:26:33:864  DevID:MV-CU060-10GC(DA1691703)  Source-Line:libMVGigEVisionSDK.so(GigEVisionGVSP.cpp-L0775)  ProcessName:python3.12(14657)     Description:[GVSPResendThreadProc]WaitForSingleEvent(Timer) failed: 0x6e
Info    2026-08-20 10:26:33:864  DevID:MV-CU060-10GC(DA1691703)  Source-Line:libMVGigEVisionSDK.so(GigEVisionGVSP.cpp-L0673)  ProcessName:python3.12(14657)     Description:[GVSPResendThread]GVSPResendThread End, ThreadId[129415946168000]
Info    2026-08-20 10:26:33:864  DevID:MV-CU060-10GC(DA1691703)  Source-Line:libMVGigEVisionSDK.so(StreamChannel.cpp-L1069)  ProcessName:python3.12(14657)     Description:[Stop][0] [Socket Mode] GetCount[5], GetCountSucceed[5], NetReceive[5], ThrowAbnormalImage[0], NetLostFrame[0], ThrowInBufList[0], LostPackets[0]
Info    2026-08-20 10:26:33:864  DevID:MV-CU060-10GC(DA1691703)  Source-Line:libMVGigEVisionSDK.so(GigEVisionManager.cpp-L2238)  ProcessName:python3.12(14657)     Description:[GiGEVision_StopAcquisition][0] Acquisition Stop Success, use 1 ms
Info    2026-08-20 10:26:59:775  DevID:MV-CU060-10GC(DA1691703)  Source-Line:libMVGigEVisionSDK.so(GigEVisionBufferManager.cpp-L0382)  ProcessName:python3.12(14657)     Description:[GigEBufferManager_Init]Main Buffer List'Length is 2, Lock Buffer List's Length is 1
Info    2026-08-20 10:26:59:776  DevID:MV-CU060-10GC(DA1691703)  Source-Line:libMVGigEVisionSDK.so(GigEVisionGVSP.cpp-L0656)  ProcessName:python3.12(14657)     Description:[GVSPThread]GVSPThread Start, ThreadId[129415946168000]
Info    2026-08-20 10:26:59:776  DevID:MV-CU060-10GC(DA1691703)  Source-Line:libMVGigEVisionSDK.so(StreamChannel.cpp-L1787)  ProcessName:python3.12(14657)     Description:[StartProxy][0]Stream proxy start, Socket mode, GvspDstPort[60306], bResendEnable[1], GvspTimeout[300], ResendTimeInterval[10], SCPS[1500], nPayloadSize[6295104], 3DSpecMode[0], CompressMode[0], bSupportAnnounceBuffer[0]
Info    2026-08-20 10:26:59:776  DevID:MV-CU060-10GC(DA1691703)  Source-Line:libMVGigEVisionSDK.so(GigEVisionGVSP.cpp-L0671)  ProcessName:python3.12(14657)     Description:[GVSPResendThread]GVSPResendThread Start, ThreadId[129415954560704]
Info    2026-08-20 10:26:59:776  DevID:MV-CU060-10GC(DA1691703)  Source-Line:libMVGigEVisionSDK.so(GigEVisionManager.cpp-L2137)  ProcessName:python3.12(14657)     Description:[GiGEVision_StartAcquisition]m_nPrivilegeMode[1]
Info    2026-08-20 10:26:59:776  DevID:MV-CU060-10GC(DA1691703)  Source-Line:libMVGigEVisionSDK.so(GigEVisionGVSP.cpp-L0690)  ProcessName:python3.12(14657)     Description:[GVSPThreadProc]GvspTimeout[300], ResendEnable[1], ResendTimeInterval[10], ResendRetryTimes[20], ResendTimeout[50], MaxResendPktsNum[4276]
Info    2026-08-20 10:26:59:778  DevID:MV-CU060-10GC(DA1691703)  Source-Line:libMVGigEVisionSDK.so(GigEVisionManager.cpp-L2164)  ProcessName:python3.12(14657)     Description:[GiGEVision_StartAcquisition][0] [GVCP]GvspSendIP[192.168.1.21], GvspSendPort[60306]
Info    2026-08-20 10:26:59:778  DevID:MV-CU060-10GC(DA1691703)  Source-Line:libMVGigEVisionSDK.so(GigEVisionManager.cpp-L2168)  ProcessName:python3.12(14657)     Description:[GiGEVision_StartAcquisition][0] Acquisition Start Success, use 3 ms
Info    2026-08-20 10:27:00:287  DevID:MV-CU060-10GC(DA1691703)  Source-Line:libMVGigEVisionSDK.so(GigEVisionGVSP.cpp-L0673)  ProcessName:python3.12(14657)     Description:[GVSPResendThread]GVSPResendThread End, ThreadId[129415954560704]
Info    2026-08-20 10:27:00:288  DevID:MV-CU060-10GC(DA1691703)  Source-Line:libMVGigEVisionSDK.so(GigEVisionGVSP.cpp-L0658)  ProcessName:python3.12(14657)     Description:[GVSPThread]GVSPThread End, ThreadId[129415946168000]
Info    2026-08-20 10:27:00:288  DevID:MV-CU060-10GC(DA1691703)  Source-Line:libMVGigEVisionSDK.so(StreamChannel.cpp-L1069)  ProcessName:python3.12(14657)     Description:[Stop][0] [Socket Mode] GetCount[5], GetCountSucceed[5], NetReceive[6], ThrowAbnormalImage[0], NetLostFrame[0], ThrowInBufList[0], LostPackets[0]
Info    2026-08-20 10:27:00:288  DevID:MV-CU060-10GC(DA1691703)  Source-Line:libMVGigEVisionSDK.so(GigEVisionManager.cpp-L2238)  ProcessName:python3.12(14657)     Description:[GiGEVision_StopAcquisition][0] Acquisition Stop Success, use 5 ms
Info    2026-08-20 10:27:24:861  DevID:MV-CU060-10GC(DA1691703)  Source-Line:libMVGigEVisionSDK.so(GigEVisionBufferManager.cpp-L0382)  ProcessName:python3.12(14657)     Description:[GigEBufferManager_Init]Main Buffer List'Length is 2, Lock Buffer List's Length is 1
Info    2026-08-20 10:27:24:861  DevID:MV-CU060-10GC(DA1691703)  Source-Line:libMVGigEVisionSDK.so(GigEVisionGVSP.cpp-L0656)  ProcessName:python3.12(14657)     Description:[GVSPThread]GVSPThread Start, ThreadId[129415954560704]
Info    2026-08-20 10:27:24:861  DevID:MV-CU060-10GC(DA1691703)  Source-Line:libMVGigEVisionSDK.so(StreamChannel.cpp-L1787)  ProcessName:python3.12(14657)     Description:[StartProxy][0]Stream proxy start, Socket mode, GvspDstPort[60306], bResendEnable[1], GvspTimeout[300], ResendTimeInterval[10], SCPS[1500], nPayloadSize[6295104], 3DSpecMode[0], CompressMode[0], bSupportAnnounceBuffer[0]
Info    2026-08-20 10:27:24:861  DevID:MV-CU060-10GC(DA1691703)  Source-Line:libMVGigEVisionSDK.so(GigEVisionGVSP.cpp-L0690)  ProcessName:python3.12(14657)     Description:[GVSPThreadProc]GvspTimeout[300], ResendEnable[1], ResendTimeInterval[10], ResendRetryTimes[20], ResendTimeout[50], MaxResendPktsNum[4276]
Info    2026-08-20 10:27:24:861  DevID:MV-CU060-10GC(DA1691703)  Source-Line:libMVGigEVisionSDK.so(GigEVisionGVSP.cpp-L0671)  ProcessName:python3.12(14657)     Description:[GVSPResendThread]GVSPResendThread Start, ThreadId[129415946168000]
Info    2026-08-20 10:27:24:862  DevID:MV-CU060-10GC(DA1691703)  Source-Line:libMVGigEVisionSDK.so(GigEVisionManager.cpp-L2137)  ProcessName:python3.12(14657)     Description:[GiGEVision_StartAcquisition]m_nPrivilegeMode[1]
Info    2026-08-20 10:27:24:863  DevID:MV-CU060-10GC(DA1691703)  Source-Line:libMVGigEVisionSDK.so(GigEVisionManager.cpp-L2164)  ProcessName:python3.12(14657)     Description:[GiGEVision_StartAcquisition][0] [GVCP]GvspSendIP[192.168.1.21], GvspSendPort[60306]
Info    2026-08-20 10:27:24:863  DevID:MV-CU060-10GC(DA1691703)  Source-Line:libMVGigEVisionSDK.so(GigEVisionManager.cpp-L2168)  ProcessName:python3.12(14657)     Description:[GiGEVision_StartAcquisition][0] Acquisition Start Success, use 4 ms
Info    2026-08-20 10:27:25:378  DevID:MV-CU060-10GC(DA1691703)  Source-Line:libMVGigEVisionSDK.so(GigEVisionGVSP.cpp-L0673)  ProcessName:python3.12(14657)     Description:[GVSPResendThread]GVSPResendThread End, ThreadId[129415946168000]
Info    2026-08-20 10:27:25:384  DevID:MV-CU060-10GC(DA1691703)  Source-Line:libMVGigEVisionSDK.so(GigEVisionGVSP.cpp-L0658)  ProcessName:python3.12(14657)     Description:[GVSPThread]GVSPThread End, ThreadId[129415954560704]
Info    2026-08-20 10:27:25:384  DevID:MV-CU060-10GC(DA1691703)  Source-Line:libMVGigEVisionSDK.so(StreamChannel.cpp-L1069)  ProcessName:python3.12(14657)     Description:[Stop][0] [Socket Mode] GetCount[5], GetCountSucceed[5], NetReceive[6], ThrowAbnormalImage[0], NetLostFrame[0], ThrowInBufList[0], LostPackets[0]
Info    2026-08-20 10:27:25:384  DevID:MV-CU060-10GC(DA1691703)  Source-Line:libMVGigEVisionSDK.so(GigEVisionManager.cpp-L2238)  ProcessName:python3.12(14657)     Description:[GiGEVision_StopAcquisition][0] Acquisition Stop Success, use 10 ms
Info    2026-08-20 10:27:51:241  DevID:MV-CU060-10GC(DA1691703)  Source-Line:libMVGigEVisionSDK.so(GigEVisionBufferManager.cpp-L0382)  ProcessName:python3.12(14657)     Description:[GigEBufferManager_Init]Main Buffer List'Length is 2, Lock Buffer List's Length is 1
Info    2026-08-20 10:27:51:241  DevID:MV-CU060-10GC(DA1691703)  Source-Line:libMVGigEVisionSDK.so(GigEVisionGVSP.cpp-L0656)  ProcessName:python3.12(14657)     Description:[GVSPThread]GVSPThread Start, ThreadId[129415946168000]
Info    2026-08-20 10:27:51:241  DevID:MV-CU060-10GC(DA1691703)  Source-Line:libMVGigEVisionSDK.so(GigEVisionGVSP.cpp-L0671)  ProcessName:python3.12(14657)     Description:[GVSPResendThread]GVSPResendThread Start, ThreadId[129415954560704]
Info    2026-08-20 10:27:51:241  DevID:MV-CU060-10GC(DA1691703)  Source-Line:libMVGigEVisionSDK.so(StreamChannel.cpp-L1787)  ProcessName:python3.12(14657)     Description:[StartProxy][0]Stream proxy start, Socket mode, GvspDstPort[60306], bResendEnable[1], GvspTimeout[300], ResendTimeInterval[10], SCPS[1500], nPayloadSize[6295104], 3DSpecMode[0], CompressMode[0], bSupportAnnounceBuffer[0]
Info    2026-08-20 10:27:51:241  DevID:MV-CU060-10GC(DA1691703)  Source-Line:libMVGigEVisionSDK.so(GigEVisionGVSP.cpp-L0690)  ProcessName:python3.12(14657)     Description:[GVSPThreadProc]GvspTimeout[300], ResendEnable[1], ResendTimeInterval[10], ResendRetryTimes[20], ResendTimeout[50], MaxResendPktsNum[4276]
Info    2026-08-20 10:27:51:241  DevID:MV-CU060-10GC(DA1691703)  Source-Line:libMVGigEVisionSDK.so(GigEVisionManager.cpp-L2137)  ProcessName:python3.12(14657)     Description:[GiGEVision_StartAcquisition]m_nPrivilegeMode[1]
Info    2026-08-20 10:27:51:243  DevID:MV-CU060-10GC(DA1691703)  Source-Line:libMVGigEVisionSDK.so(GigEVisionManager.cpp-L2164)  ProcessName:python3.12(14657)     Description:[GiGEVision_StartAcquisition][0] [GVCP]GvspSendIP[192.168.1.21], GvspSendPort[60306]
Info    2026-08-20 10:27:51:243  DevID:MV-CU060-10GC(DA1691703)  Source-Line:libMVGigEVisionSDK.so(GigEVisionManager.cpp-L2168)  ProcessName:python3.12(14657)     Description:[GiGEVision_StartAcquisition][0] Acquisition Start Success, use 4 ms
Info    2026-08-20 10:27:51:743  DevID:MV-CU060-10GC(DA1691703)  Source-Line:libMVGigEVisionSDK.so(GigEVisionGVSP.cpp-L0658)  ProcessName:python3.12(14657)     Description:[GVSPThread]GVSPThread End, ThreadId[129415946168000]
Warning 2026-08-20 10:27:51:743  DevID:MV-CU060-10GC(DA1691703)  Source-Line:libMVGigEVisionSDK.so(GigEVisionGVSP.cpp-L0775)  ProcessName:python3.12(14657)     Description:[GVSPResendThreadProc]WaitForSingleEvent(Timer) failed: 0x6e
Info    2026-08-20 10:27:51:743  DevID:MV-CU060-10GC(DA1691703)  Source-Line:libMVGigEVisionSDK.so(GigEVisionGVSP.cpp-L0673)  ProcessName:python3.12(14657)     Description:[GVSPResendThread]GVSPResendThread End, ThreadId[129415954560704]
Info    2026-08-20 10:27:51:743  DevID:MV-CU060-10GC(DA1691703)  Source-Line:libMVGigEVisionSDK.so(StreamChannel.cpp-L1069)  ProcessName:python3.12(14657)     Description:[Stop][0] [Socket Mode] GetCount[5], GetCountSucceed[5], NetReceive[6], ThrowAbnormalImage[0], NetLostFrame[0], ThrowInBufList[0], LostPackets[0]
Info    2026-08-20 10:27:51:743  DevID:MV-CU060-10GC(DA1691703)  Source-Line:libMVGigEVisionSDK.so(GigEVisionManager.cpp-L2238)  ProcessName:python3.12(14657)     Description:[GiGEVision_StopAcquisition][0] Acquisition Stop Success, use 9 ms
Info    2026-08-20 10:28:17:050  DevID:MV-CU060-10GC(DA1691703)  Source-Line:libMVGigEVisionSDK.so(GigEVisionBufferManager.cpp-L0382)  ProcessName:python3.12(14657)     Description:[GigEBufferManager_Init]Main Buffer List'Length is 2, Lock Buffer List's Length is 1
Info    2026-08-20 10:28:17:050  DevID:MV-CU060-10GC(DA1691703)  Source-Line:libMVGigEVisionSDK.so(GigEVisionGVSP.cpp-L0656)  ProcessName:python3.12(14657)     Description:[GVSPThread]GVSPThread Start, ThreadId[129415954560704]
Info    2026-08-20 10:28:17:050  DevID:MV-CU060-10GC(DA1691703)  Source-Line:libMVGigEVisionSDK.so(GigEVisionGVSP.cpp-L0671)  ProcessName:python3.12(14657)     Description:[GVSPResendThread]GVSPResendThread Start, ThreadId[129415946168000]
Info    2026-08-20 10:28:17:050  DevID:MV-CU060-10GC(DA1691703)  Source-Line:libMVGigEVisionSDK.so(StreamChannel.cpp-L1787)  ProcessName:python3.12(14657)     Description:[StartProxy][0]Stream proxy start, Socket mode, GvspDstPort[60306], bResendEnable[1], GvspTimeout[300], ResendTimeInterval[10], SCPS[1500], nPayloadSize[6295104], 3DSpecMode[0], CompressMode[0], bSupportAnnounceBuffer[0]
Info    2026-08-20 10:28:17:050  DevID:MV-CU060-10GC(DA1691703)  Source-Line:libMVGigEVisionSDK.so(GigEVisionGVSP.cpp-L0690)  ProcessName:python3.12(14657)     Description:[GVSPThreadProc]GvspTimeout[300], ResendEnable[1], ResendTimeInterval[10], ResendRetryTimes[20], ResendTimeout[50], MaxResendPktsNum[4276]
Info    2026-08-20 10:28:17:050  DevID:MV-CU060-10GC(DA1691703)  Source-Line:libMVGigEVisionSDK.so(GigEVisionManager.cpp-L2137)  ProcessName:python3.12(14657)     Description:[GiGEVision_StartAcquisition]m_nPrivilegeMode[1]
Info    2026-08-20 10:28:17:052  DevID:MV-CU060-10GC(DA1691703)  Source-Line:libMVGigEVisionSDK.so(GigEVisionManager.cpp-L2164)  ProcessName:python3.12(14657)     Description:[GiGEVision_StartAcquisition][0] [GVCP]GvspSendIP[192.168.1.21], GvspSendPort[60306]
Info    2026-08-20 10:28:17:052  DevID:MV-CU060-10GC(DA1691703)  Source-Line:libMVGigEVisionSDK.so(GigEVisionManager.cpp-L2168)  ProcessName:python3.12(14657)     Description:[GiGEVision_StartAcquisition][0] Acquisition Start Success, use 3 ms
Info    2026-08-20 10:28:17:557  DevID:MV-CU060-10GC(DA1691703)  Source-Line:libMVGigEVisionSDK.so(GigEVisionGVSP.cpp-L0658)  ProcessName:python3.12(14657)     Description:[GVSPThread]GVSPThread End, ThreadId[129415954560704]
Warning 2026-08-20 10:28:17:557  DevID:MV-CU060-10GC(DA1691703)  Source-Line:libMVGigEVisionSDK.so(GigEVisionGVSP.cpp-L0775)  ProcessName:python3.12(14657)     Description:[GVSPResendThreadProc]WaitForSingleEvent(Timer) failed: 0x6e
Info    2026-08-20 10:28:17:557  DevID:MV-CU060-10GC(DA1691703)  Source-Line:libMVGigEVisionSDK.so(GigEVisionGVSP.cpp-L0673)  ProcessName:python3.12(14657)     Description:[GVSPResendThread]GVSPResendThread End, ThreadId[129415946168000]
Info    2026-08-20 10:28:17:557  DevID:MV-CU060-10GC(DA1691703)  Source-Line:libMVGigEVisionSDK.so(StreamChannel.cpp-L1069)  ProcessName:python3.12(14657)     Description:[Stop][0] [Socket Mode] GetCount[5], GetCountSucceed[5], NetReceive[6], ThrowAbnormalImage[0], NetLostFrame[0], ThrowInBufList[0], LostPackets[0]
Info    2026-08-20 10:28:17:557  DevID:MV-CU060-10GC(DA1691703)  Source-Line:libMVGigEVisionSDK.so(GigEVisionManager.cpp-L2238)  ProcessName:python3.12(14657)     Description:[GiGEVision_StopAcquisition][0] Acquisition Stop Success, use 2 ms
Info    2026-08-20 10:28:43:533  DevID:MV-CU060-10GC(DA1691703)  Source-Line:libMVGigEVisionSDK.so(GigEVisionBufferManager.cpp-L0382)  ProcessName:python3.12(14657)     Description:[GigEBufferManager_Init]Main Buffer List'Length is 2, Lock Buffer List's Length is 1
Info    2026-08-20 10:28:43:533  DevID:MV-CU060-10GC(DA1691703)  Source-Line:libMVGigEVisionSDK.so(GigEVisionGVSP.cpp-L0656)  ProcessName:python3.12(14657)     Description:[GVSPThread]GVSPThread Start, ThreadId[129415946168000]
Info    2026-08-20 10:28:43:533  DevID:MV-CU060-10GC(DA1691703)  Source-Line:libMVGigEVisionSDK.so(GigEVisionGVSP.cpp-L0690)  ProcessName:python3.12(14657)     Description:[GVSPThreadProc]GvspTimeout[300], ResendEnable[1], ResendTimeInterval[10], ResendRetryTimes[20], ResendTimeout[50], MaxResendPktsNum[4276]
Info    2026-08-20 10:28:43:533  DevID:MV-CU060-10GC(DA1691703)  Source-Line:libMVGigEVisionSDK.so(GigEVisionGVSP.cpp-L0671)  ProcessName:python3.12(14657)     Description:[GVSPResendThread]GVSPResendThread Start, ThreadId[129415954560704]
Info    2026-08-20 10:28:43:533  DevID:MV-CU060-10GC(DA1691703)  Source-Line:libMVGigEVisionSDK.so(StreamChannel.cpp-L1787)  ProcessName:python3.12(14657)     Description:[StartProxy][0]Stream proxy start, Socket mode, GvspDstPort[60306], bResendEnable[1], GvspTimeout[300], ResendTimeInterval[10], SCPS[1500], nPayloadSize[6295104], 3DSpecMode[0], CompressMode[0], bSupportAnnounceBuffer[0]
Info    2026-08-20 10:28:43:533  DevID:MV-CU060-10GC(DA1691703)  Source-Line:libMVGigEVisionSDK.so(GigEVisionManager.cpp-L2137)  ProcessName:python3.12(14657)     Description:[GiGEVision_StartAcquisition]m_nPrivilegeMode[1]
Info    2026-08-20 10:28:43:535  DevID:MV-CU060-10GC(DA1691703)  Source-Line:libMVGigEVisionSDK.so(GigEVisionManager.cpp-L2164)  ProcessName:python3.12(14657)     Description:[GiGEVision_StartAcquisition][0] [GVCP]GvspSendIP[192.168.1.21], GvspSendPort[60306]
Info    2026-08-20 10:28:43:535  DevID:MV-CU060-10GC(DA1691703)  Source-Line:libMVGigEVisionSDK.so(GigEVisionManager.cpp-L2168)  ProcessName:python3.12(14657)     Description:[GiGEVision_StartAcquisition][0] Acquisition Start Success, use 4 ms
Info    2026-08-20 10:28:44:038  DevID:MV-CU060-10GC(DA1691703)  Source-Line:libMVGigEVisionSDK.so(GigEVisionGVSP.cpp-L0673)  ProcessName:python3.12(14657)     Description:[GVSPResendThread]GVSPResendThread End, ThreadId[129415954560704]
Info    2026-08-20 10:28:44:043  DevID:MV-CU060-10GC(DA1691703)  Source-Line:libMVGigEVisionSDK.so(GigEVisionGVSP.cpp-L0658)  ProcessName:python3.12(14657)     Description:[GVSPThread]GVSPThread End, ThreadId[129415946168000]
Info    2026-08-20 10:28:44:043  DevID:MV-CU060-10GC(DA1691703)  Source-Line:libMVGigEVisionSDK.so(StreamChannel.cpp-L1069)  ProcessName:python3.12(14657)     Description:[Stop][0] [Socket Mode] GetCount[5], GetCountSucceed[5], NetReceive[6], ThrowAbnormalImage[0], NetLostFrame[0], ThrowInBufList[0], LostPackets[0]
Info    2026-08-20 10:28:44:043  DevID:MV-CU060-10GC(DA1691703)  Source-Line:libMVGigEVisionSDK.so(GigEVisionManager.cpp-L2238)  ProcessName:python3.12(14657)     Description:[GiGEVision_StopAcquisition][0] Acquisition Stop Success, use 8 ms
Info    2026-08-20 10:29:09:793  DevID:MV-CU060-10GC(DA1691703)  Source-Line:libMVGigEVisionSDK.so(GigEVisionBufferManager.cpp-L0382)  ProcessName:python3.12(14657)     Description:[GigEBufferManager_Init]Main Buffer List'Length is 2, Lock Buffer List's Length is 1
Info    2026-08-20 10:29:09:793  DevID:MV-CU060-10GC(DA1691703)  Source-Line:libMVGigEVisionSDK.so(GigEVisionGVSP.cpp-L0656)  ProcessName:python3.12(14657)     Description:[GVSPThread]GVSPThread Start, ThreadId[129415954560704]
Info    2026-08-20 10:29:09:793  DevID:MV-CU060-10GC(DA1691703)  Source-Line:libMVGigEVisionSDK.so(StreamChannel.cpp-L1787)  ProcessName:python3.12(14657)     Description:[StartProxy][0]Stream proxy start, Socket mode, GvspDstPort[60306], bResendEnable[1], GvspTimeout[300], ResendTimeInterval[10], SCPS[1500], nPayloadSize[6295104], 3DSpecMode[0], CompressMode[0], bSupportAnnounceBuffer[0]
Info    2026-08-20 10:29:09:793  DevID:MV-CU060-10GC(DA1691703)  Source-Line:libMVGigEVisionSDK.so(GigEVisionGVSP.cpp-L0671)  ProcessName:python3.12(14657)     Description:[GVSPResendThread]GVSPResendThread Start, ThreadId[129415946168000]
Info    2026-08-20 10:29:09:793  DevID:MV-CU060-10GC(DA1691703)  Source-Line:libMVGigEVisionSDK.so(GigEVisionGVSP.cpp-L0690)  ProcessName:python3.12(14657)     Description:[GVSPThreadProc]GvspTimeout[300], ResendEnable[1], ResendTimeInterval[10], ResendRetryTimes[20], ResendTimeout[50], MaxResendPktsNum[4276]
Info    2026-08-20 10:29:09:793  DevID:MV-CU060-10GC(DA1691703)  Source-Line:libMVGigEVisionSDK.so(GigEVisionManager.cpp-L2137)  ProcessName:python3.12(14657)     Description:[GiGEVision_StartAcquisition]m_nPrivilegeMode[1]
Info    2026-08-20 10:29:09:795  DevID:MV-CU060-10GC(DA1691703)  Source-Line:libMVGigEVisionSDK.so(GigEVisionManager.cpp-L2164)  ProcessName:python3.12(14657)     Description:[GiGEVision_StartAcquisition][0] [GVCP]GvspSendIP[192.168.1.21], GvspSendPort[60306]
Info    2026-08-20 10:29:09:795  DevID:MV-CU060-10GC(DA1691703)  Source-Line:libMVGigEVisionSDK.so(GigEVisionManager.cpp-L2168)  ProcessName:python3.12(14657)     Description:[GiGEVision_StartAcquisition][0] Acquisition Start Success, use 3 ms
Info    2026-08-20 10:29:10:296  DevID:MV-CU060-10GC(DA1691703)  Source-Line:libMVGigEVisionSDK.so(GigEVisionGVSP.cpp-L0658)  ProcessName:python3.12(14657)     Description:[GVSPThread]GVSPThread End, ThreadId[129415954560704]
Warning 2026-08-20 10:29:10:296  DevID:MV-CU060-10GC(DA1691703)  Source-Line:libMVGigEVisionSDK.so(GigEVisionGVSP.cpp-L0775)  ProcessName:python3.12(14657)     Description:[GVSPResendThreadProc]WaitForSingleEvent(Timer) failed: 0x6e
Info    2026-08-20 10:29:10:296  DevID:MV-CU060-10GC(DA1691703)  Source-Line:libMVGigEVisionSDK.so(GigEVisionGVSP.cpp-L0673)  ProcessName:python3.12(14657)     Description:[GVSPResendThread]GVSPResendThread End, ThreadId[129415946168000]
Info    2026-08-20 10:29:10:296  DevID:MV-CU060-10GC(DA1691703)  Source-Line:libMVGigEVisionSDK.so(StreamChannel.cpp-L1069)  ProcessName:python3.12(14657)     Description:[Stop][0] [Socket Mode] GetCount[5], GetCountSucceed[5], NetReceive[6], ThrowAbnormalImage[0], NetLostFrame[0], ThrowInBufList[0], LostPackets[0]
Info    2026-08-20 10:29:10:296  DevID:MV-CU060-10GC(DA1691703)  Source-Line:libMVGigEVisionSDK.so(GigEVisionManager.cpp-L2238)  ProcessName:python3.12(14657)     Description:[GiGEVision_StopAcquisition][0] Acquisition Stop Success, use 2 ms
Info    2026-08-20 10:29:36:613  DevID:MV-CU060-10GC(DA1691703)  Source-Line:libMVGigEVisionSDK.so(GigEVisionBufferManager.cpp-L0382)  ProcessName:python3.12(14657)     Description:[GigEBufferManager_Init]Main Buffer List'Length is 2, Lock Buffer List's Length is 1
Info    2026-08-20 10:29:36:613  DevID:MV-CU060-10GC(DA1691703)  Source-Line:libMVGigEVisionSDK.so(GigEVisionGVSP.cpp-L0656)  ProcessName:python3.12(14657)     Description:[GVSPThread]GVSPThread Start, ThreadId[129415946168000]
Info    2026-08-20 10:29:36:613  DevID:MV-CU060-10GC(DA1691703)  Source-Line:libMVGigEVisionSDK.so(GigEVisionGVSP.cpp-L0671)  ProcessName:python3.12(14657)     Description:[GVSPResendThread]GVSPResendThread Start, ThreadId[129415954560704]
Info    2026-08-20 10:29:36:613  DevID:MV-CU060-10GC(DA1691703)  Source-Line:libMVGigEVisionSDK.so(StreamChannel.cpp-L1787)  ProcessName:python3.12(14657)     Description:[StartProxy][0]Stream proxy start, Socket mode, GvspDstPort[60306], bResendEnable[1], GvspTimeout[300], ResendTimeInterval[10], SCPS[1500], nPayloadSize[6295104], 3DSpecMode[0], CompressMode[0], bSupportAnnounceBuffer[0]
Info    2026-08-20 10:29:36:613  DevID:MV-CU060-10GC(DA1691703)  Source-Line:libMVGigEVisionSDK.so(GigEVisionGVSP.cpp-L0690)  ProcessName:python3.12(14657)     Description:[GVSPThreadProc]GvspTimeout[300], ResendEnable[1], ResendTimeInterval[10], ResendRetryTimes[20], ResendTimeout[50], MaxResendPktsNum[4276]
Info    2026-08-20 10:29:36:613  DevID:MV-CU060-10GC(DA1691703)  Source-Line:libMVGigEVisionSDK.so(GigEVisionManager.cpp-L2137)  ProcessName:python3.12(14657)     Description:[GiGEVision_StartAcquisition]m_nPrivilegeMode[1]
Info    2026-08-20 10:29:36:615  DevID:MV-CU060-10GC(DA1691703)  Source-Line:libMVGigEVisionSDK.so(GigEVisionManager.cpp-L2164)  ProcessName:python3.12(14657)     Description:[GiGEVision_StartAcquisition][0] [GVCP]GvspSendIP[192.168.1.21], GvspSendPort[60306]
Info    2026-08-20 10:29:36:615  DevID:MV-CU060-10GC(DA1691703)  Source-Line:libMVGigEVisionSDK.so(GigEVisionManager.cpp-L2168)  ProcessName:python3.12(14657)     Description:[GiGEVision_StartAcquisition][0] Acquisition Start Success, use 3 ms
Info    2026-08-20 10:29:37:109  DevID:MV-CU060-10GC(DA1691703)  Source-Line:libMVGigEVisionSDK.so(GigEVisionGVSP.cpp-L0673)  ProcessName:python3.12(14657)     Description:[GVSPResendThread]GVSPResendThread End, ThreadId[129415954560704]
Info    2026-08-20 10:29:37:114  DevID:MV-CU060-10GC(DA1691703)  Source-Line:libMVGigEVisionSDK.so(GigEVisionGVSP.cpp-L0658)  ProcessName:python3.12(14657)     Description:[GVSPThread]GVSPThread End, ThreadId[129415946168000]
Info    2026-08-20 10:29:37:114  DevID:MV-CU060-10GC(DA1691703)  Source-Line:libMVGigEVisionSDK.so(StreamChannel.cpp-L1069)  ProcessName:python3.12(14657)     Description:[Stop][0] [Socket Mode] GetCount[5], GetCountSucceed[5], NetReceive[6], ThrowAbnormalImage[0], NetLostFrame[0], ThrowInBufList[0], LostPackets[0]
Info    2026-08-20 10:29:37:114  DevID:MV-CU060-10GC(DA1691703)  Source-Line:libMVGigEVisionSDK.so(GigEVisionManager.cpp-L2238)  ProcessName:python3.12(14657)     Description:[GiGEVision_StopAcquisition][0] Acquisition Stop Success, use 9 ms
Info    2026-08-20 10:30:02:833  DevID:MV-CU060-10GC(DA1691703)  Source-Line:libMVGigEVisionSDK.so(GigEVisionBufferManager.cpp-L0382)  ProcessName:python3.12(14657)     Description:[GigEBufferManager_Init]Main Buffer List'Length is 2, Lock Buffer List's Length is 1
Info    2026-08-20 10:30:02:833  DevID:MV-CU060-10GC(DA1691703)  Source-Line:libMVGigEVisionSDK.so(GigEVisionGVSP.cpp-L0656)  ProcessName:python3.12(14657)     Description:[GVSPThread]GVSPThread Start, ThreadId[129415954560704]
Info    2026-08-20 10:30:02:833  DevID:MV-CU060-10GC(DA1691703)  Source-Line:libMVGigEVisionSDK.so(GigEVisionGVSP.cpp-L0671)  ProcessName:python3.12(14657)     Description:[GVSPResendThread]GVSPResendThread Start, ThreadId[129415946168000]
Info    2026-08-20 10:30:02:833  DevID:MV-CU060-10GC(DA1691703)  Source-Line:libMVGigEVisionSDK.so(StreamChannel.cpp-L1787)  ProcessName:python3.12(14657)     Description:[StartProxy][0]Stream proxy start, Socket mode, GvspDstPort[60306], bResendEnable[1], GvspTimeout[300], ResendTimeInterval[10], SCPS[1500], nPayloadSize[6295104], 3DSpecMode[0], CompressMode[0], bSupportAnnounceBuffer[0]
Info    2026-08-20 10:30:02:833  DevID:MV-CU060-10GC(DA1691703)  Source-Line:libMVGigEVisionSDK.so(GigEVisionManager.cpp-L2137)  ProcessName:python3.12(14657)     Description:[GiGEVision_StartAcquisition]m_nPrivilegeMode[1]
Info    2026-08-20 10:30:02:833  DevID:MV-CU060-10GC(DA1691703)  Source-Line:libMVGigEVisionSDK.so(GigEVisionGVSP.cpp-L0690)  ProcessName:python3.12(14657)     Description:[GVSPThreadProc]GvspTimeout[300], ResendEnable[1], ResendTimeInterval[10], ResendRetryTimes[20], ResendTimeout[50], MaxResendPktsNum[4276]
Info    2026-08-20 10:30:02:835  DevID:MV-CU060-10GC(DA1691703)  Source-Line:libMVGigEVisionSDK.so(GigEVisionManager.cpp-L2164)  ProcessName:python3.12(14657)     Description:[GiGEVision_StartAcquisition][0] [GVCP]GvspSendIP[192.168.1.21], GvspSendPort[60306]
Info    2026-08-20 10:30:02:835  DevID:MV-CU060-10GC(DA1691703)  Source-Line:libMVGigEVisionSDK.so(GigEVisionManager.cpp-L2168)  ProcessName:python3.12(14657)     Description:[GiGEVision_StartAcquisition][0] Acquisition Start Success, use 4 ms
Info    2026-08-20 10:30:03:356  DevID:MV-CU060-10GC(DA1691703)  Source-Line:libMVGigEVisionSDK.so(GigEVisionGVSP.cpp-L0658)  ProcessName:python3.12(14657)     Description:[GVSPThread]GVSPThread End, ThreadId[129415954560704]
Warning 2026-08-20 10:30:03:356  DevID:MV-CU060-10GC(DA1691703)  Source-Line:libMVGigEVisionSDK.so(GigEVisionGVSP.cpp-L0775)  ProcessName:python3.12(14657)     Description:[GVSPResendThreadProc]WaitForSingleEvent(Timer) failed: 0x6e
Info    2026-08-20 10:30:03:356  DevID:MV-CU060-10GC(DA1691703)  Source-Line:libMVGigEVisionSDK.so(GigEVisionGVSP.cpp-L0673)  ProcessName:python3.12(14657)     Description:[GVSPResendThread]GVSPResendThread End, ThreadId[129415946168000]
Info    2026-08-20 10:30:03:356  DevID:MV-CU060-10GC(DA1691703)  Source-Line:libMVGigEVisionSDK.so(StreamChannel.cpp-L1069)  ProcessName:python3.12(14657)     Description:[Stop][0] [Socket Mode] GetCount[5], GetCountSucceed[5], NetReceive[6], ThrowAbnormalImage[0], NetLostFrame[0], ThrowInBufList[0], LostPackets[0]
Info    2026-08-20 10:30:03:356  DevID:MV-CU060-10GC(DA1691703)  Source-Line:libMVGigEVisionSDK.so(GigEVisionManager.cpp-L2238)  ProcessName:python3.12(14657)     Description:[GiGEVision_StopAcquisition][0] Acquisition Stop Success, use 1 ms
Info    2026-08-20 10:30:29:891  DevID:MV-CU060-10GC(DA1691703)  Source-Line:libMVGigEVisionSDK.so(GigEVisionBufferManager.cpp-L0382)  ProcessName:python3.12(14657)     Description:[GigEBufferManager_Init]Main Buffer List'Length is 2, Lock Buffer List's Length is 1
Info    2026-08-20 10:30:29:891  DevID:MV-CU060-10GC(DA1691703)  Source-Line:libMVGigEVisionSDK.so(GigEVisionGVSP.cpp-L0656)  ProcessName:python3.12(14657)     Description:[GVSPThread]GVSPThread Start, ThreadId[129415946168000]
Info    2026-08-20 10:30:29:891  DevID:MV-CU060-10GC(DA1691703)  Source-Line:libMVGigEVisionSDK.so(GigEVisionGVSP.cpp-L0690)  ProcessName:python3.12(14657)     Description:[GVSPThreadProc]GvspTimeout[300], ResendEnable[1], ResendTimeInterval[10], ResendRetryTimes[20], ResendTimeout[50], MaxResendPktsNum[4276]
Info    2026-08-20 10:30:29:891  DevID:MV-CU060-10GC(DA1691703)  Source-Line:libMVGigEVisionSDK.so(StreamChannel.cpp-L1787)  ProcessName:python3.12(14657)     Description:[StartProxy][0]Stream proxy start, Socket mode, GvspDstPort[60306], bResendEnable[1], GvspTimeout[300], ResendTimeInterval[10], SCPS[1500], nPayloadSize[6295104], 3DSpecMode[0], CompressMode[0], bSupportAnnounceBuffer[0]
Info    2026-08-20 10:30:29:891  DevID:MV-CU060-10GC(DA1691703)  Source-Line:libMVGigEVisionSDK.so(GigEVisionGVSP.cpp-L0671)  ProcessName:python3.12(14657)     Description:[GVSPResendThread]GVSPResendThread Start, ThreadId[129415954560704]
Info    2026-08-20 10:30:29:891  DevID:MV-CU060-10GC(DA1691703)  Source-Line:libMVGigEVisionSDK.so(GigEVisionManager.cpp-L2137)  ProcessName:python3.12(14657)     Description:[GiGEVision_StartAcquisition]m_nPrivilegeMode[1]
Info    2026-08-20 10:30:29:893  DevID:MV-CU060-10GC(DA1691703)  Source-Line:libMVGigEVisionSDK.so(GigEVisionManager.cpp-L2164)  ProcessName:python3.12(14657)     Description:[GiGEVision_StartAcquisition][0] [GVCP]GvspSendIP[192.168.1.21], GvspSendPort[60306]
Info    2026-08-20 10:30:29:893  DevID:MV-CU060-10GC(DA1691703)  Source-Line:libMVGigEVisionSDK.so(GigEVisionManager.cpp-L2168)  ProcessName:python3.12(14657)     Description:[GiGEVision_StartAcquisition][0] Acquisition Start Success, use 4 ms
Info    2026-08-20 10:30:30:387  DevID:MV-CU060-10GC(DA1691703)  Source-Line:libMVGigEVisionSDK.so(GigEVisionGVSP.cpp-L0658)  ProcessName:python3.12(14657)     Description:[GVSPThread]GVSPThread End, ThreadId[129415946168000]
Warning 2026-08-20 10:30:30:387  DevID:MV-CU060-10GC(DA1691703)  Source-Line:libMVGigEVisionSDK.so(GigEVisionGVSP.cpp-L0775)  ProcessName:python3.12(14657)     Description:[GVSPResendThreadProc]WaitForSingleEvent(Timer) failed: 0x6e
Info    2026-08-20 10:30:30:387  DevID:MV-CU060-10GC(DA1691703)  Source-Line:libMVGigEVisionSDK.so(GigEVisionGVSP.cpp-L0673)  ProcessName:python3.12(14657)     Description:[GVSPResendThread]GVSPResendThread End, ThreadId[129415954560704]
Info    2026-08-20 10:30:30:387  DevID:MV-CU060-10GC(DA1691703)  Source-Line:libMVGigEVisionSDK.so(StreamChannel.cpp-L1069)  ProcessName:python3.12(14657)     Description:[Stop][0] [Socket Mode] GetCount[5], GetCountSucceed[5], NetReceive[6], ThrowAbnormalImage[0], NetLostFrame[0], ThrowInBufList[0], LostPackets[0]
Info    2026-08-20 10:30:30:387  DevID:MV-CU060-10GC(DA1691703)  Source-Line:libMVGigEVisionSDK.so(GigEVisionManager.cpp-L2238)  ProcessName:python3.12(14657)     Description:[GiGEVision_StopAcquisition][0] Acquisition Stop Success, use 1 ms
Info    2026-08-20 10:30:58:291  DevID:MV-CU060-10GC(DA1691703)  Source-Line:libMVGigEVisionSDK.so(GigEVisionBufferManager.cpp-L0382)  ProcessName:python3.12(14657)     Description:[GigEBufferManager_Init]Main Buffer List'Length is 2, Lock Buffer List's Length is 1
Info    2026-08-20 10:30:58:291  DevID:MV-CU060-10GC(DA1691703)  Source-Line:libMVGigEVisionSDK.so(GigEVisionGVSP.cpp-L0656)  ProcessName:python3.12(14657)     Description:[GVSPThread]GVSPThread Start, ThreadId[129415954560704]
Info    2026-08-20 10:30:58:291  DevID:MV-CU060-10GC(DA1691703)  Source-Line:libMVGigEVisionSDK.so(StreamChannel.cpp-L1787)  ProcessName:python3.12(14657)     Description:[StartProxy][0]Stream proxy start, Socket mode, GvspDstPort[60306], bResendEnable[1], GvspTimeout[300], ResendTimeInterval[10], SCPS[1500], nPayloadSize[6295104], 3DSpecMode[0], CompressMode[0], bSupportAnnounceBuffer[0]
Info    2026-08-20 10:30:58:291  DevID:MV-CU060-10GC(DA1691703)  Source-Line:libMVGigEVisionSDK.so(GigEVisionManager.cpp-L2137)  ProcessName:python3.12(14657)     Description:[GiGEVision_StartAcquisition]m_nPrivilegeMode[1]
Info    2026-08-20 10:30:58:291  DevID:MV-CU060-10GC(DA1691703)  Source-Line:libMVGigEVisionSDK.so(GigEVisionGVSP.cpp-L0671)  ProcessName:python3.12(14657)     Description:[GVSPResendThread]GVSPResendThread Start, ThreadId[129415946168000]
Info    2026-08-20 10:30:58:291  DevID:MV-CU060-10GC(DA1691703)  Source-Line:libMVGigEVisionSDK.so(GigEVisionGVSP.cpp-L0690)  ProcessName:python3.12(14657)     Description:[GVSPThreadProc]GvspTimeout[300], ResendEnable[1], ResendTimeInterval[10], ResendRetryTimes[20], ResendTimeout[50], MaxResendPktsNum[4276]
Info    2026-08-20 10:30:58:293  DevID:MV-CU060-10GC(DA1691703)  Source-Line:libMVGigEVisionSDK.so(GigEVisionManager.cpp-L2164)  ProcessName:python3.12(14657)     Description:[GiGEVision_StartAcquisition][0] [GVCP]GvspSendIP[192.168.1.21], GvspSendPort[60306]
Info    2026-08-20 10:30:58:293  DevID:MV-CU060-10GC(DA1691703)  Source-Line:libMVGigEVisionSDK.so(GigEVisionManager.cpp-L2168)  ProcessName:python3.12(14657)     Description:[GiGEVision_StartAcquisition][0] Acquisition Start Success, use 3 ms
Info    2026-08-20 10:30:58:789  DevID:MV-CU060-10GC(DA1691703)  Source-Line:libMVGigEVisionSDK.so(GigEVisionGVSP.cpp-L0673)  ProcessName:python3.12(14657)     Description:[GVSPResendThread]GVSPResendThread End, ThreadId[129415946168000]
Info    2026-08-20 10:30:58:796  DevID:MV-CU060-10GC(DA1691703)  Source-Line:libMVGigEVisionSDK.so(GigEVisionGVSP.cpp-L0658)  ProcessName:python3.12(14657)     Description:[GVSPThread]GVSPThread End, ThreadId[129415954560704]
Info    2026-08-20 10:30:58:796  DevID:MV-CU060-10GC(DA1691703)  Source-Line:libMVGigEVisionSDK.so(StreamChannel.cpp-L1069)  ProcessName:python3.12(14657)     Description:[Stop][0] [Socket Mode] GetCount[5], GetCountSucceed[5], NetReceive[6], ThrowAbnormalImage[0], NetLostFrame[0], ThrowInBufList[0], LostPackets[0]
Info    2026-08-20 10:30:58:796  DevID:MV-CU060-10GC(DA1691703)  Source-Line:libMVGigEVisionSDK.so(GigEVisionManager.cpp-L2238)  ProcessName:python3.12(14657)     Description:[GiGEVision_StopAcquisition][0] Acquisition Stop Success, use 11 ms
Info    2026-08-20 10:31:25:659  DevID:MV-CU060-10GC(DA1691703)  Source-Line:libMVGigEVisionSDK.so(GigEVisionBufferManager.cpp-L0382)  ProcessName:python3.12(14657)     Description:[GigEBufferManager_Init]Main Buffer List'Length is 2, Lock Buffer List's Length is 1
Info    2026-08-20 10:31:25:659  DevID:MV-CU060-10GC(DA1691703)  Source-Line:libMVGigEVisionSDK.so(GigEVisionGVSP.cpp-L0656)  ProcessName:python3.12(14657)     Description:[GVSPThread]GVSPThread Start, ThreadId[129415946168000]
Info    2026-08-20 10:31:25:659  DevID:MV-CU060-10GC(DA1691703)  Source-Line:libMVGigEVisionSDK.so(StreamChannel.cpp-L1787)  ProcessName:python3.12(14657)     Description:[StartProxy][0]Stream proxy start, Socket mode, GvspDstPort[60306], bResendEnable[1], GvspTimeout[300], ResendTimeInterval[10], SCPS[1500], nPayloadSize[6295104], 3DSpecMode[0], CompressMode[0], bSupportAnnounceBuffer[0]
Info    2026-08-20 10:31:25:659  DevID:MV-CU060-10GC(DA1691703)  Source-Line:libMVGigEVisionSDK.so(GigEVisionGVSP.cpp-L0671)  ProcessName:python3.12(14657)     Description:[GVSPResendThread]GVSPResendThread Start, ThreadId[129415954560704]
Info    2026-08-20 10:31:25:659  DevID:MV-CU060-10GC(DA1691703)  Source-Line:libMVGigEVisionSDK.so(GigEVisionGVSP.cpp-L0690)  ProcessName:python3.12(14657)     Description:[GVSPThreadProc]GvspTimeout[300], ResendEnable[1], ResendTimeInterval[10], ResendRetryTimes[20], ResendTimeout[50], MaxResendPktsNum[4276]
Info    2026-08-20 10:31:25:659  DevID:MV-CU060-10GC(DA1691703)  Source-Line:libMVGigEVisionSDK.so(GigEVisionManager.cpp-L2137)  ProcessName:python3.12(14657)     Description:[GiGEVision_StartAcquisition]m_nPrivilegeMode[1]
Info    2026-08-20 10:31:25:661  DevID:MV-CU060-10GC(DA1691703)  Source-Line:libMVGigEVisionSDK.so(GigEVisionManager.cpp-L2164)  ProcessName:python3.12(14657)     Description:[GiGEVision_StartAcquisition][0] [GVCP]GvspSendIP[192.168.1.21], GvspSendPort[60306]
Info    2026-08-20 10:31:25:661  DevID:MV-CU060-10GC(DA1691703)  Source-Line:libMVGigEVisionSDK.so(GigEVisionManager.cpp-L2168)  ProcessName:python3.12(14657)     Description:[GiGEVision_StartAcquisition][0] Acquisition Start Success, use 3 ms
Info    2026-08-20 10:31:26:159  DevID:MV-CU060-10GC(DA1691703)  Source-Line:libMVGigEVisionSDK.so(GigEVisionGVSP.cpp-L0673)  ProcessName:python3.12(14657)     Description:[GVSPResendThread]GVSPResendThread End, ThreadId[129415954560704]
Info    2026-08-20 10:31:26:160  DevID:MV-CU060-10GC(DA1691703)  Source-Line:libMVGigEVisionSDK.so(GigEVisionGVSP.cpp-L0658)  ProcessName:python3.12(14657)     Description:[GVSPThread]GVSPThread End, ThreadId[129415946168000]
Info    2026-08-20 10:31:26:160  DevID:MV-CU060-10GC(DA1691703)  Source-Line:libMVGigEVisionSDK.so(StreamChannel.cpp-L1069)  ProcessName:python3.12(14657)     Description:[Stop][0] [Socket Mode] GetCount[5], GetCountSucceed[5], NetReceive[6], ThrowAbnormalImage[0], NetLostFrame[0], ThrowInBufList[0], LostPackets[0]
Info    2026-08-20 10:31:26:160  DevID:MV-CU060-10GC(DA1691703)  Source-Line:libMVGigEVisionSDK.so(GigEVisionManager.cpp-L2238)  ProcessName:python3.12(14657)     Description:[GiGEVision_StopAcquisition][0] Acquisition Stop Success, use 5 ms
